freq0cell0,freq0cell1,freq0cell2,freq0cell3,freq0cell4,freq0cell5,freq0cell6,freq0cell7,freq0cell8,freq0cell9,freq0cell10,freq0cell11,freq0cell12,freq0cell13,freq0cell14,freq0cell15,freq0cell16,freq0cell17,freq0cell18,freq0cell19,freq0cell20,freq0cell21,freq0cell22,freq0cell23,freq0cell24,freq0cell25,freq0cell26,freq0cell27,freq0cell28,freq0cell29,freq1cell0,freq1cell1,freq1cell2,freq1cell3,freq1cell4,freq1cell5,freq1cell6,freq1cell7,freq1cell8,freq1cell9,freq1cell10,freq1cell11,freq1cell12,freq1cell13,freq1cell14,freq1cell15,freq1cell16,freq1cell17,freq1cell18,freq1cell19,freq1cell20,freq1cell21,freq1cell22,freq1cell23,freq1cell24,freq1cell25,freq1cell26,freq1cell27,freq1cell28,freq1cell29,freq2cell0,freq2cell1,freq2cell2,freq2cell3,freq2cell4,freq2cell5,freq2cell6,freq2cell7,freq2cell8,freq2cell9,freq2cell10,freq2cell11,freq2cell12,freq2cell13,freq2cell14,freq2cell15,freq2cell16,freq2cell17,freq2cell18,freq2cell19,freq2cell20,freq2cell21,freq2cell22,freq2cell23,freq3cell0,freq3cell1,freq3cell2,freq3cell3,freq3cell4,freq3cell5,freq3cell6,freq3cell7,freq3cell8,freq3cell9,freq3cell10,freq3cell11,freq3cell12,freq3cell13,freq3cell14,freq3cell15,freq3cell16,freq3cell17,freq4cell0,freq4cell1,freq4cell2,freq4cell3,freq4cell4,freq4cell5,freq4cell6,freq4cell7,freq4cell8,freq4cell9,freq4cell10,freq4cell11,freq4cell12,freq4cell13,freq4cell14,freq4cell15,freq4cell16,freq4cell17,brain_region,fmri_subject,TEM_component,TEM_walker,TEM_freq
0.04748177,0.03941148,0.06826328,-0.01001635,-0.03365173,0.01981794,0.004617409,-0.02535663,0.06865512,0.04070127,0.02346791,0.06032239,0.05871033,-0.03500539,0.01980825,0.004867867,0.02773742,-0.02865106,-0.04353666,-0.02734328,-0.02017279,0.03700328,-0.0004789781,0.07062349,-0.01965197,0.02955146,0.007515368,-0.02921258,-0.02756266,-0.02220532,0.02715815,-0.02619498,-0.01740455,0.05092423,0.03040088,0.05252701,0.01024889,0.0315899,0.007109021,-0.02414008,-0.006981059,-0.03080929,0.06250076,-0.007308102,-0.01654359,0.002850245,0.0226676,0.05836298,0.0006006993,0.04980585,-0.01433188,-0.01324995,-0.002751434,-0.0419331,0.01232849,0.06890361,0.03912004,0.006174037,0.01864821,0.02162479,0.03127057,0.003781245,0.04036789,0.01427416,-0.01866107,-0.04586296,0.07599854,0.06055887,0.05922475,0.02593168,0.004436521,0.006725662,-0.01499982,0.04779264,0.02060337,-0.001774043,-0.0002152121,-0.01431938,0.04130563,-0.04496816,0.05695555,0.007339906,0.0116289,-0.0246606,0.02677341,0.0298485,-0.01717129,0.06139225,0.05145374,0.03098245,-0.006905331,0.03380812,0.04877015,-0.00932507,0.0447885,0.04979456,0.03646039,0.04089332,0.03180632,0.03855444,-0.007206799,0.03381652,0.02731125,0.06656051,0.07337813,0.01863361,-0.02118862,0.07340973,-0.004948872,0.02672621,0.0572588,0.00539346,0.01264411,-0.0208288,0.0449004,0.05708059,0.04850907,0.02009606,0.05988818,0.0480765,alERC,sub-S01,g,randomWalker0,freq01234
0.06290174,0.05915323,0.06839879,0.02455996,0.007349483,0.004188698,0.02286264,-0.008239293,0.06787226,0.05947646,0.04046095,0.04731661,0.04314509,0.008153982,0.03228376,0.03563032,0.03803498,0.009382811,-0.03462071,0.003573884,-0.001850234,0.0001049781,-0.002180908,0.06402437,0.002079145,0.04450157,0.003297585,-0.00348567,0.004720856,0.02150835,0.04563966,-0.01040556,-0.02576982,0.04342144,0.03249704,0.04325064,0.03159986,0.06311152,0.03680866,0.014428,-0.00244902,-0.0007763329,0.07561258,0.02885218,-0.004532526,0.02935751,0.04949642,0.05274951,0.02709861,0.06878029,0.01735836,-0.008698729,0.02677918,-0.00687532,0.007285697,0.07284347,0.04870955,0.0229803,0.03700179,0.03497848,0.04804389,-0.01263454,0.05372043,0.002542928,-0.01541717,0.008270396,0.06994963,0.06219875,0.04297865,0.03881037,0.03952817,0.02925717,-0.008785042,0.04934997,0.03694904,0.03568854,0.03996728,0.01686341,0.0385192,-0.00502046,0.03784798,0.04956862,0.02539555,-0.03154039,0.0397316,0.05129871,0.01467339,0.03811595,0.05991644,0.05685591,-0.02414869,0.06359442,0.06335945,0.02170675,0.03694648,0.04330984,0.04340113,0.04745456,0.03870454,0.04135829,0.02374549,0.04733968,0.06014966,0.07117766,0.0729604,0.04357436,0.01107199,0.08411683,0.02670868,-0.01013296,0.0528236,0.02829662,0.03153246,0.0119651,0.03986865,0.07097725,0.06424218,0.03588239,0.0724437,0.04413447,pmERC,sub-S01,g,randomWalker0,freq01234
0.05946439,0.06954676,0.06716317,-0.0437537,-0.007090621,0.0695238,-0.03531413,0.003343161,0.07428876,0.06402083,0.03518717,0.05269832,0.02655239,0.0424825,0.03756747,0.02671147,0.02966236,0.00944226,-0.01276976,0.002124678,-0.00854843,0.05594709,-0.02286101,0.07568008,0.004356568,0.004431442,0.07199224,-0.02342052,-0.03605606,-0.03300618,-0.01494693,-0.009263659,-0.03982168,0.009363121,0.05664259,-0.004448493,0.01226432,0.03464877,0.0316275,0.02169313,0.02525663,-0.0006473618,0.04625574,-0.009362466,-0.01389045,0.02980922,0.04115278,-0.008667514,-0.002839398,0.05357236,0.008679624,0.008749263,0.01567921,-0.0001810406,0.02655478,0.02688641,0.04298667,-0.03622181,0.01959214,-0.004648867,0.03440337,-0.04060715,0.04537569,0.01383493,-0.01278282,-0.04396898,0.06221589,0.05958882,0.05758604,0.02270231,-0.00843464,0.01553766,-0.04665571,0.0483149,0.0266312,-0.01599856,-0.01034043,-0.013469,0.02578524,-0.0429175,0.05013034,0.04675119,0.009404919,-0.03200134,0.02825998,0.02441008,-0.01382613,0.0576531,0.05068812,0.03806932,-0.04027175,0.02867358,0.05576253,-0.007531186,0.002944849,0.04941849,0.02883996,0.05242932,0.04225693,0.04380286,-0.008271476,0.02499,0.02608389,0.07198953,0.07373746,0.01753415,-0.03102642,0.06758598,-0.01204445,0.01481546,0.05384446,-0.006191554,0.002516004,-0.03750107,0.04089382,0.05748198,0.05037494,0.01183892,0.05679815,0.01753639,alERC,sub-S01,g,randomWalker1,freq01234
0.04922942,0.08312058,0.06475561,-0.01332894,0.01658097,0.08132674,0.003981854,0.01308842,0.08049853,0.05896013,0.05600075,0.0444375,0.01444794,0.04410698,0.06207236,0.05161678,0.01014859,0.03378997,-0.01649936,0.03661406,0.01523593,0.05160416,0.01444173,0.07212329,0.01244897,0.02020256,0.08706404,0.0001204325,-0.01201087,0.009668875,0.02532557,-0.03153304,0.0004972669,0.03466214,0.03190738,0.01628742,0.03922603,0.05065405,0.0379681,0.03012697,0.01137534,0.02070839,0.06566855,0.005876348,-0.008947116,0.04702552,0.06561122,0.0154916,0.02235019,0.06115696,0.0407612,0.02173906,0.03445835,0.01906175,0.009239317,0.05774083,0.04185012,0.005409778,0.05404131,0.01905053,0.04978142,-0.002458887,0.0528101,0.0005561603,-0.01630855,0.02164455,0.04228314,0.06125587,0.04744148,0.03569353,0.03681267,0.03554954,-0.01142498,0.05297455,0.04017686,0.02695848,0.03120128,0.0148097,0.02787981,-0.004472779,0.02978076,0.06732702,0.01764942,-0.04085284,0.0388662,0.04952155,0.01998312,0.04530095,0.06170787,0.06006805,-9.026099e-05,0.06267355,0.06741794,0.02601703,-0.03246104,0.03947108,0.04053074,0.03384505,0.04205766,0.03515913,0.02589586,0.04315596,0.06240854,0.073022,0.06894977,0.04559895,0.00492757,0.07197089,0.02581874,-0.01708671,0.05198546,0.02433196,0.02693244,0.003566585,0.03980032,0.071031,0.06269376,0.03138728,0.06931239,0.03414941,pmERC,sub-S01,g,randomWalker1,freq01234
0.0400017,0.003602944,0.06460055,0.0561087,0.036611,0.07397158,0.04869895,0.02800241,0.03571118,0.02520378,0.03739096,0.03432133,0.04300932,0.0548127,0.05139301,0.0261676,0.003915542,0.05332787,-0.03996467,-0.02233562,0.05112066,0.05740384,0.05339651,-0.02184036,0.01459214,-0.02071762,0.07099559,0.01786788,0.04712599,0.04473151,0.0127814,0.004296315,-0.007029347,0.02048298,-0.01784538,0.02417543,0.04502201,-0.01464039,0.02903011,-0.02610515,0.00648212,0.03890851,0.03947371,-0.02010868,-0.04830066,-0.01782913,0.04339312,0.01026677,-0.01780947,0.009710191,0.04988011,0.06190279,0.02075907,-0.02402359,-0.02235354,0.07052103,0.03246178,0.005107193,0.05138289,0.01803335,0.0203295,-0.001761239,0.04519005,-0.001847143,0.02768262,-0.04279551,0.05700724,0.05412344,0.05095438,0.04703933,0.00208553,0.014381,-0.02658935,0.05558617,0.01193472,-0.009124315,0.0116191,-0.01917706,0.03222554,-0.03636188,0.05755274,0.01166829,0.002676084,-0.04057131,0.03258062,0.03693506,0.03483754,0.01449193,0.05098116,0.02489135,-0.04050207,0.02931437,0.03897193,-0.01334777,0.006313849,0.06012953,0.0648943,0.02127503,0.03733162,0.04729145,-0.002376751,0.0582741,0.02104452,0.06667344,0.07112051,0.01604635,-0.0139363,0.03975928,-0.01319374,-0.02782175,0.06448602,0.01279403,0.01907614,-0.008071051,0.06603485,0.05842534,0.04562556,0.03543971,0.06594591,-0.0004832212,alERC,sub-S01,g,randomWalker2,freq01234
0.06745913,0.05173958,0.06602179,0.07348057,0.01175014,0.1087061,0.05723763,0.02340908,0.03646364,0.02151879,0.04003655,0.0549755,0.06033813,0.06224478,0.08498856,0.05072781,0.02690606,0.07884491,-0.004093001,0.01399684,0.07062847,0.08613955,0.07099547,0.02236583,0.006807317,0.001454047,0.1030565,0.01648966,0.04259162,0.02666791,0.04369457,0.02789461,-0.01288891,0.03159497,-0.007487242,0.02750717,0.04356354,0.02390602,0.03840913,0.00590407,0.04449738,0.04711549,0.06602723,0.01605619,-0.006868487,-0.005299171,0.05052027,0.02548255,0.0160513,0.03181067,0.03634422,0.04972202,0.03618616,0.01032014,-0.001974905,0.08096993,0.04629263,0.02419881,0.05465923,0.0407219,0.04103309,0.0006222528,0.0576544,-0.006614664,0.02046905,0.009734062,0.05066535,0.06328005,0.04520341,0.04681589,0.03629821,0.03472396,-0.002634499,0.0558646,0.03439597,0.03049609,0.04394135,0.01666087,0.03804541,-0.002027223,0.04723435,0.04391017,0.02802907,-0.02221244,0.04397038,0.05124979,0.04317754,-0.01288505,0.06019228,0.0542874,-0.01066856,0.0628994,0.05884596,0.02380506,0.0333507,0.05200721,0.05833325,0.03810065,0.04267214,0.04050055,0.02946254,0.06540928,0.04898048,0.07039853,0.07209486,0.0412786,0.01737209,0.06768941,0.0214179,-0.02058366,0.05588856,0.03313203,0.0340716,0.01848297,0.03938096,0.07054535,0.0635478,0.04431386,0.07528698,-0.0007077594,pmERC,sub-S01,g,randomWalker2,freq01234
-0.02765776,0.08093257,0.0655084,-0.02011532,-0.03285822,0.04572297,-0.05375478,-0.02490041,0.1002806,-0.001723398,0.04708128,0.06360195,0.03535255,-0.023539,-0.03216071,-0.009224501,0.02399993,-0.03885041,-0.0191475,-0.05093214,-0.0289773,-0.005676225,-0.0001583302,-0.000713207,-0.02704079,0.05092579,0.04813641,-0.03786642,-0.0389305,-0.03005506,0.01556586,0.04816994,-0.0359888,0.02784671,-0.005344744,0.04326235,0.03991358,-0.01870161,-0.001742313,-0.007115815,0.01727775,0.03585232,0.05727449,-0.03163063,-0.0463301,-0.009593016,0.02746677,0.01072938,-0.04229617,0.03261395,0.05088002,-0.00453566,-0.0003979234,-0.004038226,0.06158422,0.06027105,0.0158899,0.01124684,0.05055392,0.009032117,0.02308993,-0.02101889,0.03733274,-0.005738455,0.001228758,-0.04187914,0.05740854,0.06264733,0.04966727,0.02888028,-0.0169613,0.005256183,-0.03657141,0.04810682,0.01613266,-0.001983683,-0.01394821,-0.01469697,0.04304087,-0.04079475,0.04665433,-0.0112971,0.01444192,-0.04389417,0.02456721,0.01883981,-0.02593788,0.06645707,0.05680867,0.03437831,-0.03921729,0.00868143,0.05770129,-0.02226643,-0.04117684,0.04854462,0.0249205,0.05688792,0.03869329,0.04406133,-0.01533401,0.01697194,0.03604724,0.07137924,0.06912035,0.02044974,-0.02671396,0.06976613,-0.01001045,-0.001189038,0.05187805,0.0003431275,0.004522,-0.04158061,0.03262574,0.05816788,0.04472426,0.006569048,0.05350784,0.008915205,alERC,sub-S01,g,randomWalker3,freq01234
-0.01549625,0.08519031,0.06734615,0.02275897,0.0003787467,0.0827706,-0.006719046,-0.004364004,0.1018765,-0.001919412,0.05269822,0.06869192,0.04386842,-0.001421448,-0.005558118,0.02663111,0.03884269,0.003541429,-0.00439437,-0.008441453,-0.007931878,-0.009321264,0.03941972,-0.003323924,-0.01001456,0.06538798,0.0650986,-0.008939534,-0.007979959,0.01171629,0.04936957,0.04297671,-0.02522318,0.03415347,-0.008072342,0.04402096,0.04139238,0.0245185,0.02666711,0.02321216,0.04133176,0.04808868,0.0733593,0.01165857,0.001100401,-0.02697342,0.04443401,0.02108292,0.001594971,0.04583292,0.04096291,-0.0002281804,0.02400413,0.008410452,0.04065841,0.07752591,0.03748512,0.03273652,0.05556123,0.03690769,0.04324232,-0.01485654,0.05707063,-0.004824931,-0.007683594,0.01531684,0.0467962,0.06763101,0.03865661,0.04058133,0.02199985,0.02797863,-0.01530445,0.05309781,0.03432707,0.02623929,0.03023699,0.01869014,0.04076609,-0.007698957,0.02315038,0.03487323,0.0280304,-0.03882597,0.03595707,0.04095461,0.009069109,0.05544162,0.06130134,0.05906988,-0.002268569,0.04264693,0.06842871,0.01524505,-0.04622399,0.02468834,0.03700034,0.03036011,0.03809757,0.02212903,0.01962269,0.0354883,0.06352167,0.07326064,0.06584939,0.04553447,0.006115199,0.08093393,0.02501983,0.005006391,0.05040722,0.02617493,0.02638081,6.760337e-06,0.03512284,0.07066799,0.06087835,0.02683075,0.0649007,0.02931372,pmERC,sub-S01,g,randomWalker3,freq01234
0.02673568,0.03768366,0.06551991,0.05839559,0.02016987,0.0469923,0.07141194,0.01744442,0.07849722,0.01464659,0.02478453,0.0517061,0.03933033,0.02050395,0.03387609,0.01096196,0.02869832,0.04118203,-0.02456534,0.001559497,0.0419112,0.08358524,0.001352737,0.01106161,-0.0001490656,0.06480177,0.0612303,0.02296286,0.04734021,0.06085655,0.0065143,0.01281127,-0.04538621,0.03056197,0.02743984,0.04627743,0.04343836,-0.02212785,-0.001290064,-0.01554398,-0.004224698,0.02373431,0.04341706,-0.04250711,-0.02118257,-0.02833173,0.01485659,0.02728319,-0.03327912,0.05180033,0.03782558,-0.01341586,-0.00966203,-0.03017334,0.02061402,0.06236691,0.01292007,0.01452138,0.04624709,0.007667264,0.0189898,0.02205493,0.03625377,0.01486584,0.01348803,-0.03371622,0.06436633,0.05372023,0.0580151,0.02541776,-0.02667444,0.001714663,-0.007649974,0.04358352,0.02141476,-0.01147132,-0.002107818,-0.01041684,0.03325049,-0.04405865,0.05206721,0.01030811,0.01331416,-0.04087147,0.02297945,0.02530896,-0.01600515,0.05113784,0.05422319,0.03728037,-0.03175883,0.02376361,0.05484252,-0.02155306,-0.03084547,0.03969109,0.02474394,0.04353031,0.03224003,0.04004089,-0.02018815,0.02443863,0.03300733,0.07306422,0.067105,0.01737291,-0.02061766,0.04877014,-0.01272828,0.007679976,0.04846043,0.003929757,0.009907148,-0.03158271,0.03473381,0.05619447,0.04341016,0.01182444,0.05133583,0.01418877,alERC,sub-S01,g,randomWalker4,freq01234
0.05687432,0.04514401,0.06627955,0.05550352,0.01722984,0.06220314,0.04990051,0.03344778,0.07660922,0.03231498,0.03191802,0.05383888,0.04972104,0.01052686,0.05464199,0.03681528,0.04250356,0.0363991,-0.006995112,-0.03240047,0.05910319,0.05309041,0.02208261,0.02281445,0.02335927,0.06067441,0.06406153,0.03520589,0.06267139,0.07026003,0.04542552,0.03289754,-0.02845207,0.03612601,0.03910532,0.04730486,0.04030973,0.02339824,0.027124,0.0248598,0.02836852,0.03888042,0.06409309,0.0002441486,0.01773972,-0.02737753,0.03377131,0.03799862,0.007335838,0.06323457,0.02374153,0.004724845,0.01939763,0.001084341,0.001998897,0.0802372,0.03789314,0.03835106,0.04833482,0.03536624,0.04032185,-0.003170321,0.05442207,0.0140387,0.002106039,0.01891537,0.06568648,0.05479195,0.04446706,0.04061272,0.01285029,0.02540337,-0.005234467,0.05011329,0.03793777,0.01796035,0.04157005,0.01991661,0.03575557,-0.006116709,0.04105268,0.0525332,0.0307088,-0.05402986,0.03647343,0.04448207,0.01641047,0.04412536,0.06135016,0.06047117,-0.001915825,0.05710404,0.06767215,0.01628917,-0.01585628,0.03464736,0.03825524,0.0247951,0.03859301,0.02901544,0.01707636,0.04147439,0.06048973,0.07832132,0.07152593,0.04171899,0.01291456,0.06487679,0.02091463,-0.007807251,0.05045634,0.02825288,0.02929706,0.007020939,0.03807804,0.06974732,0.05968928,0.03060455,0.06541593,0.03349385,pmERC,sub-S01,g,randomWalker4,freq01234
0.04858356,-0.0560819,0.06763961,0.05684047,0.03831261,-0.01118685,-0.0725161,0.03423909,0.03957572,-0.01825304,-0.0142846,-0.07034743,0.09516019,-0.01848632,0.01753046,0.02228753,0.01399932,0.05020883,-0.0261704,-0.01627907,0.04863142,0.001634888,0.04718699,-0.0532136,0.02087027,-0.01004835,-0.02359461,0.04339611,0.02250526,-0.01121065,-0.03927467,-0.009305376,-0.02831871,0.0183207,0.06421546,-0.002956841,0.01539296,0.03028549,0.02943779,0.03286981,0.01440277,-0.01499478,0.05240264,-0.04519776,-0.01459061,0.03365026,0.049747,-0.01078256,-0.02257745,0.06481443,-0.008419837,0.01397635,0.008655073,-0.04354712,0.04178041,0.03895091,0.03892405,-0.04142434,0.01057326,0.02228746,0.02243925,0.02104731,0.03217679,0.004989021,-0.009751747,-0.05142334,0.06617431,0.06012691,0.0620786,0.03147955,-0.03668184,0.009078835,-0.01362085,0.04939159,0.03013589,0.001932223,-0.01906855,0.002461712,0.04236556,-0.04127076,0.05388201,-0.001270826,0.01986626,-0.02042366,0.02912176,0.03240488,-0.01699787,0.06062042,0.05304154,0.03878096,-0.04702254,0.03147896,0.05152231,-0.01172613,0.02209006,0.04972014,0.03422097,0.02670386,0.03677511,0.04409611,-0.01634128,0.03491999,0.03211949,0.07750707,0.0734259,0.02020267,-0.02350948,0.07314681,-0.01293827,-0.000599177,0.06047469,-0.004211528,0.0138603,-0.03957186,0.05117784,0.05996986,0.04958535,0.0187138,0.06155243,0.02995551,alERC,sub-S01,g,randomWalker5,freq01234
0.06711755,-0.007904495,0.06758581,0.04213249,0.02816362,0.005663614,-0.05865392,0.04273899,0.04987574,0.01054583,0.01519785,-0.04895449,0.08014338,5.913712e-05,0.01270561,0.03844038,0.02266151,0.04159252,-0.005658905,0.02219225,0.04887965,0.01289724,0.06167782,-0.009188115,0.03126415,0.01775502,-0.0111189,0.04528206,0.04089247,-0.003690414,0.003975919,-0.01775648,0.006998498,0.03100006,0.03954136,0.01920809,0.03913738,0.04051285,0.0363423,0.03436469,0.0120146,-0.00575257,0.06488214,-0.02882351,-0.01524439,0.03072643,0.07262603,0.02717129,0.00682158,0.07952547,0.02516347,0.0205602,0.02892676,-0.01126309,0.02013754,0.05591933,0.03744958,0.009359238,0.04280959,0.01561543,0.04002261,-0.004511981,0.05170644,0.01168742,-0.006322092,0.004044292,0.07087569,0.05316608,0.04368057,0.0411336,0.0009432941,0.02876518,-0.006251141,0.05107085,0.03863284,0.02418635,0.02379987,0.02368392,0.03763654,-0.006323675,0.0374619,0.03884384,0.03143727,-0.05852931,0.03675471,0.04991556,0.01321789,0.0386219,0.05666075,0.06002877,-0.02303818,0.06476375,0.06190472,0.01893034,-0.009815208,0.03201937,0.04041014,0.02565168,0.03771832,0.03953335,0.01748803,0.04449565,0.0591895,0.0794558,0.07434965,0.04118747,0.00440462,0.07948315,0.01857551,-0.03091553,0.0543232,0.02013536,0.02986842,-0.0003830841,0.04082123,0.06891672,0.06237619,0.03163209,0.07014243,0.0395453,pmERC,sub-S01,g,randomWalker5,freq01234
-0.005075796,-0.002254048,0.06601865,0.01475136,0.06103864,-0.06034011,0.05222342,0.01879813,0.03036072,-0.03621378,0.04422159,0.02902748,-0.03747969,-0.008632815,-0.05472627,0.003421918,-0.005458472,-0.03229904,-0.05397606,0.03783333,0.02337762,0.006841298,0.0151762,-0.0009684126,0.03500412,0.04244873,-0.03260956,0.04827189,0.0348,0.06237343,-0.01818859,0.008003368,-0.0395926,0.03312097,0.06687428,0.004894787,-0.0002901654,0.02086921,0.02126473,0.01453698,0.01268592,0.01583732,0.05091513,-0.01569813,0.03952899,0.03305101,0.04304705,-0.01804332,-0.02012805,0.07364299,-0.01189019,0.01425086,-0.003792678,-0.04871899,0.03932116,0.02869525,0.03148612,-0.06350415,0.008440042,-0.01179568,0.006823006,0.02566955,0.03299449,0.0005798551,-0.02329248,-0.04820144,0.05937263,0.0608015,0.06176331,0.02073714,-0.04059021,0.003276181,-0.01092985,0.0468604,0.01601749,0.01563623,-0.01378834,-0.01127492,0.0381792,-0.01505941,0.05219715,-0.001412392,0.01731263,-0.01200605,0.02486022,0.01981494,-0.01603988,0.06198202,0.04327977,0.02813776,-0.0359061,0.03834584,0.04605126,-0.01546706,0.01496484,0.03759868,0.03777223,0.03099531,0.03278861,0.04651538,-0.01296737,0.03212031,0.02240213,0.06970498,0.07065836,0.01510969,-0.02596168,0.0633242,-0.01432439,-0.02002716,0.05348608,-0.001902943,0.007239318,-0.02737266,0.05477458,0.05506025,0.04891479,0.01728034,0.05748622,0.02853402,alERC,sub-S01,g,randomWalker6,freq01234
0.03047397,0.003618664,0.06761954,0.0425627,0.06166562,-0.0135186,0.0620067,0.03165289,0.05336231,-0.02294539,0.03426978,0.03194135,0.004454982,0.02417324,-0.009914826,0.03290747,0.02215427,0.007717033,-0.02919502,0.05229217,0.01566767,0.00229389,0.04287133,0.01526227,0.02796301,0.06660156,0.0008721487,0.0472998,0.04625394,0.07277848,0.02030675,-0.0121393,0.001348908,0.03435831,0.04146276,0.01865101,0.0330391,0.03671147,0.03484111,0.02927589,0.004315745,0.01789009,0.06826939,0.002467484,0.03303175,0.03994409,0.06704716,-0.0009764502,0.01204076,0.0842704,0.0282168,0.002165742,0.02800879,-0.0120881,0.02376113,0.05220294,0.03797736,-0.01249618,0.05167512,0.00799309,0.03181313,0.0006473862,0.05629805,0.006705911,-0.02114741,0.008921174,0.05642742,0.05822421,0.04601083,0.03810501,0.0004018239,0.02804893,-0.005588553,0.05341918,0.03395128,0.03850497,0.03354493,0.02004249,0.03827575,0.005621622,0.04187471,0.03543193,0.03181345,-0.04857905,0.03768511,0.04331991,0.01803854,0.04176859,0.05357334,0.05618183,-0.009729402,0.06937609,0.06276236,0.02365903,-0.02337368,0.03847691,0.0454253,0.03011423,0.03835415,0.04186052,0.02342317,0.04670008,0.0517076,0.07189174,0.06814615,0.04056611,0.007953948,0.07377428,0.02006573,-0.02533033,0.05355604,0.02481795,0.02830465,0.009976454,0.04481672,0.06812328,0.06452962,0.03393885,0.07289113,0.04699984,pmERC,sub-S01,g,randomWalker6,freq01234
0.03761848,0.03994045,0.06568864,-0.02816792,0.005166746,0.003815422,0.003776504,-0.01080105,0.06453927,0.06338736,-0.006659272,0.05718807,0.03679655,0.02454629,-0.01719229,0.01657492,0.000866094,-0.04432738,-0.05602846,0.03761182,-0.01257434,0.05065233,0.03494879,0.05066293,-0.02650533,0.01072566,0.0208208,-0.002661172,-0.02077557,0.01439776,0.01948635,0.01577667,-0.04106143,0.02049915,-0.009575245,0.03518463,0.04688536,-0.02417759,0.004155581,-0.02124661,0.01509708,0.04197034,0.05114865,-0.03540782,-0.03312216,-0.0006490081,0.02784445,0.01260865,-0.05602806,0.04674543,0.04720495,0.01144697,0.003035004,-0.01263813,0.05274258,0.06920444,0.02434508,0.01722198,0.04927345,0.008837519,0.02072721,0.006797608,0.04271657,0.01219139,0.00836088,-0.03833774,0.06884606,0.05928469,0.05691049,0.02704595,-0.01431959,0.004457657,-0.01120465,0.05726509,0.01455487,-0.01302262,-0.0005503705,-0.01824042,0.03617855,-0.05064983,0.05233526,0.009528436,0.01772444,-0.03476244,0.02846583,0.02263578,-0.009512448,0.06279202,0.04852867,0.03467999,-0.04104171,0.02897039,0.04933476,-0.01592474,0.02772981,0.04351601,0.03868105,0.04416418,0.03751713,0.04258361,-0.01190203,0.03411073,0.02687065,0.06777935,0.07031332,0.01897923,-0.02673242,0.07016857,-0.008797479,-0.0004875237,0.05389613,-0.0004246733,0.01299749,-0.03103303,0.04943583,0.05490517,0.04807255,0.02049398,0.0578275,0.03716927,alERC,sub-S01,g,randomWalker7,freq01234
0.03502204,0.07067422,0.06783955,-0.002655117,0.03769401,0.0189039,0.04749826,-0.005857879,0.08995559,0.05429084,0.02297932,0.05296769,0.03370281,0.01804568,-0.0116825,0.03813869,0.01531602,0.0003793077,-0.0304723,0.05907064,0.01096042,0.02787541,0.05408248,0.03188118,-0.02073498,0.05890637,0.03417337,0.02128957,0.001883239,0.04441493,0.05403792,0.02586238,-0.02193144,0.03432524,0.006264288,0.03542208,0.04483259,0.02128479,0.02580669,0.02295672,0.04358098,0.05061403,0.06771539,0.004667967,0.009151116,-0.01344524,0.0412572,0.02072368,-0.006569072,0.06583589,0.03781831,0.01733678,0.02575409,0.01224275,0.03069315,0.08047659,0.04031427,0.0327057,0.05320802,0.03494581,0.03794514,-0.006228643,0.05655225,0.007761863,0.001527799,0.01584437,0.05979792,0.06052589,0.04485941,0.03917673,0.02486848,0.02604005,-0.00176106,0.05592692,0.03235602,0.02575624,0.04202576,0.01383124,0.03501946,-0.01053268,0.0360135,0.0483148,0.03175235,-0.05603537,0.03760182,0.04448607,0.01888885,0.04943261,0.05644512,0.0564416,-0.01211343,0.06384032,0.06410933,0.01800913,0.004881124,0.03760424,0.04403606,0.04258654,0.03976395,0.03723197,0.01961839,0.04486407,0.05638616,0.07257891,0.07147428,0.0416011,0.004789636,0.08067842,0.022091,-0.01596248,0.05144854,0.02291566,0.0309968,0.006334687,0.04381905,0.06750759,0.06316325,0.03370305,0.07044944,0.04282217,pmERC,sub-S01,g,randomWalker7,freq01234
-0.02209654,0.04610362,0.06482039,0.02603343,0.06245358,-0.02386746,0.02244402,0.04581603,0.08053149,0.03084055,0.04513838,0.05944569,0.03311541,0.01996547,-0.03354859,-0.0003451972,0.02427949,-0.02532108,-0.04387913,0.04713004,0.06097621,0.03436463,-0.008444394,0.0139396,0.05849093,0.06012811,0.02696228,0.06221636,0.03519111,0.0684921,0.004701991,-0.01925635,-0.01635771,0.01723159,0.00156393,0.06520803,0.0274383,0.007692903,-0.006305226,-0.002830238,0.02383878,-0.02178346,0.06370966,-0.02737184,-0.03846515,0.03724553,0.007364869,0.03889928,-0.02748263,0.04262471,0.006664439,-0.03963074,-0.01310593,-0.05800797,0.01800247,0.06513708,0.03058554,0.05895187,0.02416264,0.0202681,0.009008751,-0.004666933,0.03723603,0.01514984,0.01919711,-0.041744,0.06468432,0.0612649,0.05418807,0.02733807,-0.0222498,0.005596806,-0.02089669,0.05450263,0.00860052,-0.01638194,0.001771211,-0.0100816,0.03940547,-0.04346069,0.050856,0.00287281,0.01751045,-0.03575271,0.02332923,0.03174634,-0.007686633,0.06520863,0.04763036,0.0340301,-0.02240194,0.0449696,0.04806155,-0.01173749,-0.02648877,0.04099233,0.03719537,0.03424815,0.03243992,0.03435837,-0.01066808,0.03524795,0.0307962,0.06800645,0.07146882,0.01524317,-0.02486395,0.06279998,-0.01825149,0.01016143,0.05549995,0.000626374,0.007700278,-0.02960853,0.04649768,0.05721674,0.04432825,0.01715553,0.05932132,0.04424346,alERC,sub-S01,g,randomWalker8,freq01234
0.01095956,0.03368702,0.06654572,0.04018532,0.08371437,0.008410068,0.05473108,0.06553017,0.07198995,0.001243699,0.05312664,0.05338997,0.03616012,0.03665106,-0.0007664487,0.03491128,0.03661656,0.01394934,-0.01703426,0.06597551,0.06887851,0.02878991,0.01615295,0.02013745,0.07799268,0.06667543,0.03179401,0.07031079,0.05831996,0.08267039,0.03590487,-0.01879574,-0.008967677,0.02906772,0.008283285,0.05242641,0.03557653,0.0476116,0.02739021,0.01736248,0.02456063,0.001670349,0.08269361,0.01314577,0.00543341,0.003097009,0.03541137,0.04574152,0.01014184,0.07255279,0.01527252,-0.01421331,0.02016748,-0.0111957,0.004975989,0.08072968,0.04768001,0.05161193,0.03887554,0.04196986,0.03149638,-0.01332937,0.05359427,0.006614563,0.009322802,0.01301354,0.06195151,0.06197757,0.03786921,0.03964619,0.01905282,0.0285152,-0.008130538,0.05660684,0.03030383,0.02259398,0.04350573,0.0221736,0.03759229,-0.01229706,0.03199425,0.04782162,0.03136747,-0.03928363,0.03820997,0.04833462,0.02158856,0.05053667,0.05646023,0.06123272,0.008624856,0.07056008,0.06504249,0.02330087,-0.03778103,0.03625436,0.04514547,0.03023966,0.04054121,0.02889658,0.02171396,0.04890288,0.0603793,0.07185981,0.06866441,0.04266697,0.006631066,0.07192368,0.01847883,-0.01312485,0.05359638,0.02484044,0.02939598,0.007908198,0.04426721,0.07153348,0.0622201,0.03474103,0.07204407,0.0502989,pmERC,sub-S01,g,randomWalker8,freq01234
0.0250577,0.06615342,0.06530879,0.07914846,-0.003714878,0.06072739,0.09880398,-0.007010927,-0.03384744,0.01805421,-0.02096921,0.07907806,0.05548993,0.03730906,0.08032967,0.00817574,0.03407876,0.08188852,-0.02273668,-0.0001679805,0.04379329,0.07071083,0.02616985,0.04811454,-0.001066554,0.03197046,0.0930783,0.008430553,0.03544382,0.05199429,0.01126507,-0.02667542,-0.01027224,0.02672232,0.006200545,0.07330237,0.02228191,0.007206557,-0.0008168177,-0.03687629,0.01793624,-0.04053842,0.06923456,-0.02041939,0.005389306,-0.006807308,0.004632066,0.03446392,-0.02995212,0.02961614,0.01068282,-0.0477672,-0.01518368,-0.06533203,0.02994621,0.0719224,0.02790513,0.07186123,0.02466243,0.02640093,0.01356388,-0.003302694,0.03169307,-0.0116166,-0.0208917,-0.04706445,0.07094259,0.05617731,0.05476664,0.02571335,-0.03560499,0.01141257,-0.0272069,0.05431861,0.01462317,-0.03156936,-0.0154836,-0.01508336,0.03183447,-0.02184732,0.048922,0.02673763,0.02932394,-0.03734524,0.02631774,0.03317982,-0.01120583,0.06002618,0.05015463,0.03661823,-0.02652967,0.04078529,0.05765334,-0.01672112,-0.02939661,0.04910626,0.03007557,0.02531816,0.03696885,0.03775254,-0.01478875,0.02737902,0.03317519,0.07104183,0.06932159,0.02090972,-0.02091155,0.06185344,-0.01027326,-0.01158066,0.05506954,0.003567397,0.0137941,-0.03221374,0.03877199,0.05931668,0.04232327,0.01712772,0.05800092,0.03154491,alERC,sub-S01,g,randomWalker9,freq01234
0.06042117,0.07385386,0.06686266,0.08675206,0.006977278,0.07063127,0.08863783,0.02524509,-0.003653697,0.0448539,0.01836122,0.08004244,0.06218523,0.03168511,0.09587032,0.03258161,0.04678258,0.08467547,0.005171946,0.005908434,0.06612465,0.05800226,0.04179203,0.05242741,0.0298817,0.02274775,0.09689258,0.02951735,0.04930198,0.05967531,0.03471326,-0.01596982,-0.008732246,0.03535228,0.01559003,0.05451396,0.03509755,0.04403174,0.02940318,-0.0009512209,0.01597896,-0.02318706,0.0774699,0.01648084,0.02208303,-0.01084937,0.0329596,0.04838347,0.00450356,0.0577884,0.02247769,-0.01516639,0.01798394,-0.01722032,0.01772628,0.08197551,0.04099201,0.06743925,0.04224693,0.03973065,0.03261732,-0.007326983,0.05378757,-0.005254474,-0.02274938,0.009147682,0.06471406,0.05899278,0.04224577,0.04011441,0.001349975,0.02923865,-0.004907049,0.05411059,0.03309718,0.0004443633,0.03022468,0.01710464,0.03625521,0.006392197,0.04036863,0.06429894,0.03805244,-0.04465479,0.03574498,0.04903502,0.01792185,0.04816937,0.05516016,0.0592393,0.005037099,0.06867357,0.0669978,0.01901278,-0.01831101,0.02295703,0.03940487,0.01987384,0.03876492,0.02350853,0.01751791,0.04069708,0.05824486,0.07615609,0.06454273,0.04179724,0.008441896,0.07115521,0.02073953,-0.002861894,0.05172841,0.02504273,0.03078489,0.00550756,0.03872513,0.06778108,0.05862997,0.03176776,0.06727097,0.04314608,pmERC,sub-S01,g,randomWalker9,freq01234
0.04787878,0.05048776,0.02228621,0.04509256,0.006610734,0.01251864,0.002315532,-0.00547104,-0.001395917,-0.01149666,0.05620047,0.01398816,-0.02226008,-0.0117173,0.02526491,0.04343707,0.05484525,0.02535932,0.02753505,0.02233624,-0.007905188,0.007027713,0.02082269,0.03721063,-0.01102628,-0.001211155,0.002307095,-0.0134192,-0.0037638,0.02789625,0.01730053,-0.01159062,-0.02356479,-0.03173339,-0.009933927,0.02677552,0.007758872,0.05253606,0.01480196,0.01164942,-0.004880954,0.03321183,0.05258211,0.0193434,0.00767504,-0.03500542,0.05159178,-0.00491962,0.04117203,0.03743802,-0.01534731,-0.006842311,0.02578915,0.01483371,0.04161212,0.04428344,0.0247705,0.02792869,-0.003115702,0.02143065,0.0440486,0.01162064,-0.00741053,-0.006984614,-0.01872193,0.005589098,0.0436076,-0.008549777,-0.01148021,0.002648937,0.03848565,0.01980938,0.001400118,0.006168726,0.02345658,0.01064762,0.04181147,0.008509708,0.01461878,-0.007015333,0.01989278,0.04868654,0.02539364,0.02286292,0.03153955,0.008660831,0.02795078,-0.0005918267,0.01399324,0.05183737,0.0006715693,-0.009568454,0.04640281,0.0312821,0.03102658,0.02682483,0.02002166,0.04685562,0.02608234,0.03897549,0.03164349,0.03908334,0.02544196,0.001231387,0.02994561,0.03345809,-0.002685282,0.01863262,0.0310231,0.01510968,0.006796706,-0.003287241,0.01477596,0.02426846,0.02528351,0.03395147,0.05032736,0.02646534,0.03154858,0.005386828,alERC,sub-S02,g,randomWalker0,freq01234
0.062213,0.04927493,0.04846312,0.05075607,0.02987888,0.02362637,0.009182471,0.003488558,0.01104954,0.02324462,0.05567456,0.01228201,0.01986718,-0.005656343,0.03149514,0.04894304,0.07404243,0.02455358,0.007136167,0.04351706,0.01308674,-0.003670761,-0.01884594,0.05271957,0.006338518,0.007974798,-0.01961816,0.008491804,-0.0002214435,0.03602735,0.01960569,-0.02364155,-0.02572608,-0.02048895,-0.01117787,0.04379821,0.007167175,0.05173858,0.01126994,0.02894115,-0.01100141,0.02195463,0.0586217,0.02326765,-0.00582095,-0.02708821,0.06152179,-0.003172169,0.04365366,0.03194582,-0.006259532,0.00110961,0.02527994,0.005133339,0.0515633,0.05573886,0.01993188,0.03783441,-0.002129125,0.01971529,0.05489989,0.02066508,-0.008241028,-0.01421156,-0.009164429,0.0006979931,0.07669102,0.00668646,-0.01232736,0.005676274,0.0362283,0.01906982,0.01000693,0.009193694,0.02485181,-0.01721776,0.04827544,0.007990373,0.01647744,-0.01816328,0.02044345,0.07491481,0.03531922,0.01402996,0.03317219,0.001177823,0.02555631,-0.006552268,0.01768371,0.05749043,0.007595717,-0.01797073,0.05354596,0.02673523,0.02726251,0.02320922,0.02177748,0.06138149,0.02522639,0.04178008,0.03035986,0.04323915,0.02559332,0.02937241,0.02452358,0.03790633,-0.005863268,0.03857365,0.03644042,-0.01746783,0.004087349,0.0005285229,0.01574104,0.01970483,0.02128458,0.03732467,0.07017665,0.02735479,0.02913049,-0.002381591,pmERC,sub-S02,g,randomWalker0,freq01234
0.026697,0.06081766,0.02447952,-0.01685162,-0.01688587,0.03806966,-0.01248368,-0.007071807,0.04660279,0.032327,0.04856592,0.006082259,-0.02288373,0.01296219,0.001516902,0.05802904,0.000956576,0.005344935,0.01008413,-0.03598405,-0.01155891,0.02486012,0.01537743,0.04015099,-0.009571495,-0.0112702,0.04896985,-0.01029788,-0.008310096,0.01003168,0.03703315,-0.02964539,-0.03278576,-0.01626554,-0.004726094,0.02212487,0.01598609,0.02361452,0.003584008,-0.04594442,-0.02875622,-0.01861183,0.05920656,0.007848645,0.03825653,-0.008379867,0.06311227,0.006988181,0.04144698,0.05959984,-0.01513912,-0.01122421,0.03210754,-0.02107768,-0.01214784,0.04981429,0.01407485,-0.007076744,-0.00187402,0.003221796,0.03901234,0.01728198,-0.009397484,-0.0006413158,-0.008580125,-0.0039564,0.01381288,0.007805815,-0.01661718,0.002317391,0.04277402,0.02436494,0.009749902,0.01237677,0.02423012,-0.00220881,0.04380715,0.009034747,0.01616032,-0.01485824,0.02303932,0.03960663,0.00378769,0.01824878,0.03059022,0.01696737,0.02487514,-0.01176319,0.0105102,0.05836779,-0.002912891,0.01918758,0.05129962,0.03515717,0.02218688,0.01902053,0.01385756,0.03212779,0.02250771,0.03611362,0.03442245,0.03432537,0.03774899,0.01227279,0.02384828,0.03856086,-0.00549547,0.00991398,0.03645285,0.01472608,0.004024995,-0.0005229424,0.01291553,0.02046314,0.01426373,0.03567371,0.05343001,0.02344295,0.03114878,0.004519947,alERC,sub-S02,g,randomWalker1,freq01234
0.0611356,0.06763249,0.05097219,-0.0005900184,0.006412645,0.04491028,0.004885712,0.01163703,0.05704435,0.03699777,0.06517953,0.007047418,-0.005547499,0.02838755,0.004162165,0.06319319,0.02835727,0.007822195,-0.00674856,-0.002055855,0.01113478,0.03140475,0.04147113,0.05432753,0.007418874,0.01844747,0.04811924,0.008278267,0.00146928,0.02033789,0.06136012,-0.01703512,-0.0357778,-0.01224965,0.01538351,0.01906138,0.007647961,0.03482157,0.003746782,-0.01366311,-0.01603941,-0.02953112,0.0760759,-0.003873142,0.0142847,-0.01775124,0.06987417,-0.006555562,0.03694553,0.07830057,-0.003654466,0.004567442,0.03334134,-0.02514845,-0.005347294,0.06295417,0.01685682,-0.0152751,-0.001610695,0.001855135,0.04135478,0.03817905,0.00160465,-0.005560693,0.008519197,-0.01054737,0.04298755,0.04593831,-0.007057016,0.007742249,0.05087873,0.02291092,0.01977539,0.01645704,0.02278477,-0.001244681,0.04979498,0.009597619,0.01854007,-0.01792095,0.02878488,0.04848531,0.02643482,0.01413318,0.03213706,0.01531378,0.02538907,-0.001151073,0.01321433,0.06641416,0.009119255,0.01876721,0.05937545,0.03013717,0.03033129,0.02069531,0.01652209,0.05086175,0.02293532,0.03927122,0.03373772,0.03759788,0.04411753,0.04032196,0.02055089,0.04367903,-0.003069273,0.04005381,0.04216674,0.0009674621,0.003242966,0.00328065,0.01416203,0.01855108,0.01294739,0.03908931,0.07309874,0.02423341,0.03081181,0.005289792,pmERC,sub-S02,g,randomWalker1,freq01234
0.04685296,-0.06421316,0.02529809,0.04091701,0.0234148,0.03459177,0.04240431,0.005326276,-0.03711503,-0.03338335,0.02154889,-0.01749921,0.03254688,0.01251631,0.02549828,0.04646272,0.03793985,0.03731458,-0.01329161,0.005870997,0.01293235,-0.02442376,0.04634079,-0.03015318,0.01907001,-0.01648328,0.02587952,0.01700482,-0.0009594786,0.02658991,0.01570794,-0.04004089,0.01126463,0.02534772,-0.005467535,0.01771029,-0.01394546,0.02848591,0.003127706,0.007071281,-0.03162048,0.006961026,0.05637016,0.02514343,0.01146858,0.0115593,0.04682131,-0.01982105,0.03123974,0.00258908,0.0116389,0.01865963,0.03468803,0.005058588,0.03945617,0.03667753,0.02523743,-0.01612041,-0.01179966,0.05024011,0.03733812,0.002829793,-0.003236708,-0.00204928,-0.009945874,0.001806624,0.04775556,-0.008154823,-0.01777339,0.0005279529,0.04276449,0.01562735,0.001912502,0.005100735,0.02161665,-0.01118995,0.03580194,0.009679621,0.002927289,-0.00801648,0.01444726,0.04339561,0.02119242,0.03766118,0.02920924,0.005904288,0.04414418,0.01047302,0.005038642,0.05115617,-0.02846947,-0.005210184,0.04394699,0.02995916,0.01454931,0.01702783,0.01657647,0.03940716,0.02286288,0.04057413,0.03325314,0.03923346,0.02110989,0.005135726,0.02988212,0.027854,-0.006010192,0.04010937,0.02316211,-0.005397528,0.000691251,-0.006763071,0.00704398,0.02681612,0.01506407,0.0294568,0.0540006,0.02474595,0.02653672,-0.003767192,alERC,sub-S02,g,randomWalker2,freq01234
0.06131337,-0.03420128,0.05076212,0.04107537,0.03161468,0.05499034,0.03076882,0.0263081,-0.02962321,-0.005260376,0.008147934,-0.01069397,0.05647094,0.004749153,0.03333086,0.0553039,0.05777337,0.04291874,-0.03222152,0.009626281,0.03709846,0.001578477,0.06559647,-0.02852971,0.03957148,-0.01326786,0.04091111,0.04104082,0.01685039,0.04110929,0.0352557,-0.03493574,-0.003111555,0.02472759,-0.01312697,0.01549828,-0.007567012,0.03924198,0.0111985,-0.01663557,-0.02731732,0.007535953,0.06921297,0.03483387,-0.00117323,0.009931276,0.04845517,-0.006104174,0.03234901,0.03040365,0.03775971,0.04267006,0.03617773,0.0002414731,0.06328715,0.04643324,0.02460102,-0.02577709,0.001141018,0.05198544,0.04611899,0.01292554,-0.005920789,-0.007477644,0.001071134,-0.001745464,0.08277062,0.00883509,-0.01358658,0.004069286,0.04751845,0.0173374,0.01204959,0.008039354,0.02294788,-0.01979491,0.03936005,0.007023201,0.008783963,-0.01605077,0.0175882,0.04860175,0.03490048,0.04039924,0.03146559,0.002770921,0.04033886,-0.007732598,0.01268484,0.05671789,-0.02068948,-0.01224928,0.05239595,0.02615245,0.003839323,0.01344339,0.01620061,0.05291756,0.02299166,0.0419124,0.0317555,0.0424763,0.02689489,0.03351768,0.0295286,0.03357347,-0.009123807,0.05702651,0.02754486,0.0018362,-0.002607245,-0.001319182,0.009103253,0.01867291,-0.001405348,0.03626439,0.07059993,0.02597687,0.02633657,-0.01566092,pmERC,sub-S02,g,randomWalker2,freq01234
-0.000597288,0.05223124,0.02566267,-0.01422379,0.003122862,0.01287772,0.01284493,-0.009336186,0.05834749,-0.003664111,0.03173234,0.008937086,-0.02700964,-0.0168609,-0.003729105,0.04131041,-0.02628454,-0.01461423,-0.006094468,-0.007588241,0.02205753,-0.005416515,0.02550673,0.004408356,-0.00325817,0.04891012,0.02028822,0.003005347,-0.003417675,0.03301841,0.04024876,-0.03081897,-0.002043823,0.0008837847,-0.01214129,0.008026252,-0.01279377,0.02596032,0.006680329,-0.00287835,-0.01467186,-0.00435584,0.05939208,0.02944104,0.01276619,-0.02802151,0.05234225,-0.011976,0.02834849,-0.02112976,0.01422104,-0.01631815,0.02136927,0.008188936,0.01718061,0.03981778,0.02278635,-0.02373436,-0.01396029,0.04296786,0.04582652,0.0140677,-0.009552187,-0.006053314,-0.01876133,-9.885856e-05,0.04240615,-0.007117506,-0.01473096,-0.003393394,0.04217355,0.01637011,0.004445884,0.007366122,0.02148989,-0.008833885,0.03462251,0.004419963,0.006665289,-0.005722325,0.01784193,0.05354786,0.02137862,0.03265901,0.02672354,0.01120067,0.01576531,-0.01198076,0.00687587,0.05496872,0.0033339,0.0163939,0.04718785,0.02350156,0.03033305,0.01156489,0.009705095,0.03353983,0.01835495,0.0359568,0.02690066,0.03148783,0.02831358,0.01912284,0.02518073,0.03314456,-0.006858893,0.02021919,0.03072744,0.0005586405,-0.0005710024,-0.003653267,0.006234964,0.01391404,0.0138162,0.03135645,0.05545186,0.01924142,0.02948395,0.0006521962,alERC,sub-S02,g,randomWalker3,freq01234
-0.01574313,0.06600524,0.05012424,-0.00611849,0.01434529,0.02413882,0.01168609,0.002483365,0.09004341,-0.002726938,0.03004794,0.0260004,-0.0147604,-0.008348714,-0.0122253,0.04428428,-0.01431036,-0.01613078,-0.03136233,-0.006966833,0.02669045,-0.0117778,0.02235216,0.001958326,0.00859795,0.07033387,0.02756952,0.009775331,-0.002195145,0.03580785,0.04134809,-0.008209513,-0.01931275,0.009947477,-0.01356989,0.009974276,0.0008306,0.03745486,0.01367913,-0.005543957,-0.0132901,-0.004501416,0.07370508,0.04191741,-0.003125538,-0.004212468,0.05849865,-0.009771951,0.02837845,0.008871643,0.05353856,-0.01136084,0.02704901,0.007931073,0.02535705,0.05086052,0.02249221,-0.0149685,0.0006772588,0.04696536,0.05709996,0.02684025,-0.01106715,-0.007826664,-0.004059119,-0.005673232,0.08004337,0.009903034,-0.008049632,0.002892509,0.04227792,0.016973,0.01420096,0.01794296,0.02493542,-0.02239446,0.0418829,0.003896906,0.01440542,-0.0142175,0.02237158,0.07609781,0.04150728,0.02656903,0.02962431,0.01271826,0.01412218,-0.0008380073,0.0160145,0.06120954,0.00793953,0.01191854,0.05396325,0.01888756,0.02893915,0.008585005,0.01501891,0.06505611,0.01905401,0.03366271,0.02561319,0.03684368,0.0338768,0.04711058,0.01940264,0.03927082,-0.007763414,0.03649115,0.03717605,0.003908507,0.002052887,0.003728602,0.009726286,0.01040387,0.0123688,0.03642711,0.07365073,0.02136479,0.03102101,0.0007155226,pmERC,sub-S02,g,randomWalker3,freq01234
0.01909471,-0.02090875,0.02467348,0.02245127,-0.01041347,-0.001473532,0.0443897,-0.02551109,0.03012545,0.001390993,0.02326034,0.03016515,0.001710489,0.01867613,0.03208486,0.04842074,-0.01085591,0.06186438,-0.01401174,0.02533766,-0.02330295,-0.01194976,0.003590286,0.0110895,-0.03033721,0.01183046,0.001726069,-0.02158308,-0.01922994,0.01531009,0.03873106,-0.03753687,-0.0006102929,0.00193858,0.03350165,0.01229676,-0.009926667,0.02612157,0.01004385,-0.001734872,-0.02332342,0.00390897,0.0576109,0.02725162,0.02359881,-0.003046905,0.05262696,0.01874688,0.03633156,0.01747655,-0.009039965,0.01183098,0.0218792,-0.006226814,0.007162128,0.04547201,0.02465121,-0.03056277,-0.01540505,0.03910905,0.05093891,0.002870653,-0.009352843,-0.01545034,-0.01795938,-0.005582605,0.03764379,-0.009817747,-0.01081102,0.003967137,0.03898788,0.0191003,-0.00485903,0.01189709,0.02619934,-0.0148027,0.034139,0.01149111,0.009332796,-0.003235888,0.01664005,0.05120991,0.02744851,0.02606675,0.03073655,0.01387079,0.02097769,-0.006375948,0.01080415,0.05867876,-0.006320692,0.003627483,0.05145827,0.02823005,0.003954123,0.01737428,0.01520012,0.02485271,0.02352363,0.04151103,0.0291852,0.03673804,0.02997835,0.03363201,0.02901834,0.03696591,0.0003454937,-0.01840762,0.0329994,0.005654871,0.00789597,0.002435607,0.01006412,0.01770382,0.01843299,0.03505778,0.05285238,0.02432397,0.03198447,0.01428559,alERC,sub-S02,g,randomWalker4,freq01234
0.03574572,0.0008176268,0.05107427,0.02073756,0.01407434,0.004145599,0.02147495,-0.00583865,0.04666906,2.311493e-05,0.04092043,0.02021032,0.0270927,-0.006903614,0.02192068,0.05039149,0.01253995,0.04463428,-0.02392746,0.01529368,-0.0074233,-0.01479983,-0.01914487,-0.01570937,-0.01161323,0.001897883,-0.008945095,-0.007221292,-0.002939282,0.02914904,0.03161551,-0.03187053,-0.01804982,-0.001541508,0.01986771,0.008476486,-0.00378906,0.03127129,0.01156171,-0.02876913,-0.02470975,-0.007177299,0.06418192,0.03501826,0.0134297,-0.01609522,0.06053443,0.01608356,0.03785342,0.0290018,0.01665142,0.02665201,0.01954909,-0.019875,0.005249233,0.05091217,0.02029526,-0.03073783,-0.001238542,0.0355092,0.05592185,0.01809267,-0.009236523,-0.01455656,-0.0123502,-0.01129205,0.07224923,0.003360265,-0.008435452,0.005377603,0.03587461,0.01352701,0.006998263,0.01379147,0.02237903,-0.03241161,0.03893745,0.005923798,0.01208267,-0.006333257,0.01811453,0.08161651,0.04005888,0.01240249,0.02894774,0.007481975,0.0171807,-0.003071022,0.01295301,0.05963212,-0.00577022,-0.01029185,0.0554463,0.02194192,0.01245842,0.01611071,0.0143745,0.04628407,0.02170752,0.04000458,0.0243612,0.03633504,0.02675379,0.05874101,0.02269875,0.03573524,-0.0004014155,0.006388488,0.03280522,-0.02060786,0.0055725,0.003529012,0.007882939,0.0104953,0.01503535,0.03405308,0.06939029,0.02154953,0.02709075,0.01188158,pmERC,sub-S02,g,randomWalker4,freq01234
0.05095016,-0.01651207,0.02638883,0.03432398,0.01684543,-0.01570958,-0.001476416,0.01114211,-0.02549848,-0.004815656,0.0337298,-0.01747122,0.05655823,-0.009654859,0.008006576,0.04025609,0.04597171,0.01219475,0.005951244,0.02471174,0.01796165,0.0007655341,0.04103209,-0.005247591,0.01264516,0.001371584,-0.01440773,0.02864592,-0.002578911,-0.007014812,0.02829405,-0.03542441,-0.03004377,-0.006078857,0.008419443,0.02551972,0.01062763,0.02055623,0.0003374134,-0.04144775,-0.02676908,-0.02145036,0.05570443,0.006957068,0.02140233,-0.01980276,0.05831688,-0.0100824,0.03198401,0.05604332,-0.01996038,-0.01143958,0.02287228,0.006424933,0.02148886,0.05089775,0.009935385,-0.01146653,-0.003003541,-0.01194889,0.04932077,0.002703792,-0.00670754,-0.02161373,-0.02174637,0.003789472,0.04331209,-0.0060712,-0.01186199,0.003079216,0.03084224,0.01820436,-0.007248477,0.008596231,0.0265328,-0.0164452,0.01827986,0.01158693,0.01322116,0.007906851,0.0155943,0.03941209,0.02749006,0.02504264,0.02746133,0.01049462,0.01959573,-0.004154202,0.01147237,0.05321187,-0.01155391,-0.001461406,0.04360944,0.02557927,0.02968624,0.01789972,0.01643814,0.0421376,0.02153566,0.03678716,0.02568653,0.03592203,0.02872744,0.02248536,0.0269994,0.03164789,-0.009142554,0.01579222,0.02797164,0.01989006,0.003896819,-0.0048658,0.008538676,0.01345177,0.02079998,0.03173723,0.05279699,0.02137755,0.02739024,0.003663266,alERC,sub-S02,g,randomWalker5,freq01234
0.07027125,-0.00724399,0.04973313,0.0379234,0.008863797,-0.009646645,-0.01468259,0.003764299,-0.007045906,0.02071502,0.04418197,-0.01555252,0.07883407,0.003156553,0.002202827,0.04011597,0.04806207,0.01715403,-0.01230249,0.02662152,0.00932211,-0.006053963,0.03547861,0.003395334,0.007641562,0.008488688,-0.01603195,0.01784025,0.0003921158,-0.00985851,0.04594334,-0.01546849,-0.03302162,-0.01325303,0.02825506,0.02133148,-0.0001536703,0.02963356,0.0006260845,-0.02211675,-0.01222898,-0.03074622,0.07013195,-0.02412427,0.01873801,0.01192284,0.0686672,-0.01130239,0.02538085,0.07779749,-0.01780784,0.007536668,0.02532794,-0.009109578,0.03390217,0.06404893,0.01255425,-0.03472946,-0.01264956,-0.02341403,0.06392218,0.01775881,-0.01241308,-0.01958621,-0.02153744,-0.004408096,0.07130713,0.001146658,-0.009707651,0.002869465,0.02667891,0.01789609,0.004306552,0.01169561,0.02784277,-0.03257315,0.02734394,0.009418903,0.01593991,-0.005730512,0.01884394,0.07323877,0.04515604,-0.01122625,0.02758904,0.008317152,0.01447822,-0.005555185,0.01551165,0.05838791,0.001002709,-0.001942812,0.05034789,0.01932827,0.02059219,0.01185655,0.01623596,0.05362309,0.01963754,0.03847474,0.02570699,0.03839367,0.03385226,0.04780919,0.02559011,0.03751658,-0.01342304,0.03686137,0.03325314,-0.01027606,0.002132341,-0.003256534,0.008209509,0.006856821,0.01537313,0.03672474,0.069171,0.02076967,0.02807069,-0.0004700303,pmERC,sub-S02,g,randomWalker5,freq01234
0.03689102,-0.003831356,0.02449344,0.02118644,0.06063217,0.004453402,0.02403204,0.04400283,-0.006840534,-0.0227001,0.04000073,0.02053882,-0.00121398,0.02736239,0.00563415,0.04629727,-0.01086043,0.02952535,-0.0118682,0.03298551,0.01822071,-0.002452466,0.008146855,-0.004656422,0.03687361,0.002712387,-0.01679619,0.02738903,0.02833897,0.0563123,0.03612685,-0.03889808,-0.0298935,-0.01923018,-0.009224876,0.02906607,0.01521651,0.02203758,0.006202429,-0.03974503,-0.02266012,-0.02193795,0.05513262,0.007831056,0.007264856,-0.03450516,0.06144181,-0.001342844,0.03338409,0.05494759,-0.01654665,-0.006314945,0.02829848,-0.001490484,0.04707593,0.04925935,0.0138007,0.001927759,-0.002413334,-0.004291019,0.04606576,0.005274794,-0.005997029,-0.01480464,-0.02908802,-0.0005021314,0.00515621,-0.004076862,-0.007390237,0.003861294,0.03435614,0.02104829,-0.002966595,0.01175349,0.02607059,-0.0160024,0.02566469,0.01215221,0.01512778,0.007087907,0.02143965,0.04582767,0.02606407,0.02209648,0.03071986,0.01336781,0.02518116,-0.004655736,0.01309525,0.05381116,-0.01050143,7.085263e-05,0.05005701,0.02879671,0.03587043,0.02323054,0.01505535,0.04617069,0.02453747,0.04343679,0.02969133,0.03631127,0.03056543,0.01070911,0.02786405,0.03367757,-0.003049355,0.004080428,0.02774463,0.005897494,0.005516279,0.0002887499,0.0109294,0.01950108,0.02063648,0.03524718,0.05431995,0.02483406,0.03464148,0.01497989,alERC,sub-S02,g,randomWalker6,freq01234
0.02779567,-0.005114703,0.05017516,0.03156622,0.06288223,0.007188776,0.04841922,0.03944557,0.0206394,-0.0106793,0.01970485,0.006927877,0.02008795,0.03041971,0.008886444,0.05142173,0.005044247,0.02689056,-0.04800382,0.05208801,0.02197291,0.00313898,0.01038104,0.008692422,0.02666537,0.02730714,-0.008575732,0.03029047,0.02766708,0.07225422,0.05467993,-0.01293851,-0.03899806,-0.01125891,0.009042774,0.02826568,0.00606158,0.02533866,0.004726044,-0.01888918,-0.01183688,-0.02109479,0.06606037,-0.004647415,0.002009049,-0.01699813,0.07165978,-0.01598955,0.03025838,0.06504188,-0.0127743,0.02065728,0.02888672,-0.0173525,0.05783832,0.06119594,0.01388037,-0.01762188,-0.01254246,-0.01656301,0.05882429,0.0184246,-0.01125348,-0.01455149,-0.01523523,-0.007868821,0.03992848,0.003035749,-0.007300999,0.007221272,0.03226876,0.02006551,0.008031607,0.01555268,0.02732228,-0.03262833,0.03321645,0.008622796,0.01758067,-0.008753399,0.02437701,0.07374637,0.0385164,-0.009752618,0.03185735,0.01166003,0.02516561,-0.00451321,0.01781198,0.05893894,0.001617968,-0.008554396,0.0569331,0.02440061,0.0192965,0.02326483,0.01802501,0.05641263,0.02445949,0.04750291,0.02769297,0.03974667,0.03309536,0.04205982,0.02486847,0.03648235,-0.0022201,0.02475608,0.03036137,0.00280005,0.005486909,0.00361377,0.01090256,0.0134783,0.01632955,0.03818456,0.07249294,0.02489151,0.03483981,0.01528125,pmERC,sub-S02,g,randomWalker6,freq01234
-0.009389183,0.05790097,0.02693488,-0.001937163,-0.001990957,-0.03661368,0.02369636,-0.02669494,0.04990191,0.02219463,0.04266349,0.007815441,-0.02498309,0.004497968,-0.01565838,0.05174028,-0.003967373,0.001866175,-0.004758863,-0.0218553,-0.01104998,-0.004940904,-0.006745634,0.03579373,-0.02267906,-0.009845833,-0.0137589,-0.0164348,-0.01140804,0.03466871,0.03726708,-0.03501314,0.003896744,0.004421862,0.01761671,0.01517378,-0.01226591,0.02957776,0.00856398,0.001454734,-0.01977521,-0.007145179,0.06154102,0.01767806,0.02234159,-0.0042493,0.0502673,-0.002412707,0.02514629,0.03685823,0.01606492,0.0158939,0.0272472,0.006815809,0.02578658,0.04639195,0.02559561,-0.02416374,-0.009822955,0.04724715,0.03843153,0.004059167,-0.009705349,-0.01756504,-0.02301257,-0.005731107,0.02784539,-0.006355899,-0.01296991,0.00274387,0.03380394,0.01961672,-0.007031521,0.004509889,0.0230333,-0.0104335,0.03479462,0.005043062,0.01329606,-0.00575819,0.015785,0.04543818,0.02932102,0.01986945,0.03101906,0.01307144,0.02703469,-0.008358254,0.009366347,0.0574422,-0.01038746,0.01189735,0.05205264,0.03332705,0.03353209,0.01441473,0.01221564,0.04859322,0.023505,0.03972106,0.03246229,0.03544862,0.03256182,0.008337238,0.03185774,0.03602155,-0.004849742,0.02956659,0.03325478,0.01260708,0.001469453,-0.003525149,0.0116032,0.0199714,0.01604282,0.03386582,0.05723838,0.02421823,0.03294484,-0.002699711,alERC,sub-S02,g,randomWalker7,freq01234
0.00360686,0.07152418,0.05038365,0.02602501,0.01866915,-0.006878157,0.03616439,-0.004209739,0.05204077,0.0219023,0.06430351,0.01496764,0.0008913489,0.02261539,0.005279745,0.05435326,0.01049334,0.001988457,-0.04548675,-0.0004771426,-0.01157939,0.0003070472,-0.009431577,0.05670374,-0.002616636,-0.01197232,-0.00276768,-0.02047233,-0.01002929,0.03045238,0.04746569,-0.02678249,-0.01614963,0.01075792,0.006065489,0.01350138,-0.003523486,0.03809673,0.01144305,-0.02572942,-0.01407235,-0.00958783,0.07429209,0.02531939,0.01283545,-0.001079456,0.0538956,-0.0004455452,0.02851386,0.05060276,0.04890962,0.02830488,0.02763955,-0.01069764,0.04050524,0.05519198,0.02333697,-0.02068789,0.003077513,0.0491474,0.0430497,0.01395997,-0.005411728,-0.01815631,-0.01623538,-0.009790272,0.06660583,0.01219225,-0.008928685,0.006696518,0.03371052,0.01803225,0.002852877,0.009115185,0.02134109,-0.0238783,0.03980703,0.003048997,0.01598442,-0.01616524,0.01951672,0.06446954,0.04537949,0.0005088017,0.03006054,0.01297621,0.02084866,-0.0004415549,0.01447695,0.06028677,0.00478035,0.008153696,0.05915919,0.02518239,0.02029117,0.01282541,0.01310924,0.05989594,0.02148947,0.03889435,0.02895125,0.03646979,0.03891502,0.0354499,0.02850423,0.03972144,-0.006788968,0.0495679,0.03670775,0.004507683,0.00151837,0.001612652,0.01180617,0.01273283,0.01136016,0.03792896,0.07245214,0.02280738,0.03282085,-0.005143563,pmERC,sub-S02,g,randomWalker7,freq01234
0.01238043,0.02690981,0.02407972,-0.01015631,0.05105541,-0.008359502,-0.004743834,0.02593646,0.02559913,0.02198754,0.002510138,0.008004661,-0.0261815,-0.003621523,-0.005477822,0.04994798,-0.02299566,0.0003843198,-0.02120356,-0.01260438,0.01106316,-0.004408662,0.01052212,-0.004876223,0.02763312,0.001268034,-0.001612647,0.01773493,0.0168601,0.04247991,0.01413197,0.006330465,-0.02738594,-0.02635437,0.01307103,-0.003683969,-0.004477645,0.04253725,0.0141271,0.04358054,0.008921174,-0.01596122,0.05830627,0.02227596,0.008728409,-0.04042328,0.04993768,-0.01001568,0.03706191,0.05402023,-0.03860095,-0.02518337,0.02461661,-0.008959227,0.03723187,0.04978615,0.02695088,-0.03909761,-0.01267165,0.03052582,0.0408359,0.01441175,-0.004715982,-0.008303917,-0.01804905,0.005758627,0.04287555,-0.007937707,-0.01171334,0.001344923,0.03878492,0.01900897,0.002421208,0.005319803,0.02292636,-0.002881198,0.04192672,0.006307411,0.008976917,-0.00909286,0.01682656,0.048756,0.02630002,0.02790187,0.03283565,0.003653029,0.02424507,-0.006823377,0.00817767,0.05768614,-0.01167022,0.007458061,0.05317719,0.03318916,-0.008590652,0.02545869,0.01263219,0.04597155,0.02579911,0.04441412,0.03069633,0.03620187,0.02417384,0.008651851,0.02861482,0.03638154,-0.006254966,-0.008064454,0.0315306,0.003083282,0.0005936942,-0.006647424,0.01157643,0.02147104,0.02253187,0.03344548,0.0567291,0.0257994,0.02843819,0.0002405276,alERC,sub-S02,g,randomWalker8,freq01234
0.01315608,0.0248235,0.04956888,0.007657052,0.05492688,-0.007084899,0.01071816,0.01891961,0.04431346,0.03294308,0.008287149,0.006577932,-0.01160795,0.008181678,-0.00693614,0.05406823,0.002250982,0.006373207,-0.04574605,-0.004091016,0.02093856,-0.002408481,-0.009018908,0.002254747,0.03030755,0.009647334,-2.271469e-05,0.01516674,0.01446817,0.05259922,0.01277974,-0.008050558,-0.02279322,-0.01630709,0.004690717,0.01286232,0.003752962,0.0485229,0.004820676,0.0603674,0.006685573,-0.01764697,0.06557705,0.01868657,0.002963997,-0.004413984,0.0557927,-0.005432747,0.03462477,0.05208541,0.001122928,-0.02775416,0.01516363,-0.02881631,0.04306353,0.06418572,0.02167098,-0.01963482,-0.005115703,0.02899783,0.045499,0.02844361,-0.008779778,-0.01066643,-0.008447817,-0.004133197,0.08297271,0.0073109,-0.008905669,0.00439911,0.04167941,0.01632689,0.01134079,0.008523466,0.01989001,-0.01324806,0.04520112,0.002659637,0.01512929,-0.01394289,0.02353534,0.06815121,0.03853598,0.01686501,0.03242797,0.0006770808,0.02048077,-0.006583408,0.01233551,0.06001264,-0.0112783,-0.004190475,0.05826215,0.02540112,0.0001369,0.02653109,0.01345227,0.07032162,0.02498378,0.04740819,0.02525795,0.03775168,0.02631701,0.03532302,0.02554213,0.03918247,-0.007693689,0.02171591,0.03363463,-0.01480723,0.0006620024,-0.003272352,0.01113637,0.01376652,0.01837103,0.03642532,0.07269243,0.02442182,0.02694051,-0.003526308,pmERC,sub-S02,g,randomWalker8,freq01234
0.005621451,0.03563205,0.02463055,0.0381748,-0.02864572,0.06734812,0.0539181,-0.02524598,0.00633008,-0.02151466,-0.0182351,0.03504801,-0.01015151,0.01033722,0.064084,0.04987022,-0.02528368,0.05731305,-0.02966932,-0.004788148,0.005690237,0.007785962,0.009690122,0.005084313,-0.008220853,0.02442797,0.05702411,-0.01104013,-0.01563124,0.0005719385,0.01525866,0.004732754,-0.02216782,-0.03482909,-0.00570458,0.002813947,-0.0008293252,0.04696358,0.01156636,0.029041,-0.001200452,-0.006827258,0.05312461,0.02447494,0.02510728,-0.01783011,0.04601301,-0.01771037,0.03125412,0.05544236,-0.03180847,-0.02813571,0.01951567,0.006416452,0.0487003,0.04265721,0.01895465,-0.01041748,-0.01360484,0.0194116,0.04911741,0.007121782,-0.005223476,-0.01167569,-0.02939941,0.003801636,0.03989592,-0.01108995,-0.01230088,-0.00196238,0.03622674,0.01821552,-0.003602572,0.006735013,0.02401788,-0.006265491,0.02896491,0.007082887,0.00611603,-0.0004859955,0.01589738,0.05068677,0.02428614,0.02751272,0.02485541,0.009444209,0.01780767,-0.0119682,0.007918477,0.0544601,-0.001279649,0.01127312,0.04852729,0.02497026,0.003604463,0.01350145,0.00777155,0.03574139,0.01652989,0.03503533,0.02635809,0.0302323,0.03031537,0.01945634,0.02792343,0.0324432,-0.002860513,0.00335434,0.02860998,0.002144225,-0.001633403,-0.002854503,0.007077109,0.01222489,0.01334286,0.03144317,0.0541973,0.0170361,0.02814371,-0.004209446,alERC,sub-S02,g,randomWalker9,freq01234
0.02173148,0.03387373,0.05036397,0.06737478,-0.00947506,0.06826103,0.07319132,-0.007429729,0.00740293,-0.01049816,-0.003209889,0.03644576,0.02640906,0.01851843,0.07249867,0.06208984,-0.005843393,0.07946409,-0.0512957,-0.0003865872,0.01684943,0.03301648,0.009522025,0.0195694,0.003325814,0.02279285,0.07320727,0.002808137,-0.003185946,0.006633781,0.01868087,-0.01397916,-0.02401342,-0.02142454,-0.00745798,0.02592251,0.006614659,0.05004346,0.006534089,0.04713528,0.001012797,-0.02783598,0.0626088,0.02492773,0.03136953,-0.01248064,0.05172278,-0.02088042,0.03079823,0.05292479,0.0002130587,-0.02977359,0.01649998,-0.006346641,0.0558944,0.0604671,0.01876949,-0.002862006,-0.006277996,0.02062645,0.06419989,0.02635365,-0.009196756,-0.007339424,-0.008256646,3.054858e-05,0.06991119,0.003543966,-0.006002039,0.004020454,0.03998037,0.01793452,0.01174273,0.01354991,0.02415882,-0.0165921,0.03483463,0.005165645,0.01326632,-0.005242482,0.02369258,0.07563093,0.03987324,0.01701996,0.0281636,0.009531617,0.01688019,0.002695023,0.01511484,0.06056115,0.001573846,0.004607269,0.0569709,0.0211057,0.0142559,0.01049758,0.01266224,0.05152289,0.01928322,0.03551297,0.02546919,0.03504514,0.03526912,0.0448702,0.0240461,0.03779982,-0.001720559,0.02701574,0.03396404,0.001997271,0.002135907,0.002039088,0.009783624,0.007801293,0.01328183,0.03663699,0.07153238,0.01924734,0.02984809,-0.0006045271,pmERC,sub-S02,g,randomWalker9,freq01234
0.07395122,-0.00613676,0.08020815,-0.006134633,0.003762315,0.002452263,-0.01599548,0.002614237,0.0818756,0.07115299,-0.0006053118,0.01689276,0.06490338,-0.004486745,0.06951466,0.02537114,0.03542883,0.03624871,-0.02033718,-0.02367887,-0.03031734,0.01118407,0.04328487,0.04234346,-0.02415632,0.06450675,-0.05408219,-0.01425195,0.01218534,0.008252126,0.04726804,-0.06214742,0.05117676,0.05612845,-0.0115485,0.04786812,0.06993813,0.0500866,0.05782965,-0.003428501,-0.003545895,-0.0218302,0.044818,0.05341044,0.02608694,0.0004799194,0.02296316,0.05925239,0.0346798,0.02407078,0.06428449,0.005337634,0.03789443,0.02896976,-0.004877177,0.06093063,0.04677815,0.07280641,0.07609607,0.0708375,0.0804112,0.0001022446,0.06960602,0.0001825955,-0.01636783,0.0008385857,0.07764599,0.09915958,0.05823982,0.07507763,0.06264461,0.04940449,-0.01176786,0.06732593,0.07636944,0.006732951,0.008684615,0.05889723,0.07589424,-0.0125727,0.05744361,0.03167775,0.0284214,0.01194405,0.05210973,0.05572468,0.031115,0.06795208,0.08569742,0.01365996,-0.006137115,-0.006307683,0.04700631,0.007466885,0.06130172,0.05436587,0.07381309,0.06798428,0.05244828,0.03876804,0.02072327,0.05178217,0.06050826,0.09433655,0.03547687,0.05287553,0.04596172,0.08109017,0.04533051,-0.0248157,0.07317837,0.06966727,0.06226952,0.02670128,0.05055731,0.06852099,0.04959812,0.05506536,0.05549486,0.05494001,alERC,sub-S03,g,randomWalker0,freq01234
0.05659043,0.005646506,0.07974683,-0.01516777,0.004407775,0.03524215,0.01556696,0.01187314,0.07432079,0.05051618,-0.01627705,0.01630451,0.05769504,-0.02441934,0.03355954,-0.01149077,0.02352752,-0.01439668,0.003881458,-0.01278167,-0.01586922,-0.02105798,0.04805041,0.02705445,-0.0005640819,0.03074092,-0.05615824,0.0006441976,-0.01344534,-0.01968238,0.0392721,-0.0204966,0.04307011,0.03021955,-0.01590753,0.01557911,0.0215398,0.0383851,0.01049543,-0.01338276,0.01658444,-0.0237116,0.02778839,0.02112313,0.003509743,-0.003675793,0.007837118,0.06569488,-0.007779139,0.04212999,0.02377732,0.01859765,-0.009280831,0.01455457,0.03679982,0.02908007,0.00360083,0.03815293,0.0280242,0.02231375,0.0447609,-0.005971688,0.03391909,-0.02378107,-0.01052624,-0.03412794,0.09197458,0.06922755,0.02253457,0.02738131,0.04683942,0.001116666,-0.01463372,0.01872381,0.0274401,0.007907124,-0.02022607,0.00877256,0.02987728,-0.01890795,0.02452242,0.01689922,0.04613943,0.02092042,0.0008528573,0.02432677,-0.01936672,0.02773689,0.05478239,-0.00365446,0.03883883,0.01725942,0.007675359,-0.03198367,0.02382191,0.005302777,0.02193313,0.03926683,0.0009557839,-0.003759488,-0.02314862,0.00401049,0.04205674,0.08014567,0.001640419,0.00956635,-0.0003013568,0.07401662,5.622421e-05,-0.02243319,0.02624444,0.03149683,0.01081699,-0.02286001,-0.001091432,0.02877499,0.05486947,0.00297514,0.01434589,0.003015366,pmERC,sub-S03,g,randomWalker0,freq01234
0.03482794,0.04504305,0.07996949,-0.0005958102,0.007388405,0.03734507,-0.0108056,-0.005126647,0.05411452,0.04519352,0.05469863,0.03080698,0.01431079,0.007535284,0.07167985,0.02507099,0.03434136,0.03741133,-0.01822026,0.01262506,-0.002745958,0.02140712,-0.02193429,0.02658936,0.006239991,-0.006961391,0.01422418,-0.01091277,-0.01691293,-0.007524828,0.0159857,0.01714636,-0.04106482,0.04544649,0.01371423,-0.01302348,0.06239056,0.04944281,0.06167108,0.027526,0.06494372,0.02164399,0.03792031,0.06117165,0.02555541,0.00925024,0.05286242,-0.02736486,0.03219283,0.03260748,0.05765436,-0.04368536,0.05244948,-0.02143587,0.04300618,0.04836596,0.04933661,0.0116066,0.07073216,-0.005801362,0.07653558,-0.01774517,0.07695304,0.009898319,-0.002344948,-0.004319786,0.04658561,0.08808661,0.06502359,0.07427453,0.06267598,0.05609532,-0.02204649,0.06829635,0.07776742,0.01553647,0.0007093447,0.05755109,0.06383491,-0.01361674,0.05974785,0.03949673,-0.01314163,0.001003766,0.05221942,0.05532765,0.03882286,0.0834681,0.084222,0.02268581,-0.007333349,0.005712714,0.04630926,-0.0001275481,0.01178076,0.06896293,0.07264493,0.04645018,0.06053013,0.04066392,0.01926106,0.05189792,0.06032566,0.08984543,0.03730539,0.05064171,0.03787889,0.08172433,0.03767244,0.01170595,0.07571815,0.06332214,0.0601488,0.01976135,0.06372031,0.06957189,0.05254193,0.0534969,0.06046478,0.05969763,alERC,sub-S03,g,randomWalker1,freq01234
0.0508302,0.05689153,0.07870441,-0.02574545,0.002340954,0.07003256,-0.02834857,-0.004761189,0.06702275,0.05732575,0.04735687,0.01653909,0.009754756,-0.003834984,0.07206621,-0.001703986,0.05622623,0.01787896,0.00871682,-0.008076652,0.009080282,-0.01571295,-0.03838217,0.02346508,0.01493435,0.01485643,0.02004085,-0.00551788,-0.01715093,-0.01482552,-0.001220273,0.02394032,-0.04735723,0.03641354,0.01718115,-0.03152058,0.01553221,0.02962246,0.02075481,0.01000413,0.0566144,0.006916394,0.02752328,0.03883029,-0.02400844,-0.003790797,0.02364133,0.007229359,-0.009655488,0.04741976,0.04693579,-0.001931696,0.006966212,0.02663666,0.06058671,0.01590691,0.004906611,-0.02675804,0.0375543,-0.03376367,0.03065502,-0.01839671,0.04894127,-0.01487422,0.002442413,-0.03267987,0.06704137,0.07798586,0.02686461,0.02944714,0.04691901,0.008657137,-0.01868096,0.01724265,0.03037679,0.02765017,-0.02338849,0.01533163,0.02618453,-0.01381279,0.03281409,-0.003738835,0.06425206,0.01012216,0.001754752,0.01714188,-0.00897458,0.04294764,0.05360481,0.004759314,0.001861112,-0.001706845,0.01171993,-0.03522981,0.046787,0.02130533,0.02245106,0.07384367,0.01059669,0.003173208,-0.02107595,0.003084217,0.03240584,0.08400221,-0.005245259,0.00847932,0.002088631,0.07327039,-0.00224813,0.01770313,0.02648293,0.02729197,0.01194689,-0.02250391,0.01088807,0.02588245,0.05509163,0.003362803,0.01448197,0.0125227,pmERC,sub-S03,g,randomWalker1,freq01234
0.03863284,0.04865991,0.07773749,0.0001592708,0.01495343,0.0621542,-0.005457637,0.04263145,0.008667854,0.04355034,-0.0013927,0.04004008,0.05453986,0.002402073,0.02667136,0.04815862,0.01518834,0.02289144,-0.02566756,0.003328419,0.03861726,0.054448,0.07772309,-0.005660112,0.03185837,-0.02008913,0.02241633,0.02527048,0.08078074,0.04758457,0.02504036,-0.03230735,-0.06307133,0.0493686,-0.06674252,0.01169334,0.05606529,0.007002889,0.07410049,-0.07231408,0.008819868,0.06664922,0.05067543,0.05178606,0.0108503,-0.01535639,0.005009814,-0.004914188,0.001435622,0.02437617,0.05082341,0.0553821,0.02931538,0.02258495,-0.006862019,0.07049,0.04714767,-0.07860469,0.08585604,0.04443979,0.07134952,0.007388079,0.06603712,0.003925448,0.04058114,-0.009450029,0.05502376,0.09353115,0.06088666,0.07626935,0.05728929,0.0574875,-0.006700858,0.06701729,0.07056972,0.0008483681,-0.01332162,0.05076881,0.07362788,-0.02277728,0.06474138,0.02171243,0.04020491,0.01647903,0.05350578,0.05258619,0.03174423,0.01752158,0.08692938,0.02197747,-0.01556306,-0.00237196,0.0460192,0.006186345,0.06402563,0.05945997,0.07427831,0.05985377,0.05783341,0.02593735,0.01760792,0.05096268,0.05179065,0.09206321,0.0336211,0.05074707,0.05194993,0.04249723,0.04415945,0.01977005,0.06636331,0.07269937,0.0633062,0.01691134,0.02883908,0.06697445,0.04519109,0.0549666,0.05160704,0.00315713,alERC,sub-S03,g,randomWalker2,freq01234
0.0362475,0.04970598,0.07799812,-0.0002869317,0.03244456,0.05805406,-0.02021748,0.04367776,-0.01920466,0.03117571,0.002163644,0.0224543,0.05474166,-0.0332784,0.005565744,0.0113739,0.02554666,-0.0144575,-0.02010613,-0.03074644,0.05248152,0.06687371,0.08958369,-0.03800861,0.05226564,-0.02439373,0.02312687,0.04025707,0.06707384,0.05394515,0.02677873,-0.01356132,-0.002653189,0.02905611,-0.03278602,-0.002915324,0.02711195,-0.02355254,0.02648574,-0.00170209,0.01019549,0.03608138,0.02265758,0.01722758,-0.01679857,0.00406849,-0.008003169,0.01592165,-0.04387094,0.02596597,0.05466874,0.07223045,-0.01423928,0.03217972,0.02734568,0.04092842,-0.00261453,-0.03276752,0.04788733,0.02144122,0.03010687,0.002019369,0.03758004,-0.01515485,0.04510698,-0.03588691,0.07675302,0.0680436,0.02722402,0.03372796,0.04497198,0.008237207,-0.01190391,0.0171478,0.02103513,0.01457584,-0.02280298,0.00129964,0.03934899,-0.007154232,0.03266796,-0.02098344,0.03891704,0.02181702,0.001965314,0.02148438,-0.01430293,-0.006888824,0.05557951,-0.004139318,0.0112311,0.004554793,0.006590972,-0.03563072,0.04141399,0.01117685,0.02624252,0.03669364,0.006639595,-0.0006428116,-0.02725975,0.00770187,0.02284479,0.08220778,0.01228909,0.006265621,0.006616871,0.04021161,-0.003918882,0.02383542,0.02461688,0.03441942,0.01240293,-0.03496635,-0.01455119,0.02853614,0.04596477,0.002820154,0.01555383,-0.02664229,pmERC,sub-S03,g,randomWalker2,freq01234
0.04243205,0.05059722,0.07743981,0.008305694,-0.01072594,0.03783264,0.02423513,-0.008217906,0.08675478,0.03724056,0.02141164,0.05579652,0.05462038,-0.006114405,0.02254573,0.01398909,0.06660624,0.007764827,0.03498206,-0.007363881,0.007378552,-0.005975887,0.08519947,-0.002330337,-0.01054116,0.06955623,0.02200533,-0.004670535,0.004287493,0.01264102,0.03028671,-0.01169394,-0.05676169,0.04856655,-0.02076179,0.02280079,0.06703577,0.00847772,0.06618211,-0.02918993,0.02308017,0.06670043,0.05789129,0.04114577,-0.01056077,0.0096073,0.001841744,0.01090646,0.0062729,0.07380829,0.06207728,0.008662718,0.0483395,0.03082809,0.04140682,0.06963137,0.0437104,-0.05866659,0.08736049,0.04544933,0.07265609,-0.009756097,0.06606447,0.0001431299,0.003220308,-0.005828923,0.07243663,0.09449972,0.05078365,0.07231454,0.05297766,0.0527906,-0.01346977,0.0712949,0.07260107,-0.008671187,-0.01959198,0.05782278,0.07713451,-0.008553954,0.04362805,0.02718259,0.03818851,0.01051068,0.04695674,0.05292588,0.03994779,0.08893578,0.07566125,0.02000003,0.01765174,0.001372484,0.0394802,0.003374133,-0.005389838,0.05549577,0.07139292,0.04917169,0.05281759,0.01954862,0.01283144,0.05030983,0.05668038,0.08794563,0.03242151,0.04801998,0.0427428,0.06984713,0.03441809,0.004010911,0.0748769,0.06429137,0.05845324,0.01459545,0.05591833,0.06491625,0.04724205,0.05033492,0.05835282,0.06229568,alERC,sub-S03,g,randomWalker3,freq01234
0.03944832,0.06682298,0.07802844,-0.01723293,-0.01487294,0.03997228,-0.00185846,-0.01775174,0.107753,0.04067058,0.0153861,0.05132591,0.01948137,-0.01735404,-0.007000383,-0.02534655,0.05079748,-0.02737966,0.03166199,-0.02236047,0.005536155,-0.02246863,0.06165224,0.008891313,-0.00795919,0.09543877,0.02098077,-0.01143886,-0.02511481,-0.01279563,0.04245391,0.02375579,-0.008377043,0.01968357,-0.0158006,0.004517122,0.03274541,-0.01881773,0.01872774,0.01840278,0.03042494,0.04525618,0.03767734,0.01373334,-0.04364373,0.0243453,-0.002912285,0.01332745,-0.03888168,0.06887157,0.05961656,0.03402989,0.002993225,0.04422576,0.07877716,0.03968622,-0.006247402,-0.02042124,0.05113534,0.008628728,0.04049637,-0.01153815,0.0314478,-0.02355252,0.01707988,-0.03709161,0.09208785,0.07229026,0.01966365,0.02694426,0.04214757,0.005024993,-0.02132733,0.0254431,0.02653725,0.004648053,-0.0315231,0.007286538,0.04138254,-0.01948346,0.02824594,0.005812233,0.04708797,0.01435986,-0.002846451,0.01678482,-0.01718419,0.05300953,0.06130715,-0.0003419917,-0.008257126,-0.01495215,0.008858015,-0.03997024,0.00226963,0.03123425,0.02110249,0.06959393,0.007132202,0.00568131,-0.03177109,0.0002049069,0.03444454,0.08559,0.00513526,0.008674306,-0.005000319,0.06436163,-0.008446489,0.03175622,0.0335016,0.02665885,0.008331469,-0.03435822,0.00169458,0.03203722,0.04955038,-0.002159348,0.02023937,0.008099129,pmERC,sub-S03,g,randomWalker3,freq01234
0.05106668,0.06243863,0.07980181,0.07284743,-0.006691697,0.06386425,0.06018835,0.01782134,0.04528271,0.0450888,0.008722966,0.03895849,0.07692349,0.03548914,0.02186057,0.03716937,0.06540622,0.01285922,-0.002325304,-0.001282813,0.06084609,0.08426867,0.0198015,0.07196907,0.001374846,0.01461675,0.09193676,0.0259853,0.07055105,0.07135747,0.03486716,-0.02202646,-0.05474303,0.05653204,0.008243752,0.02483195,0.06728143,0.01405222,0.06673548,-0.0246371,0.01735524,0.06779806,0.05092166,0.03839532,0.03497121,-0.05437037,-0.004273559,0.0720998,0.02083452,0.03855378,0.05448645,0.02680954,0.04468659,0.01095977,0.01645616,0.07586613,0.05361703,-0.08460007,0.08739113,0.05027483,0.07911562,0.02306166,0.06588317,0.009431764,0.02080818,-0.01020921,0.07461858,0.09390713,0.06131648,0.07678219,0.05211938,0.05567005,0.001290469,0.06976146,0.07940746,-0.005797262,-0.0105977,0.06226227,0.07578642,-0.009146417,0.06623828,0.03842947,0.05053243,0.001987915,0.05491173,0.0569878,0.04556559,0.07963403,0.08586182,0.02238309,0.007841712,6.924367e-05,0.04782606,0.01459765,0.01050501,0.05785165,0.0750184,0.04192686,0.05953078,0.03076188,0.02033961,0.05806248,0.05853301,0.08239258,0.03647549,0.05258852,0.05174322,0.08677554,0.04222218,-0.01798045,0.07508899,0.07067133,0.06504907,0.02889201,0.06242931,0.06808255,0.04994055,0.05824212,0.05984948,0.06266902,alERC,sub-S03,g,randomWalker4,freq01234
0.04029894,0.06511779,0.07743688,0.07497674,0.0007398342,0.06670149,0.08522402,0.01570552,0.03917817,0.01527426,0.02338731,0.01160824,0.0638618,0.04703765,0.03794826,-0.004195271,0.05222868,0.03654349,-0.01165627,0.03112375,0.06025686,0.06492564,0.02226241,0.04718122,0.00735615,0.01702242,0.08888666,0.02626544,0.05626905,0.05631388,0.03167836,0.006281395,0.004539913,0.02113993,-0.01609829,0.00721783,0.03322379,-0.015296,0.02022619,-0.003789887,0.01690494,0.04173788,0.01719748,0.01710467,-0.006257857,0.007503676,-0.002293686,0.04504134,-0.02218691,0.03021546,0.04462766,0.03929811,-0.000826593,0.02897121,0.07040971,0.04505547,0.005366001,-0.0249284,0.05266132,0.01529761,0.04223659,0.009498333,0.03315175,-0.02260789,0.02587163,-0.02747388,0.08552442,0.05733822,0.02298461,0.03033824,0.03394266,0.008594057,-0.01055484,0.0210443,0.03068769,0.009167752,-0.01433312,0.01363746,0.03081447,-0.02015508,0.03453847,0.04128234,0.03751673,0.0001496228,0.003745987,0.02024601,-0.00472079,0.03564893,0.06132013,0.001198325,0.0008057483,-0.001169747,0.01083288,-0.02609023,0.02283554,0.01311936,0.02503923,0.06729684,0.009947912,0.007585357,-0.02124058,0.008927768,0.03031009,0.0814847,0.001665272,0.009365805,0.007854464,0.06125613,-0.002343986,0.000176975,0.03026933,0.03093667,0.01650077,-0.01837841,0.01033033,0.02980748,0.05187458,0.007124571,0.01777621,0.01472632,pmERC,sub-S03,g,randomWalker4,freq01234
0.05067727,-0.006373902,0.07928399,0.0004136479,0.008160333,0.004032539,0.01810578,0.03599611,0.05818726,0.06027526,0.009180375,-0.004901126,0.05566763,-0.00555934,-0.00497041,0.02204328,-0.008407434,0.03026337,0.001653678,0.04817252,-0.01895511,0.005989667,0.08120587,-0.00707788,0.02629609,0.0495588,-0.01106928,0.001556669,0.07414096,0.005150579,0.00770776,0.05246846,-0.03184509,0.04978602,0.02823997,-0.0149999,0.06004938,0.04766013,0.05605562,0.0321605,0.06262418,-0.029264,0.03692945,0.02419239,0.02143967,0.001813739,0.06414681,0.0373886,0.02925404,0.05280927,0.05243662,-0.01986013,0.05422844,0.009537168,0.02790123,0.04008099,0.04949146,-0.02233213,0.06892728,-0.01589265,0.08046246,0.02598634,0.06490458,0.007181347,0.003577889,0.003732308,0.07142482,0.09155987,0.05823502,0.07538573,0.04769959,0.05438582,0.006551664,0.06714889,0.08027609,-0.009840605,-0.01997882,0.0678781,0.07356144,-0.0114536,0.06434785,0.0296764,0.05845298,-0.005173148,0.04929991,0.05525986,0.03586281,0.07011443,0.08631303,0.02179672,0.003210317,0.00823238,0.0451737,0.008757337,0.03097495,0.04840204,0.07161092,0.05365002,0.05245492,0.0373151,0.01733611,0.04911529,0.05635512,0.09020524,0.03958709,0.05057063,0.04048485,0.08154647,0.03971754,-0.0168738,0.07331067,0.06299181,0.06217871,0.01637358,0.0546148,0.06584136,0.05192214,0.05264376,0.05789946,0.06164067,alERC,sub-S03,g,randomWalker5,freq01234
0.03994244,-0.03452597,0.07823428,0.02378419,0.04200901,-0.01424728,0.009825462,0.04869539,0.0425429,0.04578929,-0.007289886,-0.01315451,0.09274272,0.00123233,-0.01777627,-0.0232455,0.005898905,0.02548403,-0.001860014,0.06074798,-0.01595079,-0.03134521,0.07680251,-0.02889089,0.04239202,0.009691807,-0.01402164,0.02682668,0.05895673,-0.004746328,-0.02224148,0.05022389,-0.02547285,0.0247879,0.009054878,-0.0386632,0.01465745,0.03222971,0.02770542,0.0148792,0.05389109,-0.06054594,0.02296381,0.04060364,-0.004471276,0.03874678,0.03843126,-0.001737659,-0.01858858,0.04573469,0.03279716,0.02405406,0.009290087,0.003595376,0.06791206,0.007240491,0.005980355,-0.04269184,0.02543716,-0.03926719,0.05458001,0.0111681,0.02552769,-0.02654343,0.01881378,-0.03629474,0.08381038,0.05827957,0.02208569,0.02862586,0.03352216,0.005170021,-0.01101673,0.01983415,0.03698835,0.01614255,-0.02889142,0.02001922,0.03134713,-0.02940055,0.03756184,0.02954416,0.04672384,-0.02050024,-0.001886651,0.02332958,-0.01953241,0.02997397,0.05699738,-0.00198202,0.01328255,0.01070969,0.005752728,-0.03575873,0.03271399,0.006491741,0.02139237,0.03594876,0.002815287,-0.0005553082,-0.02808907,-0.001524346,0.03632957,0.08550454,0.002867024,0.007572426,-0.003686952,0.07131508,-0.006355862,-0.002269906,0.02964354,0.02942564,0.01185959,-0.03162418,0.003095462,0.02730115,0.05242814,0.0001825765,0.01673395,0.0140493,pmERC,sub-S03,g,randomWalker5,freq01234
0.0103984,0.01226661,0.07832085,0.02090153,0.01238225,0.0093678,0.08257655,-0.02691642,0.05756888,-0.00390879,-0.002275923,0.05889859,0.01834263,-0.003769221,0.01317832,0.03091092,0.03107813,0.008196761,-0.01521485,0.04815629,-0.01625882,0.03048655,0.03843166,0.03992585,-0.01946974,0.06938089,0.00722396,0.007751196,0.01895762,0.04404695,0.01213895,0.0337676,-0.02998177,0.05854001,0.02621342,-0.01356916,0.06125383,0.04475985,0.06142798,0.01794269,0.05170131,0.01499803,0.03748481,0.05477732,0.02403321,-0.01011751,0.06181145,-0.02007875,0.03596476,0.04465839,0.05739883,-0.01111755,0.04277202,0.002235029,0.009008066,0.04839088,0.04601409,0.01737501,0.05202967,0.01264433,0.06985284,0.02543646,0.05957904,-0.000169325,-0.02676217,-0.01028095,0.0677532,0.09429636,0.06490746,0.07338189,0.04465857,0.053771,-8.632469e-05,0.07386551,0.07556119,0.006060047,-0.02008322,0.062278,0.07710489,-0.004209959,0.06790059,0.03489513,0.05564775,-0.007023218,0.05207688,0.05668856,0.04004376,0.07458149,0.0855899,0.01842406,-0.005484242,0.003828962,0.04756333,0.001105992,0.02786016,0.06242251,0.08055939,0.06135128,0.05691954,0.04194098,0.01859403,0.05355139,0.05573749,0.09083275,0.03330626,0.05056437,0.0475849,0.07594153,0.04149013,0.001403769,0.07672404,0.06735053,0.05941702,0.02279612,0.0602718,0.06863465,0.05170153,0.05481416,0.05955298,0.06199479,alERC,sub-S03,g,randomWalker6,freq01234
-0.02952215,-0.007025384,0.07692932,0.03410314,0.02411756,-0.01359591,0.08094568,-0.0290542,0.03222882,-0.01303165,-0.005287003,0.0583587,0.01899253,0.004291917,-0.01363137,-0.005877442,0.03842861,-0.02080722,0.01707767,0.04320972,-0.008270231,0.0295324,0.01422119,0.05046969,-0.01749447,0.0456124,0.002651642,-0.005180636,-0.02230012,0.01840334,-0.007219934,0.0263445,-0.02571985,0.03373436,0.01152118,-0.02696616,0.01132848,0.02794554,0.02723517,0.001284061,0.04111217,-0.007876462,0.01627477,0.04046517,-0.001304797,0.01767237,0.03261566,-0.01249636,-0.01313093,0.04939369,0.02913801,0.03826458,-0.005048569,0.009333119,0.0465165,0.009417007,0.00452856,-0.01619735,0.01942099,-0.01692216,0.03647464,0.01303294,0.02449987,-0.03046219,0.001680093,-0.03509552,0.070232,0.05923445,0.02340865,0.02368225,0.02856294,0.004138228,-0.01132958,0.0231506,0.02491003,0.01765919,-0.02339063,0.009784022,0.02921638,-0.03099466,0.03099829,0.04549948,0.04050267,-0.02072792,-0.001256546,0.02100025,-0.01023377,0.03430481,0.05218155,-0.003780954,0.01562196,0.01514118,0.006142837,-0.03444924,0.04141745,0.008522394,0.02952608,0.03782943,0.004516915,0.003129161,-0.02430644,0.002406049,0.02600808,0.08182849,0.008088382,0.005020518,0.002783682,0.06484865,-0.005990062,0.02654142,0.03039936,0.02516779,0.008245152,-0.02494322,0.007323645,0.02697585,0.05136545,0.001159423,0.01708846,0.01103208,pmERC,sub-S03,g,randomWalker6,freq01234
0.0499863,0.01296458,0.08047196,0.02349849,0.01685238,0.02495066,0.03659755,-0.01736022,0.04077825,0.05925824,-0.001297162,0.04642418,0.06417433,-0.0009401142,-0.01300147,0.03040138,0.03377087,0.006304603,-0.005820596,0.04061776,0.003224048,0.04797871,0.06825262,0.02681788,-0.0164118,0.02005922,0.03791644,0.005008041,0.02270256,0.04068863,0.03363851,-0.02263818,-0.07797449,0.05113295,-0.03810483,0.01065586,0.06735741,0.01741485,0.0683216,-0.03855063,0.03311209,0.06407563,0.05944883,0.04638964,0.01534075,0.004052761,0.01130086,0.01638656,0.006962067,0.04242646,0.06099695,0.04702101,0.04357064,0.02341149,0.0306203,0.07153586,0.05207448,-0.06433404,0.08425208,0.04178543,0.07642259,0.007476388,0.07083077,0.007004403,0.02117506,-0.007514723,0.06680664,0.09560771,0.05513532,0.07560989,0.05543598,0.0594318,0.001674958,0.0653859,0.07574848,-0.009290487,-0.01568413,0.05763727,0.07679545,-0.02499328,0.05845457,0.02137248,0.0305652,-0.00547433,0.05564944,0.05479741,0.0398244,0.08414262,0.08485115,0.02364212,-0.008044751,0.005525763,0.05215931,0.00177977,0.0395987,0.06459733,0.07833147,0.06499176,0.06071586,0.04236973,0.02063754,0.05640165,0.05726065,0.0920585,0.03690622,0.05468663,0.0415756,0.07629289,0.04577177,-0.002710539,0.07676961,0.06666201,0.06814115,0.02415049,0.06658018,0.0692605,0.05367984,0.05964964,0.06107037,0.05783125,alERC,sub-S03,g,randomWalker7,freq01234
0.0747665,-0.01025765,0.08043595,0.02822119,0.02117586,0.003960019,0.02241596,-0.001923194,0.03238076,0.05481153,0.004204568,0.01664711,0.05523461,0.00731016,-0.01681479,-0.007988963,0.05048284,-0.03218532,0.02742925,0.0583916,-0.008047137,0.02340535,0.0391276,0.03327149,-0.0001933027,0.0199094,0.01211949,-0.007150081,-0.009660917,0.007533211,0.04430979,0.004733082,-0.01862707,0.01916833,-0.02993806,-0.005356753,0.03357423,-0.01727106,0.01934229,0.008773026,0.03043984,0.03579919,0.0378484,0.01830808,-0.02590786,0.02881005,-0.01456296,0.02482283,-0.03995023,0.03676038,0.05632455,0.05744671,-0.003535221,0.03846798,0.07886057,0.0445255,0.001491044,-0.02331989,0.04679289,0.009057904,0.03528437,-0.002850195,0.03722744,-0.02440208,0.01613727,-0.03293709,0.08706226,0.06986377,0.02493324,0.02988715,0.0429031,0.009224965,-0.0148166,0.01890645,0.02776593,0.01020744,-0.03265489,0.009043462,0.03769293,-0.0187307,0.03273863,-0.01225739,0.0503406,-0.008186584,0.003996555,0.02094379,-0.01688643,0.05003282,0.05860346,0.00169842,-0.008545651,0.000466314,0.01716983,-0.04010789,0.04295988,0.01914921,0.02908104,0.05712462,0.01165564,0.005148393,-0.02749704,0.006136112,0.03256707,0.08370038,0.004624133,0.01120482,-0.003064841,0.07067972,-0.0007435371,0.02202683,0.03345573,0.03013241,0.01798553,-0.02568362,0.01509633,0.03225437,0.05328032,0.006699611,0.02228538,0.006690606,pmERC,sub-S03,g,randomWalker7,freq01234
-0.005417934,0.006554749,0.07771866,0.04550468,0.02091573,0.006065881,0.04889581,-0.01052783,0.03622945,-0.002358916,0.06547488,0.05325421,0.06072821,0.009992446,-0.003128611,0.03305214,0.06493724,-0.009656309,0.01003018,0.04385698,0.03830259,0.04929788,-0.0009408644,0.01757113,-0.01491589,0.03459176,0.02896682,0.01762504,0.02928953,0.05418056,0.00853039,-0.06219042,-0.02004167,0.02283416,0.002883528,0.03533657,0.07557534,0.04086163,0.05663052,0.01395716,0.004319095,-0.01227304,0.06041157,0.04701123,0.01598189,0.03441329,0.01353798,0.05919994,0.02773174,0.04066957,0.0562542,-0.02219539,0.03432034,-0.003322896,0.005260296,0.07446308,0.05191567,-0.01688288,0.08015088,0.05973676,0.07322095,-0.00298244,0.06410319,0.008165239,0.02852931,-0.006539135,0.07482968,0.09502914,0.04798519,0.07405404,0.05862522,0.05657506,-0.005781002,0.06896921,0.07481956,-0.009199078,-0.01223609,0.06434149,0.07820757,-0.02307284,0.05902127,0.02757056,0.03259896,0.002117036,0.05511552,0.0542932,0.04699194,0.08126789,0.08256318,0.02580794,0.01370644,0.006557477,0.04708091,0.01509224,-0.0149482,0.0602598,0.08026468,0.06417214,0.06057855,0.03425528,0.02492549,0.05858881,0.05397117,0.08727918,0.03333327,0.05155912,0.04830122,0.09003635,0.03937732,-0.02221347,0.07476054,0.06701477,0.06391806,0.02837701,0.06355507,0.06912939,0.0500738,0.05938173,0.05958835,0.06805051,alERC,sub-S03,g,randomWalker8,freq01234
0.007591552,0.03138948,0.07819979,0.04236031,0.01688694,-0.01208738,0.05294003,-0.02584526,0.0362661,0.03166368,0.06264712,0.03900379,0.02735288,0.02483097,-0.01293559,-0.004730265,0.05127056,-0.01234009,0.02137264,0.05520893,0.001083819,0.03812005,-0.0004752018,0.04366565,-0.006777494,0.03195743,0.01817423,-0.0291358,-0.0106234,0.01946149,0.02876218,-0.005820385,-0.003988395,0.004833225,-0.0149458,0.01761006,0.03170352,0.01976649,0.00853382,0.02423923,0.03771931,-0.002293728,0.04351159,0.01430273,-0.008420272,0.03517831,-0.004096718,0.05497226,-0.02087153,0.03384208,0.03278214,0.006131273,-0.01307429,0.003234523,0.04808775,0.04769329,0.006529746,0.02057631,0.03566473,0.01723566,0.0317938,-0.001067049,0.02920562,-0.02261746,0.03446524,-0.03512681,0.08877479,0.0688016,0.01766826,0.0291458,0.04220865,0.008506634,-0.01290603,0.02159554,0.0255624,0.006926728,-0.02322204,0.01648443,0.03897956,-0.02521676,0.03646053,0.003029685,0.0461618,0.005240506,0.003792309,0.01749277,-0.005540121,0.043654,0.05896253,0.0006832342,0.002235319,-0.003250293,0.0107751,-0.02886673,0.03118447,0.01644388,0.03156356,0.06763228,0.01055819,0.01260578,-0.02136686,0.008811951,0.0286412,0.08199584,-0.000957236,0.009617302,0.004320551,0.07343702,-0.004387223,0.004462784,0.0318555,0.03184241,0.01553054,-0.02216502,0.01051228,0.03098114,0.05140086,0.007480138,0.01746375,0.01798603,pmERC,sub-S03,g,randomWalker8,freq01234
0.04361755,0.006805304,0.07692234,0.06779914,-0.006052477,0.02132932,0.0590141,0.01011887,-0.02012767,0.02798354,0.03622458,0.04668987,0.08972546,0.005082509,0.052039,0.03772264,0.08324865,0.05232007,-0.003296009,0.009964081,0.05180394,0.06393667,0.04292136,0.0140239,0.006566855,-0.03928433,0.06723297,0.02733346,0.05743193,0.0744668,0.02039897,-0.06892262,0.001744922,0.0266363,-0.00879851,0.04772837,0.07795516,0.03708043,0.0561695,0.00408764,0.01732924,-0.01902999,0.05531377,0.04737913,-0.006008388,-0.03931421,0.01245448,0.02119842,0.02542785,0.02475945,0.06526713,-0.04719088,0.04014919,0.01492911,0.003388194,0.0677682,0.05297524,-0.004779738,0.08276769,0.06638458,0.07191854,0.005712161,0.05971206,-0.00412684,-0.02009722,-0.005551987,0.06867249,0.09172095,0.05559392,0.07569142,0.0470125,0.05789633,-0.008303781,0.06999619,0.07450397,0.007180405,-0.01618363,0.05705159,0.07822639,-0.001957962,0.06781022,0.04024326,0.05084477,0.005559718,0.05713221,0.05715238,0.04880016,0.08062045,0.08230717,0.02649959,0.02288539,0.009417891,0.0499701,0.01557711,0.01145216,0.04237906,0.07574265,0.05081603,0.06242708,0.03094085,0.02313007,0.05741038,0.05666923,0.08333085,0.02974255,0.05341312,0.04636996,0.07318468,0.04352518,0.01109932,0.07481646,0.0653964,0.06554215,0.03029199,0.06374996,0.06726814,0.04719321,0.06087641,0.06088065,0.07036145,alERC,sub-S03,g,randomWalker9,freq01234
0.04828476,0.04459027,0.07859048,0.06949054,-0.004973283,0.03935239,0.06482945,0.005647697,-0.02050863,0.01404231,0.005604235,0.02796915,0.07104261,0.007451016,0.05260668,-0.001726312,0.05365219,0.04318158,-0.007804595,0.005844451,0.06460402,0.06580998,0.05001237,0.009397136,0.007272831,0.02794207,0.08556739,0.0293363,0.05041617,0.05686248,0.03342183,-0.01496599,0.01969636,0.01296576,-0.02282398,0.02723598,0.03253492,0.02059995,0.008592525,-0.0006429814,0.03557919,0.004179264,0.04233891,0.01443165,-0.04908925,0.02098243,-0.006265117,0.04557076,-0.02341959,0.02505789,0.03779784,-0.01022124,-0.0120454,-0.001571068,0.04756012,0.04720666,0.0103334,0.03464271,0.03848311,0.02866676,0.04440467,0.004035302,0.0200496,-0.02340857,0.003202125,-0.0351804,0.08236483,0.05902786,0.02538688,0.02919258,0.03434123,0.00952514,-0.01428769,0.0226421,0.0262992,0.005874457,-0.03307594,0.006061302,0.0357552,-0.02738862,0.04105208,0.03224801,0.05390816,0.001507064,0.004967636,0.02345565,-0.005034823,0.04496581,0.05788539,0.001156819,0.005362155,0.001473715,0.01617381,-0.0315154,0.03071577,-0.002489291,0.02657973,0.05912669,0.01296276,0.006940781,-0.02489459,0.006842972,0.03067443,0.08323183,0.00196232,0.01038736,0.006301553,0.06377623,-0.002228847,0.04095059,0.03494459,0.02913518,0.01682102,-0.02241372,0.01028428,0.03082073,0.04790168,0.008291714,0.02152048,0.02412107,pmERC,sub-S03,g,randomWalker9,freq01234
0.02885125,0.003976974,0.04251475,-0.008605136,-0.03387975,-0.006740553,-0.03418845,-0.03454135,0.04178297,0.03190782,0.006198226,-0.01515227,0.0238214,-0.06776196,0.032005,0.001806467,0.01158032,-0.01221954,-0.04402872,-0.05122328,-0.05408101,-0.03359366,-0.03041432,0.003126735,-0.028068,0.03422455,-0.04095888,-0.04581679,-0.02604395,-0.023266,0.05116655,0.01336677,0.04868839,0.03072472,-0.003041624,0.02911099,0.0103826,0.03422572,0.006021115,-0.01796261,0.02629539,-0.03624711,0.03228073,0.01877448,0.02539729,-0.02492779,-0.002612632,0.008801117,0.001866014,0.04290301,0.02200669,-0.01467294,0.004073425,-0.0170448,-0.007192263,0.02411088,0.01023589,0.03467916,0.0122016,0.02872591,0.02974262,-0.04049482,0.002717654,-0.03175027,-0.046972,-0.0531827,0.04433875,0.0322638,-0.0008309292,0.01870986,0.03965231,0.01286109,-0.04080064,0.01300276,0.02623371,0.03690584,-0.008163269,0.01467417,0.01790496,-0.04518311,-0.01155209,-0.02631281,0.01250876,-0.02345532,0.01140098,0.02118582,-0.01013639,-0.01217214,0.03011372,0.005450558,-0.003641309,0.0129017,0.01342577,-0.015688,0.0006811459,-0.004288197,0.02016184,0.026886,0.006482576,-0.0009203128,-0.003304118,0.01284389,0.02714839,0.04762241,0.002833359,0.02191079,0.001346203,0.04344793,0.01398093,-0.06918398,0.009676086,0.02979871,0.01791428,-0.01152127,-0.001489157,0.02102194,0.02426138,0.01380135,0.01179485,0.009373325,alERC,sub-S04,g,randomWalker0,freq01234
0.03019794,0.01365379,0.06165281,0.005866275,-0.04862355,-0.03916064,-0.03004309,-0.05390562,0.0568571,0.05206404,0.01408064,-0.05503132,0.05275643,-0.05269491,0.01160852,0.003202613,0.01880574,-0.005393479,-0.02022636,-0.06512194,-0.07904571,-0.02145889,-0.02978379,-0.005552844,-0.0558207,0.05797055,-0.02661121,-0.07651994,-0.01855145,-0.02580184,0.05889048,0.03674924,0.03198035,0.03930683,0.00962937,0.01541792,0.01285108,0.04568523,0.0146104,0.002724926,0.04834131,-0.03522756,0.03423415,0.01970861,0.03582015,-0.007150557,-0.002983524,-0.01697895,0.003939002,0.05304357,0.04099182,-0.02419225,0.006117791,-0.01533069,-0.0003976902,0.01939758,0.02239877,0.01463411,0.02492228,0.02810857,0.02519622,-0.06538045,0.0186218,-0.04488504,-0.0670526,-0.02731129,0.05619169,0.04638878,0.009251347,0.02754147,0.05722667,0.01905026,-0.05792327,0.02137137,0.02503178,0.0418901,-0.007453964,0.02647529,0.02948438,0.004775406,-0.008999282,-0.02249585,-0.006029407,0.02145678,0.01546038,0.02795323,-0.003849522,0.01633108,0.02093081,0.008870975,-0.04986389,-0.0005275087,0.01231166,-0.012023,-0.001107837,0.005957869,0.02428641,0.01075243,0.01390078,0.0026692,0.0002900508,0.01616409,0.03267071,0.06695942,-0.004857108,0.02342178,0.005962197,0.05636511,0.01544704,-0.03832984,0.02158713,0.03359864,0.02672664,-0.0005257263,0.01100309,0.02270184,0.04114871,0.01959507,0.01683715,0.02458519,pmERC,sub-S04,g,randomWalker0,freq01234
-0.0002371754,0.03412858,0.04342221,-0.02550271,0.01790713,0.04016117,-0.01845497,0.0096454,0.03297911,0.01196237,0.03050372,-0.00898066,-0.007584622,-8.716434e-05,0.01938989,0.01088271,0.01944429,-0.003815709,-0.01974283,0.00663883,0.0162945,-0.01241755,-0.03181667,0.01178442,0.01869217,0.01078378,0.02755694,0.01765877,0.006652006,0.0123364,-0.006612401,0.01906844,-0.04778818,0.01078445,0.01191409,-0.03781497,0.003126582,0.05032446,0.03609074,0.009503437,0.04360305,-0.01736016,0.02292051,0.04504738,-0.02394051,-0.02421818,0.02953695,-0.003126552,0.01284798,0.02799786,0.01529267,-0.002694505,0.02097315,-0.003883997,0.01781924,0.008359567,0.01729608,-0.02721988,0.002897265,-0.0007390534,0.019558,-0.046393,-0.00183492,-0.02413007,-0.02865803,-0.04476994,0.01454395,0.03219059,0.01618065,0.02235407,0.03159666,0.01668414,-0.02997564,0.01074851,0.02764224,0.027413,-0.01129591,0.02375107,0.02741002,-0.03203605,-0.01428529,-0.02170951,-0.004212237,-0.03246509,0.01121786,0.02121405,0.002695339,0.01002896,0.03411532,0.01033343,-0.002981659,0.004376264,0.01169576,-0.01621517,-0.03014186,0.0001068764,0.02398716,0.01419912,0.004587595,-0.007276509,0.0007685146,0.01501626,0.02660551,0.04863597,-0.005736814,0.02224413,0.005260645,0.04324771,0.01442725,-0.05686609,0.01609656,0.03144056,0.0215055,-0.01167927,0.008477896,0.02016304,0.02910866,0.0164959,0.01296127,0.02384309,alERC,sub-S04,g,randomWalker1,freq01234
-0.01506838,0.03041941,0.06092631,0.004074947,0.01735207,0.0265315,-0.01631465,0.0005319637,0.04139532,0.01620537,0.03170762,-0.02521608,0.02038234,-0.002908954,0.02417738,0.01706794,0.033046,0.01650387,0.00806181,0.02645476,-0.00459211,-0.0179144,-0.01741229,0.0005271557,0.008721088,0.01940351,0.01833821,0.001996602,-0.002972376,0.01208896,-0.009236919,-0.02448391,-0.02996735,0.0226271,0.01069008,-0.02973099,0.01427849,0.04963818,0.04376521,0.01117071,0.03829846,-0.001631861,0.0254107,0.04057761,-0.03074902,-0.01425996,0.02575617,0.008578835,0.009418352,0.04236543,0.05182362,0.01951807,0.02388285,-0.01914725,0.03353611,0.001563322,0.02730045,-0.01904248,0.02542149,-0.01318729,0.01559861,-0.07355507,0.02482897,-0.03920593,-0.06386612,-0.01052993,0.02894006,0.04532516,0.02955515,0.032053,0.04279961,0.02152065,-0.04521905,0.01870359,0.02723216,0.03811928,-0.01415221,0.03297814,0.03709235,0.01463067,-0.01679764,-0.01433353,-0.00984788,0.02167833,0.01473954,0.02411167,0.005568796,0.03533984,0.02352769,0.01188795,-0.0118832,-0.00297881,0.007912559,-0.01602435,-0.08074404,0.0146839,0.0279248,-0.01670478,0.01394403,-0.00265578,0.0008830447,0.01577233,0.02438465,0.06632777,-0.009769365,0.01971526,0.008342438,0.05944835,0.01091626,-0.02063643,0.02684358,0.03369796,0.02748558,-0.00588055,0.02084936,0.01929298,0.04196245,0.02027181,0.01652678,0.0320338,pmERC,sub-S04,g,randomWalker1,freq01234
0.02358295,0.03821545,0.04605818,0.01327737,-0.01810698,0.02873282,-0.01766494,0.003693221,0.01282009,0.005737083,0.01355879,-0.01048141,0.02362773,-0.007615081,0.01682295,0.01833944,-0.007291849,0.0083799,-0.03513711,-0.02364921,0.0221572,0.01030841,0.0197596,-0.03829378,-0.005923948,-0.02773989,0.02500689,-0.007939192,0.01805414,-0.005417291,0.008291335,-0.03730035,0.01463768,-0.00267455,-0.005835436,-0.008560371,0.02657454,-0.02573534,0.02756527,0.00597419,-0.03524756,0.03151752,0.01570051,0.01718548,-0.006404208,-0.002624321,0.0218914,-7.543965e-05,-0.03376325,0.005581242,0.03466855,0.01997913,0.009200388,-0.005536853,-0.01850903,0.01577154,-0.0007112473,-0.0220062,0.03291986,0.02719006,0.0308937,-0.02957636,-0.001525992,-0.03320837,-0.01335416,-0.06172852,0.03320026,0.03438434,0.004968331,0.01153468,0.03763345,0.01930754,-0.04090958,0.004393674,0.02818943,0.02339102,-0.01190003,0.01161509,0.03397608,-0.03188555,-0.004832048,-0.02293154,0.02581943,-0.002632781,0.009393276,0.02048758,-0.006036455,-0.04926972,0.03698718,0.009642486,0.009058602,0.01034832,0.01629895,-0.01450315,0.01135175,-0.0067689,0.003573691,0.01926272,0.005983586,-0.01725505,-0.005888193,0.002684296,0.0307127,0.05250336,0.00438618,0.02074002,0.01716844,0.02337806,0.01301088,0.01122194,-0.005541739,0.03785441,0.0191012,-0.01993396,-0.03688115,0.01847358,0.0253724,0.00952143,0.005805648,-0.05058959,alERC,sub-S04,g,randomWalker2,freq01234
0.03182532,0.04286853,0.05927029,0.01582339,-0.05442453,0.01561692,-0.03840648,0.005823955,0.009725528,0.03249658,0.03259032,-0.01031845,0.03504855,-0.008203613,0.004195768,0.01456555,0.005025466,0.0001805512,-0.01028157,-0.03205806,0.008024951,0.03467407,0.02894943,-0.009761618,-0.02892171,-0.03904182,0.007580053,-0.026199,0.02616615,-0.03900738,0.01077805,-0.03376447,0.03520432,0.02382828,-0.004238313,-0.004452758,0.03781388,-0.02490876,0.02727314,0.03606329,-0.01421638,0.03545565,0.008236782,0.01963617,-0.006014665,-0.004949723,0.02922429,0.008438075,-0.02660409,0.01348851,0.03410739,-0.0156927,0.01450702,-0.02193451,-0.01422037,0.01310204,-0.0007309248,0.002110234,0.04757058,0.03067413,0.02551049,-0.04447096,0.01375329,-0.04833636,-0.03725297,-0.04355526,0.04409729,0.04829231,0.01862324,0.02286435,0.06111664,0.02343324,-0.05801397,0.01775349,0.0259502,0.04025451,-0.007300917,0.02316471,0.04022606,0.01873413,-0.0004548079,-0.02205587,0.008592814,0.04145916,0.01342017,0.02970361,0.0026399,-0.04189716,0.02690769,0.009064532,-0.005257678,0.000141463,0.01440121,-0.01463673,0.006336044,0.006799304,0.01316134,0.004349323,0.01293723,-0.01427447,-0.004299275,0.009330815,0.03392764,0.06612866,-0.001907095,0.02284523,0.01841336,0.03441207,0.01517552,0.007220027,0.006920292,0.04034468,0.0280717,-0.01066809,-0.02214781,0.02165448,0.0347994,0.01663962,0.01154238,-0.03766009,pmERC,sub-S04,g,randomWalker2,freq01234
0.02060011,0.01725921,0.04275977,0.01402264,0.002549025,0.001928007,-0.003737414,0.000266991,0.04368765,0.01041642,0.004626658,0.009802355,0.02753082,-0.01114883,-0.001456048,0.001275958,0.03530606,-0.01845882,0.01939042,-0.01234351,0.007935175,-0.04032537,0.03299725,-0.01688062,0.007245998,0.0331331,0.004331177,-2.257952e-05,-0.005743807,0.002777624,0.03385276,0.001613736,0.02330863,0.009602598,-0.007636066,0.01678474,0.04097828,-0.03003944,0.01615758,0.02587676,-0.01655391,0.03339314,0.01934315,0.006997886,-0.04500346,0.03156967,0.01013246,0.02323854,-0.03745335,0.05155091,0.03662419,0.02088602,0.01520037,0.01046603,0.02510019,0.02129645,-0.006558946,0.009758797,0.04084543,0.01932488,0.02884201,-0.04465496,-0.005289414,-0.03060045,-0.03233794,-0.05737556,0.03417405,0.03637869,-0.001690301,0.01319469,0.03689491,0.01353845,-0.04256292,0.01707967,0.0261091,0.0284356,-0.02513798,0.01176733,0.01947902,-0.03704271,-0.02142941,-0.02245833,0.02604533,-0.0219588,0.004581529,0.02243204,-0.009421946,0.01230811,0.02726944,0.008495701,0.000734822,0.00307328,0.007297821,-0.02257087,-0.02873752,-0.02667311,0.02113673,0.01761112,-0.006142308,-0.02634769,-0.005227754,0.01064368,0.02739188,0.04783311,-0.002776444,0.02205962,0.003390621,0.03929063,0.01413049,-0.02088096,0.01474303,0.0329755,0.01567603,-0.02691835,-0.001607353,0.01704318,0.02484242,0.009048213,0.01270989,0.01386228,alERC,sub-S04,g,randomWalker3,freq01234
0.02659311,0.01584726,0.05935874,0.02814694,-0.01273961,0.005756434,-0.003004801,-0.01672764,0.03689684,0.02229526,0.01468221,-0.01226144,0.04960873,-0.01423766,0.01466412,0.005839985,0.05292653,-0.002321258,0.02627096,-0.02316986,-0.01341742,-0.0606695,0.02723109,-0.01852208,-0.0161934,0.03791287,0.003689208,-0.01865444,-0.007486081,-0.001140262,0.04375087,-0.007751735,0.04418781,0.03699581,-0.02794796,0.02723172,0.04629008,-0.02620367,0.0192003,0.04544567,-0.002199061,0.03582799,0.01143385,0.007282335,-0.02824196,0.02492883,0.0237793,0.03331573,-0.03026913,0.05806873,0.03736385,0.02155006,0.01777399,-0.01855566,0.03026417,0.02072929,-0.001409648,0.02413485,0.05420578,0.02214849,0.02602209,-0.0657988,0.01346471,-0.04526454,-0.06413891,-0.03378972,0.04794757,0.04347691,0.01124182,0.02678417,0.0568795,0.02062711,-0.06000633,0.02413783,0.02501593,0.03902758,-0.02749825,0.02492162,0.03090402,0.009112805,-0.02753554,-0.01810848,0.003768149,0.01865578,0.01339466,0.02797205,-0.001538471,0.03662907,0.01352597,0.01147261,0.001291458,0.002121357,0.005436653,-0.01721771,-0.06500446,-0.006231048,0.0285122,-0.017147,0.00939172,-0.02178419,-0.0007419974,0.01557808,0.0288445,0.06475206,-0.009263246,0.02412787,0.01041633,0.0485453,0.01540793,0.007409291,0.02684234,0.03637242,0.02667281,-0.01481528,0.01530731,0.01907586,0.03821436,0.01787414,0.01963981,0.02389416,pmERC,sub-S04,g,randomWalker3,freq01234
0.04019059,0.001548381,0.04330251,0.02825762,0.006889663,0.02516272,0.01950349,0.02402778,0.02613299,-0.003098089,-0.0001946656,0.01639192,0.03051262,-0.0001556315,0.02208452,0.0123449,0.02677439,0.00312223,-0.03386959,0.02212723,0.03947388,0.00460284,-0.01200749,0.004424528,0.01826265,0.02016766,0.02651206,0.01853104,0.03805334,0.02850602,0.02535829,-0.01640167,0.01338837,0.004570217,-0.04342453,0.01316934,0.03851951,-0.02720173,0.01607907,-0.02235062,-0.0178232,0.02612721,0.01272179,0.006496029,0.006497391,0.008835202,0.0009465379,0.03780762,-0.02227987,0.008230055,0.03836976,-0.008902772,0.01115333,-0.02850687,0.01224377,0.02593628,0.002113428,-0.01549341,0.03509562,0.02614234,0.02717401,-0.02654673,-0.002413362,-0.03263601,-0.03346036,-0.05564703,0.04826644,0.0185057,-0.002175335,0.01964648,0.03726783,0.01475887,-0.03998675,0.01323331,0.02539609,0.0218837,-0.009929185,0.01382232,0.01594939,-0.03276829,-0.01011735,-0.003666197,0.02822536,-0.0236394,0.009285609,0.02167113,0.001238821,0.007937804,0.0304745,0.008592247,0.004580707,0.00254185,0.0108027,-0.01356845,0.003925233,-0.0061712,0.02260217,0.01299491,0.005016646,-0.01634024,-0.00378515,0.01422208,0.02552404,0.04766058,0.001376454,0.02123281,0.01194636,0.04286209,0.01275611,-0.05804375,0.0162775,0.03224112,0.01799064,-0.01499595,0.005292675,0.01696939,0.0251444,0.01390353,0.01231061,0.02125444,alERC,sub-S04,g,randomWalker4,freq01234
0.05492901,-0.04190109,0.05935122,0.04108717,-0.02046387,0.02789493,0.02507185,0.01267229,0.004754168,0.01343529,0.01468678,0.01897484,0.05532229,0.003014226,0.02121852,0.01237926,0.05035622,0.008541614,-0.02174032,0.02645242,0.03423475,0.01143599,0.01204977,0.0009786135,-0.002184965,0.005071194,0.02466778,0.002140766,0.03816703,0.007335656,0.03303111,-0.0116353,0.03152622,0.02673079,-0.05552779,0.0257186,0.04212072,-0.03173343,0.01825359,0.009864142,0.003317913,0.03144476,0.002268586,0.0009759068,0.01566338,-0.006205455,0.01666292,0.03624336,-0.01416426,0.01120265,0.04266392,-0.01513224,0.01310736,-0.02631371,0.01444963,0.02297791,0.004741366,0.000577552,0.05279045,0.02967104,0.01917383,-0.04176107,0.01687693,-0.04014236,-0.05552723,-0.02549566,0.06678744,0.03835597,0.01232012,0.02869409,0.0448141,0.02234023,-0.05637326,0.02085828,0.02445046,0.02589094,-0.0168488,0.02669553,0.03090093,0.01541637,-0.005242431,0.002188879,0.007410184,0.007156411,0.01655759,0.02649689,0.00722377,0.0320414,0.01830369,0.008433217,0.003737586,-0.006174096,0.006649089,-0.007697108,-0.02488786,0.008990824,0.02847189,-0.02208392,0.01676215,-0.01187663,0.0006058495,0.01757362,0.0256384,0.05948096,-0.002565182,0.02277575,0.0175631,0.05770875,0.01490381,-0.01176749,0.02620969,0.03562566,0.03008525,-0.0004149832,0.01998851,0.01797614,0.03824848,0.02141649,0.01775388,0.0263548,pmERC,sub-S04,g,randomWalker4,freq01234
0.03159131,-0.0292665,0.04428303,-0.0009798174,0.006120048,-0.02153451,-0.02083118,0.0246907,0.03387094,0.01154645,0.002298726,-0.04326954,0.0392414,0.005369976,-0.02942571,-0.003310663,-0.00664275,-0.004922909,-0.04110922,0.04481563,-0.007317838,-0.002357765,0.01072373,-0.01679104,0.01978077,0.02595157,-0.02452709,0.01092205,0.03595406,-0.007670134,-0.01398882,0.04649293,-0.03773504,0.01276325,0.01838767,-0.03104772,-0.005255729,0.05435532,0.03590215,0.01098181,0.04561474,-0.02813096,0.02546688,0.03876679,-0.01502768,0.01604758,0.0305468,-0.01562885,-0.001901423,0.03924017,0.01224562,0.001089643,0.02171014,-0.0245462,0.01605131,0.007335744,0.02196783,-0.04395439,0.000709936,0.02127566,0.03087404,-0.02547461,2.72787e-05,-0.02745061,-0.03001157,-0.05203235,0.0472663,0.01645459,-0.007286871,0.01766549,0.03254215,0.01441406,-0.03533244,0.009256533,0.02942246,0.0191455,-0.02747877,0.02126075,0.01403935,-0.02936535,-0.01104475,-0.01370291,0.03136042,-0.04443521,0.006377242,0.02026192,-0.006949472,-0.01141749,0.0299848,0.01123659,0.007603894,0.01261621,0.01123695,-0.01378363,-0.03630783,-0.01861337,0.0182725,0.01171967,0.0009121384,-0.005552892,-0.00391852,0.007328402,0.0272036,0.0500614,0.002597157,0.0217319,-3.652168e-05,0.04458785,0.01142041,-0.05608589,0.007887838,0.02928549,0.01533682,-0.02693451,-0.005703796,0.01740429,0.02850328,0.01018118,0.01021104,0.02013601,alERC,sub-S04,g,randomWalker5,freq01234
0.0179601,-0.02336747,0.05959845,-0.02440335,-0.01609249,-0.0219628,-0.02840774,0.02906241,0.04048803,0.02552447,-0.009998844,-0.0373599,0.03889889,-0.01219396,-0.04787141,0.001035927,0.006188485,-0.02005754,-0.03426885,0.05428249,-0.007671759,0.001512787,0.01248625,-0.02122762,0.02137928,0.02893658,-0.03161301,0.01519763,0.04361901,0.007999741,-0.01741761,0.01996636,-0.02441798,0.01624045,0.005429457,-0.02484328,0.01001803,0.05564595,0.04749626,0.01598128,0.04560489,-0.01828747,0.02516111,0.03732065,-0.06225308,-0.009086619,0.0230715,-0.00889306,0.0009881937,0.03907396,0.04886001,0.01081134,0.0237457,-0.02168749,0.01520953,0.00308204,0.03338261,-0.01582283,0.02056367,-0.001843519,0.0241411,-0.04459285,0.01597647,-0.03425677,-0.03703669,-0.02492942,0.06320093,0.02986844,0.003176379,0.02786388,0.05107266,0.02077627,-0.05273875,0.01960164,0.02526419,0.01452482,-0.04264816,0.03003208,0.02584847,0.01161053,-0.01262661,-0.01421884,0.01360531,-0.0124984,0.01158113,0.02681944,0.0006836743,0.01619592,0.02161391,0.007846485,-0.005249232,0.001667947,0.007327009,-0.01183545,-0.04622272,-0.003321755,0.02484986,-0.007634451,0.01038025,-0.005733651,-0.002319543,0.01135613,0.02718843,0.06412083,-0.004796813,0.02165529,0.008641488,0.05862185,0.01214476,-0.02797018,0.02062075,0.0360784,0.02649865,-0.01450251,0.009043646,0.01786109,0.03774223,0.01773205,0.01479288,0.03237688,pmERC,sub-S04,g,randomWalker5,freq01234
-0.02440861,-0.00336409,0.04279358,0.003717226,0.01094491,-0.012496,0.02612481,0.007541057,0.01614876,-0.02861222,-0.02037968,0.001741998,-0.01307465,0.0008586679,-0.01737662,0.01320932,0.008619067,-0.004049197,-0.006139352,0.008289629,-0.001678983,-0.01853582,0.01347032,0.004887971,-0.0150639,0.01723883,-0.00990496,-0.002219771,0.021284,0.02349066,0.0114094,0.04802299,-0.04225374,0.02287717,0.01316706,-0.02294811,-0.0006039909,0.05252421,0.03559477,0.008806338,0.04809946,0.01248794,0.02308505,0.03618273,-0.04942298,-0.01035472,0.02582514,-0.009020816,0.0007419959,0.04076007,0.01279139,-0.0001864895,0.0106618,-0.03420654,0.006127326,0.0159783,0.02603237,-0.04370608,-0.01673944,0.00265712,0.02645567,-0.024186,-0.002120712,-0.03355512,-0.04040788,-0.06103026,0.04066459,0.02067533,-0.0014892,0.01937965,0.03164505,0.01567637,-0.04116546,0.01424026,0.02539253,0.007613554,-0.0276666,0.01140364,0.01903814,-0.02408505,-0.00707829,-0.007783395,0.03088649,-0.04813557,0.01011072,0.0272314,0.00167022,-0.0005455305,0.03594158,0.007888268,0.009402257,0.009507624,0.0128304,-0.01809522,-0.05037833,0.007991166,0.02669353,0.01660835,0.00489381,-0.007933287,-0.002724895,0.01538825,0.02813817,0.04827087,0.004811316,0.02083083,0.008515412,0.04470732,0.01182968,-0.005615517,0.01806367,0.03051731,0.01721163,-0.01367224,-0.001968484,0.0204904,0.02563122,0.01353017,0.01430217,0.02217518,alERC,sub-S04,g,randomWalker6,freq01234
-0.003224901,-0.005452181,0.05970795,0.01312558,0.007713889,0.0007560929,0.04550991,0.005300158,0.04204965,-0.03864727,-0.03024686,0.001586505,0.005739228,-0.002102816,-0.01636166,0.01206009,0.03052671,-0.001024722,0.01392522,0.02091422,-0.005987883,-0.02567582,0.04414654,0.0001853869,-0.02100913,0.05006811,-0.004812907,-0.01621675,0.02213969,0.009922645,0.006463586,0.03298434,-0.02511693,0.02171508,0.007785969,-0.01942739,0.005900572,0.05671342,0.04188807,0.01738076,0.04780906,0.009705937,0.02418043,0.03606752,-0.07788133,-0.01933262,0.01967581,0.01254345,0.004833195,0.05028296,0.0421097,0.002073462,0.01063809,-0.02782014,0.001636537,0.009039664,0.03471113,-0.02511818,0.01307963,-0.004248713,0.02085257,-0.03999128,0.01296936,-0.04186819,-0.04493346,-0.02813742,0.0610442,0.03129324,0.009207587,0.026305,0.04555365,0.02097454,-0.05814486,0.01877349,0.02271864,0.00935133,-0.03795885,0.02283671,0.02830143,0.01872877,-0.003341866,-0.003301028,0.008347924,-0.0214745,0.01433186,0.02780652,0.003402515,0.01699993,0.02448497,0.008214525,-0.008574663,-0.003125246,0.009793515,-0.0166062,-0.05242349,0.01728469,0.02750102,-0.003094646,0.01292395,-0.008213022,-0.0001887738,0.01616955,0.02642831,0.0664721,-0.002600152,0.02113361,0.0121454,0.05551865,0.01406243,-0.008702355,0.02469203,0.03282878,0.0276261,-0.002120335,0.01180643,0.01935087,0.03757947,0.01905319,0.01596512,0.02143355,pmERC,sub-S04,g,randomWalker6,freq01234
0.0117604,0.01474561,0.04377875,0.0008246699,0.008386052,0.01726391,-0.001073161,-0.005189185,0.03083805,0.01889558,-0.0101422,-0.0141768,0.004143347,0.003717102,-0.003819678,0.009147095,0.01239823,-0.04436111,-0.009765952,0.02828931,-0.003174925,-0.01409251,-0.008368067,0.03041671,-0.02356074,-0.005353985,0.03104988,-0.002891449,-0.008294245,0.01535855,0.03081013,-0.02678601,0.000933369,0.0108844,-0.02739863,0.003607363,0.03663784,-0.02669678,0.0195699,-0.007119221,-0.01473841,0.02050932,0.02043943,0.01370783,-0.02032939,0.02284064,0.01327474,0.00910483,-0.04743234,0.01523083,0.03456851,0.01103366,0.0149811,0.003436741,0.01117897,0.01919754,0.001788631,0.007186501,0.03217408,0.02456271,0.03249831,-0.03497197,-0.00106623,-0.03335599,-0.02976041,-0.05631347,0.04430861,0.02876843,0.00142174,0.02170527,0.03918621,0.01791572,-0.03967344,0.007113266,0.02869127,0.02819422,-0.02046417,0.01331272,0.02830856,-0.0234246,-0.009617778,-0.0286816,0.01901205,-0.03468564,0.01075792,0.02445243,-0.003258258,0.003047753,0.03657452,0.008581335,-0.004307244,0.008211955,0.01522163,-0.02115594,-0.02202522,-0.002340927,0.0225664,0.02409158,0.004923587,-0.01284308,-0.002220151,0.01334737,0.02858045,0.05029596,0.001375732,0.02273629,0.005664735,0.04323387,0.01593218,-0.04218218,0.01623025,0.03413377,0.02297634,-0.0127252,0.0007072464,0.0220177,0.02650274,0.01527606,0.01262801,0.01810979,alERC,sub-S04,g,randomWalker7,freq01234
0.03671363,0.02217179,0.06073,0.01241649,-0.01439307,0.0450263,-0.009958982,-0.04689682,0.02489543,0.02356391,-0.0006836382,-0.02544589,0.04207742,-0.02971713,0.02467672,0.01219724,0.02763382,-0.03960395,-0.002119373,0.005462925,0.006342369,0.0002166848,0.01058847,0.006882655,-0.07065358,0.0179009,0.0473346,-0.01375721,-0.005092543,0.01568285,0.03600285,-0.0329436,0.02997847,0.03667083,-0.03555119,0.009677574,0.04473148,-0.0228292,0.01988851,0.03097319,0.003613865,0.0237603,0.01324082,0.01334379,-0.01584248,0.01346961,0.01956978,0.01621071,-0.03545161,0.0209943,0.03634963,-0.0009746541,0.01692306,-0.01226581,0.01935747,0.01475612,0.003225269,0.02473117,0.05282071,0.0303956,0.02636295,-0.05794971,0.01835056,-0.04699104,-0.05358629,-0.0315529,0.05973088,0.04300903,0.007029612,0.02930875,0.05756545,0.02289438,-0.05912768,0.01657452,0.02713379,0.03308589,-0.02604247,0.0260471,0.03387954,0.01939542,-0.01112511,-0.0281866,0.001230949,0.01210731,0.01593449,0.02760954,0.003175578,0.02714841,0.02417764,0.0108553,-0.01966605,0.0005241783,0.01299383,-0.01789644,-0.04079055,0.0131242,0.02769681,-0.005841647,0.01410148,-0.008801523,0.001142108,0.01717581,0.03073361,0.06660638,-0.004935168,0.0238978,0.009579638,0.05455971,0.01743099,-0.01558236,0.02493441,0.03604413,0.03028719,-0.0001017403,0.01556579,0.02203394,0.0387763,0.02178758,0.01695288,0.02789132,pmERC,sub-S04,g,randomWalker7,freq01234
-0.02335518,0.007070762,0.04341804,0.02018756,0.01723085,0.02347783,0.04109388,0.008467643,0.006498467,-0.01041832,0.04654454,-0.002586881,0.0110487,0.02517583,0.002042943,0.01402937,0.02468702,-0.003196272,-0.01831959,0.03077434,0.002608926,0.005164473,0.0005426964,0.03069579,0.005870476,0.001772265,0.005367808,-0.01284544,0.01431827,0.01204725,0.0445885,0.01288585,0.03675457,0.01925825,-0.01977113,0.02897502,0.0357928,0.002219371,0.00215572,0.01205116,0.02089175,-0.008199103,0.03577391,0.006410738,0.01436717,0.02484004,-0.009682506,0.03428322,-0.01618982,0.04772994,0.03892133,0.006852999,-0.002695974,-0.04807341,0.0004099645,0.0231319,0.005929223,0.01651464,0.02565059,0.03348786,0.02738696,-0.03790605,-0.002453659,-0.03166391,-0.02458982,-0.05998158,0.04331476,0.02624778,0.000123834,0.02070549,0.03368801,0.01838591,-0.04062655,0.01093441,0.02563919,0.03150681,-0.01564211,0.01425289,0.02536729,-0.03655384,-0.01065539,-0.0211515,0.02120949,-0.03721163,0.01432847,0.02365816,0.006030391,0.004318681,0.03941307,0.01292523,0.01327442,0.00246766,0.01539574,-0.0103532,-0.00317174,0.006062635,0.0271123,0.01678662,0.01128804,-0.009971299,0.0004995103,0.01620061,0.03191159,0.04739579,-0.002834374,0.02531882,0.01251082,0.0475177,0.01498352,-0.04568827,0.01561657,0.03509607,0.02296357,-0.01050903,0.005097533,0.02299071,0.02692187,0.01716542,0.01168645,0.01670784,alERC,sub-S04,g,randomWalker8,freq01234
-0.01155933,-0.00216593,0.06049941,0.01774238,0.007908542,0.04110767,0.04670715,-0.00876054,-0.02108587,-0.069769,0.04607988,-0.01557368,0.03139973,0.01140621,0.005048308,0.01304124,0.04677247,-0.01369281,0.001264739,0.02412483,0.002738597,0.01556302,-0.01087881,0.004946423,-0.001639393,-0.00202892,0.001257568,-0.02582622,0.01045855,0.003205683,0.06185276,0.03626361,0.03876452,0.03643325,-0.02425363,0.02483961,0.03600828,0.003370336,0.008197913,0.02649357,0.04416325,-0.003544353,0.0330039,0.004272233,0.02688744,0.015722,-0.009861684,0.02888889,-0.01018678,0.05328196,0.05418599,0.01339737,-0.0005007476,-0.03635233,0.001820305,0.01132398,0.01106039,0.008079949,0.0366137,0.03343445,0.01991743,-0.06519423,0.01490629,-0.04960956,-0.05566258,-0.034261,0.05578923,0.03882764,0.006078264,0.02933887,0.05390522,0.0233952,-0.06141244,0.01886336,0.02343012,0.04554758,-0.01942388,0.02688148,0.03145397,0.01833487,-0.01506787,-0.02181252,0.0004678927,0.006599506,0.01640446,0.02994913,0.01072319,0.02282643,0.02590549,0.01233518,0.01161754,-0.00114407,0.008761157,-0.007505405,-0.0541652,0.01718327,0.02766267,0.003893294,0.01685302,-0.01091511,0.003461089,0.01742646,0.03136805,0.06357034,-0.01188254,0.02391864,0.01921235,0.06394658,0.01467142,-0.01836609,0.02444075,0.03894526,0.02985916,-0.001425244,0.0154834,0.02077999,0.03873395,0.02059087,0.01537918,0.0284693,pmERC,sub-S04,g,randomWalker8,freq01234
0.03840323,0.03112963,0.04249652,0.03742603,-0.000627531,0.01946307,0.03211691,0.009067448,-0.04944363,0.01106977,-0.004399102,0.0005094265,0.04199181,-0.004618148,0.03312895,0.004988145,0.03802451,0.02411461,-0.02789304,0.01225525,0.0405788,0.02830818,0.02310464,0.006059479,0.01047232,-0.02044155,0.03976098,0.01924008,0.02345476,0.01547647,0.04708476,0.008642995,0.03009245,0.01421216,-0.01717141,0.02596509,0.02468024,0.01884117,0.00020008,-0.01656894,0.03370632,0.004428752,0.03003024,0.009132343,-0.01808231,0.001502728,-0.0108685,-0.01313775,-0.01075702,0.04696327,0.03611258,-0.01163446,-0.003674903,-0.04290504,0.006923588,0.02172192,0.01048813,0.009821397,0.01769041,0.02912862,0.02525684,-0.03084169,-0.006269049,-0.03218828,-0.03525918,-0.06069654,0.04438667,0.02249465,-0.006912346,0.02008828,0.03077752,0.01323193,-0.04127904,0.007550884,0.02262476,0.01713689,-0.02608542,0.007474971,0.02658254,-0.02619812,-0.005439472,0.001935704,0.03060113,-0.03180087,0.008363382,0.02127427,0.004128163,0.003348239,0.03425087,0.00959063,0.0110034,0.0032795,0.01056966,-0.01472642,0.01308974,-0.02030172,0.02265028,0.00917129,0.003292979,-0.02215089,-0.002255495,0.01328874,0.02582863,0.04767951,-0.00325806,0.01961443,0.01141631,0.04098534,0.01264807,-0.01418808,0.01355833,0.03047976,0.01708715,-0.01818984,0.001702959,0.01543738,0.02320537,0.01250085,0.009025504,0.02761424,alERC,sub-S04,g,randomWalker9,freq01234
0.0497305,0.01802317,0.05985649,0.0358815,-0.02948703,0.01846196,0.0007917673,-0.001733171,-0.03488268,0.01778321,0.01611969,-0.002066505,0.06111543,-0.02282433,0.02473513,0.004437386,0.05635432,0.006408404,-0.0146843,0.02716199,0.03591647,0.04021139,0.01192451,-0.005659319,-0.005941629,-0.01959634,0.03833402,0.008806683,0.02296213,-0.001194053,0.05757767,0.03054836,0.01901463,0.02406424,-0.006883014,0.01615096,0.02439102,0.02495068,0.006978066,0.0003667513,0.05061471,-0.01718172,0.03179856,0.009333774,-0.01755286,-0.02214098,-0.01389013,-0.03010046,-0.00780179,0.05585393,0.05033433,0.00261301,-0.0009263679,-0.03015791,0.007217698,0.01215754,0.01794575,-0.01267728,0.02757622,0.03169689,0.01887963,-0.05228617,0.01056188,-0.04383791,-0.04885832,-0.03290456,0.0597451,0.03718243,-0.0005139203,0.02831718,0.04692838,0.01953328,-0.05769601,0.01686074,0.01921083,0.02451389,-0.03553957,0.02123583,0.03353556,0.0189846,-0.00446631,0.009262449,0.008516981,0.001416933,0.01429895,0.02619198,0.007908168,0.03124944,0.02255081,0.01037828,0.01036211,-0.0008925647,0.008569893,-0.0129477,-0.01693074,0.00747076,0.02801226,-0.01607073,0.01402777,-0.01552393,0.001164576,0.01599913,0.02633202,0.06474846,-0.00790323,0.02062366,0.01463291,0.05673565,0.01310275,0.005515537,0.02369795,0.03386912,0.02636099,-0.004315197,0.01515405,0.01650479,0.03631983,0.0197306,0.0146646,0.03442417,pmERC,sub-S04,g,randomWalker9,freq01234
0.004923719,0.02844243,0.07077278,0.01850338,0.03706821,0.01967314,0.02814153,0.03046759,0.05026537,0.03916813,0.002096141,0.04598754,0.0743001,-0.01012192,0.01517007,0.008135003,0.02885582,-0.01193916,0.03708871,0.01261651,0.003072059,0.03103496,0.01489433,0.01834534,0.02661342,0.0162599,0.001304604,0.02145586,0.0112546,0.009516167,0.02083532,0.04370422,0.05542148,0.04227065,-0.004677693,0.03060888,0.03011441,0.01988187,0.02141948,0.03694497,0.04929828,0.01326645,0.01677888,0.02335103,0.01603445,0.0004404129,0.02248735,0.02500512,0.004935262,0.01094869,0.02523773,0.03918604,-0.006087866,-0.02402467,0.04269722,0.02734129,0.008193646,0.01600337,0.02715575,0.01764183,0.0033592,0.02285467,0.04589344,0.04376676,0.02221894,-0.0191523,0.06056513,0.05099576,0.05090044,0.02909373,0.04734898,0.01163833,0.03088404,0.03689224,0.008137117,0.02632238,0.004331548,-0.005533281,0.01076003,0.001179163,0.03001847,0.01580195,0.03004883,0.05686187,0.008569287,0.02938155,-0.0009024984,0.04879861,0.03432346,0.01540567,0.05252703,0.007963319,0.01163696,-0.009323954,0.01998705,0.02492753,0.02343632,0.01611685,0.01170653,0.009860008,-0.003377748,0.01314386,0.03599733,0.06434655,0.01009539,0.01310028,0.01114767,0.06599274,0.009269447,0.04971668,0.03309843,0.0348973,0.01508161,-0.008251937,0.0180201,0.01897307,0.0555433,0.0105146,0.01106955,0.03262337,alERC,sub-S05,g,randomWalker0,freq01234
0.00803828,0.0361701,0.077079,0.01462999,0.04844629,0.05327127,0.04043762,0.04909975,0.06232826,0.05631577,-0.006999238,0.05891442,0.06909964,0.006396991,0.002875047,0.003685014,0.03321261,-0.006285787,0.03816503,0.01737539,0.02452639,0.01864846,0.02235585,0.01899058,0.05004792,0.03451635,0.006960982,0.04145781,0.02928033,0.01857542,0.02472457,0.05691045,0.07484568,0.05329017,0.005887293,-0.003166016,0.005638314,0.02391907,0.02105959,0.04092589,0.06808691,0.02698654,0.01823131,0.02720967,0.01163428,0.009354596,0.03322256,0.03380473,-0.004865787,0.007231558,0.02032086,0.06496064,-0.00847591,-0.01505294,0.04914851,0.02157278,0.01482159,-0.005123579,0.0187018,0.01041105,0.004921291,0.02975294,0.02956193,0.04360116,0.03462835,-0.0137018,0.06220161,0.04724177,0.0393423,0.01336908,0.04311763,0.00947447,0.03872923,0.02501609,0.002015473,0.03530087,0.007086889,-0.003080686,0.001572323,-0.02489939,0.01544569,0.01837052,0.02038104,0.04449018,-0.003815864,0.03835686,-0.008790095,0.03704241,0.02731098,0.02123255,0.06216444,0.04039548,0.007813601,-0.01534744,0.009168447,0.008738004,0.009103895,0.01267106,-0.003253097,-0.00258534,-0.007790621,0.00420832,0.03858157,0.06699491,0.02134458,0.009952419,0.01432924,0.07014389,0.002946991,0.03497642,0.0269074,0.03298253,0.008525728,-0.01828341,0.002464722,0.01728652,0.06076318,-0.0002226082,0.01476798,0.03096383,pmERC,sub-S05,g,randomWalker0,freq01234
0.02329049,0.04529732,0.06992208,0.03444046,0.05135593,0.0375477,0.04499522,0.04985733,0.04747046,0.05209712,0.05068601,0.05301613,0.03136356,0.03711195,0.03296184,0.007639096,0.06582097,0.01780657,0.05041898,0.02947978,0.04646617,0.03308243,-0.003904916,0.03474849,0.05949681,0.03597509,0.009699479,0.05229416,0.05061967,0.05016991,0.023248,0.04113254,-0.02026643,0.05186382,0.03622017,0.03328454,0.02071952,0.01577644,0.02881495,0.04208656,0.06047583,0.04679688,0.02309557,0.0480294,0.02946906,-0.002980262,0.009421921,0.03157399,0.004810334,0.03977434,0.02597738,-0.008185516,-0.003789663,-0.02099475,0.06518374,0.02152209,0.01343925,0.01789751,0.02420313,0.01277842,0.004132251,0.01407665,0.05091689,0.0636187,0.05217007,-0.02111657,0.05678196,0.06115851,0.04573344,0.02440014,0.05355636,0.01111215,0.03886208,0.03327751,0.005817953,0.06300395,0.007763776,0.0005548538,-0.007972692,-0.003331337,0.02473717,0.02734731,0.02308726,0.05487832,0.008374289,0.02354856,0.00429636,0.05133852,0.0293424,0.01667408,0.02152916,0.002689513,0.01210021,-0.01024887,0.05654653,0.02191043,0.02344393,0.02186119,0.01690582,0.01443885,-0.0008257186,0.01451007,0.02391849,0.06486499,0.008548319,0.009426248,0.008507798,0.06536064,0.00472941,0.06433765,0.03349515,0.02546218,0.01050069,-0.01343038,0.02534339,0.01676808,0.0549008,0.00887991,0.01261004,0.02803836,alERC,sub-S05,g,randomWalker1,freq01234
0.04304492,0.04968184,0.07690318,0.03765006,0.05249396,0.04468605,0.05508922,0.04992134,0.05873328,0.0654366,0.04934313,0.05033501,0.04154334,0.03980491,0.03474624,0.007525081,0.08238834,0.03195935,0.04053897,0.04780798,0.05319003,0.02658125,0.01039122,0.03798754,0.05508906,0.04987413,0.02095908,0.05332256,0.05500501,0.05028672,0.009941055,0.07799286,-0.01128978,0.005385833,-0.004087623,0.03215321,0.02026164,0.01806526,0.0443942,0.06387816,0.09101921,0.05869503,0.01747156,0.06286418,0.04202643,0.02744487,0.009693993,0.03511049,-0.001968439,0.02882946,0.0215894,0.0004024117,-0.0004846379,0.02705239,0.08544837,0.01869259,0.0180922,0.03154866,0.01835296,0.01529496,0.005724636,0.02571541,0.03585765,0.05686954,0.05892244,-0.007950066,0.06745698,0.06145364,0.035299,0.01916234,0.04780798,0.01408585,0.04592115,0.02359993,0.006472874,0.06017554,0.007693042,0.01025274,-0.005074154,-0.02412289,0.0121935,0.01891269,0.03230133,0.04413611,-0.0021322,0.0313463,0.001989222,0.04835784,0.02863547,0.01868675,0.04060716,0.02868645,0.008691632,-0.01039405,0.04837212,0.01113561,0.01329615,0.04209596,0.006329993,-0.002170305,-0.002815463,0.005577095,0.02720938,0.07072699,0.01635999,0.008344457,0.02087429,0.07149411,0.002653432,0.04016938,0.03286758,0.03175161,0.01144295,-0.01444461,0.0107763,0.01553371,0.05752077,0.001474221,0.01536683,0.02827387,pmERC,sub-S05,g,randomWalker1,freq01234
0.05000753,0.008044599,0.06980167,0.02745475,0.02074171,0.008657297,0.03759236,0.02514552,0.04030338,0.06576858,0.03118975,0.00156659,0.05619914,0.03150292,-0.001846135,0.02047693,0.04892706,0.02202751,0.004911094,0.003815235,0.0132215,-0.007087496,0.06642785,0.002176114,0.02033953,-0.003089167,0.004768253,0.02276533,0.03273534,-0.0005973791,0.04394656,-0.005380636,0.04986836,0.04937834,0.04956458,-0.007748087,0.03231734,0.02080104,0.03675073,0.03139734,-0.006350115,0.02148074,0.02346428,0.02762171,-0.01182595,0.04011772,0.02256005,0.02216256,0.0002336422,0.04838601,0.06865936,0.02675722,0.005414944,-0.04279995,0.02421818,0.01597757,0.01695078,0.01607314,0.04624891,0.02174855,0.001366844,0.01715523,0.06041181,0.05170035,0.02965929,-0.005627755,0.05084408,0.0441374,0.04663719,0.04351783,0.04677581,0.01626687,0.03350731,0.0391931,0.002905834,0.04700872,0.02075402,-0.01088224,0.01008288,0.005141466,0.02958002,0.01332958,0.01622396,0.04553264,0.01382522,0.02537379,0.01480821,0.05044558,0.03381637,0.01586192,0.05371448,0.01275103,0.01246113,-0.002987693,0.02304832,0.04384511,0.03644078,0.009457974,0.01957975,0.03389413,0.0009780071,0.01775989,0.02479031,0.06786604,0.01818754,0.01238483,0.01795449,0.05901763,0.00798741,0.04337518,0.0359561,0.03510718,0.02012271,-0.0044658,0.03631979,0.01841362,0.04974217,0.01602747,0.01259212,0.009214633,alERC,sub-S05,g,randomWalker2,freq01234
0.05627263,0.04939902,0.07985954,0.04239258,0.03459394,0.03342381,0.03864442,0.03003332,0.03452928,0.05803856,0.05011838,0.01202382,0.06040587,0.02656899,0.01841279,0.01403327,0.05378387,0.01620199,0.01271627,0.01860844,0.03844575,0.01101838,0.05528182,0.01299983,0.03034761,-0.006519276,0.02741038,0.03245891,0.026189,0.01323069,0.04913914,0.004591851,0.04228386,0.05409658,0.07423811,0.00422981,0.04574863,0.02080349,0.01418674,0.01351487,0.002182727,0.02716126,0.02918049,0.02477382,0.004851475,0.05716217,0.02145252,0.03842356,-0.009171657,0.06117848,0.08946376,0.008785193,-0.007198394,-0.01668123,0.01907215,0.0156497,0.008089589,0.002980529,0.05866864,0.02193254,0.002582618,0.02474612,0.03860999,0.04957568,0.04078817,-0.001757843,0.06180101,0.04432374,0.03886319,0.03006834,0.04251096,0.01526385,0.04223462,0.02633181,0.003616753,0.03798625,0.03055686,0.001356455,0.01255226,-0.01398675,0.01734257,0.004608109,0.01424644,0.0401111,0.001682549,0.03354407,0.01059183,0.04784003,0.02647783,0.01953405,0.05877127,0.04117966,0.006292249,-0.002405158,-0.006013193,0.02302988,0.02467147,0.001676998,0.00403739,0.02255195,0.001213223,0.01532904,0.02741674,0.07475442,0.03123641,0.01013268,0.02625606,0.06387873,0.004812839,0.05231416,0.03169657,0.03801349,0.01555046,-0.01307282,0.02960819,0.01654764,0.05713822,0.007351836,0.01676871,0.02550024,pmERC,sub-S05,g,randomWalker2,freq01234
0.05087487,0.03549021,0.06922875,0.04396551,0.04283425,-0.00873868,0.05914285,0.03656076,0.04443723,0.06371877,0.03076001,0.02694568,0.0534806,0.04540771,0.02672551,0.00841962,0.06036522,0.02342339,0.05277442,0.05128109,0.02744422,0.0637675,0.03293655,0.06732912,0.04018629,0.06830367,0.02125821,0.03787355,0.0318072,0.02530385,0.03815768,0.006730504,0.04452687,0.0465848,0.05086729,-0.002359018,0.03078572,0.02495813,0.02088757,0.02213265,0.02195588,0.02704153,0.03168484,0.01828679,-0.01731616,0.03963025,0.02694304,0.009609691,-0.003778823,0.04622587,0.06347064,0.03992248,0.001320847,-0.04050891,0.07273525,0.0142287,0.008818737,0.0120039,0.04388667,0.006737343,-0.002872456,0.02559769,0.04633094,0.04791295,0.02287238,-0.004230406,0.06208946,0.04423214,0.04402662,0.03164361,0.05413243,0.01137946,0.03592099,0.02788503,0.0003305769,0.04479131,0.01886919,-0.006040708,0.01017137,0.003063155,0.0394788,0.01455756,0.01075387,0.04997673,0.005509167,0.02479326,0.002598759,0.06030083,0.02805278,0.01842168,0.02059513,0.004596148,0.01192491,-0.007412892,0.05230644,0.04872526,0.01961125,0.0390344,0.01776239,0.03093958,-0.003784683,0.01149214,0.01816082,0.07009496,0.009931891,0.006144347,0.007613831,0.05825889,0.001807035,0.04625974,0.035976,0.02351943,0.01239713,-0.0111607,0.01872376,0.0137116,0.05154243,0.006164889,0.01338422,0.02937395,alERC,sub-S05,g,randomWalker3,freq01234
0.05298212,0.04903468,0.07664592,0.05033496,0.04621049,0.02053399,0.05100992,0.04740128,0.05629592,0.070948,0.04350685,0.03628528,0.07503753,0.05112534,0.03269377,0.0003026341,0.07756681,0.02704721,0.06204447,0.04610508,0.03582592,0.05286359,0.03459832,0.06401477,0.04684901,0.05570713,0.03051183,0.04171176,0.04046094,0.02525989,0.0342208,0.002730445,0.05731938,0.06378821,0.08022178,0.01125207,0.03999282,0.03378953,0.006957904,0.02163109,0.03607078,0.03692592,0.03705869,0.01937881,0.003510796,0.07194223,0.01999963,0.03869748,-0.01343266,0.06206561,0.08037978,0.05770486,-0.008041864,-0.01255162,0.0960123,0.01316741,0.001725912,0.01551096,0.06628374,0.01293429,0.0004027933,0.03134635,0.03132159,0.04357479,0.0375938,-0.001759402,0.05733242,0.05011446,0.03761335,0.02210745,0.0450714,0.01386488,0.03998199,0.02095082,0.003069951,0.03552144,0.021207,0.007566947,0.008444803,-0.02386235,0.02306427,0.0141793,0.01218119,0.04212701,-0.006630174,0.03061742,-2.035871e-06,0.06033194,0.03037327,0.02175483,0.03562687,0.02728773,0.008835212,-0.0115738,0.04744639,0.02368029,0.01194132,0.05484531,0.002653455,0.01246791,-0.006255162,0.0007099985,0.02168514,0.07508188,0.0158501,0.005696192,0.01627173,0.06574492,-0.001988903,0.03419013,0.03515882,0.02957174,0.01320588,-0.01530064,0.004373062,0.01356401,0.05399821,-0.0005859488,0.01469612,0.03042703,pmERC,sub-S05,g,randomWalker3,freq01234
0.0500553,0.07017421,0.06860776,0.06593836,0.05356405,0.07186195,0.07309158,0.05290535,0.0325452,0.026095,0.05356203,0.03802969,0.07782841,0.05588241,0.0659248,0.00492212,0.07018106,0.05589568,0.007574849,0.05125385,0.05180993,0.07973298,0.02173909,0.03254496,0.06353993,0.02971983,0.06920878,0.05544957,0.04275586,0.0220899,0.02564306,0.003718553,0.04770761,0.03181509,0.03004963,0.002336324,0.0363116,0.01319168,0.02323779,0.03066719,0.007251531,0.03440741,0.01987766,0.02485281,-0.009128305,0.04483196,0.0229093,0.02327204,-0.004249859,0.03943455,0.06410079,0.02067913,-0.001487771,-0.01591102,0.06588704,0.02229242,0.01128893,0.01121235,0.04355964,0.01537681,-0.004664048,0.02965355,0.04364724,0.04259414,0.031162,-0.008675278,0.06026021,0.04619995,0.04760044,0.0278887,0.0510788,0.01017389,0.03852529,0.03079513,0.004239596,0.05831462,0.02662724,-0.005300732,0.01440272,0.007206582,0.03663466,0.01836916,0.02216126,0.06896536,0.006968106,0.02547291,0.007364641,0.04476118,0.03087949,0.01698244,0.02239501,0.004337005,0.01259329,-0.008905017,0.05218442,0.02566494,0.02217518,0.02613656,0.01422379,0.02473538,-0.002077436,0.01523744,0.02186486,0.06643762,0.01110759,0.008352303,0.0106421,0.05545128,0.002499081,0.04471652,0.03356285,0.02479042,0.01455806,-0.009809302,0.02051651,0.0164809,0.05565235,0.00899327,0.01479026,0.02583255,alERC,sub-S05,g,randomWalker4,freq01234
0.05478328,0.06282009,0.07987112,0.07241745,0.0450634,0.08072209,0.09491447,0.04871112,0.04957851,0.04607663,0.02802331,0.02699439,0.07647146,0.07293533,0.06778968,-0.006818503,0.0776061,0.05793009,0.01061289,0.04832898,0.05419292,0.07482885,0.0285876,0.05636248,0.05879318,0.04665033,0.07696996,0.05313429,0.0398266,0.02135314,0.02798535,0.008967655,0.05968558,0.04780005,0.05933391,0.008211729,0.03976532,0.02272082,0.005799005,0.03071034,0.02789308,0.03982414,0.02347724,0.02380718,0.001262703,0.06935588,0.01653524,0.02971025,-0.01540181,0.06329118,0.09111391,-0.004911705,-0.01535945,0.002126824,0.087996,0.0168799,0.005165494,0.02455045,0.05710538,0.01928095,-0.00453348,0.02854535,0.02964139,0.04241393,0.03724631,-0.007412753,0.06374995,0.03914481,0.03558229,0.01636129,0.04645598,0.01227865,0.04454117,0.0195018,-0.0002544027,0.04766396,0.03226994,7.744386e-05,0.003326846,-0.02695864,0.01807754,0.02474364,0.009273629,0.05738752,-0.00665271,0.03124678,0.00180105,0.03909831,0.02483482,0.02125242,0.04343514,0.03625014,0.008274063,-0.01073775,0.05350944,0.0005158883,0.01132755,0.04333737,-0.002170012,0.01113283,-0.00345427,0.00487182,0.02553864,0.07517993,0.02074105,0.006755221,0.01405912,0.0612151,-0.00157999,0.02622227,0.02838859,0.02597154,0.01244726,-0.01426589,0.004904046,0.01391981,0.06128777,0.0003735048,0.01528093,0.02132398,pmERC,sub-S05,g,randomWalker4,freq01234
0.03670239,0.04138001,0.07161591,0.0458557,-0.007384295,0.04506375,0.07220266,0.01653829,0.04585995,0.07830032,0.00654493,0.03352704,0.05512223,0.04508988,0.05304798,0.003239891,0.04522096,0.04418239,0.02058662,0.04766902,0.0221243,0.01627801,0.05374697,0.0444513,0.0123574,0.02153465,0.05441146,0.004348448,0.02134911,-0.006494554,0.01636207,0.05274365,-0.01113907,0.04929242,0.03618916,0.03446458,0.02526771,0.01875626,0.03272304,0.04052955,0.05629653,0.03507797,0.02037043,0.06399506,0.03033089,0.001255612,0.02483407,0.02418424,-0.00586727,0.03821385,0.02548247,-0.004807597,0.005136614,-0.03002883,0.06547026,0.02151361,0.01555022,-0.01145662,0.01716612,0.02592751,0.0005482467,0.02892728,0.03879077,0.03992358,0.01863694,-0.02190903,0.06117049,0.04251116,0.04597469,0.0309514,0.07013998,0.01309509,0.03721775,0.02951135,0.006515117,0.06072364,0.02244248,-0.003787876,0.01316218,0.01372114,0.03702039,0.02620155,0.02375872,0.07728841,0.01182942,0.02699268,0.004243367,0.05557258,0.02920657,0.02052907,0.03899698,0.01292779,0.01380064,-0.003513018,0.04301996,0.03587719,0.02423401,0.0139836,0.0179914,0.02219748,0.002144816,0.01485631,0.02654239,0.07002982,0.01295815,0.01117458,0.007600969,0.06935097,0.005587385,0.05822036,0.03567903,0.02667047,0.01763915,-0.01060614,0.02812981,0.01682026,0.05701235,0.01158543,0.01489717,0.03476661,alERC,sub-S05,g,randomWalker5,freq01234
0.0276952,0.0403129,0.07434826,0.05151178,0.02008612,0.04894827,0.05610187,0.02777018,0.03692709,0.07066054,-0.009426082,0.02022302,0.06125773,0.05567135,0.04989499,-0.005364086,0.045531,0.0419364,0.01772877,0.04746757,0.02629379,0.02500812,0.04740134,0.0445902,0.02261118,0.0002344916,0.0542626,0.0170112,0.02603665,0.004847255,0.0001958388,0.07568418,-0.00643436,0.001615724,0.001809589,0.02525738,0.02043719,0.01632318,0.04160425,0.05297494,0.07320573,0.03841008,0.01071117,0.07409535,0.04614632,0.01904667,0.02720192,-0.008352055,-0.01252908,0.03469099,0.01291359,0.008031794,-0.0001720366,-0.008631437,0.08039784,0.01054273,0.01608753,-3.598764e-05,0.011781,0.04345406,0.002129804,0.0296265,0.02137305,0.03798478,0.03231237,-0.0194395,0.05421524,0.0362164,0.03651829,0.01523104,0.0549208,0.008385858,0.04297841,0.02245213,0.00236098,0.05891992,0.02743774,-0.005634296,0.001615113,-0.01863354,0.02137124,0.028146,0.0128972,0.06198915,-0.005153976,0.03005103,-0.00382166,0.04335606,0.02201031,0.02240297,0.04339301,0.03602951,0.005054831,-0.01045156,0.01874298,0.01194957,0.008124576,0.01047062,-0.0008696719,0.002097696,-0.003251645,0.002131165,0.02531858,0.07083781,0.0169304,0.004502659,0.01683277,0.06739742,-0.002522891,0.03631831,0.02849296,0.02884293,0.007003151,-0.01969069,0.0101238,0.01227424,0.05915957,-0.002540285,0.01359858,0.03234059,pmERC,sub-S05,g,randomWalker5,freq01234
-0.03097566,0.0484973,0.06933776,0.05646096,0.02276286,0.04270559,0.07058116,-0.005053739,0.02120394,0.06163409,0.04810292,0.02923192,0.06025174,0.03162682,0.03817693,0.009607076,0.05942706,0.01908563,0.04566794,0.0608518,0.06447115,0.04685355,0.006115938,0.05168175,0.02170546,0.02052344,0.05198685,0.01961128,0.009706656,0.01288343,0.02033121,0.05564327,-0.0157688,0.05296918,0.02384772,0.03843069,0.01829699,0.01741904,0.02836357,0.03905532,0.05566182,0.03725575,0.01708769,0.04226822,0.04754699,-0.008466644,0.020813,-0.006665564,-0.003221206,0.04072848,0.01941434,-0.003982802,-0.004330381,-0.0268199,0.05156369,0.01576058,0.00904199,-0.01578543,0.009739516,0.01636949,-0.001733851,0.0256592,0.0437754,0.03817325,0.01393743,-0.01268165,0.05933068,0.04426692,0.04248853,0.02518707,0.06478966,0.00971388,0.03433013,0.02830665,0.002522729,0.06252476,0.01528982,-0.006821829,0.01075994,0.02796352,0.02999633,0.03214613,0.02130429,0.07042162,0.006010034,0.02464343,0.002268832,0.05078731,0.02665185,0.01609926,0.02821716,-0.002037068,0.01141125,-0.007840182,0.05451084,0.02133475,0.02390691,0.008047986,0.01245622,0.0192355,-0.002554231,0.0108373,0.02326806,0.06626401,0.01292726,0.008375249,0.009158468,0.05898738,0.004112761,0.05529535,0.03252133,0.02401912,0.01286491,-0.009118049,0.02271358,0.01449397,0.05293752,0.007813728,0.01084544,0.02813124,alERC,sub-S05,g,randomWalker6,freq01234
-0.008627408,0.05412799,0.0784357,0.06393825,0.02485833,0.03585965,0.0713024,-0.01397571,0.04385499,0.02604197,0.06833475,0.03441616,0.06114585,0.03129142,0.03145853,-0.002843058,0.07551968,0.01321965,0.03779836,0.06917126,0.04500261,0.04369774,0.02848679,0.04607318,0.02182218,0.04015263,0.04748261,0.01902528,-0.008331561,-0.0004709432,0.002756793,0.08844627,-0.01517962,0.007534315,-0.0001401997,0.03220667,0.01311296,0.02454002,0.04472132,0.06285971,0.08701026,0.04417891,0.01159929,0.05528266,0.05971236,0.02218709,0.02268767,0.007706816,-0.01375939,0.0431033,0.01385697,0.01351705,-0.006755305,0.001598397,0.06548709,0.007185624,0.0213939,-0.01664433,0.007306488,0.0295406,0.00032288,0.0278308,0.02957285,0.04032961,0.02988143,-0.01323896,0.06012682,0.04299157,0.03586319,0.01513947,0.05429424,0.01020555,0.04265324,0.02353248,0.0002878992,0.05408821,0.0222232,-0.002250748,0.004430243,-0.01554479,0.01618401,0.03082755,0.0132296,0.05625647,-0.005549771,0.03178149,-0.004927713,0.04724647,0.02119852,0.01815669,0.04744544,0.03269617,0.007122177,-0.009780414,0.03583385,0.00457082,0.01415791,0.01144662,-0.001223849,0.007996349,-0.002872168,0.0009899547,0.02396129,0.07289449,0.02680646,0.006322518,0.01668354,0.06962575,0.0004345546,0.05004522,0.03068412,0.02747065,0.01138851,-0.01550705,0.01293695,0.01295775,0.05793858,-0.0005897497,0.01283368,0.02338588,pmERC,sub-S05,g,randomWalker6,freq01234
0.0653715,0.006000158,0.06961272,0.04374295,0.04241016,0.005858473,0.03287021,0.03745385,0.01331528,0.05590704,0.0338213,0.01998615,0.06778546,-0.0009121013,0.01437794,0.006789965,0.06725662,-0.002260734,0.047904,0.02914769,0.01996616,0.03999327,0.0195766,0.009746366,0.05376507,-0.0145384,0.001223787,0.02865311,0.03387314,0.01553861,0.0363325,0.0153345,0.04002372,0.03847819,0.0420642,-0.00845831,0.03409095,0.02011958,0.02881889,0.02763902,0.01934764,0.03289929,0.02871926,0.0386889,-0.009667648,0.04300556,0.01713836,0.009210265,-0.005188711,0.03676246,0.06286394,0.02546403,0.001032314,-0.0301168,0.06577779,0.01959409,0.01373534,0.005102627,0.04001037,0.01019859,-0.0009291215,0.01782729,0.05322414,0.04975825,0.03661359,-0.007155332,0.06082853,0.04704351,0.04507952,0.02792538,0.05367732,0.01187856,0.03678016,0.037496,0.001026573,0.04004122,0.009812561,-0.006336521,0.004262044,0.008609576,0.0294639,0.009994878,0.03099273,0.07198621,0.008642399,0.02827394,0.00429751,0.06106739,0.02941193,0.01906846,0.03715753,0.009776209,0.01082562,-0.006996484,0.04345538,0.02861105,0.02574757,0.01056613,0.01833987,0.01877072,-0.003742157,0.01429118,0.0291034,0.06496079,0.01235379,0.009852729,0.01108085,0.06609069,0.005505501,0.07738655,0.03532792,0.0298259,0.0143466,-0.014381,0.02684149,0.01619266,0.05096158,0.00971002,0.01354002,0.04059239,alERC,sub-S05,g,randomWalker7,freq01234
0.08287797,0.007283589,0.07759925,0.05180676,0.05892356,0.02302074,0.05209083,0.05188543,0.02654562,0.07108788,0.04406961,0.01742341,0.07537133,0.01291768,0.01736522,-0.0008273388,0.08106483,0.00492011,0.05919071,0.04875657,0.04355366,0.02202263,0.04102172,-0.001187176,0.06095657,-0.0002083981,0.004758914,0.05355245,0.04583585,0.02968736,0.03347845,0.01443029,0.03414244,0.05177283,0.06853925,0.002278798,0.04279288,0.02191772,0.00738366,0.00649707,0.03522193,0.03743009,0.03431257,0.03482741,0.006272708,0.07566424,0.005104159,0.01719503,-0.00905184,0.05230191,0.08442851,-0.005129798,-0.01049376,-0.007213195,0.07979844,0.01512657,0.004465508,0.01504991,0.05547103,0.01296373,4.954077e-05,0.02465352,0.03863518,0.04649806,0.04559341,-0.00271304,0.06402271,0.04649779,0.03518111,0.01823681,0.04731402,0.0117692,0.04431207,0.02490168,0.001112406,0.03901011,0.01908577,0.005655315,0.001742937,-0.0147226,0.01556055,0.006251594,0.02098983,0.05772305,-0.004062491,0.03214684,-0.003714001,0.05764834,0.02424871,0.02230851,0.04446899,0.03723655,0.006325438,-0.0147835,0.02823466,0.0091697,0.01530615,0.01972134,0.003342596,0.002927102,-0.009192676,0.004468048,0.02745032,0.07192075,0.019829,0.005858342,0.02199679,0.07406954,-0.000553646,0.05208778,0.03148567,0.03302079,0.01197996,-0.01987849,0.01600971,0.01332132,0.05644209,0.001269448,0.0147581,0.04551346,pmERC,sub-S05,g,randomWalker7,freq01234
0.04386491,0.05908158,0.06902456,0.04289288,0.01446048,0.04487333,0.05488333,-0.006496693,0.02964776,0.05878985,0.03761027,0.03057338,0.04850071,0.02426619,0.05562733,0.003967179,0.06596702,0.03970622,0.03201138,0.01717977,0.03566969,0.0510595,0.0219766,0.03562034,0.007133919,0.01418661,0.04741995,0.02837541,0.01508735,0.0197709,0.02114556,0.04574825,0.04857675,0.03166346,-0.006559263,0.01345186,0.03402433,0.02666329,0.01700245,0.04192008,0.04465244,0.02012122,0.02789799,0.02072978,-0.001746144,0.05418272,0.02034457,0.03008883,-0.00660029,0.01532754,0.0460913,0.02528423,-0.005831391,-0.0261036,0.05201683,0.01979497,0.01050282,0.02124999,0.03232939,0.00924421,-0.004314694,0.02325534,0.04329012,0.04714777,0.03480072,-0.01068733,0.05791634,0.04701706,0.04228972,0.02817329,0.05916247,0.01173702,0.03036159,0.03315624,-0.001293668,0.04694512,0.009875149,-0.005590137,0.009541921,0.009218678,0.03438741,0.009114028,0.0222971,0.05500798,0.004671244,0.02770887,0.006446696,0.05059972,0.02904091,0.01407407,0.02717382,-0.00488915,0.01160756,-0.01053356,0.06156254,0.01349608,0.02588975,0.006279933,0.01014028,0.02384562,-0.002867139,0.01507431,0.02894096,0.0635388,0.01368745,0.01130094,0.01331626,0.06405546,0.006178793,0.07583313,0.03499267,0.03183591,0.01290193,-0.008699552,0.01811547,0.01787983,0.0528018,0.008977489,0.01443215,0.03994996,alERC,sub-S05,g,randomWalker8,freq01234
0.04565429,0.06708813,0.07717198,0.05296771,0.02677954,0.0469704,0.06072573,0.00998773,0.04439965,0.06322335,0.06097362,0.02615948,0.05366811,0.04194379,0.05687813,-0.0014417,0.0748971,0.04947739,0.03727499,0.04252953,0.02604298,0.03992467,0.006130162,0.04611478,0.02247081,0.02384399,0.04699605,0.02506651,0.01443431,0.0101285,0.02344179,0.04095221,0.07484786,0.05423276,0.005587071,0.003221499,0.013659,0.03689865,0.009546109,0.02840924,0.06346677,0.03521727,0.02945977,0.02378158,0.007568545,0.0769167,0.02145296,0.0393623,-0.01367512,0.01426738,0.05995375,0.04581103,-0.01669649,-0.01545762,0.0608496,0.01720514,0.01378401,0.02214811,0.03878137,0.008988063,-0.004202961,0.03088914,0.02914863,0.04605971,0.0448558,-0.007231307,0.05726364,0.04652034,0.0327857,0.01708688,0.04777286,0.01168892,0.04009553,0.02387285,-0.002213968,0.03711224,0.0155326,0.00326505,0.00305775,-0.03061736,0.01714781,0.01365349,0.0172173,0.04739938,-0.00668029,0.0310502,0.002513904,0.04844454,0.02399586,0.01468665,0.04606687,0.02389473,0.007318848,-0.01294714,0.05515995,-0.00365465,0.01486595,0.01798763,-0.002453008,0.009782932,-0.007621642,0.005047385,0.02654508,0.07211924,0.01832951,0.00702095,0.01977652,0.06907985,0.00136062,0.05024328,0.03134871,0.03435167,0.01305776,-0.0122575,0.00779265,0.0135522,0.05496999,0.001421513,0.01355346,0.03834086,pmERC,sub-S05,g,randomWalker8,freq01234
0.05142105,-0.004202829,0.06870839,0.03706973,0.05855889,0.03756937,0.03797101,0.06089849,0.02225049,0.01811708,0.006663911,0.04599323,0.07636914,0.05720225,0.0301866,0.009995641,0.05398428,0.0229387,0.005582339,0.03833078,0.06062109,0.05259322,0.04084271,0.03395244,0.04830945,0.05414706,0.04475668,0.06217705,0.05803441,0.0460028,0.01599618,0.04283696,0.04846374,0.03129256,-0.01167773,0.02712094,0.0361389,0.02031264,0.0176215,0.03877081,0.04824175,0.02826897,0.02390546,0.01158841,0.01776115,0.02396156,0.01782527,0.01618514,-0.006420659,0.008727343,0.0465325,0.01625955,-0.004372395,-0.02868133,0.04969959,0.02436179,0.01016036,-0.002202251,0.03304618,0.01677081,-0.01169041,0.02371326,0.03881526,0.04552648,0.0146579,-0.0120993,0.05939462,0.04105268,0.04644919,0.02849049,0.06151317,0.01175539,0.03022385,0.03174471,-0.004599299,0.0755351,0.01295341,-0.008249178,0.0088299,0.02023098,0.03370862,0.01843731,0.0243684,0.06693272,0.008731703,0.02278722,0.007202794,0.05920605,0.02782884,0.01659652,0.02184794,-0.003618292,0.01383195,-0.00635108,0.05444369,0.0275825,0.02301951,0.01123696,0.01847104,0.0291522,-0.0006335556,0.01372575,0.01888983,0.0633988,0.01260265,0.007765817,0.01429232,0.05887747,0.005246385,0.05836692,0.0353542,0.02627495,0.01475221,-0.008191516,0.02327885,0.01466794,0.05039325,0.01111546,0.01260211,0.03903373,alERC,sub-S05,g,randomWalker9,freq01234
0.0500158,0.01093576,0.07606872,0.05180238,0.05461779,0.04125901,0.05736118,0.06281722,0.02453117,0.03254953,0.01110726,0.04357282,0.07299457,0.0574297,0.04093958,-0.004172289,0.05968783,0.02494174,0.00757368,0.05932771,0.06189049,0.07272649,0.03559127,0.04428114,0.05421627,0.0649284,0.05878467,0.06261437,0.05974621,0.03915054,0.02321769,0.04928544,0.07903584,0.05377487,0.0009585944,-0.0004443798,0.01215319,0.02713513,0.01709051,0.03481322,0.07376391,0.04567353,0.02462938,0.01939093,-0.02167474,0.0328886,0.02434989,0.03987786,-0.01188138,0.007207111,0.05905682,0.0359842,-0.01193164,-0.01911593,0.05926894,0.02039599,0.01811092,0.012138,0.0342674,0.01556128,-0.009480569,0.03096711,0.02381508,0.04408463,0.02774796,-0.009839901,0.06011243,0.04049096,0.03994099,0.01964762,0.05078828,0.01444991,0.04047744,0.02275811,-0.003006758,0.06671599,0.01584329,0.0003395158,0.006175913,-0.01956435,0.01792406,0.02658013,0.01960142,0.05570468,-0.00421791,0.0294859,0.002949825,0.0522857,0.02422541,0.01814096,0.04062913,0.02692454,0.008849612,-0.01211034,0.05271283,0.001097689,0.01245028,0.02739429,0.003637865,0.01103929,-0.004121073,0.003246989,0.02158,0.06993019,0.0193934,0.005970749,0.02226635,0.06730715,0.001349249,0.04482228,0.03300443,0.03085172,0.01412716,-0.0141938,0.00624627,0.01266884,0.05240058,0.003255182,0.01340137,0.04083416,pmERC,sub-S05,g,randomWalker9,freq01234
0.03716176,-0.0470755,-0.01137367,-0.05427171,-0.02000505,0.01372055,-0.0365927,0.002937141,0.0322243,0.03344274,-0.01658579,0.07591856,0.01151909,-0.01314356,0.08365027,0.02381449,-0.01244798,0.02369978,-0.02782831,-0.01132969,-0.007524955,0.06617554,-0.002559415,0.07543016,-0.01167771,0.04694283,-0.0001417356,-0.0124777,0.006230781,-0.01097334,0.01233497,-0.007375635,-0.002912948,0.02831783,0.02079907,0.08229696,0.08728879,0.02546142,0.06176432,-0.01533728,0.0026561,-0.02943049,0.01527361,0.03666959,0.006568276,0.009247153,0.001201039,0.04834973,0.04059296,-0.0252922,0.0503811,0.01202729,0.04731702,0.05281878,-0.01206851,0.06356187,0.05652174,0.06669105,0.0888029,0.04935797,0.06410118,0.01063459,0.1044279,0.04309943,0.008440112,-0.006031828,0.02070085,0.06094941,0.07058788,0.09657609,0.01171548,0.04913893,-0.001578332,0.09617843,0.08012896,-0.01892533,0.007935989,0.0494376,0.07971626,-0.01165236,0.1029507,0.01861539,0.03622065,-0.03238887,0.06528483,0.04366538,0.03843735,0.08044948,0.09403408,-0.009755517,0.0656819,-0.002699119,0.05026644,0.01320507,0.1037359,0.08818174,0.08629735,0.0820513,0.07407948,0.06217233,0.02146476,0.05646027,0.03590765,0.01313444,0.0342087,0.04688477,0.05492572,0.01567722,0.04229128,-0.003973947,0.08707007,0.05841263,0.06464466,0.02957904,0.07534853,0.06638578,-0.02834834,0.06238477,0.05635625,0.08110797,alERC,sub-S06,g,randomWalker0,freq01234
0.0727113,-0.02030602,0.02076535,-0.04020362,-0.008895776,0.02686648,-0.04693046,0.004117378,0.01469491,0.05047204,-0.004242524,0.06324448,0.05733635,-0.01121172,0.06794555,0.02487338,0.02465155,0.006572562,-0.01577702,-0.01292569,-0.001451233,0.03790741,0.02969185,0.09011827,-0.005906512,0.01088747,-0.006424986,-0.00139063,-0.005881823,-0.00708967,0.03262122,-0.007935053,-0.01485796,0.02332532,0.04994601,0.06683382,0.06263006,0.05343856,0.04044269,0.0001174118,-0.007384832,-0.02279033,0.03520753,0.03257333,-0.009480591,0.02319718,0.02435708,0.03795754,0.03067543,0.01366946,0.03222486,0.005761345,0.02628085,0.0306952,0.01838566,0.07052726,0.0386993,0.05658136,0.05951533,0.03460394,0.06463806,-0.008011923,0.07587047,0.006477791,-0.002180813,-0.02650214,0.07067596,0.05281159,0.05451974,0.05946567,0.05173826,0.0280565,-0.02344814,0.07272214,0.05278122,0.007924789,0.01184541,0.01640188,0.05265457,0.005550692,0.07181217,0.03759056,0.05036521,4.182436e-06,0.04773453,0.04465949,0.01686224,0.05433116,0.07785841,0.008126193,0.04286727,0.0009139478,0.05321087,9.331213e-05,0.08110593,0.06645227,0.06107653,0.08279938,0.05118546,0.0506347,0.008216037,0.04816017,0.0575115,0.02875149,0.04254095,0.04117867,0.02480306,0.04233953,0.02945282,-0.01681378,0.06587815,0.03428257,0.03870655,0.00842253,0.05223319,0.06841558,0.01367092,0.04180615,0.05785901,0.04949394,pmERC,sub-S06,g,randomWalker0,freq01234
0.05255781,-0.03806166,-0.01730436,-0.01229528,0.06027346,-0.004996379,0.02533847,0.08342862,-0.0205573,0.01583868,-0.03998699,0.09961928,-0.002038128,0.09093054,0.05959291,0.01310541,-0.00919283,0.01199077,0.007203813,0.008052408,0.04632399,0.1036455,-0.008409633,0.07837081,0.09022386,0.007747334,-0.009803625,0.05014631,0.03202583,-0.01026595,0.01732741,-0.02509225,0.0004584827,0.1002414,0.08231705,0.03869053,0.06929388,0.02593897,0.05745712,-0.02187918,0.02329648,0.04433068,0.01666413,0.02571894,0.002776037,-0.01005069,0.02261018,0.03537453,0.02479335,-0.01466108,0.0141807,-0.0173348,0.05818012,0.03031779,0.0002121355,0.04690748,0.06567503,-0.009797738,0.08308528,0.01922426,0.08367953,-0.02429524,0.09030207,0.073168,0.05433843,-0.03395487,0.03250457,0.01228595,0.07942695,0.08569926,0.01158789,0.05219508,-0.001500806,0.1008291,0.07977196,0.01331688,0.0002645829,0.04284093,0.04074153,-0.02661346,0.1083651,0.0770312,-0.0261295,-0.04817922,0.07030989,0.04570306,0.04913648,0.07819105,0.09215895,-0.005472057,0.010238,-0.003878233,0.04718921,0.007732729,0.07743154,0.09445138,0.08636787,0.07538348,0.0875768,0.07659736,0.02234547,0.05999225,0.03558062,-0.0005156105,0.04467668,0.04471393,0.04659645,0.003007951,0.03529976,0.01787726,0.08667135,0.05631405,0.06215754,0.02618071,0.08573514,0.0688366,-0.03079277,0.06213254,0.06102526,0.06552334,alERC,sub-S06,g,randomWalker1,freq01234
0.09029756,0.0136717,0.02226656,-0.01049774,0.05771499,0.02484659,0.025539,0.07681837,0.01744965,0.03403906,0.008469852,0.06965629,0.01567587,0.08799689,0.05426284,0.03024316,0.008187505,0.01512951,0.007319704,0.006247104,0.04157088,0.09097685,-0.001060944,0.08960447,0.07835388,-0.001387699,0.02635571,0.04628145,0.02670114,-0.005222209,0.03233594,-0.01932713,0.02563046,0.08810484,0.0587732,0.03412714,0.04523378,0.0376775,0.03699061,-0.002678637,0.01184709,0.03730083,0.0404317,0.02117963,-0.02924543,-0.007140422,0.04634221,0.01050633,0.01439398,0.02048677,0.02629853,0.04564726,0.03947884,0.007699415,0.003044046,0.05652594,0.04166725,0.00732949,0.06264619,0.01511884,0.0694617,-0.02859095,0.06915199,0.02872072,0.02562085,-0.04640853,0.04722779,0.03391442,0.05765766,0.0511499,0.05102254,0.03520366,-0.01810064,0.07404818,0.0529721,0.04315399,0.006169565,0.01390698,0.01668535,-0.002221004,0.07233834,0.06650122,0.0390029,-0.01236822,0.04993271,0.04383772,0.02855138,0.05355165,0.0726287,0.01889214,0.005162518,0.01253791,0.05639682,0.0003178327,0.05749689,0.06259634,0.05699958,0.08957869,0.05948716,0.05701601,0.01302837,0.04646312,0.05563284,0.02859633,0.04748949,0.04285173,0.02156083,0.03144844,0.02822664,0.0103244,0.06096674,0.03316386,0.03647948,0.007008047,0.05560005,0.06884881,0.01713179,0.03921102,0.05924193,0.0387545,pmERC,sub-S06,g,randomWalker1,freq01234
-0.01543218,0.02036298,-0.01556477,-0.01746351,0.06290086,-0.0001195776,0.02118509,0.0249093,0.04033453,0.02647297,-0.01588523,0.06037816,-0.01679832,0.06147277,0.01990174,0.04312665,-0.03674724,0.05134138,-0.003085562,0.007016242,-0.01318882,0.01351727,0.02121806,-0.004228374,0.004414594,0.005696732,-0.008151717,0.005449024,0.06257719,0.08231075,-0.01112405,0.005944575,0.0334341,0.007220702,0.0009033387,0.03710533,0.059928,0.0141432,0.08604959,0.006763342,0.007997395,0.0630545,0.02487192,0.05840647,0.006008086,0.03229624,-0.008229586,0.01324551,0.004898428,-0.03398963,0.006781637,0.0982094,0.04265609,0.03873391,0.004758857,0.0785098,0.06670745,0.0006634758,0.07026974,0.03920529,0.07064895,0.0003714572,0.08976216,0.04443556,0.09364177,-0.02810778,0.011174,0.05504473,0.06772266,0.1026749,0.00450815,0.05793629,-0.004768289,0.1033198,0.07095412,0.007125017,-0.03265642,0.03516283,0.06118825,-0.03602251,0.1039888,0.0471267,0.04856717,-0.01154941,0.07073172,0.04440163,0.03333601,0.03871479,0.1012756,0.0003567162,0.03918238,-0.006024603,0.05056238,0.001490693,0.1169199,0.1010015,0.1012686,0.08727097,0.08305109,0.06696136,0.01248386,0.06189265,0.0398322,0.004487881,0.02800773,0.04788499,0.04494151,-0.02276746,0.04070136,0.03430402,0.08900961,0.05817574,0.06338747,0.01631073,0.07650322,0.06999297,-0.02659694,0.06610817,0.05592092,0.01921792,alERC,sub-S06,g,randomWalker2,freq01234
0.01465919,0.01663489,0.02180377,-0.006559235,0.054244,0.04162538,0.02566953,0.01366509,0.04331716,0.04645631,-0.02580778,0.08371843,0.007484783,0.04343064,0.03047706,0.04227183,-0.01216848,0.04890569,-0.01771771,-0.002261926,-0.0006328254,0.03742347,0.07876675,-0.009675181,-0.004110978,0.02466819,0.01797803,0.002762071,0.04380229,0.06428812,0.02025699,0.0209903,0.0158479,-0.01062568,-0.0142417,0.07422069,0.03975732,0.01658716,0.05781976,0.03918244,0.0381625,0.04000982,0.04392348,0.04189579,-0.01793662,0.02642805,-0.007599889,0.01780627,-0.003660295,-0.01685732,0.01961962,0.07484337,0.02275862,0.02790322,0.01749409,0.08215613,0.04829092,0.03063226,0.04274987,0.03886571,0.05585881,-0.01497839,0.07862317,0.009160095,0.06356164,-0.03803965,0.05207639,0.04672321,0.04971164,0.06558207,0.0461489,0.03365946,-0.02126884,0.07513945,0.04242175,0.03662137,-0.02927167,0.00759503,0.03546509,0.008427938,0.07170491,0.03718688,0.0433338,0.005149025,0.04865339,0.04077863,0.01875906,0.002967444,0.0738532,0.01228782,0.01902349,0.01334885,0.046905,-0.01054467,0.08957617,0.06909675,0.07359987,0.07734126,0.05442112,0.04710614,0.0006454135,0.05431385,0.03973636,0.03307078,0.04506964,0.03505336,0.02130746,0.01639451,0.02067588,0.002833268,0.06466884,0.03159123,0.03670055,-0.0009813586,0.04243719,0.06569098,0.01268841,0.04409045,0.05751723,-0.006730086,pmERC,sub-S06,g,randomWalker2,freq01234
0.02509822,-0.007103293,-0.01519482,-0.02042085,0.007267984,0.003499879,-0.001136296,0.03110441,-5.59065e-05,0.02071841,-0.02895023,0.1065467,0.03398298,0.04119304,0.01172135,3.337328e-06,0.02695067,-0.002368303,0.02528034,-0.006624585,0.006643795,0.07216371,0.03344773,0.06581096,0.02978292,0.01234478,0.06517442,0.008450357,0.008949499,-0.007938622,0.01029118,0.02272536,0.01087573,0.02610951,-0.02334493,0.04550087,0.06675967,-0.003087277,0.07669681,-0.005946032,0.02015317,0.05514002,0.01539889,0.05216778,-0.02679,0.0107376,-0.01729172,0.03797493,0.004734197,0.00756913,0.00691632,0.03102714,0.06433123,0.05685307,0.01707918,0.0743558,0.05624395,0.0008309393,0.06637578,0.04554834,0.06063683,0.001450973,0.09393965,0.04141456,0.05233889,-0.02572917,0.007269775,0.05776179,0.06562402,0.09405939,0.0123098,0.0505021,0.00539856,0.09704953,0.07820239,0.01318881,-0.03463275,0.04567069,0.07983913,-0.01938846,0.1028684,0.00763232,0.04099413,-0.01371832,0.06012906,0.04927625,0.04334567,0.06966778,0.09443788,-0.01436275,0.02246407,0.00211689,0.04279567,0.00538554,0.03669503,0.09882654,0.07788192,0.06916993,0.07934214,0.04833871,0.0123697,0.05370294,0.04593769,-0.003659843,0.03947744,0.04330105,0.05070075,0.006909132,0.03193363,-0.000200344,0.08591898,0.05881795,0.05778334,0.01217266,0.0709149,0.06761526,-0.03210846,0.05328343,0.06142006,0.06582799,alERC,sub-S06,g,randomWalker3,freq01234
0.008389539,0.02424897,0.01948996,0.002605251,0.00519956,0.02978042,0.01063255,0.02464312,0.06218152,0.02009589,-0.01098477,0.1035541,0.02744898,0.044734,0.001469674,0.004280602,0.02271691,0.001952988,0.01620078,-0.003142786,-0.01018679,0.04844872,0.04948001,0.06340813,0.02724472,0.06313663,0.07649686,-0.001370693,-0.003572786,-0.01165617,0.05093029,0.01403151,0.005015594,0.01210459,-0.02048524,0.05971454,0.04425576,0.01432819,0.05361707,0.02487174,0.01606237,0.04419158,0.04810457,0.04751643,-0.03493414,0.01269018,-0.005297983,0.02571104,-0.002623541,0.02231925,0.03484706,0.002334506,0.03953471,0.04972216,0.03042106,0.07897676,0.04353853,0.02683953,0.04375642,0.04111723,0.06300094,-0.01768932,0.07396317,0.005143033,0.03336067,-0.03844443,0.06351582,0.0469506,0.04689756,0.05994998,0.04684629,0.03061731,-0.01706873,0.07580926,0.05283287,0.03544071,-0.02743552,0.01662443,0.05202914,0.0002567193,0.0647302,0.02581394,0.05135595,0.003811176,0.04316849,0.04116604,0.0202863,0.05116155,0.08002806,0.01097286,0.00734387,0.005166289,0.05143147,-0.005241715,0.0206873,0.06210611,0.05036592,0.08460362,0.05380013,0.03597331,0.001169273,0.0399861,0.06084447,0.02770189,0.0444341,0.04211615,0.02286513,0.03636629,0.02301183,0.0118873,0.06187,0.03367899,0.03304475,-0.003933063,0.04509113,0.07182403,0.01158647,0.03172651,0.06044101,0.0380275,pmERC,sub-S06,g,randomWalker3,freq01234
-0.03639147,0.144385,-0.01604031,-0.01351498,0.09631567,0.02340025,-0.007616309,0.08765471,0.0624768,0.006312102,-0.02344405,0.02417245,0.007767106,0.01411569,-0.02438179,0.02809595,-0.01253727,-0.05917508,-0.01157678,-0.02630161,0.0763334,0.09159114,0.001150741,0.05087541,0.05908082,0.04157953,0.0550383,0.08737559,0.1196573,0.1438997,0.01662925,-0.007988344,0.008257842,0.05269632,0.004853267,0.03626158,0.06162921,0.0007565969,0.07720351,0.01803578,0.005604251,0.0399712,0.01924735,0.04871472,0.01844668,0.01133245,-0.02204506,0.0637628,0.006942489,-0.03850748,0.0004451554,0.07249789,0.06212742,0.03520015,0.008768084,0.06558921,0.0599508,-0.02929728,0.06828696,0.04655118,0.05947695,0.03290402,0.09401709,0.04816065,0.06591839,-0.02823645,0.01021646,0.07995529,0.07705541,0.09395377,0.0160249,0.04713463,0.0137456,0.0930194,0.080362,0.01680965,-0.03463664,0.04896051,0.07676042,-0.007606355,0.112638,-0.005075279,0.06293519,-0.01238257,0.06214426,0.05073599,0.04919459,0.07709186,0.0985276,-0.01307792,0.01878972,-0.0006933346,0.043185,0.01217191,0.03772343,0.08873554,0.07760113,0.06317715,0.07689206,0.04278281,0.0143222,0.05703483,0.04197412,-0.01665844,0.03312485,0.04173681,0.0590021,0.04508169,0.03304862,-0.009003146,0.08215461,0.06412757,0.06112074,0.02509961,0.07433797,0.06459765,-0.03809292,0.05765673,0.05814169,0.06707163,alERC,sub-S06,g,randomWalker4,freq01234
0.005170889,0.1100825,0.02317715,0.01315668,0.09597803,0.04542094,0.0294616,0.08741269,0.08206939,0.03140194,-0.01334426,0.04596221,0.03438476,0.03192308,0.01068758,0.03331732,0.01209075,-0.003994366,-0.01666511,0.01488863,0.07975902,0.07498122,0.03007982,0.04650101,0.06072107,0.05644495,0.06054837,0.08332755,0.105744,0.1311385,0.04856601,-0.01458362,0.001060366,0.03575041,0.02098221,0.05998806,0.04473997,0.01636398,0.05633643,0.03051569,0.000140118,0.03926507,0.04551459,0.04315315,0.007300345,0.00503483,-0.007154372,0.0552839,0.007113826,-0.002211375,0.01669949,0.06072918,0.03653262,0.02093946,0.01765211,0.07859761,0.04808583,0.007783177,0.04629488,0.04124814,0.06380638,0.01208764,0.07307143,0.01265468,0.04130447,-0.0307355,0.05934211,0.06400979,0.06095447,0.06227978,0.04096891,0.02975373,-0.009911352,0.07358672,0.05914259,0.03578614,-0.01751205,0.02378379,0.05203455,0.009120838,0.07961344,0.02511332,0.06655289,-0.007881945,0.04851244,0.04647685,0.02908557,0.05496097,0.08465741,0.01510406,0.004761595,0.009766972,0.05509889,0.00279799,0.02711908,0.06531941,0.05487828,0.07842903,0.05694648,0.04133341,0.005808908,0.04935589,0.05716564,0.0313062,0.04374046,0.04199077,0.03278307,0.04453096,0.02520319,-0.005454332,0.06445317,0.04148863,0.03860603,0.009208866,0.05311051,0.07135361,0.01156033,0.04019128,0.05986296,0.04451578,pmERC,sub-S06,g,randomWalker4,freq01234
0.01981894,-0.003111067,-0.01446276,0.08927108,0.01738589,0.04854637,0.02938494,0.00255641,0.08838177,0.03985618,0.01745997,0.02372644,-0.007611813,0.04142667,0.08613099,0.02702837,-0.03138687,0.1243825,-0.005955678,0.008552949,0.0178641,-0.005704737,0.02418208,-0.0079323,-0.002385285,0.06872947,0.04361591,-0.02857357,0.04292269,-0.02032697,0.006355449,0.004304762,0.01057527,0.09431044,0.08437265,0.03812135,0.06836499,0.02623221,0.05355798,0.005642424,0.01347417,-0.04941911,0.02829772,0.005207581,0.04458341,0.06279762,0.02049439,0.09140805,0.01284863,0.007697358,0.01977381,0.01486172,0.06228451,0.02997114,0.006311778,0.05220419,0.06478725,-0.0125865,0.07199953,0.01367066,0.05394774,0.04149029,0.09421063,0.04221793,0.02227242,-0.01213542,0.01092783,0.09008436,0.08727065,0.09675319,0.01225516,0.05118573,0.01856593,0.09452852,0.08427264,0.02440796,-0.02612291,0.056399,0.0830365,0.001079551,0.1185758,-0.0005335925,0.06781463,0.008296476,0.0671293,0.0490372,0.04111077,0.0740926,0.1048023,-0.007052529,0.03262255,0.005633198,0.05507122,0.01110162,0.08463985,0.09201746,0.08348461,0.07683372,0.07870204,0.07076534,0.01373055,0.06051125,0.0412958,-0.001419841,0.05206787,0.04696188,0.04462671,0.01310182,0.03546671,0.01532727,0.09028503,0.05111969,0.06682499,0.01736362,0.08311052,0.07229252,-0.03009374,0.06104078,0.06598888,0.06019962,alERC,sub-S06,g,randomWalker5,freq01234
0.04246622,-0.004535709,0.02035221,0.07987936,0.02579028,0.04081319,0.02565837,-0.01215877,0.07921569,0.05633375,0.0111711,0.007058847,0.04251155,0.04638697,0.07049588,0.01997064,-0.01524155,0.1040005,-0.01779575,0.02165748,0.004758611,-0.01137708,0.06046433,-0.005852482,-0.01733322,0.04321302,0.03833955,-0.04218712,0.01819092,-0.03315751,0.01164948,0.001677936,0.04129736,0.08331467,0.06487883,0.03414282,0.04589201,0.03161034,0.03396544,0.00831434,0.005883667,-0.03194352,0.04076425,0.01215261,0.03704455,0.08483399,0.05197329,0.06352665,0.002470077,0.03824942,0.02060747,0.04149118,0.03696404,0.01029711,0.02462007,0.05319899,0.03652812,-0.004455476,0.0502583,0.01014758,0.06401229,0.01149492,0.06987775,0.002661295,0.00999862,-0.02613349,0.0672301,0.0634862,0.06076641,0.06061019,0.04462675,0.03117916,-0.01190209,0.06982212,0.06086454,0.04559484,-0.03208459,0.02679356,0.05330392,0.01479675,0.07595118,0.01689652,0.06809831,-5.405429e-05,0.04583149,0.04631931,0.0181824,0.04610997,0.08239792,0.01143917,0.007205419,0.01940858,0.05256918,-0.00363547,0.0483162,0.05817249,0.05621812,0.0754329,0.05104107,0.05064624,0.001419524,0.04665058,0.0576558,0.0334202,0.05234655,0.04041019,0.01745423,0.03878986,0.0224157,-0.007900814,0.06582217,0.0281129,0.03981992,-6.137948e-05,0.05408474,0.06967981,0.01185483,0.03799004,0.06147697,0.03516493,pmERC,sub-S06,g,randomWalker5,freq01234
-0.0002050953,0.05206009,-0.0176737,-0.04136572,-0.03147516,-0.01549213,-0.002569445,-0.01351034,0.0156662,0.03943174,0.006901334,0.0242742,-0.03359123,-0.05159149,-0.01461236,0.01763742,-0.03870357,-0.02867277,0.03333524,-0.02608042,0.06993775,0.03915244,0.03827848,0.04273089,0.008945799,0.02114602,0.02001516,0.03957605,0.05174543,0.038566,0.01280543,-0.0003741391,0.008288594,0.09934609,0.06674524,0.03490081,0.06742688,0.02586144,0.05443716,-0.01624666,0.01594949,0.06413134,0.02408686,0.03001929,0.06818198,-0.004965007,0.01780444,-0.01207455,0.02485133,-0.02466652,0.03602621,-0.002886941,0.04938058,0.02605775,0.01339367,0.04274148,0.05722597,0.01826774,0.05770319,0.016901,0.04794256,0.03763991,0.09697606,0.03878579,0.0117999,-0.02448594,0.02596273,0.08569585,0.08261104,0.09256259,0.01246968,0.04778556,0.01831483,0.09941263,0.0778494,0.03428652,-0.02532354,0.05363678,0.08216226,0.01265086,0.1123157,-0.00669225,0.0614909,0.0006268474,0.06212627,0.04855685,0.04839765,0.07743381,0.09254326,-0.01512761,0.02713872,-0.005288973,0.04073441,0.002001297,0.0680371,0.07733531,0.09099368,0.07785489,0.07685502,0.06166291,0.01575218,0.05813352,0.03967372,-0.001506262,0.02539003,0.04300468,0.05398557,0.01529075,0.03695061,0.01495504,0.08609933,0.06067294,0.0580515,0.02209339,0.08106751,0.06452443,-0.03250559,0.05961649,0.05611775,0.08250702,alERC,sub-S06,g,randomWalker6,freq01234
-0.008459552,0.04064782,0.02150824,-0.01302322,-0.002008609,-0.01773851,0.02699299,-0.02013178,0.02099427,0.04405225,0.01447603,0.05332234,-0.01181895,-0.04044072,-0.01385723,0.01727372,-0.01828907,-0.03047822,0.0215592,0.01088504,0.06452429,0.02470252,0.0110437,0.03959447,0.01570344,0.02801098,0.01700226,0.04249132,0.03423908,0.04869698,0.01610906,-0.006152004,0.0373083,0.08465125,0.04861352,0.03522879,0.04757306,0.03181135,0.03514643,-0.003482145,0.006854966,0.05921857,0.03998235,0.02260004,0.05919192,0.03450294,0.0493058,-0.02542064,0.01102374,0.01582142,0.03416403,0.04415496,0.02921636,0.006202202,0.03787829,0.0498494,0.03195148,0.0139917,0.05131852,0.005220905,0.05224913,0.01666403,0.07517868,0.009251229,0.005443425,-0.03351398,0.05784583,0.06770797,0.06201375,0.057652,0.03374296,0.0270833,-0.005361973,0.0770994,0.05276256,0.04187918,-0.02692465,0.02440843,0.05473009,0.02330638,0.07887073,0.016607,0.06268799,-0.007536176,0.04429056,0.04187691,0.02499785,0.0550028,0.07305137,0.006984374,0.00727708,0.00906012,0.04946382,-0.008271675,0.04085649,0.05285073,0.06494886,0.08173226,0.05250785,0.05476817,0.003216252,0.04704406,0.04891388,0.02959337,0.04132864,0.03704365,0.02634396,0.03716079,0.02122884,0.003744086,0.06606507,0.03564127,0.03225649,0.002896965,0.05801683,0.06812415,0.01598903,0.0382488,0.06012568,0.05458694,pmERC,sub-S06,g,randomWalker6,freq01234
0.004923894,0.01706382,-0.01560595,-0.02304831,-0.001740659,0.004179391,-0.006755072,0.02618197,0.005128706,0.007034176,-0.02196514,0.08959578,0.019744,0.05195489,-0.00166288,0.01925575,-0.03087321,0.002299114,0.005124122,0.02167862,-0.003125484,0.08195343,0.05791335,0.08782867,0.02363787,0.01239513,0.0391597,-0.0004709837,0.01514582,0.01250203,0.0135703,0.01324233,0.01248759,0.03861364,-0.006779913,0.0460792,0.06463578,0.0129762,0.07434767,0.01317205,0.01962516,0.05819508,0.02397844,0.04866742,0.004553475,0.007301755,0.007582515,0.03396777,-0.003693944,-0.02721471,0.005872271,0.0859474,0.05490186,0.06523425,0.003131129,0.07791836,0.06410487,-0.007818682,0.0603539,0.03338874,0.06911677,0.01525079,0.09131433,0.05076471,0.05809367,-0.02141594,0.01644853,0.04836047,0.0690707,0.08906467,0.007409072,0.04974321,0.01731746,0.0963214,0.07169676,-0.01142564,-0.01935802,0.03930894,0.06329735,-0.02829272,0.1023241,0.02818315,0.03903347,-0.02448112,0.06734718,0.04543098,0.04616454,0.06685084,0.09196807,-0.008207,0.01883561,-0.0009338473,0.05069283,0.004552719,0.09630678,0.0908811,0.08552798,0.08564478,0.08116806,0.07685157,0.02017396,0.06258272,0.03820856,0.002494436,0.04310085,0.04578713,0.04975171,0.005743217,0.03876112,0.008838182,0.08417147,0.05463958,0.06328172,0.02311433,0.08370143,0.06671616,-0.02483327,0.06222776,0.0607245,0.0694509,alERC,sub-S06,g,randomWalker7,freq01234
-0.004768995,0.0420979,0.02007412,-0.01795977,0.01707465,0.0005201586,0.02060368,0.03388589,0.04296741,0.01151922,0.003562166,0.08031623,0.02409875,0.06012872,-0.03577442,0.02329768,-0.0181569,-0.01209769,-0.002074014,0.03969703,-0.0131342,0.0670585,0.04648671,0.08900047,0.03357669,0.03656427,0.03009026,0.002562614,0.006097811,0.01902268,0.05250341,0.01083936,0.00891955,0.01570477,-0.0009814963,0.07251134,0.04445252,0.02157613,0.05236878,0.03973783,0.02261603,0.04523507,0.05150229,0.04171215,-0.008033318,0.01497835,0.007871302,0.04064421,-0.01331991,0.009368666,0.03150144,0.05808024,0.03143073,0.04268968,0.02493365,0.08488257,0.04952369,0.01677568,0.03838562,0.03233594,0.05717794,-0.006288207,0.07379366,0.01408921,0.02665769,-0.03421564,0.05766141,0.04631806,0.05611969,0.05688506,0.04387239,0.02919192,-0.008045697,0.07750519,0.04597536,0.02351923,-0.01574511,0.01105189,0.04131108,-0.007197729,0.07049695,0.0363973,0.06054494,-0.01352341,0.04949531,0.04153139,0.023401,0.05420128,0.07386868,0.01156285,0.004669677,0.01256567,0.05685646,-0.007259325,0.06943196,0.06314262,0.06099417,0.09370299,0.05753381,0.05917998,0.005696345,0.05018036,0.05113845,0.02752035,0.04663635,0.041064,0.02163656,0.04262617,0.02639098,0.004439492,0.06286991,0.03195015,0.03926819,0.003505818,0.05942856,0.06764597,0.01711261,0.04153321,0.06102798,0.04066959,pmERC,sub-S06,g,randomWalker7,freq01234
-0.06062093,0.06869025,-0.01574735,0.05455665,-0.01587431,-0.00773806,0.03910873,0.008684932,0.07797563,0.111387,0.02958442,0.07047281,0.06073729,0.02582095,0.02568457,0.01992802,0.01124032,-0.00614975,-0.005239181,0.04121359,0.1172441,0.07070001,0.08860657,0.0988393,-0.008951622,0.03814586,0.08726478,0.07420565,0.05607001,0.07932991,0.006797321,0.01811407,-0.006541495,0.015531,0.0318854,0.0560066,0.08127875,0.004633417,0.06161436,-0.03622993,0.01351867,-0.03518536,0.003205404,0.0350507,0.006587427,-0.01909987,0.004825465,0.03758854,0.02274846,-0.001770086,0.01547525,0.009689063,0.04833154,0.01855364,-0.03673615,0.07688778,0.06034199,-0.02265073,0.08178338,0.05196119,0.06425164,0.009121434,0.09489749,0.05143864,0.08836733,-0.02100679,0.01278659,0.06639632,0.05565124,0.09123493,0.007269104,0.05178118,0.00750065,0.09894612,0.0724329,-0.02758208,-0.01921513,0.04885199,0.07651749,-0.03727219,0.1112101,0.02764026,0.0377366,-0.02967298,0.06536292,0.05243632,0.05073136,0.07879812,0.08763785,0.0006487652,0.02252233,0.004930811,0.04307351,0.02005311,0.06154528,0.07695746,0.08979779,0.02432288,0.07967403,0.04871967,0.02524569,0.06734639,0.04055337,0.0003771449,0.04371148,0.04385018,0.0475877,0.02767689,0.03218238,0.00724421,0.08753102,0.05372047,0.05980631,0.02509828,0.08163776,0.06982686,-0.03059475,0.06361167,0.06769602,0.0836456,alERC,sub-S06,g,randomWalker8,freq01234
-0.06153221,0.07221938,0.02042414,0.05020111,0.006760263,0.0002928574,0.05186431,0.0006593961,0.09548485,0.1118837,0.02157982,0.06821465,0.04702195,0.03402331,0.03092012,0.02175882,0.01647262,-0.00152732,-0.01195515,0.03321948,0.09793485,0.06527725,0.06342658,0.09971645,0.0002595873,0.07093558,0.07978819,0.05462988,0.0416041,0.07262179,0.04090757,0.01180496,-0.0182062,0.01208373,0.06472988,0.04887887,0.05632985,0.03218309,0.04448494,-0.02291759,-0.0009179424,-0.05939692,0.04578874,0.0298932,-0.008339833,0.03762338,0.01785664,0.0297769,0.01218121,0.03123153,0.02126376,-0.002515506,0.02678491,0.00596219,0.002178867,0.09001817,0.04445776,-0.01334959,0.0570538,0.03837351,0.05439652,-0.01373827,0.0729166,0.0154161,0.05767862,-0.03113729,0.06530053,0.05765391,0.04097259,0.05801864,0.04263674,0.03021019,-0.01653164,0.07772995,0.04689688,0.01181042,-0.01442985,0.02211423,0.05006564,-0.004470807,0.0727265,0.03807191,0.05711631,-0.01701149,0.04778602,0.04277814,0.02813479,0.05759171,0.06988884,0.01871572,0.007148191,0.01248673,0.05128451,0.006360692,0.0442429,0.05370629,0.06402596,0.05976933,0.05642493,0.04538233,0.00950788,0.05416372,0.05171474,0.02601588,0.04543198,0.03927261,0.02269437,0.04278288,0.01993921,-0.0002503201,0.06537344,0.03159139,0.03565032,0.006253902,0.05839434,0.07022885,0.01402119,0.04272472,0.06339144,0.05621669,pmERC,sub-S06,g,randomWalker8,freq01234
-0.004797949,-0.02800023,-0.01772469,0.02398324,0.07488472,-0.03354937,0.06428345,0.02695846,-0.008022533,0.03205662,0.03598501,0.05201906,0.0212996,0.09842663,0.005226657,0.02793898,0.05485896,0.06887451,-0.002796194,-0.01001723,0.02497535,0.004108285,0.04000996,0.08795793,0.00827321,0.02194937,0.001414472,0.04586884,0.05977955,0.1483028,0.01074707,0.01254968,-0.0142519,0.01351444,0.03136744,0.08103673,0.08897444,0.01245361,0.0564342,-0.0217404,0.02262798,-0.04527148,0.01085255,0.02935274,0.05301967,-0.05810032,-0.005228407,-0.01799215,0.01891062,-0.01645303,0.02459083,-0.007250793,0.04807223,0.03122687,-0.01479055,0.08011973,0.06076071,-0.02666164,0.08869529,0.04756287,0.04308591,0.008269957,0.09486953,0.03747252,0.02485543,-0.02548797,0.009894423,0.07905549,0.07284159,0.09090495,0.01831763,0.04834567,-0.0004215166,0.1011946,0.07252336,0.01493242,-0.02355273,0.04093945,0.07063429,0.002494744,0.1177665,-0.0006150534,0.05729553,-0.004944014,0.06843165,0.05133358,0.05147415,0.0681157,0.08531205,-0.004209495,0.02440969,0.004921894,0.04907031,0.02094435,0.04482454,0.05727976,0.08070724,0.05756322,0.08430137,0.0619569,0.01680148,0.06236088,0.04123408,-0.00691173,0.0389144,0.0458959,0.04794089,0.007821529,0.03526875,0.0212757,0.08338283,0.05303478,0.06084679,0.02798842,0.08341155,0.0683684,-0.03377384,0.06317743,0.06583586,0.0747968,alERC,sub-S06,g,randomWalker9,freq01234
0.0229905,0.01028349,0.01945782,0.07340465,0.06543411,0.005931913,0.09457331,0.03112924,-0.01689751,0.03813544,0.03825981,0.05580715,0.04889153,0.09189562,0.04671741,0.03306633,0.04218758,0.09366061,-0.01687719,-0.02116917,0.04305465,0.03313207,0.04747078,0.09089357,0.01049349,0.01947041,0.05502182,0.04621697,0.05656238,0.1195161,0.03483989,0.001116491,-0.02728775,0.01237532,0.05685222,0.06450789,0.06561542,0.03205486,0.03915426,-0.008688726,-0.004871715,-0.0671333,0.03695361,0.0280322,0.04143069,-0.01997151,0.01167718,-0.01530462,0.007078131,0.005392052,0.03100083,-0.0224412,0.02732748,0.01471241,0.01833126,0.09046205,0.03810185,-0.02467199,0.0649661,0.03748983,0.05419611,-0.008168767,0.07099222,0.003020637,0.01762786,-0.03238209,0.05461026,0.06286767,0.05229569,0.05816838,0.03766998,0.02983102,-0.01865807,0.07750825,0.05180783,0.02773919,-0.02425691,0.01729343,0.04634044,0.02015476,0.08043008,0.02377372,0.06970938,-0.004932708,0.04897857,0.04619687,0.02860343,0.05200896,0.07132957,0.01592189,0.008815334,0.01405854,0.05449257,0.006187635,0.0262731,0.03167793,0.05528845,0.07287689,0.05759136,0.04594282,0.003217675,0.04822221,0.05292484,0.02627386,0.03861719,0.04155567,0.02331319,0.02807552,0.02482754,0.02736517,0.06231359,0.03183563,0.03758312,0.01002788,0.05672344,0.06908114,0.009734733,0.04088683,0.0615983,0.04638238,pmERC,sub-S06,g,randomWalker9,freq01234
0.0746512,0.001476707,0.05130342,-0.00714627,0.03388577,0.06211213,0.05817949,0.0349976,0.06523924,0.06934067,-0.01483289,0.06748633,0.0528196,0.02347008,0.04508829,0.01629422,0.004942778,0.02433929,0.02332021,0.04254249,0.04856648,0.04354769,0.1074627,0.065474,0.0286576,0.05301587,0.01508177,0.02545684,0.02401168,0.01127743,0.06044449,0.02376865,0.07363421,0.07730858,0.0559791,0.03722072,0.05533652,0.03717023,0.05319274,0.0009220865,0.03915305,0.001776771,0.02057191,0.05119204,0.07867215,0.02023656,0.009577274,0.1048196,0.02520473,0.02683334,0.05918251,0.008608926,0.02110413,0.009505118,0.009297484,0.04615497,0.02931033,0.04986636,0.0599147,0.0524803,0.05946632,0.06938503,0.05035632,0.04404245,0.0328884,0.01878704,0.06160517,0.06308135,0.07004403,0.05703729,0.06276222,0.04097959,0.05161417,0.06616759,0.05934339,0.02556061,0.00829248,0.04111251,0.05090728,0.05222081,0.04194945,0.04378717,0.05501304,0.05734383,0.03336522,0.0563451,0.03339099,0.0398328,0.09180168,0.0004058554,0.0475084,0.001024725,0.02206187,0.007503835,0.0336045,0.03417065,0.05906173,0.04982147,0.03160993,0.0098745,0.01571938,0.03510889,0.06095746,0.06190216,0.03101563,0.04496082,0.05585275,0.05634042,0.04183533,-0.008382624,0.06083803,0.07452326,0.05485152,0.02275832,0.02824466,0.05500742,0.02626398,0.04186267,0.03585947,0.04532837,alERC,sub-S08,g,randomWalker0,freq01234
0.0858117,0.0443689,0.08960955,0.03113533,0.04912708,0.0504736,0.07206992,0.042956,0.08686041,0.09605046,0.01392709,0.06424548,0.08347004,0.04669195,0.04880961,0.03635638,0.04842649,0.03953959,0.05020206,0.05401423,0.05158082,0.03020323,0.1003663,0.07674498,0.03526983,0.06504054,0.007476933,0.03354371,0.03406985,0.0338095,0.06942408,0.04395641,0.06318187,0.0778577,0.0635398,0.04392273,0.06445713,0.05677406,0.0639094,0.04086606,0.05395114,0.04580451,0.05562546,0.05732532,0.07910781,0.03662751,0.0537052,0.1024769,0.0455537,0.0705994,0.0659435,0.05082439,0.03657677,0.0379666,0.04973611,0.06481854,0.03722359,0.05297041,0.07213407,0.04979787,0.07332377,0.05677644,0.07611699,0.04982733,0.03695168,0.04370775,0.09414881,0.08007173,0.06572757,0.06787015,0.07997829,0.04334196,0.05762963,0.06824355,0.06473302,0.05129001,0.03740873,0.0469404,0.04391219,0.06930139,0.04341679,0.06878252,0.04865704,0.06096905,0.04240281,0.05340071,0.04653585,0.04556729,0.08788878,0.03934729,0.03797886,0.03915792,0.04574121,0.02607629,0.03626998,0.04208481,0.06184396,0.06364077,0.04037156,0.02896,0.02749187,0.04640967,0.06901926,0.09297901,0.05410536,0.05002636,0.06828971,0.1047249,0.04569916,-0.01785583,0.05919334,0.0718835,0.05434825,0.03382607,0.03589017,0.06503693,0.07527095,0.04657654,0.05018279,0.05725894,pmERC,sub-S08,g,randomWalker0,freq01234
0.05120277,0.02554596,0.05310339,0.04271623,0.03837312,0.01293952,0.03254834,0.03921467,0.03907031,0.04964242,0.03404049,0.07338098,0.03084692,0.05074589,0.03994559,0.01094191,0.0348747,0.02979568,0.01972404,0.05576604,0.02919893,0.05720634,0.03827912,0.049453,0.04179458,0.03025109,0.02393166,0.02282738,0.0164754,0.00396815,0.01991097,0.05455787,0.00871778,0.05162641,0.05082716,0.009592989,0.05310577,0.06149604,0.07447644,0.05155671,0.07992519,0.01765685,0.02333637,0.07657953,0.07665479,-0.01731938,0.03246378,0.009255262,0.02397872,0.0201673,0.04090105,0.0648687,0.03524124,-0.0206984,0.04295173,0.03715939,0.04270617,0.005442032,0.05400373,0.01425405,0.05359551,0.03787204,0.04843402,0.04357933,0.03043982,-0.001806962,0.05358943,0.05677749,0.0760446,0.06246063,0.05924943,0.0482684,0.03188548,0.06795376,0.06206761,0.0410433,0.01246363,0.04937547,0.05607466,0.04670513,0.04354624,0.04097781,-0.002625634,0.05611356,0.03660874,0.06137945,0.04774268,0.06086022,0.09640284,0.00865172,0.02849697,0.001205184,0.022594,0.007881024,0.03091338,0.04897511,0.06679572,0.04236295,0.0400864,0.01061984,0.02011605,0.04656631,0.06033177,0.05989903,0.03408028,0.04516973,0.05544369,0.06065625,0.03945851,0.01356963,0.06985505,0.07559295,0.05934526,0.02899507,0.04997453,0.05791685,0.0320859,0.0476904,0.04491681,0.06535155,alERC,sub-S08,g,randomWalker1,freq01234
0.07207123,0.07723965,0.08963624,0.04838234,0.03081355,0.06224702,0.02870548,0.03071511,0.08261392,0.07863779,0.0812878,0.06244328,0.05371433,0.05054215,0.069532,0.03531718,0.05698658,0.05572278,0.03787448,0.05345406,0.03300363,0.05354948,0.01995193,0.06732841,0.029194,0.04820902,0.0662195,0.02030102,0.01797351,0.01640063,0.04692981,0.05328285,0.03509024,0.066703,0.04068277,0.04114772,0.06602423,0.0624177,0.06394216,0.07532587,0.08124222,0.0223113,0.05730962,0.06183774,0.06210055,0.003557632,0.05577615,0.05187663,0.03841526,0.06051446,0.06099882,0.05862077,0.04145346,0.001328624,0.05178325,0.06503069,0.04612437,0.03283864,0.08245534,0.01961817,0.0624413,0.05084886,0.07520308,0.04844628,0.03921082,0.02496419,0.06538729,0.08613686,0.07033394,0.06801828,0.07381349,0.04914198,0.0485158,0.0730317,0.05994432,0.05831005,0.03977021,0.0465753,0.03587123,0.05909502,0.04068625,0.06787737,0.006011252,0.0530855,0.04442596,0.05669033,0.05560103,0.07310553,0.08582318,0.04533917,0.03093797,0.02827784,0.04643898,0.02792592,0.006821304,0.05319632,0.06724776,0.04800916,0.0467776,0.02656424,0.03285096,0.053552,0.0663375,0.09423649,0.04637956,0.05157139,0.06186175,0.09962959,0.04573002,0.00607727,0.0661741,0.06909271,0.05793055,0.04089156,0.05531788,0.06425545,0.07624824,0.05068711,0.05314543,0.06625044,pmERC,sub-S08,g,randomWalker1,freq01234
0.02559472,0.02161623,0.05308546,0.01355309,0.07816193,0.03346548,0.02752967,0.0833438,0.04254093,0.04784059,0.01738851,0.06514767,0.04082854,0.06024902,0.02201383,0.03553658,0.02393426,0.03070015,0.05344381,0.02468681,0.03929714,0.007093401,0.0744427,0.02951838,0.06397183,0.02832486,0.02089089,0.06461953,0.07568494,0.06560583,0.02330404,0.0442058,0.01112407,0.01599576,0.03112407,0.04663856,0.07687134,0.01037028,0.06625311,0.0195038,0.02330039,0.07531516,0.03128743,0.0542315,0.01226679,0.01221494,0.00303939,0.07465216,0.004724076,0.04529011,0.05011126,0.04989219,0.01062578,0.0002389742,0.01558173,0.05686435,0.02561261,0.02695778,0.06871357,0.0453977,0.05435136,0.07001445,0.04626337,0.04457629,0.06369104,0.03242065,0.04300659,0.06165209,0.06898884,0.05553886,0.05678023,0.04978694,0.05096217,0.06198751,0.0580864,0.04018145,0.01112846,0.03842456,0.06576429,0.05873841,0.050499,0.03408358,0.05846417,0.05531036,0.03609712,0.05474848,0.01582303,0.0455565,0.08843376,0.01069046,0.02064996,0.0003180397,0.02852017,0.007594149,0.03773564,0.04806172,0.05893569,0.04193736,0.03738493,0.01314534,0.0152714,0.03277838,0.05626906,0.06173389,0.04360256,0.04507166,0.05783712,0.03411104,0.04280319,0.0477156,0.06220495,0.07571654,0.05598586,0.01816012,0.02767765,0.05473532,0.02811148,0.04011115,0.03927705,0.04699423,alERC,sub-S08,g,randomWalker2,freq01234
0.06419142,0.02365652,0.08971846,0.05078971,0.06158524,0.08267165,0.05313941,0.07137436,0.05332366,0.06719136,0.03393856,0.06963704,0.07482747,0.06585913,0.05567569,0.05370482,0.06522211,0.06042894,0.06454269,0.03779942,0.06102217,0.06681049,0.09475189,0.04359155,0.06351497,0.03866408,0.06967864,0.05801717,0.07400656,0.05068317,0.06097948,0.05657349,0.01612805,0.05535321,0.05677487,0.04594253,0.06966395,0.04119297,0.06746597,0.05592433,0.05012888,0.06663048,0.06535261,0.05623641,0.03378247,0.04348646,0.03001348,0.07288907,0.02607917,0.06746998,0.07171619,0.05883152,0.025992,0.03137489,0.0427135,0.06676,0.04187215,0.04095566,0.08430387,0.05141875,0.06702545,0.06043357,0.08240367,0.04735832,0.06697574,0.05243628,0.06772193,0.07649756,0.06034746,0.06878304,0.07851378,0.0535424,0.05538317,0.06927599,0.06358002,0.06692716,0.03809876,0.04530763,0.05254539,0.07808779,0.04875622,0.06267034,0.05139506,0.06523732,0.04707726,0.04999762,0.03480353,0.03549555,0.08630238,0.04227164,0.02175667,0.03453504,0.04797068,0.02686002,0.05656276,0.05651204,0.06424727,0.06004872,0.04839848,0.03085451,0.02977436,0.04736027,0.05695494,0.09544964,0.06302386,0.04974717,0.07005223,0.08303422,0.04660891,0.038412,0.05693996,0.07379715,0.05724013,0.03272321,0.02035249,0.06269941,0.07157026,0.04806728,0.04948104,0.05077977,pmERC,sub-S08,g,randomWalker2,freq01234
0.05168819,0.04028491,0.05156075,0.0001941095,0.02470497,0.005738948,0.02408933,0.02643791,0.04829838,0.0446335,0.01335899,0.08360782,0.05750045,0.01681808,0.02764487,0.00507698,0.06644136,-0.004148745,0.06566072,-0.002841091,0.03600262,0.05018704,0.07724624,0.02768779,0.02502849,0.0448253,0.02310332,0.02217447,0.01986445,0.0210302,0.02454142,0.05216955,0.0185613,0.03539712,0.02713404,0.05701212,0.08272434,0.009155172,0.06339122,0.02759388,0.03148771,0.09055316,0.02906589,0.05099556,-0.002748373,0.02867319,0.003375146,0.06111154,0.01614215,0.06346066,0.04709096,0.009019529,0.03245114,0.01940321,0.04254618,0.05883718,0.02424702,0.05066463,0.06902682,0.04964769,0.05196681,0.06358685,0.05114474,0.03977236,0.04981209,0.02859516,0.05653956,0.06701277,0.06972071,0.0594881,0.05872437,0.04755128,0.04864522,0.07007866,0.05954369,0.03950584,0.01663702,0.04581959,0.05811726,0.05119508,0.04385763,0.03904444,0.06042182,0.05419181,0.02818824,0.0642656,0.04666821,0.05742929,0.09617458,0.004737392,0.04356949,0.009647886,0.01857222,0.01499485,0.05044255,0.03775701,0.06357431,0.0509111,0.02928665,-0.00263443,0.01621225,0.04248096,0.06081972,0.05767854,0.03765281,0.04167204,0.05816996,0.05461393,0.03436951,0.02526613,0.07029261,0.0756282,0.05627987,0.02448771,0.03744556,0.05523423,0.02690434,0.04146371,0.04412497,0.067928,alERC,sub-S08,g,randomWalker3,freq01234
0.04673612,0.07525184,0.08907367,0.01961188,0.02256879,0.03067369,0.03474265,0.02570724,0.09500778,0.05022833,0.04407231,0.07895489,0.07649654,0.02141592,0.0183579,0.02293552,0.07797456,0.008696259,0.04959095,0.01003215,0.0392121,0.03820509,0.08332099,0.02858275,0.01911303,0.08485641,0.03252934,0.02125444,0.02263831,0.0351295,0.05628012,0.05353418,0.03026299,0.06087372,0.05728913,0.05465168,0.07189745,0.04778597,0.06463008,0.06694432,0.05068701,0.0776378,0.06987434,0.05767161,0.02860104,0.05087456,0.03302872,0.0643615,0.0369493,0.07354094,0.0792808,0.006376137,0.04607688,0.04078116,0.06274458,0.07070978,0.03845845,0.05503767,0.08685657,0.0564671,0.06780491,0.0537067,0.07979655,0.04407239,0.05234551,0.0500704,0.09002881,0.08212976,0.05888778,0.07167617,0.07460097,0.04759404,0.05108682,0.06820252,0.0637575,0.05637029,0.04027436,0.05202282,0.04874337,0.06631538,0.04394802,0.0603494,0.05042192,0.05980159,0.03596421,0.0562606,0.05535734,0.07781368,0.08704364,0.04251233,0.03490091,0.0192966,0.04297958,0.02874223,0.03061251,0.0408909,0.06340857,0.05905002,0.03741821,0.01256744,0.02461312,0.04811645,0.06496035,0.09502212,0.05393413,0.04683113,0.06520059,0.1016678,0.03836869,0.02205699,0.06763852,0.06913956,0.05391422,0.03676636,0.04486965,0.06167157,0.07236727,0.04410668,0.0523943,0.07467645,pmERC,sub-S08,g,randomWalker3,freq01234
0.03638901,0.0394824,0.0500836,0.04465498,0.02438317,0.03310568,0.04113637,0.0313193,0.04962055,0.04727891,0.01562768,0.03303636,0.04776974,0.03698913,-0.0049746,0.01729452,0.05400722,-0.005241995,0.04997291,0.03242142,0.04585539,0.03939504,0.04860841,0.05299934,0.01760709,0.0655988,0.05096313,0.04248852,0.06715752,0.06797372,0.02257167,0.01608046,0.01895863,0.05077755,0.007246512,0.0617149,0.08357423,0.007814108,0.06356993,0.02312988,0.02171947,0.0832479,0.01367791,0.04761523,0.02585971,0.01445915,0.001283598,0.07771425,0.009042461,0.02546114,0.05303324,-0.007906149,0.02959143,-0.01813863,0.02831607,0.06127421,0.03297183,0.04017599,0.07230343,0.05389717,0.05518805,0.06850121,0.05241794,0.03953722,0.04657906,0.03142679,0.05802348,0.06565245,0.06808016,0.06323012,0.05251061,0.04761444,0.0572407,0.06440051,0.06037029,0.02929356,0.00704549,0.0464386,0.05041171,0.04396654,0.04444432,0.03832634,0.06803397,0.04670471,0.03294604,0.05675647,0.04904253,0.05956048,0.09417313,-0.003895849,0.03543441,-0.01153241,0.01564432,0.01610437,0.04884928,0.03350902,0.06617033,0.02889225,0.0360538,-0.00849181,0.01840835,0.04515697,0.05136824,0.04884713,0.03404393,0.03908974,0.06169194,0.07261541,0.03613418,-0.001559534,0.06656487,0.07566893,0.05779904,0.02840655,0.04370239,0.05160155,0.02279834,0.04586637,0.03849803,0.06373606,alERC,sub-S08,g,randomWalker4,freq01234
0.07110867,0.05317967,0.09092504,0.06986618,0.01444653,0.07168894,0.07652485,0.01801807,0.06865592,0.06637912,0.03412496,0.04727347,0.07835131,0.04365879,0.05044365,0.04038774,0.08036803,0.05367507,0.05275331,0.02567109,0.05033349,0.0666419,0.06383747,0.06563993,0.01516047,0.09211858,0.07601596,0.03246293,0.05541046,0.0595293,0.05052802,0.02804644,0.03577768,0.05374987,0.05178126,0.06488904,0.07410766,0.05275665,0.06750504,0.06727317,0.03164728,0.07103069,0.05948425,0.06044125,0.03525031,0.05005224,0.03741127,0.0739732,0.03464171,0.06568106,0.0755068,0.02778472,0.047672,0.01509977,0.0395534,0.07969765,0.04839505,0.05457575,0.08083588,0.06165223,0.07220747,0.05156746,0.07870815,0.04734911,0.04965167,0.05409369,0.09472607,0.075712,0.06060665,0.07157248,0.06977836,0.04904825,0.05738525,0.06780105,0.06382056,0.04806391,0.0459374,0.05009223,0.04643008,0.06067002,0.04622041,0.06541922,0.05927282,0.05433568,0.04259749,0.05635012,0.05854978,0.06699287,0.08600875,0.04605332,0.03136142,0.02125872,0.04809611,0.0336355,0.04118337,0.04201015,0.06648832,0.04054905,0.04370589,0.02169399,0.03169533,0.05532305,0.06399534,0.0961842,0.05847444,0.0489547,0.06772248,0.1022229,0.04275641,0.01162068,0.06511333,0.07114159,0.05700791,0.04122247,0.05020991,0.06339471,0.07787038,0.04997792,0.05317193,0.06711549,pmERC,sub-S08,g,randomWalker4,freq01234
0.03608019,0.01292145,0.05109727,0.03550943,0.07148243,0.03655085,0.03352316,0.06102614,0.0733394,0.05613406,0.01531474,0.01479585,0.03587649,0.04039124,0.0443776,0.003837835,0.005474078,0.06091005,0.05333329,0.03041862,0.03325026,-0.00593306,0.08531983,0.008487099,0.05545102,0.06088663,0.0308517,0.04676967,0.06729796,0.04077735,0.003320242,0.06496427,0.0252933,0.04568076,0.04553887,0.003701821,0.05224074,0.05794337,0.07111122,0.0626063,0.07152545,-0.01425704,0.01556611,0.05668526,0.07744806,0.006898901,0.03719917,0.04214578,0.01470734,0.02896455,0.04447641,0.06568169,0.04213101,0.003327928,0.02458355,0.02264833,0.04205024,-0.02307566,0.05556658,0.006742432,0.06490749,0.06914251,0.05635706,0.02601939,0.04681505,0.01656736,0.05932688,0.06434768,0.06280694,0.06251997,0.06000021,0.04890839,0.05036938,0.06012032,0.06592982,0.03150186,0.02135272,0.05113608,0.04986886,0.04565325,0.04700099,0.04286522,0.06630544,0.04907491,0.02975575,0.0588372,0.04274183,0.04900256,0.08542722,0.0009582855,0.03536044,-0.002743125,0.01860334,0.01170794,0.01364352,0.02913676,0.05976437,0.01938601,0.03100001,0.007472434,0.01742866,0.03337056,0.05668051,0.05706682,0.03291411,0.04032846,0.05462991,0.06022663,0.03524784,0.001815532,0.06354092,0.07043527,0.05604543,0.02567221,0.03456159,0.04967374,0.02523732,0.04073813,0.03950305,0.06517673,alERC,sub-S08,g,randomWalker5,freq01234
0.06631295,0.02028147,0.09034126,0.04843441,0.06282078,0.04377562,0.01578572,0.06176298,0.0690208,0.07014166,0.03618392,0.01149786,0.08305637,0.03260768,0.04266525,0.02410306,0.04481068,0.05350047,0.05446208,0.05860384,0.05521166,0.001782933,0.08895732,0.0136551,0.0562292,0.0630991,0.03016672,0.0545164,0.07344966,0.04642,0.02751149,0.07033118,0.03913307,0.06051234,0.04457045,0.0383004,0.06931539,0.05961395,0.06490906,0.07401475,0.07393057,0.01016678,0.05047799,0.05478183,0.06605615,0.006337584,0.07031292,0.07586153,0.0342682,0.07454138,0.05402594,0.06473127,0.0523681,0.03537363,0.05385512,0.05431782,0.04532307,0.007464629,0.08004689,0.007690904,0.07979397,0.05555113,0.08111624,0.03984667,0.05592844,0.04065968,0.09376763,0.07395096,0.05906248,0.07359301,0.07262526,0.05129009,0.05595715,0.06581298,0.07040965,0.0417105,0.04050896,0.0542011,0.04853019,0.05897576,0.05076649,0.0621395,0.06437678,0.04562763,0.04187334,0.05623301,0.05541281,0.05860124,0.08368053,0.04369557,0.03006306,0.03187587,0.04402878,0.02928628,0.001645971,0.042187,0.06489812,0.04086811,0.04262435,0.03090123,0.02954933,0.04817678,0.06518065,0.09875225,0.05168617,0.0484454,0.06539632,0.1055174,0.04235474,-0.0005154401,0.06368781,0.0685931,0.0597853,0.04100676,0.04562706,0.06079009,0.07513505,0.04799107,0.05208612,0.06775507,pmERC,sub-S08,g,randomWalker5,freq01234
-0.005265101,0.04138856,0.05191845,0.0186443,0.0171432,0.01386173,0.04563353,0.002641584,0.04459444,0.01621869,0.03972196,0.1029252,0.02365054,0.003934392,0.009344138,0.0161381,0.03725691,0.0004743541,0.02224889,0.03657808,0.03099052,0.06640331,0.0350431,0.03717268,0.03207276,0.05937085,0.03090648,0.03757576,0.03420377,0.02503495,0.01045111,0.06582206,0.01219228,0.06269927,0.06174352,0.002899201,0.04981531,0.0581662,0.07029079,0.05055516,0.07087312,0.04232782,0.01673516,0.07127298,0.06405782,-0.01907595,0.03318986,-0.004662705,0.02179257,0.02403088,0.04586158,0.05386518,0.0275089,-0.001111205,0.01527952,0.02792178,0.03811605,-0.002186872,0.0473021,0.01914099,0.05285756,0.07028247,0.05400692,0.03379229,0.03061301,0.02495422,0.06372611,0.06455927,0.0649218,0.06055952,0.05281317,0.04769458,0.05668641,0.06553041,0.05913379,0.04687931,0.01903876,0.04526606,0.05257099,0.04552951,0.04119423,0.0468895,0.0710016,0.05063221,0.03139151,0.06055132,0.04225037,0.05596358,0.08738191,0.00124131,0.03554957,-0.003638912,0.01971709,0.006261654,0.0214072,0.04594783,0.067472,0.0309898,0.03348897,0.008444919,0.01670904,0.03666626,0.05605155,0.06136926,0.04418138,0.04177677,0.05712494,0.06004261,0.03893982,0.03776801,0.06887387,0.0716356,0.0544668,0.02122183,0.03658881,0.05356297,0.02577549,0.04104188,0.03932041,0.06264456,alERC,sub-S08,g,randomWalker6,freq01234
0.007260138,0.05155194,0.09029641,0.05463324,0.05795201,0.02452442,0.08196066,0.02067176,0.07568581,0.01243636,0.05896391,0.1022114,0.04831997,0.03007092,0.02100845,0.03758287,0.06289046,0.01942983,0.03852374,0.08688492,0.01838381,0.05726681,0.04456758,0.04401755,0.05196117,0.08456288,0.02730384,0.05305656,0.03979775,0.05705746,0.0352,0.07018808,0.03432184,0.07151375,0.0583765,0.03636216,0.06591593,0.05698491,0.06324362,0.07090988,0.07196593,0.0360113,0.05041,0.06000993,0.05577758,-0.005649247,0.06647804,0.009509504,0.03782048,0.07577876,0.06353358,0.05623497,0.04356243,0.03186857,0.05007774,0.05207857,0.0401881,0.02818124,0.08001383,0.01870053,0.06788577,0.05519772,0.08332516,0.04236082,0.03676414,0.04782314,0.09487502,0.07433431,0.05796956,0.07191423,0.06759838,0.04851511,0.05736136,0.06853329,0.0640674,0.05830627,0.04556615,0.05193523,0.04873118,0.05677571,0.04920119,0.05885755,0.06136799,0.04377221,0.04084828,0.05619004,0.05393179,0.05892793,0.08189011,0.04182947,0.03362735,0.03293037,0.0464478,0.02719605,0.00698764,0.05334133,0.06786027,0.04643078,0.04264111,0.03189087,0.02868214,0.04815703,0.06030623,0.0955032,0.06808326,0.04717513,0.06562579,0.1002937,0.04203776,0.02185678,0.06585286,0.06963922,0.05419243,0.03311559,0.04076441,0.06241528,0.07601845,0.04619967,0.05424028,0.07250654,pmERC,sub-S08,g,randomWalker6,freq01234
0.03937427,0.0238064,0.0517663,0.05096092,0.02700306,0.06219403,0.02321413,0.02064312,0.04229176,0.04751037,0.02960736,0.06648502,0.03921518,0.06137785,0.04130827,0.009003477,0.03907296,0.01974088,0.0328959,0.04854572,0.01985764,0.05717989,0.06124139,0.04046891,0.0252883,0.05710117,0.05771876,0.01269616,0.03595588,0.02475583,0.02755986,0.03268803,0.004166584,0.03165057,0.01730201,0.04931297,0.07819963,0.01411178,0.06120008,0.02072913,0.03052719,0.08544629,0.03094061,0.05914769,0.01106491,0.02718793,-0.0009903891,0.08165969,0.008489355,0.02231855,0.04675156,0.008358377,0.0251056,0.004217464,0.0323992,0.05566286,0.02906961,0.02587096,0.06415916,0.04418149,0.05686736,0.06983779,0.04863748,0.04414051,0.04510918,0.0241276,0.05699904,0.06218454,0.06884282,0.05732608,0.05906579,0.05007297,0.05825391,0.06377704,0.05857243,0.03243929,0.01306367,0.04196021,0.05734571,0.04346585,0.04673651,0.04627211,0.05869452,0.04819604,0.03427125,0.05885104,0.03992436,0.04977849,0.0895659,0.003901415,0.03178428,0.004271971,0.02640173,0.007553156,0.03009533,0.03928422,0.06317681,0.04821808,0.03673127,0.01250304,0.01734718,0.04170774,0.05779068,0.06022447,0.03457699,0.04482717,0.05599677,0.05548612,0.04025941,0.02521667,0.06534504,0.07252596,0.05850212,0.02456423,0.04157069,0.05643067,0.02695584,0.04454416,0.04309192,0.0580572,alERC,sub-S08,g,randomWalker7,freq01234
0.05667074,0.05796265,0.08943145,0.06091519,0.03787137,0.03510456,0.0442492,0.008024459,0.08479615,0.07803088,0.06456908,0.06400368,0.05336496,0.04662641,0.04672827,0.03266787,0.06673413,0.04362614,0.04964054,0.05669143,0.0117165,0.0410546,0.05658669,0.03764541,0.0003583084,0.0917997,0.03165729,0.01045792,0.0331973,0.03906959,0.06135547,0.04358483,0.02569604,0.05449157,0.05909082,0.04957232,0.07180534,0.04689326,0.06408883,0.06883954,0.04991534,0.07739139,0.07077698,0.05601626,0.0362569,0.05223842,0.02869749,0.0786861,0.02906693,0.06168306,0.07828082,0.02941224,0.03809833,0.02898194,0.0520758,0.07147221,0.04312025,0.03876058,0.07666703,0.05042722,0.06749338,0.05621203,0.07582232,0.04697284,0.04897593,0.04778545,0.08316653,0.07772554,0.06146281,0.06733263,0.07665388,0.05079546,0.0576928,0.06682792,0.06245404,0.05397894,0.04177633,0.04865113,0.04712987,0.06279473,0.04364737,0.06701778,0.05167246,0.0467075,0.04289386,0.05533526,0.05299055,0.06514018,0.08408315,0.04498739,0.02478126,0.03295041,0.05123961,0.02921498,0.01190336,0.04757569,0.06496399,0.06006845,0.04480454,0.02913838,0.02921256,0.05126023,0.06533716,0.09236653,0.05393041,0.05095128,0.06689408,0.1032978,0.04496253,0.008022847,0.0634457,0.06882907,0.05830678,0.03687521,0.0482179,0.06493268,0.07450163,0.04875167,0.05539685,0.07200445,pmERC,sub-S08,g,randomWalker7,freq01234
0.04488647,0.05448901,0.05353731,0.06050466,0.0148846,0.04509494,0.03379638,-0.002955529,0.0689325,0.02386877,0.0655479,0.08825251,0.06673161,0.04728285,0.03055398,0.02149216,0.06289752,0.02460187,0.03131732,0.03632313,0.06000608,0.06782598,-0.001806366,0.04042349,0.01424626,0.09077324,0.06469246,0.03636544,0.03484035,0.03492501,0.04444259,0.01065887,0.04894208,0.06010228,0.03707146,0.0709851,0.07360777,0.02346581,0.0487876,-0.004763211,0.02159148,0.06728184,0.03645055,0.04643381,0.02614864,0.04922473,0.006545004,0.09698267,0.0203229,0.01848426,0.06888742,0.002145026,0.02033824,-0.00244626,0.005595574,0.0575243,0.02845837,0.05864926,0.07263686,0.05667041,0.05366047,0.06733257,0.04974407,0.04653943,0.05154738,0.02828722,0.05753409,0.06617974,0.06869642,0.05859324,0.0612194,0.04854774,0.0555392,0.06404949,0.05738815,0.03140992,0.01168677,0.04795754,0.05699428,0.04576729,0.04389184,0.03769825,0.06245123,0.05236963,0.03464421,0.05908099,0.04771718,0.05574678,0.09258281,0.005216893,0.03652974,-0.008335146,0.01842565,0.01564343,0.03178049,0.03956775,0.06842797,0.03412224,0.03793744,-0.00063052,0.0207069,0.04432611,0.05690005,0.06239202,0.03454238,0.04233285,0.05844991,0.0695409,0.03632214,0.01744044,0.06733588,0.07602518,0.05898175,0.02704942,0.04005334,0.05598713,0.02673552,0.04613498,0.04154259,0.06483621,alERC,sub-S08,g,randomWalker8,freq01234
0.06610321,0.06039121,0.08919584,0.05959617,0.05940994,0.04540835,0.05463486,0.02622052,0.07942619,0.01600713,0.07921238,0.08160507,0.06307612,0.0393632,0.02318265,0.04282678,0.07812955,0.02792455,0.03726414,0.06395046,0.05518262,0.05042652,0.01901411,0.02824214,0.04951686,0.10082,0.04542144,0.05264166,0.05141249,0.06074151,0.05784747,0.01752818,0.05639652,0.06578444,0.0404201,0.06611307,0.06994886,0.05983265,0.06210136,0.03308878,0.03543834,0.0723338,0.07752819,0.06036399,0.0245319,0.07046665,0.04989053,0.0897525,0.04253697,0.05516604,0.07672264,0.02959988,0.04213912,0.03385736,0.05006644,0.07752232,0.04339595,0.05471949,0.08220683,0.05907454,0.06773595,0.0549859,0.07318274,0.04915143,0.05906646,0.04863277,0.0908634,0.07741258,0.05865558,0.06878272,0.0771365,0.05065943,0.05728292,0.06697716,0.06250913,0.0571534,0.04557043,0.0540892,0.04925079,0.06158658,0.04495117,0.06396837,0.05469423,0.05380109,0.04532188,0.0558042,0.05636453,0.06214435,0.0852574,0.04496941,0.03235318,0.02394843,0.04852239,0.03397511,0.01238995,0.04208291,0.07040633,0.06200933,0.04628337,0.02710773,0.03421174,0.05635456,0.06511298,0.09256123,0.05313103,0.0516558,0.06348915,0.102911,0.04307685,-0.001889995,0.06484302,0.07115975,0.05817155,0.03999447,0.04802019,0.06666875,0.07550354,0.05256966,0.05457776,0.0745242,pmERC,sub-S08,g,randomWalker8,freq01234
0.04653006,0.02673855,0.05344058,0.06517903,0.0287356,0.0179688,0.05161515,0.02618272,0.003522753,0.07541402,0.06888784,0.02942175,0.0676025,0.04635201,0.0308057,0.01700716,0.07582714,0.04547584,0.02449523,0.01534044,0.03583787,0.02676248,0.07151877,0.04999625,0.02942186,0.0228698,0.04494137,0.04505286,0.06066155,0.0688789,0.05336268,0.01906649,0.06130924,0.06905895,0.04987272,0.06403675,0.0689581,0.0185582,0.04908756,-0.000649866,0.03485043,0.04009197,0.02959043,0.04487062,0.05363503,0.008298257,0.002485904,0.08482409,0.02421575,0.008842485,0.07208718,0.01833396,0.02594341,0.005828916,0.006258417,0.05620255,0.03114145,0.05897532,0.06846617,0.06186115,0.04972795,0.06983079,0.05245951,0.03385653,0.03031934,0.0272675,0.05581813,0.0677449,0.06995906,0.06443592,0.05242852,0.04745215,0.05119969,0.0606759,0.05724915,0.0387581,0.01503303,0.04460133,0.05926404,0.05046574,0.0441245,0.03189119,0.07560384,0.04856839,0.03392705,0.05663192,0.04958879,0.05570265,0.09034133,0.001789846,0.03906915,-0.006266419,0.01753139,0.01696095,0.04607586,0.01464315,0.06534912,0.02139486,0.03786718,-0.003271702,0.018015,0.04305634,0.04981329,0.05786138,0.03522275,0.03904093,0.06032041,0.06279217,0.03697842,0.03482203,0.06903534,0.0748541,0.05788025,0.02961685,0.04170033,0.04891372,0.02325544,0.04709676,0.03837643,0.0745177,alERC,sub-S08,g,randomWalker9,freq01234
0.06953405,0.05113222,0.09076554,0.109225,0.01701212,0.06768645,0.07905382,0.03135956,0.02602977,0.06353281,0.08626931,0.05920725,0.09627842,0.04215264,0.08303057,0.04451946,0.0849576,0.07467846,0.03439572,0.01466779,0.0655222,0.06414111,0.06401223,0.04617978,0.03746119,0.03750599,0.09523185,0.0459399,0.06241743,0.07198735,0.06265741,0.03030385,0.06466976,0.07218565,0.0499404,0.06214127,0.0707903,0.04632771,0.06145083,0.03364423,0.04315264,0.06087252,0.06984065,0.05538834,0.06314661,0.02703012,0.04895915,0.09094403,0.04310354,0.04844433,0.08059711,0.0426586,0.04571008,0.03703183,0.05241268,0.07781257,0.04309332,0.0570744,0.08384465,0.05868053,0.07131334,0.05747638,0.07843967,0.04094422,0.03525207,0.04899496,0.09127402,0.07549945,0.06192363,0.07458278,0.06941331,0.04956624,0.05589608,0.06495344,0.06358411,0.05902437,0.04076574,0.05016652,0.05277059,0.06652477,0.05186988,0.06311606,0.06798372,0.05453137,0.0439118,0.05520017,0.05934489,0.07016767,0.08234101,0.04550892,0.03490086,0.02699023,0.04855273,0.0366888,0.03396933,0.02601197,0.06665336,0.04668941,0.04696313,0.02210348,0.03022936,0.05348919,0.0613689,0.09376819,0.05557046,0.04841,0.06483636,0.09889984,0.0432937,0.03166703,0.0655235,0.06884218,0.05720881,0.04369828,0.0511327,0.06029619,0.07303915,0.05195696,0.05209889,0.07940084,pmERC,sub-S08,g,randomWalker9,freq01234
-0.01759606,0.01384475,0.05282776,-0.02153494,-0.01577497,0.01107482,-0.0103586,0.02610984,0.06174999,0.07876079,-0.01295033,0.06425019,0.04118434,0.01284888,0.004033542,-0.009010097,-0.01052327,0.003680183,0.04842387,-0.02690664,0.007051178,0.04724794,0.01224859,0.04403927,0.01732122,0.06448947,-0.004434692,-0.007223941,0.01300714,-0.04511265,-0.02364143,0.00526685,0.04219007,0.02179301,0.006894636,0.01155827,0.01884941,-0.02635374,0.02375173,-0.03327156,0.02385143,0.03057562,0.01161913,-0.01184535,0.05905036,0.01022728,0.01556675,0.003161684,0.02208801,0.0282247,0.04452598,0.07831728,0.01146594,0.02187234,0.02702776,0.01806095,0.005226464,-0.02487154,0.04879507,-0.03192499,-0.004904774,0.01118122,0.07527846,0.04902798,0.003121878,0.0175059,0.05206092,0.0604221,0.02951486,0.04948897,-0.03220091,-0.004678642,0.01724943,0.02369547,0.02073151,0.006816482,-0.01153478,0.02831591,0.01628411,0.01982703,0.0503938,0.006944519,0.007644364,-0.006558286,0.006917521,-0.03437635,0.02492559,0.04172464,0.01833222,-0.004219305,0.06700853,0.02103846,0.004293371,0.001218742,0.03355807,0.03120505,0.02040705,0.02076267,0.01946746,0.02858752,-0.01117575,-0.001706483,-0.03569084,0.06434973,0.02481074,-0.02391833,0.04775171,0.06059227,-0.014138,0.03562214,0.009571535,0.02933226,0.01270573,0.01174264,0.02290972,-0.01281778,0.0202641,0.005616899,-0.01323731,0.04509123,alERC,sub-S09,g,randomWalker0,freq01234
0.04435398,0.02121202,0.05484686,0.002082525,-0.004441041,0.03061535,0.02469307,0.003298163,0.08413265,0.07182182,0.01582657,0.04998617,0.04956818,0.009007363,0.06680173,0.03675654,0.02420267,0.04402079,0.04999828,-0.005348421,-0.0001384563,0.044745,0.04115738,0.05576552,-0.003497836,0.0870207,0.01373308,-0.007922051,0.01935649,0.003417734,0.03743532,0.02610693,0.04909926,0.06593008,0.02410815,0.04776899,0.07077019,0.03280193,0.07007784,0.003957504,0.03690239,0.04899869,0.03453848,0.04606631,0.04688304,0.01155533,0.03998528,0.05791474,0.06112007,0.03442647,0.06124976,0.06316092,0.05442375,0.06037686,0.03619028,0.05483984,0.05783734,0.04845111,0.08783609,0.04884327,0.0590558,0.01936992,0.102488,0.01695303,0.00841394,0.03267567,0.05367618,0.0924921,0.06955077,0.09392113,0.02912935,0.05117103,0.007538489,0.0806438,0.07994355,0.03743002,0.0231989,0.06528261,0.08161795,0.04315667,0.08180244,0.02220301,0.05094539,0.01733833,0.0620253,0.04322809,0.05776558,0.08603798,0.08704402,0.0218092,0.04965484,0.05280655,0.04856952,0.03568297,0.08540865,0.07913322,0.08103715,0.07412088,0.06970533,0.05964419,0.0343768,0.05479214,0.04239759,0.07236324,0.04365764,0.04634526,0.06827109,0.07766443,0.04535124,0.04009742,0.07762288,0.07062679,0.06775512,0.04984254,0.07172094,0.06007979,0.03137582,0.06245416,0.05042076,0.08215968,pmERC,sub-S09,g,randomWalker0,freq01234
0.06736504,0.0336806,0.0519315,0.01373132,0.01996926,0.02400435,0.02468671,0.03923972,0.05684159,0.08564202,-0.001366732,0.0563433,0.03909193,0.06060955,0.05554068,-0.00452439,0.0338809,0.06382313,0.06056284,0.009769435,0.01166756,0.06293426,-0.02430491,0.07300292,0.03643141,0.02074671,0.04216152,0.01492972,0.02542214,-0.01442114,-0.03421251,0.05393733,-0.02448654,0.05309444,0.05431027,0.02876499,0.03118416,-0.02553267,0.008829007,0.01496597,0.04251843,-0.03239197,0.01921662,-0.01150832,0.002129239,0.002409783,-0.01497744,0.0701214,0.00167558,0.03495003,0.05526518,-0.02525296,0.006692663,0.02108168,0.03640636,0.01480735,0.0150777,-0.03227425,0.08287401,-0.03612171,0.008746645,-0.01114663,0.07869228,0.0768358,0.03539553,0.01707566,0.08969821,0.05053647,0.03221528,0.04330981,-0.0378032,-0.007079429,0.01686986,0.03866976,0.01567488,0.04182773,-0.00606826,0.01928477,0.007583701,0.02007286,0.05821848,0.06554137,0.0117836,-0.01029332,0.01685465,-0.02734697,0.0198629,0.0534906,0.02341728,0.00291253,-0.0117799,-0.04090736,0.01762384,0.002679813,0.05102697,0.0477015,0.02986589,0.03908029,0.03375031,0.05620666,-0.01055393,0.004560579,-0.03942459,0.0634569,0.03522966,-0.02351461,0.03575786,0.05701459,-0.02154556,0.04793618,0.01914267,0.02070701,0.01509805,0.01188876,0.03779551,-0.004610467,0.02489821,0.01091477,-0.008102123,0.02353299,alERC,sub-S09,g,randomWalker1,freq01234
0.04993255,0.03812566,0.05284983,-0.009581521,0.01276293,0.04780515,0.00328219,0.01424989,0.05554941,0.05580482,0.01588446,0.0522412,0.04955654,0.03011767,0.07658208,0.03230847,0.03551729,0.04670491,0.04319822,0.01388252,0.01730656,0.04835764,-0.005640457,0.04523168,0.02510644,0.04742615,0.04075148,0.00218082,-0.002111436,-0.0121003,0.01031044,0.03687488,-0.01062613,0.07388894,0.04517809,0.04862422,0.07876895,0.03857767,0.06943487,0.03598887,0.05958364,-0.002417702,0.03452269,0.03948814,0.03418274,0.01115066,0.04007892,0.05205911,0.05237463,0.02896375,0.05244698,0.0112927,0.06297368,0.04604313,0.0437754,0.05117424,0.06430966,0.01909567,0.1055629,0.003265046,0.0736311,-0.00331115,0.1042341,0.03586168,0.03513799,0.0246151,0.05190018,0.06954751,0.07470715,0.09040421,0.01874316,0.05666017,0.003537885,0.08787964,0.0806732,0.04790636,0.0239614,0.0604923,0.06248498,0.03440299,0.08456045,0.06939901,0.01362206,0.01171647,0.06792123,0.04753201,0.06039514,0.09419181,0.08659494,0.02615997,0.007245106,0.02189309,0.04969708,0.0347694,0.05242362,0.09448677,0.08395531,0.06142201,0.08141419,0.07076687,0.03636165,0.05958566,0.04150879,0.06767798,0.03911917,0.04597148,0.05477261,0.07226997,0.03976053,0.0431024,0.08149642,0.06271096,0.06664467,0.04624622,0.08515494,0.06342287,0.03160793,0.06478409,0.05581223,0.0721628,pmERC,sub-S09,g,randomWalker1,freq01234
0.005779702,-0.02045551,0.05213421,0.03106953,0.0493128,0.02011042,0.05741511,0.01942754,0.01078577,0.02099562,0.02416336,0.003239742,0.02208466,0.0484593,-0.007453985,-0.0009048865,0.00647997,0.02312897,0.02066912,0.01800969,0.02600786,0.06333025,-0.01096707,0.01752933,0.01325896,0.001615627,0.02929711,0.01038688,0.0442482,0.03291899,0.005526636,0.01611865,0.02381464,0.0608495,0.0445506,0.01956433,0.00708233,-0.02622353,0.01844355,0.005354515,0.03325231,0.00586956,0.004559732,-0.01120277,0.01191541,0.01991151,0.004163494,0.007975883,-0.008460099,0.01352962,0.06244138,0.04253316,0.01560582,0.01123766,0.01347758,0.0142259,0.009876339,-0.03514569,0.06294402,0.01800824,0.006606717,-1.843646e-05,0.08877736,0.05282203,0.03925766,0.007616187,0.05577362,0.05838853,0.01716183,0.05777282,-0.03577965,0.007233164,0.01208306,0.04491696,0.02017301,0.05415189,-0.0004042202,0.02606993,0.009895803,0.008557222,0.03823444,0.05659568,0.003533271,-0.0174798,0.01523532,-0.02713983,0.03195516,0.01844633,0.03412164,-0.01178863,0.03732884,-0.001059419,0.00139267,-0.008964888,0.05361268,0.04829374,0.03570216,0.02644983,0.03046867,0.06379353,-0.01519718,0.0125246,-0.0328766,0.06457316,0.04302491,-0.01689563,0.05396674,0.006740356,-0.007077587,0.03589057,0.0165631,0.03455684,0.01818193,0.0104328,0.03637261,-0.005561911,0.01766258,0.009911194,-0.001821262,0.03093197,alERC,sub-S09,g,randomWalker2,freq01234
0.02479215,0.009346677,0.050804,0.02846827,0.04018484,0.03948557,0.03526691,0.04953725,0.02492375,0.04084213,0.02584848,0.03214551,0.03859695,0.03407719,0.02744046,0.04721591,0.01624332,0.0392175,0.03656361,0.01698133,0.04546526,0.08809993,0.04460561,0.0113223,0.02792269,0.003536619,0.03276769,0.03239671,0.08401925,0.07541291,0.01351486,0.008522515,0.01087086,0.05652499,0.04297363,0.03040779,0.06658183,0.01142951,0.07072017,0.02976831,0.03036412,0.06896151,0.038946,0.03558632,0.04147343,0.03981454,0.01348453,0.03350816,0.01960296,0.02031253,0.04530604,0.05378097,0.04519842,0.05193139,0.02774033,0.06675138,0.05292777,-0.002870687,0.09762971,0.05442546,0.06211416,0.01795252,0.1046343,0.02264887,0.06565765,0.01817625,0.04136056,0.08593763,0.06230401,0.09771601,0.02134342,0.05890118,0.007060823,0.08925236,0.07214268,0.06219534,0.008578508,0.05653095,0.06891172,0.03333326,0.08029737,0.05848477,0.04938984,0.005264328,0.06353422,0.04625943,0.05204684,0.02431267,0.09118546,0.02085639,0.0283227,0.04072615,0.04572115,0.02295752,0.09247476,0.08645386,0.08857553,0.07075226,0.07510372,0.06114492,0.02568646,0.05531171,0.04094091,0.06804566,0.04462396,0.04524191,0.06983896,0.03896338,0.0429946,0.03095401,0.07043283,0.07234157,0.06712939,0.04106889,0.05285955,0.06073946,0.02600917,0.06187169,0.05022803,0.0145232,pmERC,sub-S09,g,randomWalker2,freq01234
0.01427987,0.07832926,0.05457782,0.001030008,0.003800191,0.05000031,-0.03518685,0.03222784,0.06379452,0.06236591,0.04084668,0.03004643,0.05049215,0.04383081,0.02273355,-0.02559156,0.02657888,0.02842292,0.0136663,-0.0282185,0.001739744,0.05644657,-0.03610898,0.06783932,0.01471046,0.006794963,0.06475455,0.001927544,0.02173613,-0.00812645,-0.01879225,0.04201287,0.01232684,0.03902787,0.0717082,-0.003171932,0.02012867,-0.01185111,0.01790186,0.02481266,0.06297631,-0.008827804,0.02815823,-0.004533314,0.01859196,0.03916546,0.01376488,-9.810286e-06,0.01319314,0.05977383,0.06551041,0.038489,0.03508017,0.01645122,0.07860242,0.007444026,0.009260443,-0.02445005,0.07214742,0.01778979,-0.004195642,0.005653168,0.08786412,0.0526041,0.01578104,0.01467449,0.03257712,0.06341625,0.02547341,0.06461913,-0.04194244,0.001818947,0.02111075,0.02602102,0.02357022,0.04990438,-0.01020882,0.03776059,0.02638902,0.01501124,0.06788485,0.001001045,-0.001725334,-0.01139067,0.01285263,-0.01554435,0.03642135,0.06168174,0.02345319,-2.759559e-06,-0.005350229,-0.04685204,0.01793984,0.009802178,0.02789856,0.06640101,0.03100721,0.05214791,0.0366015,0.0650124,-0.007214648,0.007457838,-0.03180373,0.06237043,0.03024696,-0.02621292,0.04925876,0.06153136,-0.02108517,0.01670689,0.02373759,0.02935479,0.01904367,0.0181262,0.03201259,-0.01013263,0.02030908,0.01162491,-0.009890996,0.0549482,alERC,sub-S09,g,randomWalker3,freq01234
0.03010202,0.05054595,0.05281397,-0.008294876,-0.003738829,0.0198624,-0.004547676,0.007673911,0.05593076,0.04319028,0.02944949,0.06632856,0.06287207,0.006350352,0.02656444,0.0214128,0.0532974,0.00653919,0.04310025,-0.009978171,0.001594103,0.02393379,0.04100965,0.02226487,-0.003131675,0.04189203,0.02743741,-0.003944949,0.01602349,0.01285986,0.01051007,0.0175698,0.01968799,0.06074246,0.05739392,0.04172135,0.07477649,0.02253734,0.06733094,0.04196414,0.03956312,0.06279518,0.04228639,0.04730742,0.04390653,0.03990431,0.02032719,0.04611987,0.03836998,0.05187861,0.04616504,0.02102189,0.07152838,0.05855829,0.0498063,0.06599501,0.054239,0.01248089,0.09641014,0.06488269,0.0561555,0.008234991,0.1045148,0.01526102,0.02950437,0.02208055,0.03887955,0.09121462,0.06096809,0.09895549,0.01997612,0.05542337,0.005534237,0.08302663,0.07939688,0.05636511,0.009340246,0.06813267,0.08391549,0.0323086,0.0760485,0.01865983,0.0479151,0.009717171,0.06237793,0.05044482,0.06258489,0.09466196,0.08401419,0.02396524,0.01819453,0.01454602,0.04779502,0.03650678,0.01044058,0.08852576,0.08150591,0.05217617,0.07837893,0.05766645,0.03297171,0.05816859,0.04831023,0.06188953,0.04124036,0.04523808,0.06534121,0.07542773,0.03904366,0.03562021,0.08257205,0.06819972,0.06514325,0.04212775,0.07584658,0.06076294,0.02951674,0.06060236,0.0553296,0.08346707,pmERC,sub-S09,g,randomWalker3,freq01234
0.0161324,0.02167616,0.05268531,0.05031929,0.03631773,0.0279408,0.06882031,0.01478517,0.02160196,0.02263202,0.06016031,-0.01542846,0.02826389,0.05850167,0.01231973,-0.007006051,0.02064921,0.04117078,4.325062e-05,0.03074798,0.02749324,0.04431625,0.04034867,0.03266266,0.01520406,0.05637892,0.03209381,0.02248754,0.02949112,0.01484905,-0.0331911,0.04441217,0.02428184,0.0176235,0.06311075,-0.01248317,0.01219803,-0.008088947,0.01989754,0.06252827,0.04869583,-0.02373878,0.009597147,-0.004167814,0.0004172618,0.05685949,0.01259071,-0.009599551,-0.001482575,0.0341674,0.06120061,0.02839359,0.04451353,0.01797737,0.06973674,0.002310988,0.01057034,-0.02632886,0.05640389,0.0158502,-0.009677351,0.01824738,0.08103038,0.04469514,0.01648353,0.01727622,0.05523078,0.06145069,0.02789662,0.05285082,-0.03683787,0.001180627,0.02515018,0.0232059,0.02149274,0.0566494,-0.01100319,0.03102262,0.02887252,0.02450056,0.05518189,0.01364475,0.01087012,0.004401112,0.01269644,-0.02267722,0.03335441,0.04824773,0.02109812,0.005726664,-0.0005601774,-0.02484093,0.011767,0.007333172,0.00749231,0.05126021,0.02769979,0.03607786,0.02891169,0.06039,-0.007702122,0.004130128,-0.03578276,0.05604505,0.02308055,-0.02730276,0.04351909,0.07358473,-0.01757715,0.04704249,0.01283333,0.02560956,0.0213147,0.0238482,0.03132087,-0.01462576,0.02143851,0.01118955,-0.01499605,0.02752416,alERC,sub-S09,g,randomWalker4,freq01234
0.02260436,0.05318314,0.05428941,0.05096158,0.01068761,0.04812414,0.0538682,0.02074013,0.05574932,0.02968142,0.02067303,0.0408735,0.04580716,0.03236384,0.02703242,0.04281107,0.04269972,0.03191828,0.02348431,0.005606781,0.05156485,0.07586516,0.02964775,0.0484841,0.01151214,0.06834613,0.06056962,0.03259617,0.06700379,0.07450981,0.01859715,0.01230946,0.03116972,0.06331151,0.06372491,0.03841881,0.07291695,0.02880282,0.06819846,0.0701407,0.03476624,0.05371961,0.04174883,0.03671992,0.04953319,0.05806583,0.01760444,0.06418044,0.03466273,0.03555387,0.05153632,0.04553888,0.07370647,0.05050867,0.04771091,0.06241334,0.05954157,0.01177603,0.09215198,0.0648118,0.05463375,0.03563514,0.1008324,0.0150033,0.03254461,0.02967398,0.05133987,0.09905052,0.07156993,0.09469998,0.01983394,0.0546619,0.01493494,0.08006148,0.08064223,0.05719369,0.005048506,0.06810018,0.08339911,0.04690673,0.08848055,0.01440338,0.06133366,0.01028344,0.06530633,0.04989528,0.06528381,0.09225786,0.0876104,0.02647035,0.01552093,0.02663671,0.04728246,0.03845436,0.008267646,0.08748222,0.08154286,0.0503931,0.0776096,0.05900333,0.03322742,0.05996791,0.04499153,0.05536203,0.04136633,0.04486689,0.06888213,0.09190635,0.0406277,0.04980483,0.07834287,0.07056969,0.07013374,0.05267145,0.07934885,0.0591827,0.03002838,0.06431751,0.05308776,0.07301544,pmERC,sub-S09,g,randomWalker4,freq01234
-0.004739497,0.0008885137,0.05244482,0.07664087,0.006202384,0.0568745,0.01842649,0.03181681,0.04127385,0.02968268,-0.004893099,0.01742942,0.06894531,0.02701439,0.0653559,0.009607063,0.009224094,0.06307258,0.001526098,0.004443758,0.07014972,-0.002751089,-0.01582367,-0.0120192,0.03810889,0.0298743,0.05293726,0.04171176,0.05421531,0.05072434,-0.05991013,0.06750817,-0.004322433,0.03394508,0.03573482,0.01432035,0.03800211,-0.0243259,0.007050104,0.01655692,0.06257232,-0.03064244,0.02866934,0.018386,0.02745162,0.03152792,0.003210043,0.07243035,-0.006087107,0.02441491,0.04566969,0.001234589,0.02387574,0.02391573,0.06294145,0.0309469,0.01879056,-0.03982169,0.07005935,-0.02491325,-0.01336137,0.01937974,0.07711554,0.04309091,-0.01402763,0.0145639,0.05008417,0.05543948,0.03113639,0.05509808,-0.01991168,0.002208598,0.02197047,0.02289394,0.01945657,0.06091092,-0.01792249,0.03062265,0.02838926,0.02997815,0.05819467,0.007938969,0.011034,0.03821789,0.0195744,-0.02292066,0.03860098,0.04544415,0.02619263,0.006215084,0.02370822,-0.01468121,0.01752415,0.008962942,0.04680118,0.06200114,0.0302694,0.02802212,0.03263483,0.05131204,-0.008211347,0.0153013,-0.03267036,0.06325237,0.02624918,-0.01787359,0.05154283,0.06319647,-0.01082143,0.04394047,0.01852861,0.03526478,0.02842152,0.02148,0.04087421,-0.004495411,0.02554131,0.0168407,-0.004141019,0.02758362,alERC,sub-S09,g,randomWalker5,freq01234
0.03665163,-0.01650566,0.05441495,0.05578087,0.05479719,0.01680558,0.0004428375,0.05995184,0.06848843,0.03745357,0.02550048,-0.005304999,0.05226008,0.01428621,0.02639388,0.04110906,0.02120227,0.06397238,0.02036106,0.03066413,0.03922079,0.005162629,0.04608095,-0.01695269,0.05820028,0.06065373,0.00917172,0.05427716,0.08043295,0.04792827,-0.002197231,0.0458639,-0.005393068,0.06621123,0.04949909,0.0381233,0.07634415,0.03934051,0.06542578,0.04685213,0.05615884,-0.02086878,0.03923869,0.03277686,0.03730099,0.02642319,0.04066974,0.08470891,0.04336986,0.03347651,0.05019294,0.03275372,0.06859095,0.05294775,0.04176816,0.05160221,0.06616514,0.007529771,0.0923597,-0.004905301,0.04839117,0.03644332,0.09865753,0.007595866,0.009864444,0.03366983,0.05006182,0.09991397,0.07064892,0.09625604,0.02016481,0.05515312,0.01339268,0.07840539,0.08116893,0.05161837,0.0005406771,0.07307957,0.08566213,0.05214661,0.0874831,0.01215064,0.06444278,0.02604416,0.06524222,0.04834446,0.06500508,0.0843854,0.09126648,0.02559644,0.01224978,0.03356388,0.05074819,0.03832405,0.06096705,0.087097,0.08285473,0.06604748,0.07477877,0.06419419,0.03102426,0.0603725,0.04345402,0.06595188,0.04490632,0.04594956,0.06126451,0.07854486,0.04128903,0.0368343,0.08041412,0.06515364,0.07366323,0.04633864,0.08145671,0.0616887,0.03206934,0.06493732,0.05545561,0.07248955,pmERC,sub-S09,g,randomWalker5,freq01234
0.01237386,0.05392081,0.05285169,0.008813296,0.03131885,-0.005782609,0.03713176,-0.01772847,0.08184111,0.0135835,0.05405793,1.704054e-05,-0.00349594,-0.01701424,-0.01111088,-0.008626316,0.006002676,-0.01108271,0.05135254,0.01781852,0.03725829,0.01463908,0.05910093,0.009808896,0.04629521,0.08417066,0.005256406,0.04123011,0.006468101,0.01166943,-0.04147632,0.04839476,-0.01610504,0.05277022,0.04388749,0.01813684,0.02231863,-0.0278708,0.006921651,0.009328542,0.05088317,-0.006780374,0.02053722,-0.003897823,0.05019023,0.03331701,-0.008424885,0.006205631,-0.003309795,0.04278745,0.04879443,0.03813964,0.01397609,0.02457349,0.04867096,-0.007085589,0.007969214,-0.02576653,0.07283761,-0.022052,-0.008480532,0.0188126,0.08529253,0.04849304,0.002437321,0.01261772,0.06733938,0.05659495,0.02376466,0.05287328,-0.02713492,-0.003291389,0.02695598,0.02058466,0.02140399,0.06618508,-0.01049313,0.03042129,0.02280554,0.036984,0.0572197,0.01457634,0.003325076,0.02832313,0.007539784,-0.02430859,0.02081759,0.03711458,0.02370693,-0.00750487,0.01151279,-0.0005113162,0.004344698,-0.003371491,0.0539378,0.03381477,0.02439165,0.01746646,0.02449954,0.04371692,-0.0144218,-0.0006774439,-0.03602372,0.06593394,0.04384286,-0.02474273,0.0446181,0.06528418,-0.01245972,0.02360236,0.01084305,0.03038185,0.01765981,0.007920559,0.02056285,-0.01448403,0.01904372,0.006407673,-0.01162575,0.03765169,alERC,sub-S09,g,randomWalker6,freq01234
0.04205837,0.0274292,0.05327382,0.02005926,0.03344139,-0.01563253,0.04561461,0.01228461,0.07385945,-0.008051801,0.04297687,0.03685223,0.00294395,-0.002991423,-0.009461042,0.03503537,0.02448273,0.009304687,0.05024092,0.04579246,0.01077741,0.02195567,0.07310087,0.02712451,0.03559158,0.07980464,-0.005185995,0.03522928,0.04544659,0.03803099,0.007620755,0.05082307,-0.009758689,0.07565235,0.05231269,0.03631779,0.06901359,0.03867146,0.06397035,0.0370889,0.05657629,0.01519099,0.03801053,0.04072228,0.05207247,0.02241482,0.0414078,0.0142067,0.04692287,0.03978815,0.05501645,0.04575004,0.05721752,0.05511986,0.0451005,0.0440813,0.05786895,0.02486293,0.08898186,0.004877701,0.04900645,0.04124874,0.1017132,0.01221144,0.008295297,0.03029603,0.06601814,0.09722669,0.0720688,0.09263977,0.01488365,0.05247333,0.01834358,0.0808958,0.07795583,0.06250788,0.004554518,0.06795786,0.08259157,0.05828625,0.09159584,0.01897931,0.05991599,0.02100299,0.06086367,0.04611155,0.05629122,0.08255123,0.08724616,0.02065286,0.01162242,0.04173574,0.046042,0.02691673,0.0604488,0.08069022,0.08425713,0.06983213,0.07315884,0.06237824,0.02867232,0.05490714,0.04214955,0.06674406,0.04401581,0.04401182,0.06370371,0.07748328,0.04227009,0.02382244,0.07795011,0.06870128,0.06560438,0.04200052,0.0743328,0.05943067,0.03036419,0.06086723,0.05133563,0.07603133,pmERC,sub-S09,g,randomWalker6,freq01234
0.03763561,-0.01553462,0.05234808,0.01568853,-0.005755752,0.0205526,-0.01561108,0.01270615,0.02745579,0.06865367,0.01267663,0.03569409,0.0253902,0.01975175,0.05929093,-0.01146621,0.009153017,0.03391214,0.05369864,0.03259377,-0.01050486,0.02811463,0.01442715,0.01276441,0.01210924,0.04098202,-0.001959588,-0.03010364,0.01275819,-0.0435614,-0.01394393,0.04162833,-0.001842946,0.04003624,0.05456733,0.006439463,0.01807099,-0.02689447,0.01595643,0.03110003,0.06020779,-0.004730748,0.02083336,-0.01688639,0.01385839,0.03112758,0.001477245,-0.01463267,-0.01428682,0.03269101,0.05307729,0.02844344,0.02017093,0.03044222,0.07157204,0.01884864,0.007206584,-0.03734605,0.06015934,-0.002422087,-0.002347982,0.004350743,0.07906888,0.0463289,0.0140392,0.0148591,0.06204908,0.05901328,0.03018581,0.05230569,-0.02947699,0.00112442,0.02118676,0.03324197,0.01931787,0.04188189,-0.01291145,0.03482422,0.01138766,0.0126304,0.04641781,0.03332545,0.00394138,0.009733896,0.0139159,-0.02508123,0.03643196,0.05009391,0.02159698,0.002014472,-0.002022096,-0.025606,0.008229492,0.00629609,0.0416485,0.05371142,0.03108269,0.02400213,0.03198333,0.04975614,-0.009680403,0.008021432,-0.03495741,0.06460952,0.02648807,-0.02232616,0.04920856,0.05251613,-0.0160538,0.02038711,0.01736126,0.0289485,0.02064792,0.01559982,0.03436718,-0.01059285,0.02171195,0.01262682,-0.007550485,0.06054009,alERC,sub-S09,g,randomWalker7,freq01234
0.04694406,0.02905683,0.05255903,0.02532522,0.01453061,0.03177877,0.002722462,-0.003583649,0.04634658,0.06091649,0.02987007,0.05849901,0.0558111,0.01746807,0.03021221,0.0320266,0.02912124,0.03819465,0.05256542,0.0522883,0.01572969,0.06227279,0.06429176,0.04039913,0.002467429,0.06145189,0.04632381,0.002950365,0.02531561,0.01905495,0.01632721,0.01594841,0.009889463,0.06159184,0.05833653,0.03597832,0.07765783,0.01850316,0.06682827,0.05109308,0.04441085,0.06001718,0.04366672,0.0346969,0.04540029,0.04451626,0.01564343,0.03560148,0.01659951,0.02637972,0.04344496,0.04406035,0.05999088,0.06626794,0.04607638,0.06796611,0.05657819,0.0003769616,0.09492503,0.05091132,0.06161099,0.02091421,0.1010159,0.02099398,0.03295176,0.02219811,0.05144354,0.08976544,0.06776638,0.09536521,0.02264218,0.05696657,0.01447138,0.08407854,0.07631893,0.0511088,0.007818594,0.06383093,0.07589866,0.03694693,0.08045359,0.03354003,0.0510898,0.01549702,0.06732245,0.04520457,0.0676638,0.08845918,0.08714652,0.02287861,0.006653246,0.02771806,0.05041246,0.03343025,0.0720426,0.09475499,0.08783112,0.07439093,0.08072425,0.07282234,0.03244936,0.06224041,0.04145404,0.06801802,0.04283595,0.04678597,0.0661478,0.06857408,0.0432321,0.03250614,0.08140384,0.0682831,0.07269181,0.04752817,0.08566005,0.06171096,0.02930473,0.0675538,0.05496485,0.08850405,pmERC,sub-S09,g,randomWalker7,freq01234
-0.007073428,0.07221594,0.05199929,0.02585411,0.02866305,0.01469323,0.03734905,-0.003447696,0.05998841,0.05655665,0.04374861,0.005177067,0.01723445,0.01190215,0.01059385,-0.02942971,0.01555645,-0.007572354,0.01695248,0.05269912,0.03570898,0.03244433,0.05269132,0.03957833,0.04410097,0.03608495,0.03625412,0.04878818,0.000849638,0.03756211,-0.03838873,0.008514231,0.01984124,-0.0008913675,0.01688484,0.01346658,0.02225986,-0.003611445,0.01467434,0.00202654,0.04666632,0.01694746,0.01998477,0.0003129875,0.002342732,0.04546271,0.01435711,-0.01142649,0.01127732,-0.007881322,0.05973423,0.02018321,0.02996364,0.01000769,0.01633715,0.01750132,0.006113965,0.02334266,0.05638595,-0.003942762,0.002409666,0.009504297,0.07697103,0.05430164,0.03355309,0.01414438,0.04640132,0.05615428,0.02214843,0.05298714,-0.03629181,-3.70997e-05,0.01973354,0.02308288,0.02029957,0.02675225,-0.005663873,0.0368452,0.02119025,0.006331689,0.06162546,-0.001151313,-0.00459711,-0.001505996,0.006582615,-0.01865798,0.02253346,0.03927514,0.01855077,-0.005499666,-0.009866678,-0.02454274,0.008138222,0.001401857,0.03314647,0.03225218,0.02869481,-0.004860451,0.02032498,0.05269948,-0.005695823,0.00457121,-0.03409114,0.06363159,0.03302097,-0.02653299,0.0414299,0.06739794,-0.02107154,0.02707889,0.01570837,0.02781904,0.01403002,0.01147654,0.02172231,-0.01109028,0.0165943,0.007620535,-0.006589376,0.04505628,alERC,sub-S09,g,randomWalker8,freq01234
0.01304348,0.03891671,0.05442852,0.05707707,0.03001177,-0.01914688,0.05475727,0.01095211,0.05174952,0.04954517,0.0685442,0.05661861,0.06173756,0.0341296,-0.00637536,0.02873326,0.05133511,-0.009931606,0.03507033,0.07802878,0.05647568,0.05579997,0.06455871,0.0551393,0.02910818,0.04676082,0.04716441,0.03770616,0.0391492,0.05773402,0.02197671,0.008465403,0.0403969,0.04402991,0.02272329,0.05466228,0.07360411,0.0302799,0.06127412,0.009323868,0.03061804,0.03303066,0.03772506,0.04662656,0.0356931,0.04166042,0.0352951,0.05759788,0.04555207,0.02406782,0.05511403,0.02751433,0.06197403,0.04248298,0.02296508,0.06553108,0.05406746,0.0270064,0.08956263,0.06225729,0.05801811,0.01652158,0.09937038,0.02328005,0.05366108,0.02483731,0.04808851,0.09310676,0.05952772,0.09378833,0.01769486,0.05442562,0.01111155,0.08043746,0.07400942,0.04106912,0.01275209,0.06841177,0.08107398,0.02772133,0.08677195,0.02265087,0.04767435,0.005217449,0.06147582,0.0504007,0.05970944,0.08770328,0.08407476,0.02519866,0.01559315,0.02752154,0.04682975,0.03681898,0.0305445,0.08194624,0.08546479,0.03841352,0.07345138,0.05979098,0.0361054,0.06042488,0.04349275,0.067824,0.04268365,0.04232248,0.06045172,0.0838098,0.03565174,0.03561177,0.07947617,0.06622978,0.06512469,0.0440243,0.07611682,0.06054587,0.02955871,0.06251182,0.05544464,0.08724401,pmERC,sub-S09,g,randomWalker8,freq01234
0.04153708,0.0607117,0.05328981,0.06786476,0.02875478,0.04535586,0.05533323,0.004861924,0.006433933,0.001662528,0.05795559,0.06518628,0.05264753,0.06153362,0.04013713,-0.003722929,0.0461322,0.04019413,0.02299975,0.04213232,0.03257893,0.0760865,-0.01171622,0.04995549,-0.001477056,0.06740453,0.07505792,0.02171722,0.02677037,0.06024045,-0.02751752,0.01132318,0.03962056,0.004259188,-0.0007958707,0.0276782,0.02792401,-0.02590478,0.02235642,-0.02974329,0.04839582,0.05536557,0.02942252,-0.01375065,0.06811481,0.03514235,0.01268636,-0.01298212,0.01712261,-0.02536507,0.06396922,0.03401716,0.03026059,0.01851893,0.0356314,0.02825176,0.0171135,0.01737561,0.06503399,-0.01699591,-0.01286954,0.006686975,0.08486203,0.05318697,0.007807679,0.01297599,0.05435747,0.05904884,0.02876657,0.05867422,-0.03445076,-0.001325637,0.01775235,0.03114018,0.01930651,0.053135,-0.004990674,0.03272541,0.02151044,0.03981362,0.06146741,0.01709539,-0.004324668,0.004707957,0.01686842,-0.02439899,0.03332556,0.05859696,0.01828575,-0.0001516549,-0.01054518,-0.02517588,0.01716392,0.01605861,0.006802365,0.04643685,0.03461616,0.02470323,0.03602281,0.06899127,-0.006136044,0.01031037,-0.03713221,0.06500413,0.03373726,-0.02394927,0.04255743,0.06192928,-0.01650279,0.02141628,0.01547446,0.02607357,0.01887744,0.02778281,0.04133819,-0.01184196,0.01805161,0.0184076,-0.009452261,0.04630427,alERC,sub-S09,g,randomWalker9,freq01234
0.0532108,0.03888335,0.05341751,0.06326921,0.01011244,0.03807085,0.05897802,0.01176282,0.01558844,0.03035229,0.05769769,0.05515048,0.07017622,0.03109146,0.0475986,0.03784129,0.07793026,0.04962248,0.04243506,0.03237969,0.05474528,0.06635897,0.05079301,0.03033938,0.01300149,0.04894698,0.05863146,0.03604175,0.05549189,0.1033407,0.03002536,0.01942958,0.04707444,0.04562244,0.01821552,0.0603622,0.07626355,0.02581148,0.06472831,-0.002104808,0.04059667,0.05290604,0.03686621,0.0439989,0.06505495,0.03474556,0.03502258,0.03685867,0.04934272,0.01398742,0.05997807,0.03526459,0.06214977,0.0495026,0.03205599,0.06567549,0.06160546,0.01696222,0.09295179,0.06038668,0.04414627,0.02254036,0.1020813,0.01414964,0.01053228,0.02616438,0.05088734,0.0974657,0.06579246,0.09603421,0.01589739,0.05422263,0.01077536,0.08459251,0.07528224,0.0441259,0.007849028,0.06448369,0.07915661,0.05499648,0.09465195,0.01917848,0.05851322,0.006581243,0.06744713,0.04986702,0.0652665,0.09290198,0.08558705,0.02494672,0.0191531,0.0291231,0.04868402,0.04238638,0.009638982,0.0751392,0.08501246,0.0593128,0.0814934,0.06812789,0.03261302,0.06253623,0.04346407,0.062544,0.0405637,0.04552864,0.06209236,0.07531618,0.04028972,0.04045686,0.07981595,0.06667712,0.06890442,0.05274927,0.08457045,0.06018287,0.02733936,0.0685062,0.05552643,0.08563305,pmERC,sub-S09,g,randomWalker9,freq01234
0.06675033,0.02684386,0.02725143,0.01772679,0.02476974,0.04244505,-0.00872776,-0.007973808,0.01389339,0.02218552,0.03283006,0.06215321,0.0207575,-0.0245313,0.06874263,0.0606653,0.03966403,0.01921182,-0.006476313,0.005069119,-0.01577702,0.01341549,0.009592535,0.0672282,0.01663476,0.01355118,0.01506697,0.01279824,0.001613519,0.03993865,0.04935399,-0.003604591,-0.0190976,0.02822311,0.0210334,0.06565732,0.04502642,0.07900995,0.0438588,0.02600544,-0.001884726,0.02885182,0.07303409,0.0516913,0.01799355,0.01455396,0.06652735,0.04155414,0.04612045,0.03389424,-0.0009875319,0.0280298,0.04280952,0.008096385,0.02180731,0.09228366,0.06281867,0.05581075,0.0172116,0.06306677,0.05643703,0.009156458,0.02056574,-0.002225831,-0.009952032,-0.006411276,0.06134927,0.03286602,0.05809301,0.03633661,0.07218534,0.04685694,-0.00328149,0.06525752,0.03613866,0.05672954,0.04856601,0.01137148,0.05620966,-0.00178041,0.06246662,0.04739486,0.0238112,0.003418519,0.06305162,0.07319897,0.02486572,0.04446729,0.06015266,0.05633417,0.02499467,0.05171734,0.08171716,0.03472244,0.06363432,0.06676119,0.05854421,0.06606092,0.06119473,0.060676,0.04492655,0.07037958,0.0844062,0.02094089,0.0745749,0.0684031,-0.01355722,0.04475763,0.04963031,-0.0149091,0.07252423,0.003478212,0.04233947,0.02743687,0.06167157,0.09576641,0.04814818,0.05712182,0.09347408,0.04675252,alERC,sub-S10,g,randomWalker0,freq01234
0.02766832,0.0121694,-0.01129558,-0.005932644,6.258142e-05,0.02186924,-0.02578245,-0.02917765,-0.0127663,-0.008209545,0.0161851,0.03813829,-0.01066355,-0.04312024,0.04179171,0.02577865,0.009379879,-0.007071415,0.02842157,-0.02762981,-0.0340519,-0.002078559,-0.01889976,0.03692501,-0.0005489992,-0.01559175,0.01420525,0.0008235542,-0.01831701,0.01065391,0.04439962,0.004063045,-0.01536892,-0.02576065,-0.01420022,0.04526271,0.02747313,0.03970485,0.01241411,-0.0227554,-0.0174731,0.01916435,0.05142485,0.0138542,-0.01862047,-0.0004879066,0.02774154,0.01193741,0.02136906,0.0431319,-0.01802652,0.04161301,0.01705571,0.03183705,0.02857201,0.05915454,0.03426616,0.03272427,0.006877477,0.03660333,0.02184032,-0.01688045,0.02853365,-0.01302406,-0.01758235,-0.01866798,0.01807696,0.01602313,0.02584548,0.02416311,0.04991314,0.0177551,-0.02495656,0.03227822,0.01391543,0.06862028,0.01511566,-0.007844646,0.02567423,0.0373225,0.0472473,0.004556291,-0.002852506,-0.0172855,0.03296729,0.05000091,0.002663035,0.02607247,0.02337634,0.02789746,0.05602289,0.07579648,0.04995253,0.0113572,0.05154249,0.04477257,0.02869602,0.04258501,0.03537071,0.04120392,0.01522451,0.03635392,0.05994992,-0.005948693,0.05242712,0.03112571,-0.0221095,0.02973482,0.01450774,0.01188716,0.03782047,-0.02129292,0.01190077,0.006166227,0.0379783,0.05498448,0.009061455,0.02530986,0.06089308,0.02444327,pmERC,sub-S10,g,randomWalker0,freq01234
0.05598888,0.05722078,0.03068762,0.01997669,0.03342808,0.06427658,0.01774352,0.02586533,0.03764005,0.007051803,0.0610432,0.04676268,0.02611959,0.03158667,0.008501905,0.06582601,0.006044408,-0.004651524,-0.005574042,0.02368581,0.03546976,0.05019112,-0.0007357807,0.05736193,0.0422108,0.01085351,0.06606017,0.02970642,0.01310884,0.03025633,0.04788486,-0.01703412,-0.004355969,0.03323565,0.05363554,0.04139694,0.04556361,0.05554413,0.03382523,0.04118404,-0.01414134,0.02147017,0.0700685,0.02151467,0.004967921,0.04495612,0.07690014,0.02710626,0.04384902,0.04706272,-0.002655717,-0.0154043,0.0553842,0.02637499,0.005576517,0.07818391,0.05735104,0.06453245,0.01832834,0.03210194,0.05760612,0.007160608,0.02883147,0.003176728,0.004142777,0.005896424,0.03240803,0.04985522,0.06214744,0.0340042,0.07147963,0.05337114,0.0002325952,0.06456491,0.0434408,0.06462311,0.0471592,0.01604557,0.04246447,-0.001910731,0.05626186,0.05964058,0.03271959,0.006855906,0.06201476,0.07101531,0.02771497,0.03695273,0.05065604,0.06074057,0.02744743,0.07236106,0.08417164,0.03991649,0.04154179,0.05408275,0.04947364,0.04177197,0.06222493,0.05436441,0.04899221,0.06547825,0.08419643,0.03025368,0.07274336,0.06990176,-0.01382115,0.03439574,0.04997039,-0.01843241,0.06484965,0.006940532,0.03377466,0.01688983,0.05344508,0.09435874,0.05025532,0.05074009,0.09212212,0.04226632,alERC,sub-S10,g,randomWalker1,freq01234
0.04647079,0.03570824,-0.008545532,-0.0525826,0.03795929,0.07003246,0.002473833,0.03072453,0.02253399,-0.02933164,0.01987592,0.03250288,0.01205732,0.0113622,0.03595496,0.0279684,-0.02772242,-0.02987516,0.01458865,0.001627899,0.04865414,0.0286828,-0.03521528,0.03477062,0.05032615,0.02561848,0.0531274,0.03932388,0.01160418,0.02311291,0.007857495,-0.04051021,-0.03481171,0.06068342,0.03120425,0.04139619,0.01972404,0.0360705,-0.002040459,-0.04029391,-0.03903261,0.01212514,0.0340905,0.01573069,-0.02620019,0.03020584,0.03628403,0.04988634,0.01917805,0.01178042,-0.01115912,-0.01956373,0.02032454,0.07742805,-0.001234301,0.03828622,0.02925241,0.02964513,0.03850089,0.0213501,0.02849497,-0.02912148,0.03766638,-0.001679207,0.0121862,-0.008818904,-0.01457257,0.02696172,0.02694684,0.01622504,0.04216216,0.0188732,-0.02417391,0.03070412,0.01626595,0.07400088,0.008377996,-0.01078491,0.008370173,0.03689402,0.04917431,0.03269487,0.02206285,-0.01770737,0.03000181,0.03389445,-0.002835867,0.01843403,0.01910857,0.02813037,0.01304081,0.06454324,0.04824183,0.009660431,0.06078271,0.03326482,0.02049908,0.05364012,0.03565237,0.04008785,0.01351819,0.02691091,0.04667535,0.003094274,0.04852252,0.02817806,-0.03125633,0.01533273,0.009461683,0.007651797,0.02797,-0.02232622,0.001560931,-0.008017999,0.0283883,0.0494005,0.008560183,0.01687427,0.05274264,0.009484382,pmERC,sub-S10,g,randomWalker1,freq01234
0.06448027,0.03831449,0.02935401,0.04441036,0.02964795,0.09154643,0.02975296,0.03064083,0.04292476,0.01872496,0.006884926,0.04730996,0.04343375,0.05216997,0.08381909,0.07391033,0.02537286,0.08468544,-0.00611488,0.003455089,0.05317494,0.04453526,0.07719136,0.001687666,0.03994928,-0.02640583,0.07954491,0.03554852,0.04133812,0.042276,0.07528999,0.003120247,0.008601864,-0.01506616,0.005735896,0.02447617,0.03211605,0.0476943,0.05285871,0.0005692595,-0.002007976,0.04433994,0.07808924,0.02527902,0.00702252,0.03095928,0.03738355,-7.048622e-05,0.02165066,0.02318212,0.01106078,0.05065691,0.04634143,0.01191733,0.02186132,0.0974011,0.06761533,-0.01268157,0.01253076,0.05486239,0.04183678,0.009804429,0.02117714,-0.007210852,0.01265649,-0.01042683,0.04883012,0.02955928,0.05582511,0.04511819,0.06476954,0.04429143,-0.002541122,0.06481113,0.02720473,0.05434894,0.03157969,0.007388856,0.03926267,0.003833209,0.06776872,0.03670356,0.01735797,0.005840058,0.06365686,0.07423492,0.05985377,0.00130934,0.04841876,0.06266511,0.03216392,0.06856071,0.07665078,0.03739216,0.03833887,0.06759684,0.0703828,0.04559774,0.06003081,0.04929465,0.04747785,0.08533931,0.06957799,0.02354304,0.06517452,0.06079104,-0.01411103,0.05138167,0.03600284,-0.03131278,0.07268248,0.006481444,0.04170431,0.03303337,0.04873366,0.09078006,0.05238875,0.06469212,0.09478943,-0.006835439,alERC,sub-S10,g,randomWalker2,freq01234
0.03319464,0.04322089,-0.01191443,0.02228126,0.02647355,0.06710111,0.01160807,0.01198639,0.03954409,0.003810587,-0.007624224,0.02866475,0.01816902,0.03143311,0.06093701,0.03620096,-0.01410441,0.05619454,0.01572562,-0.01314534,0.04259149,0.06687905,0.04082528,-0.005475093,0.03417877,-0.02062757,0.06311428,0.02382874,0.02574223,0.04228865,0.01262535,-0.04134475,0.01674084,-0.001263552,0.01036542,-0.003427263,-0.004532109,0.01812272,0.02672757,0.05428998,-0.001646656,0.008015132,0.03723221,0.002018095,0.002852923,0.04328999,0.02131801,-0.008469532,0.004229627,-0.03245955,-0.0327286,0.05511519,0.02432356,0.03632894,0.01807315,0.05201657,0.04374913,0.003503327,-0.008249005,0.009460011,0.01359937,-0.01288514,0.04132268,-0.007289933,0.0241141,-0.01931465,0.001627952,0.01174706,0.02113378,0.03311926,0.03932007,0.01707688,-0.01580944,0.03340277,0.005036543,0.06811956,-0.0003221498,-0.01180263,0.00696818,0.04180381,0.04582242,0.01259349,-0.01198339,-0.0293103,0.03400959,0.04450399,0.03030033,-0.006437111,0.01975927,0.02801757,0.04563469,0.07180796,0.04173507,0.009743253,0.06471751,0.0441148,0.03783598,0.03732141,0.03620889,0.04142171,0.01675492,0.0475293,0.03814302,-0.006530532,0.04020704,0.02560799,-0.02163033,0.02108352,0.006738192,-0.0422411,0.03756746,-0.01711982,0.01389567,0.01198142,0.02911006,0.04885383,0.01096754,0.03189871,0.05935894,-0.01481138,pmERC,sub-S10,g,randomWalker2,freq01234
-0.01749048,0.05168754,0.02922403,0.04050464,0.02545853,0.07558287,0.04864198,0.007787178,0.09078472,-0.006737576,0.02548052,0.08642466,0.01634509,0.003210452,0.02358751,0.04892386,-0.01516634,0.01182485,0.005807837,0.0342295,0.03167355,0.001276084,0.07357705,0.007515482,0.02245001,0.09804333,0.07127418,0.02887681,0.009357259,0.04036235,0.07664143,0.04487332,0.003481522,0.005670216,0.007824448,0.04754241,0.03429229,0.05793865,0.04113238,0.01217802,-0.001432494,0.04222993,0.08061905,0.04333751,0.0243412,0.03106879,0.03696291,-0.008262237,0.01644493,0.009810984,0.03939649,0.02312225,0.03649902,0.01776302,0.005506686,0.09612636,0.0567376,-0.002123315,0.006940069,0.05847124,0.05558457,0.003785468,0.01699252,-0.005258492,-0.0001750131,-0.002425606,0.04476156,0.03227178,0.05422311,0.03507631,0.06290773,0.04394943,-0.006392449,0.06740537,0.03447198,0.05734953,0.03056094,0.008092305,0.0498306,-0.001357953,0.04661093,0.04109964,0.0249037,-0.005046103,0.06003323,0.06079954,0.007956861,0.02927569,0.05923091,0.06050404,0.01733537,0.06379763,0.08548259,0.02540953,-0.01253347,0.0462656,0.04398081,0.04072326,0.05748796,0.03323173,0.04289836,0.05687334,0.08934868,0.03351247,0.06859587,0.07363329,-0.006529937,0.04731807,0.05380725,-0.01457694,0.05832003,0.01266959,0.03553069,0.01021481,0.04645384,0.09733725,0.04779125,0.04563722,0.08910406,0.01549082,alERC,sub-S10,g,randomWalker3,freq01234
-0.03961119,0.01747228,-0.01270108,0.02112349,0.01902135,0.04553534,0.01651007,-0.0003403638,0.05096136,-0.02647723,0.007374797,0.05220776,-0.01753849,-0.007700378,0.001893515,0.01487071,-0.04174671,-0.009472813,0.002456059,0.02573764,0.0108628,-0.02384788,0.04127906,-0.006470045,0.02261552,0.05958369,0.03764084,0.01186349,-0.01108824,0.004700879,0.04354546,-0.01778332,0.01080186,-0.02957883,0.01040473,0.016566,-0.003619919,0.01205725,0.01417939,0.05388495,-0.03781111,0.006193707,0.04030469,-0.001276953,0.01256881,0.02619904,0.0101455,-0.03299003,-0.006626385,-0.03442133,-0.01209213,0.0215718,0.01646074,0.04065303,-0.01431638,0.04963037,0.03232081,-0.008319458,-0.01456943,0.0125715,0.02043053,-0.02510098,0.03750416,-0.01946103,0.005608122,-0.02163322,-0.005474508,0.01766661,0.02143725,0.02581758,0.03417834,0.01173025,-0.0280894,0.02904642,0.0106272,0.07280757,-0.008842575,-0.01295531,0.02030147,0.02682046,0.04422239,-0.006018621,-0.007220279,-0.03794551,0.03093562,0.02135032,-0.01211846,0.01578634,0.02360388,0.02686841,-0.009808729,0.04589418,0.05130715,0.0006901228,-0.01935627,0.04861035,0.01574923,0.0365121,0.03811544,0.03420664,0.009632228,0.02133955,0.04715923,-0.002749071,0.04470808,0.03159084,-0.01834798,0.02976449,0.01360894,-0.001781401,0.02342049,-0.01781833,0.004021166,-0.008552038,0.02668468,0.0509737,0.004786544,0.01446916,0.04887233,-0.005471062,pmERC,sub-S10,g,randomWalker3,freq01234
0.05522564,0.03245355,0.03057462,-0.008062583,0.02407066,0.0311293,-0.01295321,0.03756191,0.08990975,0.06229269,0.00840185,0.1060776,0.02828225,-0.01090412,0.0501014,0.06324756,-0.001215639,0.01493437,-0.002514177,0.008810616,0.04295762,0.02508445,0.03936312,-0.00582159,0.04526488,0.02830482,0.003404128,0.04068325,0.04879306,0.06886362,0.07485498,0.02901545,-0.004265891,0.01653702,0.05350509,0.03963929,0.032442,0.0585867,0.04003103,0.002435148,0.007009285,0.04940153,0.08291803,0.02991555,0.0456158,0.01772688,0.02360563,0.03715504,0.02102521,0.05177089,0.009686296,0.02061562,0.02917213,0.01902635,0.001385607,0.09849896,0.05871021,-0.006427643,0.01154221,0.05363955,0.04566177,0.02643139,0.01776394,0.002834633,0.002147745,-0.004383465,0.0532702,0.03624579,0.05905406,0.03552908,0.05729518,0.04006681,0.001365391,0.06514119,0.03475515,0.05758253,0.04372998,0.0129284,0.04968303,0.005437776,0.05895658,0.05256228,0.03904427,0.004325579,0.05909901,0.06864303,0.02000357,0.03783538,0.05576145,0.06529322,0.02445548,0.07436634,0.08634929,0.0305747,0.01521053,0.05580608,0.04384419,0.02899249,0.05892757,0.04179326,0.04133881,0.06244348,0.09049707,0.05065575,0.07532848,0.07099925,-0.001282504,0.01861767,0.04669056,-0.0262406,0.06499954,0.01549441,0.0352597,0.01509977,0.05269626,0.09670223,0.04746059,0.04811685,0.09165231,0.04083634,alERC,sub-S10,g,randomWalker4,freq01234
0.02557309,0.05562362,-0.01049388,-0.02805053,0.02495765,0.02930495,-0.01563416,0.03646636,0.04650857,0.04065252,-0.007994491,0.0602146,0.001724333,-0.02282678,0.03777583,0.02701517,-0.03372445,0.003552672,-0.001769683,0.003481598,0.03789827,0.03283444,0.0380694,-0.009258689,0.04721579,0.02111745,0.005407132,0.04098675,0.03695766,0.04506037,0.0447957,-0.03023665,0.02340817,-0.01378533,0.03794748,0.01849753,-0.003137732,0.01943268,0.01645078,0.06013754,-0.0258589,0.02159053,0.04432176,-0.01104781,0.008623587,0.06003126,9.352075e-05,0.004970074,-0.001400104,0.006114061,-0.03610935,0.0510587,0.01582547,0.06380995,0.01470398,0.05304813,0.03160712,-0.0227433,-0.01016944,0.007770667,0.01281494,0.00897451,0.03379476,-0.004677588,0.008948515,-0.003199277,0.01645723,0.02530594,0.02761982,0.02339928,0.03135974,0.008901703,-0.009867867,0.03021367,0.01353844,0.06968774,0.006244332,-0.004866411,0.02420354,0.04405111,0.04852922,0.009058203,0.003492234,-0.02153325,0.02933755,0.03261626,-0.00131726,0.01855403,0.02113149,0.03172295,0.005500484,0.06926935,0.05216982,0.004151423,0.008571851,0.04371603,0.015994,0.04684134,0.03428316,0.03940222,0.009121032,0.02591257,0.05460102,0.01076347,0.05288965,0.03096998,-0.01327559,0.01558258,0.01019747,0.01549001,0.02857765,-0.0124444,0.006716605,-0.0007338353,0.02822446,0.05371124,0.004257199,0.01702903,0.0536579,0.01042453,pmERC,sub-S10,g,randomWalker4,freq01234
0.09345181,0.006255019,0.02895383,0.06728543,-0.001751477,-0.01800468,-0.01362955,-0.01248909,0.06078663,0.0452276,0.04841248,-0.04018892,0.05948595,0.02726793,0.01022247,0.05723078,0.01134812,0.06525538,-0.01907717,0.05736656,0.01815556,0.0316272,0.06947877,0.01418053,-0.01957614,0.04507777,-0.002886849,-0.002167661,-0.005230592,0.008037256,0.02581968,-0.0187533,-0.01788266,0.0391508,0.05942545,0.04027073,0.04290304,0.04912928,0.02882171,0.0333804,-0.01085086,0.01965401,0.07065009,0.007026453,-0.008993705,0.05738798,0.08835508,0.002917069,0.03064846,0.06971653,-0.001527245,-0.01104618,0.04500834,0.006104305,0.01280943,0.07156641,0.05043085,0.03159466,0.003593469,0.01972743,0.04706329,0.02495722,0.01150398,-0.002590036,-0.008607903,-0.008596481,0.06421654,0.03669172,0.05803628,0.03609272,0.049805,0.04472363,-0.00115298,0.06186736,0.03765651,0.05361905,0.02214276,0.01614452,0.05392188,0.01265409,0.05442607,0.05157607,0.04316333,-0.007725204,0.06188296,0.07141922,0.01985792,0.04063245,0.0578833,0.06263772,0.009881939,0.07560672,0.08395199,0.03520229,0.04727245,0.05635896,0.05299777,0.0451728,0.0601478,0.05929513,0.04131535,0.06798649,0.08541827,0.03855174,0.08474378,0.06904114,-0.01921026,0.04031541,0.04412591,-0.02684971,0.07040233,-0.004907095,0.03823571,0.007916163,0.06136023,0.09609521,0.04810233,0.05252811,0.09548392,0.04056703,alERC,sub-S10,g,randomWalker5,freq01234
0.05247721,-0.01712503,-0.01182146,0.04853724,0.007132423,-0.04586288,-0.01075894,-0.01138189,0.03664055,0.03953206,0.01869674,-0.05444392,0.02515986,0.03772334,-0.01156789,0.02822773,-0.008467952,0.05364789,-0.02497446,0.07172543,-0.01071426,0.02153479,0.02953868,0.004935068,-0.02070901,0.01662419,-0.02453877,-0.005623676,-0.01391002,-0.03051974,-0.004150388,-0.0520614,-0.04391114,0.05108012,0.03558306,0.03635438,0.02071067,0.02947359,-0.002814198,-0.03483809,-0.04092439,-0.01543791,0.03721395,0.02946869,-0.01487359,0.05401706,0.04376256,0.01833143,0.01185609,0.03304731,-0.01169062,-0.01695427,0.01769153,0.03105924,0.009490882,0.0383331,0.02405777,0.0275026,0.01041356,0.03307176,0.00712747,0.008519785,0.02348587,-0.009366225,-0.004759847,-0.01115019,0.02528818,0.02335721,0.02991739,0.02513002,0.03366063,0.01293476,-0.01211674,0.02907109,0.01337947,0.05480356,-0.01173367,-0.001035956,0.0276657,0.04367086,0.04733119,0.01210148,0.00700421,-0.009090579,0.0340264,0.03508239,0.001115513,0.02455474,0.02599859,0.02923764,0.005165465,0.07373674,0.04888447,0.01054343,0.05795956,0.04704252,0.02634598,0.04562182,0.03745766,0.04495921,0.01034167,0.03386907,0.04831326,0.006629393,0.05325825,0.02946147,-0.0295554,0.02194975,0.009802697,0.003153549,0.03427825,-0.02972574,0.01231004,-0.003481561,0.03894171,0.05097758,0.005273086,0.02313613,0.05456839,0.01053435,pmERC,sub-S10,g,randomWalker5,freq01234
0.04767852,-0.01990446,0.02842268,0.0426567,0.03849847,0.009734618,0.04955674,0.04179602,0.0115126,-0.009046258,0.01382829,0.06603406,0.02915658,0.03207772,0.02380589,0.05626744,-0.006778704,0.03127522,0.001325665,0.02786122,0.02891973,0.02142303,0.02440467,0.03882376,0.009561739,0.02581802,0.01786389,0.03520152,0.06941318,0.06986327,0.04039604,-0.003975397,-0.02165748,0.04658327,0.05701256,0.04055822,0.0440164,0.04476025,0.02486177,0.02388377,-0.004882305,0.03818144,0.07421882,0.01648885,0.02286964,0.058074,0.08476151,0.02187058,0.0338368,0.05066727,-0.003093216,0.001118392,0.0456083,0.0120063,0.03313962,0.07832263,0.04997186,0.012523,0.008671633,0.0225057,0.04368208,0.02855607,0.01404484,-0.00215648,-0.01482818,-0.005480182,0.03352121,0.03734966,0.0619259,0.033762,0.04819116,0.04486985,0.001903548,0.06499455,0.03422627,0.0503531,0.0297227,0.01308357,0.05363382,0.02005892,0.05881408,0.04971787,0.03648889,-0.001068278,0.06287101,0.06452312,0.02825466,0.04290182,0.05009615,0.05829203,0.023611,0.06502992,0.08233459,0.03272941,0.0397673,0.06284593,0.05587968,0.05067183,0.06021848,0.06167056,0.0446705,0.07103058,0.07956301,0.0283027,0.05881529,0.06808533,-0.007875326,0.03188074,0.04512276,-0.02887592,0.06861616,0.01078892,0.04001797,0.0252531,0.06743372,0.0944636,0.05089845,0.0565653,0.09523606,0.05163682,alERC,sub-S10,g,randomWalker6,freq01234
0.009493866,-0.04997551,-0.01199043,0.01231087,0.02375033,-0.01402475,0.02662192,0.02801851,-0.01090229,-0.01795769,-0.01839268,0.03344313,-0.02328249,0.0238243,-0.003444934,0.02204973,-0.04005452,0.005821117,0.04618333,0.01074276,-0.01323259,0.01042316,-0.003321163,0.05046242,-0.01199178,0.003580646,-0.00229126,0.0008482374,0.03660182,0.04355073,0.01195563,-0.04007632,-0.03613445,0.04845754,0.02375043,0.03927089,0.02043985,0.02554455,-0.009466818,-0.04856298,-0.0313815,0.01579161,0.04364932,0.000521827,0.01050835,0.04673321,0.03994748,0.01075754,0.00874435,0.02531981,-0.008911833,0.0003008092,0.01613152,0.04426038,0.02979034,0.04006739,0.02468815,0.01147959,0.02265503,0.01993269,0.004373486,0.008237625,0.03163258,-0.0152499,-0.000684596,-0.009589976,0.008764073,0.02301517,0.02994224,0.02003878,0.02569415,0.01140965,-0.01242578,0.02942713,0.009286439,0.05007916,-0.006420683,-0.006484847,0.02429541,0.04372383,0.0471828,0.01043077,-0.005307657,-0.01967599,0.03144809,0.03094025,0.00115829,0.01928526,0.01658417,0.02760472,0.02537672,0.07661625,0.04747743,0.006780657,0.05459949,0.0351853,0.02361074,0.04429815,0.03493034,0.04526177,0.01285926,0.03464056,0.04211967,-0.006214635,0.0359586,0.02833228,-0.02688488,0.01624663,0.007888766,-0.0443741,0.03065251,-0.0185151,0.007932835,0.001556022,0.03816307,0.05069119,0.01093624,0.02325001,0.05789953,0.02270664,pmERC,sub-S10,g,randomWalker6,freq01234
-0.01068526,0.06804476,0.02838798,0.02365344,0.0574858,0.009289952,0.07152458,0.028905,0.06437974,-0.0265529,0.03803718,0.06659805,0.02273302,0.02215272,0.02325551,0.06097248,-0.01969782,0.005815409,0.001555371,0.06307022,0.03623032,0.05148323,0.007723448,0.06155213,0.02555039,0.02831965,0.06104684,0.04858777,0.009398982,0.06659235,0.07915993,0.02280132,-0.004075139,0.004283717,0.0310354,0.02987173,0.03487328,0.05531191,0.04249292,0.0007636989,-0.007598461,0.04913649,0.08181192,0.02876027,0.03921561,0.02763089,0.04181179,0.01584905,0.003503095,0.05550682,0.03588178,0.03747899,0.04117167,0.0222668,0.01122113,0.09826777,0.06344067,0.005127711,0.01642859,0.0561609,0.04162911,0.01160381,0.02403444,0.002423927,0.0005099624,-0.005336502,0.04486523,0.03574321,0.05784351,0.0359363,0.0637463,0.03954466,0.0008776757,0.07298762,0.02785305,0.06104239,0.04057453,0.003110836,0.04691382,0.009770392,0.05753192,0.04259516,0.0400036,0.002217958,0.06109256,0.06769847,0.0265232,0.03564423,0.05247153,0.05918451,0.02538039,0.0724986,0.08383818,0.02960423,0.05744148,0.05090769,0.05204075,0.05575635,0.05872313,0.05632159,0.04282554,0.06874365,0.08331899,0.02468501,0.07478186,0.06857722,-0.01166656,0.0513608,0.04811824,-0.0112511,0.06295677,0.006040586,0.0370867,0.01896444,0.05493554,0.09270048,0.05206576,0.05314707,0.09240903,0.0349156,alERC,sub-S10,g,randomWalker7,freq01234
-0.01924894,0.03221649,-0.01095604,-0.03030892,0.04853415,-0.02025952,0.03083391,0.03211083,0.04658627,-0.04775718,-0.007966259,0.04287839,4.868688e-05,0.0100604,-0.00427889,0.0294857,-0.03276113,-0.01016895,0.04970754,0.0533945,0.02143772,0.03048711,-0.01681509,0.04286756,0.03441405,0.05544659,0.02826329,0.04225305,-0.003639184,0.04172826,0.03778798,-0.0423978,0.0201982,-0.01582234,0.02979499,0.003216892,-0.0002245054,0.01950818,0.02103545,0.05534518,-0.02969772,0.01305237,0.04224984,0.001210672,0.009411185,0.02842455,0.02324074,-0.006244899,-0.01645491,0.01338033,-0.01482774,0.05762053,0.02040889,0.05653625,0.009091734,0.05419145,0.039467,-0.003605738,-0.007297209,0.01151606,0.01476014,-0.009473695,0.03515943,-0.004407364,0.003893525,-0.0166964,0.002963443,0.0182307,0.02663857,0.02450124,0.04489902,0.01132064,-0.01315479,0.03947308,0.007371384,0.07526984,0.007151984,-0.01463466,0.01516575,0.04872334,0.04527774,0.007672592,0.009236858,-0.00745199,0.03360513,0.03739366,0.008202079,0.02046868,0.02057691,0.02866871,0.02460243,0.06654388,0.0489779,0.009546407,0.06478,0.03999384,0.02581465,0.04870585,0.03772274,0.04592032,0.01447591,0.0345861,0.04877339,-0.006551735,0.04969562,0.0306887,-0.01998852,0.02620296,0.0141734,0.001404044,0.03080854,-0.01835656,0.009724154,0.003033177,0.03362995,0.05058022,0.0115507,0.02363395,0.05547921,0.01549164,pmERC,sub-S10,g,randomWalker7,freq01234
-0.006692367,0.02153909,0.02827521,0.03232784,0.05830985,0.02318097,0.06088816,0.05571041,0.06170373,0.0277546,-0.0008847429,0.08113592,0.03301763,0.03347617,0.02786896,0.05479298,0.004195883,0.02824077,0.008483183,0.0410737,0.07539649,0.04956073,0.01268333,0.05097858,0.0345996,0.05513289,0.04338613,0.06143841,0.07177359,0.08941779,0.04155418,0.002629898,-0.002045763,0.01455543,0.0094132,0.05920755,0.04501947,0.08391632,0.04253234,-0.004497644,0.002374786,0.00400371,0.07794007,0.04401381,0.04401775,0.02218518,0.05144636,0.02704536,0.02107538,0.07253854,0.006063956,0.02098374,0.02977532,-0.001714922,0.004443503,0.09990537,0.06292044,0.01156871,0.004978095,0.06189264,0.03459471,0.008623458,0.02143534,0.003875333,0.005860575,-0.01082601,0.05456487,0.03597555,0.05628216,0.03592034,0.05865416,0.04270259,-0.004527508,0.07051892,0.02517865,0.05628308,0.0401399,0.005913164,0.04736051,-0.001747947,0.05414506,0.05264387,0.03066061,-0.000167951,0.05835095,0.07153516,0.02522562,0.03904424,0.0498273,0.06574523,0.03246662,0.07777695,0.08381598,0.03577161,0.0293699,0.05784175,0.04848166,0.0321196,0.05713925,0.03782255,0.04171526,0.06850641,0.08906251,0.02419415,0.06917327,0.06900226,-0.00943017,0.02844952,0.04409454,-0.0172475,0.06468209,0.00592649,0.03518032,0.01821982,0.05625118,0.09623084,0.04923987,0.05081531,0.09421546,0.04501647,alERC,sub-S10,g,randomWalker8,freq01234
-0.03680875,-0.01116125,-0.01333234,0.02366768,0.03839201,5.142125e-05,0.06396981,0.04876693,0.02526133,0.05878254,-0.02603429,0.04015224,0.00150233,0.03671426,0.0220121,0.01996951,-0.02608999,0.01519346,0.03393489,0.05269822,0.04546007,0.03647479,0.05314317,0.07737882,0.025223,0.03158654,0.03473308,0.04004428,0.04822481,0.05865816,0.04511154,0.01176821,-0.002323172,-0.03758169,-0.02025106,0.02519075,0.01830924,0.02887999,0.01971895,-0.0114734,-0.0252388,-0.008089469,0.04678231,0.005448947,-0.0005386099,-0.003581298,0.02236383,0.001016185,0.0005730226,0.05152455,-0.03505423,0.03306883,0.0168349,0.0382502,0.01067221,0.05751742,0.0365398,-0.01880126,-0.007779103,0.02220891,0.009347906,-0.01218356,0.03249615,-0.00487444,0.02203181,-0.02263334,0.007240442,0.02206816,0.02440517,0.02545082,0.03327812,0.01388269,-0.01762257,0.03598791,0.0075612,0.06438854,0.006675763,-0.008545077,0.02109838,0.03462938,0.05053031,0.0145829,-0.005850764,-0.03162853,0.03022136,0.03649393,0.001219798,0.02028228,0.01787816,0.03506977,0.01910305,0.06966976,0.04967858,0.01006905,0.05743055,0.03813562,0.02291265,0.01057049,0.03357149,0.03762802,0.01348069,0.03416902,0.05420291,-0.008989677,0.04270551,0.03138167,-0.02598676,0.01047226,0.01025957,0.006479322,0.03052721,-0.02064866,0.006127561,-0.001682116,0.03221244,0.05336477,0.009563352,0.0213158,0.05663909,0.02049861,pmERC,sub-S10,g,randomWalker8,freq01234
0.02251336,0.0769596,0.02926091,0.03729519,0.03317081,0.05202119,0.09397546,0.04471794,0.02022256,0.02713757,-0.009384078,0.1091279,0.03345478,0.03272161,0.08622612,0.05315751,0.009928346,0.07597084,0.01671034,0.02568764,0.05941309,0.02375726,0.06845193,0.05062331,0.03931624,0.0440555,0.05561393,0.04692978,0.04080931,0.05620378,0.03500696,-0.0001798158,-0.01638614,0.01814529,0.008458451,0.07091928,0.04646864,0.07673117,0.04357752,0.001852171,0.009169335,0.01761439,0.06985585,0.04676261,0.04104576,0.02559916,0.05454731,0.002619382,0.02270458,0.04871645,-0.002604553,0.007760074,0.03047114,-0.002846608,0.02430138,0.1057687,0.05188679,0.03249253,0.003153597,0.06682871,0.03786933,0.0151547,0.01487004,-0.0091732,-0.009838745,-0.008602391,0.05162426,0.03600462,0.05322248,0.0311498,0.04479695,0.04325603,-0.001093203,0.06963874,0.0273137,0.04824071,0.02867808,0.009083929,0.04277847,0.0134981,0.05418773,0.05905239,0.04831985,0.001648336,0.05847381,0.07316931,0.02065833,0.03716109,0.05431223,0.06342236,0.02813803,0.0740956,0.08449285,0.02982683,0.0254811,0.04466246,0.04611966,0.03755796,0.0566197,0.03794741,0.04058752,0.0633932,0.08609235,0.03365891,0.06237618,0.06958361,-0.006592167,0.02969053,0.04721514,0.0001595944,0.06469291,0.01247063,0.03832584,0.01218747,0.05009545,0.0949211,0.04765131,0.04799856,0.09117398,0.0334403,alERC,sub-S10,g,randomWalker9,freq01234
0.02769379,0.05043921,-0.009388947,0.007420301,0.0295988,0.02406735,0.05285548,0.03320232,0.008692118,-0.005400177,-0.003108999,0.06915407,0.01341138,0.01611065,0.05130082,0.01902589,-0.008627921,0.03860694,0.03321208,-0.001328019,0.0621349,0.01264387,0.02494809,0.01811766,0.02803945,0.03847739,0.02375157,0.04761135,0.03457792,0.06388746,0.03575433,0.00907583,-0.01939556,-0.03581066,-0.02031715,0.03455479,0.02532826,0.02784566,0.0163267,-0.03963583,-0.01831819,0.03811172,0.04335504,0.004483194,0.0236073,0.0565635,0.01856743,-0.0202903,-0.001451278,0.04385316,-0.03673486,0.01708353,0.010623,0.02191858,0.01782436,0.06242701,0.02621689,-0.002760923,0.001644424,0.03058049,0.002659781,-0.008550748,0.03227532,-0.02041285,0.002300131,-0.0213449,0.01195387,0.02510068,0.02805751,0.02120479,0.02352903,0.01310234,-0.01772643,0.03651267,0.006509284,0.04821637,-0.008483027,-0.0112725,0.01485424,0.03838166,0.04954409,0.01994544,0.004400768,-0.0233674,0.03086228,0.0387483,-0.00269138,0.02751652,0.0192305,0.03171602,0.009998658,0.07021612,0.05148942,0.004195844,0.02574094,0.03889688,0.02096118,0.04482245,0.03643262,0.04173169,0.008700549,0.02828431,0.0504237,0.002263984,0.04168471,0.03104445,-0.02470484,0.01496824,0.009891846,0.01397705,0.03083487,-0.01638051,0.009315565,-0.005133897,0.0335095,0.05340078,0.007193281,0.01904061,0.05523606,0.008470923,pmERC,sub-S10,g,randomWalker9,freq01234
0.01690047,0.03472637,0.05988747,0.003607014,0.01082332,-0.01901315,-0.01484653,0.02478125,0.05017472,0.04579976,0.01501146,0.01674464,0.03798432,-0.01349236,0.04400503,0.003801423,0.02767258,0.007784403,0.00502005,-0.001166112,-0.01756217,-0.001900429,0.009767286,0.01204274,0.01375813,0.04133392,0.001526992,0.007745061,0.01219653,-0.00301842,0.02388432,0.03197719,0.04893707,0.01077986,-0.01875548,0.01992744,0.03359504,0.0310523,0.03200067,-0.009784335,0.03313973,0.002664384,0.01937668,0.03211402,0.04656905,0.0008199029,0.01291056,-0.001022958,0.007528985,0.03509925,0.05184947,0.03109647,0.004719466,0.02066335,0.01825705,0.0159018,0.003652793,0.02251501,0.03073895,0.0194588,0.01746419,-0.01584962,0.01918099,-0.00452399,-0.04255378,-0.018563,0.04526659,0.04383895,0.01175639,0.02653334,0.0306422,0.01461237,-0.01958833,0.02030281,0.02887982,0.02876093,-0.005952651,0.02653493,0.02350733,-0.02365579,0.0001149603,0.02662733,0.04971746,0.03304515,0.01519142,0.02409927,0.002347775,0.008547517,0.03428956,0.01022987,0.0443798,0.04427525,0.01443855,-0.00890221,0.02855425,0.01782134,0.02615356,0.03211053,0.01431308,0.01188779,-0.001819844,0.0143587,0.03563562,0.06721406,0.01539316,0.0201332,0.04803407,0.07179344,0.01781271,0.03123081,0.01163557,0.06125734,0.02467957,0.0003205426,0.01220942,0.01741463,0.03432774,0.01716358,0.01039405,0.01020126,alERC,sub-S11,g,randomWalker0,freq01234
0.06448854,0.004912741,0.05978434,-0.01591611,0.03767993,0.005211965,-0.01258645,0.0437544,0.07266843,0.04468086,0.01110282,0.04328658,0.05805812,-0.03654256,0.06484546,0.02424442,0.04934082,0.01908033,-0.004454198,0.01995253,-0.005233232,0.02266038,0.05387863,0.04251758,0.03202509,0.07006443,-0.006631469,0.03390389,0.01860008,0.01092843,0.06729615,0.05428668,0.07116622,0.04982949,0.0201836,0.04373768,0.05625131,0.07116378,0.06290949,0.02470935,0.06197232,-0.02945046,0.03817427,0.07991196,0.05704511,-0.01633311,0.03061793,0.0420444,0.03024797,0.01964646,0.04391523,0.02656353,0.02788948,0.00651033,0.02973882,0.05152459,0.03925222,0.05865627,0.06035173,0.06358897,0.06446999,0.007442204,0.06154066,-0.01230061,-0.03190274,-0.05808803,0.07151266,0.07015164,0.04247646,0.06507988,0.08476286,0.0487573,-0.01295884,0.05887857,0.06681919,0.0336576,0.005314962,0.04314966,0.06236894,-0.04341153,0.04053468,0.04558568,0.04792437,0.08020866,0.04478588,0.07123856,0.01660159,0.04947083,0.07703794,0.0166463,0.07008408,0.03294224,0.04339553,-0.01301896,0.06553181,0.04969913,0.06289192,0.06651238,0.04372638,0.03366948,0.01023894,0.04758269,0.08630519,0.06463432,0.03036168,0.0580771,0.05021784,0.07843076,0.04841482,0.05107034,0.05503959,0.08135902,0.05700031,0.0005881162,0.04277884,0.06064773,0.04473322,0.04840915,0.04603898,0.05020807,pmERC,sub-S11,g,randomWalker0,freq01234
0.005421008,0.03986805,0.05669985,0.009413567,0.03982512,0.04613939,0.01917851,0.0421687,0.05677408,0.05380383,0.02349103,0.024757,-0.005988772,0.04089073,0.07005918,0.008323338,0.03777162,0.03733309,0.03548586,0.0177024,0.03216185,0.02165363,0.001569415,0.04305178,0.05189613,0.003413938,0.0268564,0.03602416,0.03254949,0.01861724,0.003612477,0.04784348,-0.02356192,0.08341302,0.03723786,0.03713468,0.03104846,0.01736946,0.0244797,-0.001430672,0.04799226,0.01182003,0.0142921,0.03474908,-0.005820368,-0.02189036,0.02077881,0.05807722,0.01236145,0.02415649,0.03871499,-0.02701255,0.01291423,0.03869095,0.01635474,0.01576837,-0.005008377,-0.01627463,0.05749288,-0.0119659,0.01306502,-0.01926855,0.02804874,0.008114548,-0.01506873,-0.01299699,0.02915036,0.04454793,0.03045386,0.02836995,0.03524734,0.01304086,-0.003001548,0.02352139,0.02866082,0.06396774,-0.009156302,0.02735944,0.03152344,-0.02246898,0.004739239,0.02040321,-0.01294796,0.02388983,0.01452914,0.02198249,0.01161632,0.02652914,0.04104971,0.01341593,0.02667374,0.02056524,0.01248494,-0.01246056,0.04443223,0.01701139,0.03234124,0.03969996,0.01464244,0.0131619,-0.003938444,0.01485138,0.0265048,0.06596815,-0.00375217,0.01474891,0.04099274,0.07050984,0.01091143,0.03932532,0.01886085,0.05401816,0.02684437,-0.001743881,0.02452074,0.01419523,0.03584399,0.01776986,0.007349707,0.02824071,alERC,sub-S11,g,randomWalker1,freq01234
0.03737225,0.04224164,0.06102884,0.01949951,0.04613087,0.05266526,0.03088148,0.04627075,0.05084998,0.05313677,0.04712281,0.04047253,0.01765693,0.04449069,0.04879659,0.02615688,0.0731676,0.03080658,0.0382111,0.02327791,0.03539251,0.04203597,0.03061694,0.05269531,0.05938348,0.03911969,0.0343019,0.04124505,0.03596056,0.02278578,0.03256795,0.06984691,-0.008595064,0.06574059,0.04261612,0.03449624,0.05785007,0.0642779,0.07511796,0.02654517,0.08457248,0.03028438,0.03336451,0.09361673,0.01978513,-0.01163558,0.05830577,0.03864462,0.03259381,0.03583119,0.02020053,0.01705824,0.04869348,-0.002329032,0.05732561,0.04698737,0.03654409,0.0307501,0.06903356,-0.003147287,0.0549853,-0.01003483,0.0642552,0.01208022,0.01022481,-0.07075322,0.04142596,0.06841163,0.05333302,0.06524266,0.08649038,0.05240171,0.001955075,0.05872706,0.06549283,0.06659026,-0.004085145,0.04966319,0.06079259,-0.05822798,0.04727851,0.03131824,-0.02245805,0.07292402,0.04387717,0.06695373,0.0357977,0.06161481,0.07491781,0.02511095,0.04580206,0.03207908,0.0421221,-0.01809111,0.0843292,0.05550541,0.06431384,0.06748064,0.04820132,0.03799452,0.01414522,0.04823609,0.07560711,0.06425141,0.01713258,0.05287406,0.04667899,0.07420399,0.04068012,0.07003189,0.06050762,0.0760326,0.05427585,-0.01159263,0.05414692,0.05628753,0.04685159,0.04653645,0.04643831,0.06533926,pmERC,sub-S11,g,randomWalker1,freq01234
0.02933569,0.04809548,0.06025877,0.04471187,0.007658236,0.0435331,0.04129047,0.00844841,0.03143571,0.009631854,0.05251977,-0.01901124,0.03954772,0.02336563,0.02146047,0.01896898,0.008042177,0.02466197,-0.00946414,-0.007883688,0.04988707,0.04740803,0.04421246,-0.003938507,0.01367947,-0.02485194,0.04719583,0.01605462,0.02968834,0.0208331,0.03762555,-0.02335399,0.05607719,0.006481627,0.04232455,-0.005990871,0.01176033,0.002753665,0.0329205,0.0495644,-0.0004976253,0.03473766,0.02006138,0.02043371,0.02007583,0.04292891,0.01786073,-0.02088582,-0.01435271,0.01735116,0.05611061,0.03972964,-0.002628138,0.02303195,0.005892505,0.01901734,0.01133806,0.01607208,0.03310532,0.0323118,0.01942602,-0.02421624,0.02546892,-0.009127102,-0.02184694,-0.0373781,0.03599123,0.04942897,0.01189214,0.02031126,0.02816371,0.0174222,-0.02483615,0.02255092,0.03005289,0.04808769,0.007105421,0.02219998,0.03619959,-0.02864966,0.002706909,0.01121475,0.05019946,0.03230532,0.01795163,0.01985901,0.005516742,-0.01239487,0.04327359,0.009647684,0.04454317,0.03595701,0.01543812,-0.009623282,0.05328241,0.02133959,0.02231731,0.0311063,0.01961773,0.02360507,-0.003018315,0.01430251,0.02682182,0.06808418,0.01579877,0.01734772,0.05244113,0.04322366,0.01593138,0.05615283,0.000949287,0.05677778,0.02456722,-0.003727965,-0.0001381646,0.01769037,0.03369694,0.01717498,0.008186201,-0.02864295,alERC,sub-S11,g,randomWalker2,freq01234
0.04539087,0.07660515,0.06028995,0.01396905,0.04401715,0.06342239,0.02169672,0.04065861,0.05364108,0.043288,0.02053422,0.02675398,0.05193175,0.02111624,0.0374526,0.05037981,0.01694846,0.03384896,-0.003960412,-0.004727679,0.05327075,0.07266062,0.1010747,-0.01267856,0.04087798,-0.02717635,0.04462508,0.04508465,0.06070647,0.06947394,0.04911536,-0.008870034,0.06714295,0.0377265,0.04479032,0.03489972,0.06073602,0.01390353,0.06272423,0.04406634,-0.01867791,0.07275116,0.05085715,0.05936029,-0.006742661,0.05253562,0.002976697,0.02684077,-0.03080128,0.02202205,0.07230767,0.05338413,0.01342168,0.003858702,0.003287358,0.05946809,0.03315387,0.01325183,0.07821854,0.06257623,0.05935216,0.0009925322,0.06498539,-0.003378171,0.02526188,-0.06273841,0.05281436,0.06899624,0.04445399,0.06046797,0.07692735,0.0550588,-0.01030697,0.05573228,0.06132669,0.03655896,-0.02479391,0.03465547,0.06593407,-0.03445184,0.04366134,0.01402633,0.05295604,0.07078774,0.04451635,0.06272066,0.02620773,0.008960036,0.07721185,0.02359645,0.06604004,0.03658784,0.04124681,-0.0111051,0.06757014,0.05171961,0.05903687,0.05338857,0.04741577,0.03525253,0.009208397,0.04199217,0.0699754,0.0653877,0.02186756,0.05184988,0.04942975,0.05280877,0.04174069,0.06528901,0.04343975,0.07747357,0.05581886,-0.007444055,0.02599719,0.05581253,0.04228391,0.0463078,0.03911256,-0.03109578,pmERC,sub-S11,g,randomWalker2,freq01234
0.07192384,0.04939052,0.06229978,0.02139995,0.01440387,0.02045209,0.02796913,0.01627135,0.03735145,0.05165548,0.04169419,0.01231297,0.04573007,0.0204799,0.02611775,-0.004448009,0.05875992,0.003245303,0.04231312,0.01391582,0.01410567,0.01989451,0.03614787,0.04207098,0.01845999,0.04184861,0.02775121,0.01709465,0.01415893,0.007628034,0.05661824,-0.008288386,0.03345026,0.00700538,0.03275168,-0.003579425,0.02976108,-0.001530171,0.03632496,0.03797304,0.02352847,0.02531642,0.02108149,0.02949298,-0.004349714,0.009545439,0.01107818,-0.008603984,-0.01470047,0.06837043,0.03982255,0.04370796,0.004175652,0.0294742,0.04376778,0.01644126,0.0006830671,0.01876722,0.042103,0.02736551,0.0132333,-0.01813425,0.02402417,-0.003548894,-0.03834612,-0.03216051,0.03031529,0.05166921,0.01026552,0.02770338,0.03378207,0.01514874,-0.01594681,0.02294976,0.02893105,0.04466354,-0.005004016,0.02682199,0.02759651,-0.03158561,-0.003633879,0.0158779,0.05073572,0.03808367,0.008075817,0.02740474,0.0140382,0.02645836,0.03170972,0.0147518,0.02763108,0.01649673,0.01095308,-0.01692717,0.03216024,0.016908,0.03025597,0.02696141,0.007572051,0.01456763,-0.007357302,0.0124899,0.02622367,0.06553362,0.00336059,0.0170008,0.04238106,0.07737321,0.01171322,0.04831344,0.01967644,0.05648681,0.02385859,-0.01018511,0.0120017,0.01368707,0.03743608,0.01233507,0.008861554,0.03856358,alERC,sub-S11,g,randomWalker3,freq01234
0.07849059,0.04382398,0.05948478,0.02755929,0.02077844,0.02264132,0.06158196,0.02098068,0.07224636,0.06946457,0.0192289,0.05613803,0.07486653,0.02809943,0.04014898,0.01244087,0.077966,0.004881499,0.07634129,0.02990673,0.0232314,0.03064151,0.09282888,0.05341769,0.03172501,0.08298206,0.03551649,0.02878868,0.02345459,0.02464274,0.07079201,0.008711693,0.06015833,0.04700536,0.03426656,0.04207381,0.07448103,0.02019904,0.06053757,0.04250489,0.02729317,0.07305471,0.04992396,0.06183125,-0.04451796,0.04773596,0.004344708,0.04405471,-0.02635978,0.04477682,0.06003581,0.05792587,0.03927032,0.02777192,0.07629482,0.0615677,0.02969652,0.0323987,0.0809399,0.06116892,0.05866116,0.0007297684,0.06212948,-0.008761146,-0.01059973,-0.06197618,0.07103916,0.07021903,0.04143631,0.06625467,0.08503786,0.05347351,-0.007799327,0.06350031,0.06530289,0.02257215,-0.02830994,0.04277077,0.06611823,-0.05609903,0.03526282,0.03500009,0.05313438,0.07251034,0.03946402,0.07117035,0.02856003,0.06224817,0.0708521,0.02212407,0.04747291,0.03377757,0.03841258,-0.02507434,0.05417112,0.05044785,0.06500841,0.06790829,0.0421523,0.03089222,0.004255067,0.04760418,0.07396762,0.06342254,0.01958088,0.05553721,0.04032622,0.07588111,0.03925732,0.06336577,0.06423198,0.07499135,0.05422616,-0.02923666,0.04402581,0.05930247,0.04347147,0.04316161,0.0511288,0.07013343,pmERC,sub-S11,g,randomWalker3,freq01234
0.04373887,0.03924369,0.05685519,0.04171817,0.03260356,0.0589405,0.03896096,0.02628241,0.02876095,-0.0006453082,0.03922771,0.02191724,0.03476674,0.03812043,0.03393466,0.01051996,0.04344722,0.02691985,-0.02414897,0.001152388,0.04487995,0.007962948,0.01324238,0.01564497,0.03466611,0.04019147,0.03906323,0.0293783,0.04814035,0.03715314,0.04795815,0.01074118,0.03914677,0.001388846,0.02138068,-0.004962535,0.02507509,0.001084576,0.03788922,0.05750049,0.02797027,0.02442631,0.01814145,0.03505564,0.03052264,0.04631598,0.001958857,0.02048608,-0.009652398,0.04328021,0.04380555,0.03193677,0.008006756,0.02451105,0.04069669,0.02014587,0.01031192,0.001473662,0.03345279,0.03731491,0.01834781,-0.01264534,0.02469151,-0.01221372,-0.04013149,-0.0298294,0.05203612,0.03752572,0.01059408,0.03079609,0.03923482,0.02159901,-0.02139099,0.020503,0.03093077,0.04781829,0.001684938,0.02709056,0.02558204,-0.009285906,0.004565638,0.04434385,0.04755137,0.03641344,0.01535102,0.02510791,0.02032194,0.02124631,0.03579363,0.01472503,0.03031987,0.02912103,0.01360482,-0.007924477,0.04399959,0.02029571,0.03329349,0.0353699,0.01661624,0.01545443,1.913336e-06,0.01815204,0.02705957,0.0591855,0.008579631,0.02013015,0.04780895,0.08150189,0.01677291,0.03451781,0.01911624,0.05312699,0.02816119,0.003396599,0.01762195,0.01534577,0.03397229,0.01961952,0.01066323,0.03058381,alERC,sub-S11,g,randomWalker4,freq01234
0.03630152,0.05375972,0.06051067,0.04139174,0.04260704,0.06007738,0.05950453,0.04707908,0.0697368,0.03069655,0.009591999,0.05678526,0.05162152,0.0602724,0.03059202,0.03619314,0.0566458,0.02252805,-0.008521327,0.03605049,0.0569197,0.03429221,0.01876676,0.04873711,0.04672607,0.06923235,0.04844221,0.04972852,0.07006019,0.07147205,0.07311773,0.01154193,0.06158293,0.05081282,0.03369574,0.03454412,0.07228988,0.02107436,0.06253282,0.036809,0.02664554,0.07824086,0.04686884,0.06913546,0.04591313,0.04393803,-0.00202383,0.07356675,-0.003180901,0.03706473,0.0652372,0.03233436,0.03336922,-0.01127741,0.07626405,0.06328572,0.04199935,0.01688475,0.07726507,0.07212253,0.06105841,0.01812227,0.0620337,-0.0241912,-0.01215849,-0.06715701,0.06021258,0.0719199,0.04456703,0.0689346,0.0862604,0.05430005,-0.009502849,0.05865651,0.06628716,0.04276749,-0.004078335,0.04573341,0.06084937,-0.04167973,0.04427317,0.05423054,0.06196508,0.0737777,0.04482132,0.06789966,0.04463156,0.06136191,0.07566755,0.02393132,0.05348687,0.03539114,0.03950206,-0.003117001,0.08306909,0.05029621,0.06796144,0.06647313,0.04825794,0.03196205,0.01481889,0.0542212,0.07134817,0.05746009,0.01942975,0.05622363,0.05752756,0.08313189,0.04381591,0.05277155,0.06241124,0.07813203,0.05851055,0.001554855,0.05068295,0.05609174,0.04410509,0.05107763,0.04747682,0.06949857,pmERC,sub-S11,g,randomWalker4,freq01234
0.02555742,0.01201575,0.05511944,0.05678496,0.02579276,0.03673893,0.0454239,0.05883503,0.05708334,0.05344191,0.01320064,0.0225497,0.03417023,0.0318975,0.03752813,-0.001648826,0.01950896,0.03807636,-0.02604618,0.04897987,0.0482349,-0.01048178,0.05170438,0.01378226,0.06542189,0.04620611,0.03652747,0.05891065,0.06287151,0.04075696,-0.003467527,0.0468916,-0.02392831,0.06553283,0.02788588,0.03504876,0.02737727,0.02104188,0.02434642,-0.003914292,0.05108161,-0.01350855,0.01388089,0.04836254,-0.01164002,0.008547341,0.02185066,0.03524165,0.009348286,0.03050221,0.03834256,-0.02712953,0.0155655,0.01415366,0.03930613,0.01801217,-0.0002661874,-0.008752105,0.03679753,-0.004526558,0.01586519,-0.01532721,0.02263946,-0.008125232,-0.04938312,-0.02027133,0.04188056,0.02874912,0.006973254,0.02909245,0.05090946,0.01895078,-0.02196652,0.01464783,0.02687406,0.05214887,-0.007662623,0.02749412,0.02249559,0.004389949,0.0005474942,0.03522168,0.03869456,0.04134322,0.01413432,0.02380098,0.01174552,0.009060183,0.03586346,0.01315313,0.04240697,0.03622822,0.01121482,-0.008519175,0.02641666,0.01874743,0.0287623,0.03543452,0.01341859,0.01314901,-0.001429123,0.01393988,0.02849069,0.06128637,0.002543107,0.01716725,0.03960915,0.07128331,0.01398151,0.03198187,0.01328716,0.05830774,0.02508186,-0.004221204,0.0154775,0.01406106,0.03422761,0.016481,0.008227668,0.02971703,alERC,sub-S11,g,randomWalker5,freq01234
0.06194035,0.01230741,0.05978167,0.07057105,0.03241276,0.02419734,0.06111303,0.03988084,0.06657159,0.07843525,0.002241788,-0.00411897,0.05964873,0.04977148,0.03829421,0.01177476,0.03312189,0.06354211,-0.0233958,0.07182144,0.02328841,0.005023631,0.09995397,0.02315444,0.04283737,0.05115459,0.03723691,0.02840373,0.06578737,0.04622248,0.01241531,0.04848553,-0.006885597,0.05603301,0.04231708,0.02931816,0.05784713,0.06663363,0.07737143,0.03130457,0.05903967,-0.02873592,0.02739893,0.09174296,0.01777438,0.01975076,0.06096801,0.0500695,0.01540442,0.04945845,0.02463105,0.01911896,0.05426261,-0.01669515,0.06657746,0.03533439,0.04335827,-0.02804575,0.05676541,-0.001545511,0.0656232,0.01384073,0.06109102,-0.02849105,-0.02970434,-0.06590866,0.05877207,0.06869807,0.03897099,0.06827362,0.09149598,0.05388638,-0.01503734,0.05477198,0.0679846,0.04631085,-0.0222745,0.05339431,0.06128692,-0.02443041,0.04095934,0.05156714,0.06508782,0.06262679,0.04130254,0.06830145,0.02835403,0.04660725,0.07420764,0.02075318,0.05493283,0.0447134,0.03641322,-0.007422424,0.05367659,0.04457413,0.06349398,0.05841506,0.04254908,0.03016302,0.01114168,0.04353411,0.07390653,0.06436386,0.02332807,0.05258628,0.03546545,0.07779793,0.03897766,0.0432156,0.05645788,0.07174152,0.05730651,-0.02424337,0.04669105,0.05414269,0.04430674,0.04592025,0.0453306,0.07179,pmERC,sub-S11,g,randomWalker5,freq01234
0.006053931,0.05128111,0.06055995,0.01476931,0.03466481,0.01060943,0.0256217,-0.00775869,0.04598173,0.03512216,0.06240336,-0.02763241,0.005218949,-0.001273354,0.009244739,0.007207174,0.03087746,-0.0003105041,0.05116251,0.02337341,0.0463542,0.005129156,0.02025846,0.0150792,0.03970714,0.03538106,0.01015939,0.03156256,0.008544586,0.02606842,0.003021274,0.04403831,-0.02075055,0.05967823,0.005764166,0.03748926,0.03498586,0.02725608,0.03784508,-0.01089313,0.04949816,0.02109952,0.01604057,0.05016739,-0.006311065,-0.02325946,0.02665292,0.02611358,0.009361715,0.04504659,0.04425267,-0.01082753,0.01144874,0.01206403,0.04680467,0.01969991,0.001987849,0.007383508,0.02627208,-0.003937422,0.01996832,-0.01325002,0.02387092,-0.01047125,-0.04973152,-0.03368399,0.04633794,0.0338948,0.005982212,0.03038769,0.04987299,0.0217698,-0.02454824,0.02058301,0.03129299,0.05607631,-0.007097534,0.02611921,0.02506431,0.008682317,0.005958419,0.03804368,0.04563722,0.03067609,0.01451419,0.03005762,0.01348197,0.008931989,0.04203172,0.01227094,0.04190456,0.03592513,0.01520984,-0.01235019,0.03019827,0.02132632,0.03270992,0.03652119,0.01398108,0.01783442,-0.0002886252,0.01588016,0.0313058,0.0630661,0.01636566,0.02066083,0.04887809,0.08034069,0.01877809,0.06546842,0.01759853,0.05708537,0.02673313,-0.001405554,0.0106378,0.01783825,0.03763595,0.01748285,0.01148746,0.02820119,alERC,sub-S11,g,randomWalker6,freq01234
0.0008299713,0.03513953,0.06041855,0.0248145,0.03680968,0.01639694,0.06520776,-0.004247307,0.04495401,0.01904027,0.04534787,0.0177216,0.01790729,-0.001021117,0.02133556,0.02790695,0.04315567,0.001092552,0.05981467,0.05310315,0.0532544,0.02659868,0.04235893,0.04563082,0.03459713,0.05373687,0.02219626,0.03981733,0.03111645,0.04485544,0.02173247,0.07001738,-0.013911,0.0626421,0.02833603,0.03609374,0.05422508,0.0734143,0.08173423,0.02712828,0.07348936,0.02915053,0.02825833,0.097996,0.03341297,-0.01095234,0.06467234,0.03531606,0.02262502,0.03950311,0.02618681,0.03029396,0.03695744,-0.02703088,0.06457817,0.04637895,0.04153175,-0.01006042,0.03805112,0.008179257,0.06150872,0.02077005,0.06288479,-0.02188974,-0.03367317,-0.07138249,0.06402383,0.07041629,0.04249235,0.06625232,0.08747537,0.05368801,-0.00941764,0.05885245,0.06378269,0.0503233,-0.02105863,0.04164715,0.06137485,0.004423563,0.04487179,0.05865536,0.06637771,0.05380629,0.04177522,0.0720581,0.03319016,0.04903156,0.07689623,0.01851575,0.05882505,0.03346416,0.04105429,-0.02056742,0.06506804,0.05300016,0.06785785,0.06405516,0.04380395,0.03778809,0.01172104,0.04625998,0.07427018,0.06384295,0.02059348,0.05414407,0.05074146,0.07437342,0.04272442,0.07202697,0.06120702,0.07418419,0.05458327,-0.005894049,0.04454881,0.05854889,0.0474728,0.04622661,0.04762649,0.06597061,pmERC,sub-S11,g,randomWalker6,freq01234
0.02670657,0.02755172,0.05913362,-0.004971924,0.02534941,0.02426928,0.03046755,0.01850795,0.04335469,0.05991182,0.0123083,-0.0159017,-0.000418911,0.007651169,-0.03289095,0.00563801,0.03394515,-0.007198956,0.02891967,0.04900277,0.01699786,0.007215858,0.02804989,0.03127797,0.02863936,0.01673761,0.01135526,0.02032565,0.02457123,0.0146917,0.05033334,-0.005808057,0.03339066,0.01098449,0.03104568,-0.00835515,0.02312396,-0.001008517,0.03329774,0.04535877,0.02941121,0.01397896,0.0211249,0.03731873,0.007418042,0.02781276,0.002154959,-0.01781913,-0.02042787,0.03581813,0.0417074,0.03828785,0.0003740739,0.04213497,0.04570867,0.01917992,0.00618497,0.01116924,0.03487042,0.0297603,0.01750649,-0.02356542,0.0172282,-0.01329839,-0.03948637,-0.03008739,0.04320857,0.04058206,0.01125692,0.02559719,0.02975494,0.02118191,-0.02393113,0.01729046,0.02943209,0.03262199,-0.005226959,0.02732392,0.0287248,-0.01804941,-0.005696305,0.02459812,0.04389239,0.03055882,0.01506295,0.02685904,0.006723237,0.01308004,0.03949053,0.01361826,0.02788453,0.02881649,0.01412934,-0.01588742,0.03141339,0.01739832,0.03030254,0.03618869,0.01436238,0.01215241,-0.005907148,0.01526441,0.02960124,0.06686087,0.008110666,0.01899021,0.04528164,0.06843602,0.01637581,0.04191399,0.01695771,0.05840776,0.03034844,-0.001380784,0.01524065,0.01749216,0.03467004,0.01878477,0.009745255,0.02022049,alERC,sub-S11,g,randomWalker7,freq01234
0.06577455,0.03712345,0.06039479,0.01566078,0.05317324,0.03615206,0.05139489,0.05185463,0.04411739,0.07140224,0.005695848,0.02911982,0.04171603,0.04364023,-0.02139253,0.02782334,0.05755138,-0.0130119,0.03977862,0.05442589,0.04531395,0.04634389,0.06840372,0.06561787,0.07364367,0.01363807,0.03342286,0.05540404,0.0536942,0.05377307,0.07100785,0.01835744,0.04651152,0.05045951,0.02624549,0.04103371,0.07068687,0.0248056,0.05964345,0.02826552,0.02768683,0.05863448,0.0545533,0.07858531,0.01110743,0.05105535,0.001650231,0.03416215,-0.03016102,0.0199284,0.0673124,0.04303706,0.03270471,0.03312122,0.07056516,0.06082236,0.03612402,0.02751345,0.0768038,0.06407554,0.06160014,0.004158663,0.060975,-0.0106951,-0.008518165,-0.06314652,0.05950472,0.06840582,0.04538161,0.06614272,0.07996642,0.05664849,-0.008691447,0.05386082,0.06396455,0.02054227,-0.02372866,0.03995346,0.06426841,-0.04657725,0.03933234,0.03026294,0.05042199,0.07014642,0.04604121,0.07049818,0.0310388,0.0545472,0.07703851,0.02403645,0.0525224,0.03844852,0.04561329,-0.02514732,0.07710727,0.0547336,0.06634507,0.07031454,0.04907233,0.04068785,0.006986588,0.04938961,0.07631295,0.06310636,0.02331011,0.05623936,0.0440755,0.07897844,0.0453175,0.06934314,0.06024899,0.07698108,0.06073762,-0.01212974,0.05204248,0.05930664,0.04716172,0.05064819,0.04763373,0.06594493,pmERC,sub-S11,g,randomWalker7,freq01234
-0.002311833,0.05811786,0.05761362,0.02557778,0.03298978,0.02388442,0.05208904,-6.883858e-05,0.02109185,0.04593966,0.05566898,-0.01000532,0.00616293,0.02616942,0.02443285,0.008836709,0.02136964,0.01184554,-0.002353741,0.04227531,0.02125723,0.02832207,0.05688388,0.04315989,0.05396833,-0.01446808,0.02651458,0.01466708,0.01083363,0.01416877,0.03235259,0.04556578,0.03842909,-0.001683997,-0.00930889,-0.002992423,0.03827507,0.01657304,0.03138511,-0.00143143,0.0436838,-0.01569397,0.02625181,0.03409049,0.04521007,-0.009039626,0.007637533,0.01410335,-0.004400993,0.02201683,0.04628881,0.03037209,0.001494532,0.004775298,0.009861035,0.01848408,0.003725587,0.008049754,0.03796748,0.03618986,0.01802796,-0.01719164,0.01883805,-0.008937466,-0.02995208,-0.02962658,0.04532215,0.03739531,0.00683099,0.02811493,0.03663573,0.02082491,-0.02285256,0.02096449,0.03109725,0.03509846,-0.005034198,0.02784662,0.0287717,-0.02612511,0.002468502,0.02162873,0.04892564,0.03033288,0.01695964,0.02608144,0.01600777,0.01550797,0.04338628,0.01120442,0.03499182,0.01725476,0.01597719,-0.007881316,0.049591,0.02015451,0.0357728,0.01982433,0.01792702,0.02000723,-0.001158411,0.01842348,0.0308458,0.06538519,0.00819316,0.02147798,0.04661885,0.07167367,0.01703066,0.04298531,0.01876654,0.06095093,0.03114766,0.000800758,0.01878743,0.01898387,0.03395602,0.02053439,0.01065101,0.02790794,alERC,sub-S11,g,randomWalker8,freq01234
-0.01727812,0.06321055,0.06068171,0.05609035,0.0172415,0.03158531,0.07148367,-0.002019068,0.04873385,0.07934745,0.06531549,0.03584682,0.04734739,0.04217834,0.04466162,0.03548481,0.05284264,0.02630389,0.01899327,0.05914236,0.04759816,0.06103937,0.06574907,0.06799148,0.009497541,0.01370635,0.0582916,0.01587066,0.03933295,0.03934882,0.06482352,0.06240869,0.0653757,0.04233671,0.03165472,0.03580862,0.06570631,0.05372474,0.05199808,0.02421998,0.06611312,-0.008262962,0.04784223,0.06918427,0.05811251,0.04230624,0.0181714,0.06646772,0.005074353,0.04523388,0.0465821,0.03465293,0.01680062,-0.03626278,0.02868958,0.05992294,0.03705003,-0.0006333859,0.07251929,0.07055332,0.05863932,0.007046585,0.05744588,-0.009036275,0.007297785,-0.06306551,0.06947552,0.06912158,0.03703817,0.06515279,0.08675765,0.05496777,-0.01258223,0.0562272,0.060851,0.02593113,-0.02100693,0.04327168,0.06336801,-0.05081552,0.0415295,0.04064025,0.05761287,0.06667302,0.04499524,0.06527527,0.04337682,0.05468915,0.07772193,0.02573822,0.05824202,0.02512584,0.04429725,-0.003678741,0.07635523,0.05415942,0.06884807,0.05747016,0.04807175,0.03554487,0.01404412,0.0515024,0.07509748,0.06297898,0.02293538,0.05724081,0.05091692,0.08009181,0.0428573,0.05619647,0.06014107,0.07873339,0.06026414,0.001767687,0.049442,0.05996749,0.04588563,0.05099702,0.04700127,0.06696987,pmERC,sub-S11,g,randomWalker8,freq01234
0.0842701,0.01557522,0.05768921,0.06043323,0.02860293,0.03210326,0.04172602,0.02442955,0.007909941,0.007894986,0.03170927,0.009160626,0.05910739,0.04172463,0.03816659,0.007548299,0.05585015,0.039599,-0.004425177,0.03587152,0.06094257,0.02499272,0.04704756,0.03238089,0.01391254,0.05307874,0.05789258,0.03728479,0.03458745,0.0546289,0.03560567,0.04517198,0.04355714,-0.004242891,-0.01757515,0.009580433,0.04228434,0.03333872,0.02880688,-0.008106461,0.05071953,0.001520552,0.02254188,0.0313471,0.0261201,0.009472549,0.008995985,0.01164051,0.003519369,0.03188083,0.05470699,0.01572467,0.006100493,0.01449503,0.02644607,0.01817201,-0.0001133074,0.01442592,0.03685793,0.02604598,0.01321044,-0.01623558,0.02346072,-0.005667314,-0.04068185,-0.02734771,0.04854737,0.0412355,0.005719609,0.03288203,0.050843,0.01678112,-0.02334252,0.01845324,0.0292306,0.058086,-0.01080645,0.0249065,0.03114958,0.01099299,0.007081475,0.03528808,0.04520135,0.03881117,0.01485904,0.02268659,0.02141227,0.02144198,0.0402369,0.01255973,0.03389385,0.02329435,0.01223326,-0.00962121,0.04858636,0.006401114,0.03497729,0.0376397,0.01582334,0.01922254,-0.002088726,0.01715415,0.02723348,0.06462441,0.007349384,0.01754614,0.04996196,0.07871157,0.01615799,0.06143717,0.01691858,0.05397823,0.02588292,0.003090115,0.02107388,0.01459831,0.03234187,0.01928993,0.007989609,0.03918076,alERC,sub-S11,g,randomWalker9,freq01234
0.04347225,0.01328361,0.05938895,0.06134025,0.04179976,0.02767096,0.07841998,0.03935681,-0.01103618,0.02943207,0.002560998,0.03889897,0.06862187,0.05400417,0.05437561,0.02815319,0.07859339,0.06007744,0.006721134,0.06447395,0.06018629,0.05136698,0.06671885,0.04857189,0.02127727,0.06867136,0.05537278,0.05285337,0.05368752,0.07989755,0.06940636,0.06110701,0.06604402,0.03554383,0.01810459,0.04086788,0.06673399,0.06584843,0.05608895,0.01948735,0.07688678,-0.010016,0.03391398,0.06961139,0.01488157,0.002472695,0.0169772,0.03370926,0.004630909,0.03732848,0.05129546,0.009502762,0.02322387,-0.02714018,0.04448944,0.05646421,0.0430432,-0.01945816,0.07044695,0.07313188,0.05491952,0.009638416,0.06076972,-0.01362809,-0.02877482,-0.06865989,0.06164358,0.07309217,0.03781809,0.07137631,0.09017136,0.0555633,-0.01467158,0.05653492,0.06088238,0.06756757,-0.02819739,0.03730854,0.06534866,-0.008330884,0.04759035,0.03515905,0.07143797,0.06609739,0.04604742,0.06711305,0.0457148,0.05942846,0.07733469,0.02390016,0.05857871,0.03204298,0.03959227,-0.005990755,0.07968051,0.03920472,0.06795008,0.06118307,0.05020374,0.03403438,0.01278839,0.05200637,0.07135399,0.05743558,0.0171185,0.05469317,0.05599263,0.07259859,0.044544,0.08464953,0.06145652,0.07668539,0.05962909,-0.002690956,0.05297016,0.05616744,0.04088781,0.05248602,0.04682779,0.0811358,pmERC,sub-S11,g,randomWalker9,freq01234
0.03782661,0.05713334,0.06654541,0.04472791,0.04105446,0.04198771,0.03898402,0.03178954,0.0541115,0.04949549,0.03704295,0.01289834,0.04697741,0.0006771673,0.01813641,0.05007156,0.04086351,0.03973627,0.05873212,0.02058756,0.00471055,-0.02666375,0.05279525,-0.004307695,0.03412395,0.04741416,-0.00992479,0.0295899,0.04306541,0.04988978,0.04482513,0.08315175,0.06213157,0.009900796,-0.04360139,0.005737119,0.03939115,0.0731531,0.05687859,0.03317373,0.07124075,0.05252265,0.04099424,0.07201563,0.01090582,0.02577552,0.0647415,0.01570335,0.05430838,0.02900378,0.03985753,0.06608164,0.04499942,0.01076626,0.04104791,0.0291623,0.03885421,0.02035123,0.03907758,0.03725564,0.0511227,0.001815189,0.04275566,-0.006404828,0.01020652,0.01394985,0.05354023,0.03729782,0.001033315,0.03976243,0.07971718,0.04818967,0.003452003,0.02812006,0.04074543,0.05630555,0.05306476,0.03508089,0.007020255,0.03148126,-0.002159392,0.05484548,0.01137817,0.0712579,0.03578876,0.06001694,0.04827837,0.009184749,0.03352463,0.05736053,0.04655236,0.05283365,0.04375392,0.04419911,0.004724174,0.01755306,0.03213743,0.03108369,0.02984705,0.03252537,0.04407713,0.04315759,0.071681,0.06231711,0.02140136,0.04895115,0.04851745,0.06747177,0.04717344,0.05265893,0.01860633,0.05517206,0.0412442,0.03766522,0.02025794,0.03743651,0.0642734,0.03888149,0.03479495,0.03143823,alERC,sub-S13,g,randomWalker0,freq01234
0.02676626,0.0211622,0.03190877,0.01550906,0.02789668,0.03986339,0.01738447,0.03357642,0.03643033,0.04384815,0.01362889,0.03263256,0.03120252,0.02104943,0.03105599,0.03808402,0.02641958,0.03680138,0.04972208,0.0224816,0.02519431,-0.002236711,0.03284433,0.01672957,0.03229552,0.04019651,0.003912609,0.03316001,0.03880347,0.03249485,0.02074428,0.03579638,0.02338626,0.00724433,-0.006353237,0.01141066,0.02947387,0.04630855,0.04032608,0.01045549,0.02656868,0.04565388,0.02596955,0.0487211,-0.0008080666,0.01987803,0.04832631,0.01108551,0.05033648,0.006350251,0.03697156,0.03514226,0.03233552,0.03964466,0.04075469,0.02748329,0.01979084,0.02343793,0.03108011,0.02042569,0.04226635,0.01909715,0.03401763,0.00503102,0.02584986,0.03099947,0.0451366,0.0279418,0.007023659,0.03215713,0.04452864,0.03267803,0.01156847,0.02115499,0.03679412,0.01569965,0.0339567,0.03344349,0.01170603,0.05156715,0.006267096,0.04177132,0.04045515,0.05259613,0.02847886,0.03262948,0.04561965,0.01674471,0.03398424,0.03176834,0.03409287,0.0175678,0.03269713,0.0311679,0.01763675,0.01978451,0.02876471,0.04288095,0.02387323,0.02623455,0.03236641,0.03301236,0.04809815,0.03255785,0.02119815,0.03444017,0.05290321,0.03656314,0.03955703,0.03856378,0.01440509,0.04287166,0.03197454,0.03708673,0.01858625,0.02968299,0.03321633,0.03076891,0.02307075,0.02082355,pmERC,sub-S13,g,randomWalker0,freq01234
0.0302858,0.06614281,0.06608333,0.01305877,0.04092962,0.06826224,0.02506915,0.02977732,0.05597832,0.03833803,0.0744435,0.018727,0.04348444,-0.00621444,0.04257364,0.04561263,0.06846768,0.01002092,0.06895233,0.02720743,0.05545292,-0.0121981,0.02706026,0.004297643,0.04295205,0.03947011,0.03983539,0.05262094,0.0512725,0.06071987,0.04094255,0.06270958,-0.0007374585,0.04822496,-0.008135828,0.06726467,0.04998114,0.0416145,0.05042611,0.03339741,0.06627817,0.01587928,0.0443772,0.07656074,0.02764969,0.02898792,0.05613413,0.04989028,0.05195231,0.03611687,0.03519764,0.03142599,0.03811773,-0.01650937,0.05461943,0.06405874,0.0225396,0.03638113,0.04899707,0.03074146,0.03445485,0.03656555,0.04536812,0.005671284,0.02452147,0.008031595,0.04462414,0.05662932,0.01195445,0.04088645,0.08033674,0.04590973,0.02543259,0.03154824,0.03065391,0.06333875,0.05367602,0.03696826,0.007166022,0.02931337,0.0002773356,0.05603548,-0.01216288,0.06342845,0.03176333,0.05726979,0.05099124,0.02984702,0.03034541,0.05281594,0.05582393,0.05873808,0.03895933,0.04610981,0.03892472,0.01745048,0.0362613,0.01558273,0.02141503,0.01980702,0.04801492,0.04497602,0.06427353,0.06343783,0.0055424,0.04801738,0.04545331,0.06588072,0.04668057,0.04610021,0.02743018,0.05047345,0.04010194,0.0357649,0.02599396,0.03387719,0.0639533,0.03885945,0.03353492,0.05017184,alERC,sub-S13,g,randomWalker1,freq01234
0.04884371,0.03792285,0.03215527,0.005222879,0.01628262,0.03254819,0.01661729,0.01830527,0.03001393,0.03394342,0.04519111,0.01593039,0.04141167,0.01711855,0.006646946,0.03139413,0.0354982,0.01823226,0.03418964,0.004352288,0.02200967,0.0165604,0.02751159,0.03192104,0.01939212,0.0303104,0.03250575,0.0247118,0.02959719,0.02839254,0.02702121,0.0237144,-0.006864333,0.02415373,6.072223e-05,0.04297934,0.03547576,0.02126158,0.02947222,0.01071644,0.03195068,-0.0108682,0.03341829,0.03173256,0.0209969,0.008930651,0.04329057,0.01974098,0.05176413,0.02053921,0.02512859,0.02940777,0.02685801,0.01996773,0.0206842,0.053305,0.01021864,0.01925689,0.03878734,0.01513539,0.02738079,0.03138201,0.03679494,0.002496144,0.01851602,0.01679031,0.037473,0.03534351,0.01034795,0.03198479,0.0445278,0.0296409,0.01475376,0.02482411,0.02745685,0.02327615,0.0375195,0.02917112,0.005154746,0.0432977,0.007309224,0.04160756,0.03033905,0.04668386,0.0271163,0.0339759,0.04687244,0.02316045,0.03038554,0.03190637,0.03725787,0.02640552,0.03333002,0.03094463,0.03392813,0.02123255,0.03279645,0.04025855,0.01873004,0.02295022,0.03531298,0.03660942,0.04295332,0.03406065,0.008995073,0.03472357,0.05074003,0.03224066,0.03980991,0.04087293,0.01867413,0.04230709,0.0334955,0.03735965,0.02527441,0.02717996,0.03402049,0.03301527,0.02218009,0.03678547,pmERC,sub-S13,g,randomWalker1,freq01234
0.06913281,0.051514,0.06795848,0.05718109,-0.005375743,0.07207463,0.0299247,0.01949733,0.04185608,0.03064526,0.05383853,0.010789,0.06079892,-0.01115954,0.06101071,0.0542978,0.05930045,0.05388802,0.03681962,0.04208842,0.04975975,0.05918701,0.06863051,-0.02755836,0.03286741,0.03819177,0.05697468,0.03091376,0.02350394,-0.005519065,0.06758828,-0.02226226,0.07154398,0.04062297,0.08181144,-0.0003569733,0.02072773,0.05302063,0.03206661,0.08140258,0.008716494,0.03415088,0.06884475,0.04469531,0.01875601,0.06863572,0.03543669,0.03537005,0.04840743,0.0594606,0.07194753,0.009342634,0.04001055,-0.01210176,0.02280083,0.02174681,0.04322722,0.0706095,0.04768785,0.05154528,0.04612449,0.009017169,0.05300331,-0.003498763,0.01056063,0.007862605,0.05001952,0.03750335,0.003967608,0.02780929,0.07875935,0.0490176,0.008743661,0.02191579,0.03856847,0.05278295,0.06212174,0.03168367,0.01527261,0.0277827,-0.00525643,0.06209194,0.01225172,0.06230567,0.03572848,0.04878728,0.05790771,-0.004028925,0.03014611,0.05981026,0.06465618,0.06393258,0.04560194,0.05169128,0.02563211,0.01568177,0.01640588,0.02793491,0.02964868,0.03612139,0.05168954,0.03570102,0.05770686,0.06436141,0.01952443,0.04701588,0.04638057,0.06309446,0.04427896,0.04941526,0.002354205,0.04993444,0.03965482,0.04370144,-0.008060135,0.0319121,0.067648,0.03577529,0.02453736,-0.03127361,alERC,sub-S13,g,randomWalker2,freq01234
0.03656798,0.04176985,0.03075033,0.02514522,0.02192913,0.05502531,0.0237941,0.009815861,0.02418301,0.01620229,0.02583786,0.03889196,0.02586625,0.003438627,0.04099861,0.04685373,0.03233754,0.03868879,0.03091098,0.03226485,0.02320349,0.05433538,0.06162028,-0.001910886,0.02201466,0.04073979,0.0381791,0.021447,0.01487674,0.01711836,0.0344318,-0.004173866,0.0272017,0.00234554,0.04073555,0.0206669,0.01655135,0.03255034,0.02681682,0.03891211,0.004977422,0.02752693,0.05298087,0.03336766,0.04341578,0.03971216,0.007915678,0.03967708,0.03051251,0.02332657,0.03839674,0.01040695,0.02482692,0.02464531,0.03290314,0.03433662,0.02581429,0.04164303,0.03497198,0.05036312,0.03956562,0.02222032,0.04287431,0.006597078,0.02116793,0.02861004,0.04049614,0.02401724,0.008036119,0.02105764,0.0424963,0.03346105,0.01225926,0.01933087,0.03614181,0.02554251,0.02389245,0.03035952,0.01047905,0.04624648,0.004313883,0.04754113,0.03427448,0.04495675,0.02877587,0.02509272,0.04212987,0.01913328,0.03105792,0.03450201,0.0304742,0.02199589,0.03466896,0.03251689,0.03261386,0.01942233,0.01977409,0.04287355,0.02485697,0.03175132,0.03375428,0.02906233,0.03636498,0.03189819,0.02203052,0.03297886,0.05111593,0.02395107,0.0381659,0.04037141,0.00879476,0.03715965,0.02894205,0.03610628,0.008505562,0.02672645,0.03422225,0.02655287,0.01953342,-6.792584e-05,pmERC,sub-S13,g,randomWalker2,freq01234
0.06248377,0.05806483,0.06437297,0.04128155,0.05482255,0.03161618,0.06731305,0.04784471,0.05685881,0.05140676,0.05841997,0.008887726,0.05883297,0.0331428,0.04289852,0.04569536,0.06181331,0.02691471,0.06826862,0.05697456,0.06499561,0.01857429,0.07189784,0.03331233,0.05458374,0.0621658,0.00982104,0.06308566,0.05512395,0.06440695,0.0817307,-0.03825298,0.08113379,0.04006076,0.07838172,-0.01381405,0.0271139,0.04935014,0.03730013,0.06025975,0.01521198,0.03326144,0.06315155,0.04228425,0.02798452,0.05737983,0.04012378,0.02731821,0.04142942,0.05393827,0.06992292,0.05862468,0.04108936,-0.0143234,0.05766841,0.02989287,0.0402079,0.04092184,0.04786637,0.0502825,0.03990387,0.01220165,0.05266147,0.004400817,0.01654494,0.006319513,0.04993747,0.03780647,-0.002732243,0.04064457,0.07805631,0.0441081,0.01101668,0.02120464,0.03231627,0.03576643,0.04555529,0.03518889,0.004039224,0.02297509,-0.003743585,0.04916305,0.000783617,0.05770675,0.02908041,0.05072078,0.04774302,0.03341888,0.0171003,0.05587605,0.0531004,0.05615705,0.03475561,0.04194086,0.05136406,0.01196705,0.03336053,0.02823423,0.02036347,0.02559298,0.04222933,0.04168943,0.04559896,0.0641629,0.006399325,0.03883611,0.04640564,0.06483685,0.03887922,0.06311611,0.02496329,0.04573875,0.038419,0.03206967,0.02658264,0.02296789,0.05964085,0.03640189,0.02835258,0.05580381,alERC,sub-S13,g,randomWalker3,freq01234
0.04517775,0.04692129,0.03240056,0.008518671,0.03245908,0.05028381,0.04395906,0.0350165,0.06423037,0.02819902,0.03018696,0.03471881,0.03850674,0.02960755,0.01711117,0.03292878,0.0274093,0.02392208,0.03027028,0.03376387,0.05392214,0.01909884,0.05596081,0.02835898,0.03768149,0.06858148,0.04352963,0.04728432,0.04367272,0.05118498,0.04381075,-0.0182074,0.03003924,0.02054406,0.04336653,0.00965409,0.02294577,0.03678345,0.03424577,0.02781076,0.01202387,0.02334424,0.05035182,0.04505637,0.03274704,0.02198252,0.02230891,0.02807317,0.04305143,0.02540618,0.04085798,0.0179613,0.03709771,0.02842639,0.03586685,0.03679369,0.02655994,0.01938573,0.03919455,0.04894755,0.03845492,0.02094925,0.04501691,0.006708807,0.02999254,0.02646496,0.04402471,0.02700358,0.005711351,0.03402625,0.04814206,0.03162422,0.01171201,0.02217942,0.03406276,0.02312335,0.02680252,0.03562197,0.01225675,0.0507898,0.004920866,0.04183579,0.03232145,0.04840773,0.02587437,0.03373511,0.05219914,0.02844678,0.02642929,0.03454142,0.04055902,0.02695568,0.03258295,0.03608486,0.04378674,0.01761899,0.0329092,0.04028788,0.01938861,0.02674324,0.03383002,0.03785247,0.03728171,0.03469456,0.01693637,0.02964382,0.0530232,0.0403492,0.03497219,0.04784771,0.01868277,0.03947546,0.03187292,0.03919765,0.02651031,0.02572314,0.03351106,0.03245402,0.02264414,0.04912787,pmERC,sub-S13,g,randomWalker3,freq01234
0.05480393,0.03380049,0.06060382,0.05183942,0.02942792,0.05378172,0.03776442,0.0262004,0.0369989,0.03055936,0.03542076,0.02901117,0.04807024,0.031341,0.05745701,0.03742238,0.05053583,0.04911753,0.01317428,0.007086535,0.03995464,0.01563146,0.03213665,0.02347026,0.04509062,0.02663859,0.04720483,0.03462673,0.01851911,0.003246375,0.07761047,0.005322146,0.08166947,0.03789333,0.06952485,-0.01045212,0.02757706,0.04416675,0.03931067,0.05732718,0.02468188,0.05244179,0.05702871,0.04357044,0.03833741,0.06131365,0.03196888,0.04222811,0.03236509,0.06985915,0.07016859,0.02390783,0.03816115,-0.01012774,0.06032529,0.03800582,0.04476165,0.04748416,0.04415353,0.05483035,0.03913728,-0.001548996,0.04977451,-0.003389879,0.01237396,0.008275668,0.05064997,0.03118416,0.004674596,0.04092725,0.07722457,0.04269471,0.00557955,0.02966874,0.02895387,0.05232549,0.04572047,0.0313101,0.01401893,0.033188,0.005264212,0.04317401,0.003231989,0.05955163,0.02961837,0.05249082,0.04830137,0.02978502,0.02128799,0.05198139,0.0575962,0.05980988,0.03404871,0.03845878,0.0668908,0.017092,0.03574393,0.01767204,0.02397359,0.0304409,0.04010343,0.04233998,0.05393809,0.06257275,0.01701995,0.04083079,0.04588564,0.05814135,0.03691186,0.06424259,0.02957922,0.04602189,0.03771557,0.0334194,0.02773493,0.02806764,0.05520339,0.0359542,0.03465064,0.05138529,alERC,sub-S13,g,randomWalker4,freq01234
0.01871203,-0.01125761,0.03166183,0.02243761,0.02465489,0.02010612,0.02514029,0.01874241,0.0540463,0.01471019,0.006121847,0.02510714,0.0213633,0.01179227,0.02637416,0.03707189,0.01309738,0.03535761,0.02821934,-0.0125437,0.01831483,0.001915572,0.01272158,0.005405045,0.02114093,0.04620752,0.01787797,0.0216822,0.01461181,0.02030569,0.03860506,-0.008929454,0.02987666,0.02085515,0.05214878,0.001343518,0.01721369,0.04072726,0.03440858,0.02311045,0.01189547,0.02415443,0.04615876,0.04561296,0.03256908,0.03420883,0.01934673,0.02479267,0.03963575,0.03647038,0.03423839,0.01318426,0.03821916,0.02807651,0.03269693,0.03786849,0.02944085,0.02802345,0.03308823,0.04848957,0.03819998,0.01115648,0.03945554,-0.0009460275,0.02069911,0.03192499,0.03948135,0.02492242,0.005222625,0.03207465,0.04391467,0.03084046,0.007161439,0.01893513,0.03078661,0.02677519,0.03135039,0.03246583,0.01368767,0.05356247,0.004077903,0.03216726,0.03434313,0.04389235,0.02561944,0.02841918,0.04969751,0.02062642,0.02558011,0.03536477,0.03843438,0.02474232,0.02913959,0.03644987,0.0519809,0.01882601,0.03144624,0.03157721,0.02062919,0.02913148,0.03583467,0.03492188,0.0346263,0.03724614,0.0171362,0.02835028,0.05028612,0.03575242,0.03490019,0.04588451,0.01712355,0.03758962,0.02921385,0.04104283,0.02367907,0.02236841,0.03253783,0.0305006,0.02027598,0.03955364,pmERC,sub-S13,g,randomWalker4,freq01234
0.04582267,0.03546152,0.06001857,0.02279446,0.02605248,0.02617086,0.05807159,0.03727267,0.01266348,0.05571646,0.02412133,0.00351301,0.03045901,0.03971849,0.01201779,0.04572516,0.05038141,0.007186699,0.04053685,0.07217222,0.007559612,0.04196604,0.05519522,0.04879373,0.03239674,0.02974436,0.03177527,0.03112112,0.03705898,0.02406652,0.0198703,0.05683056,-0.01220256,0.03945563,-0.007336907,0.0650006,0.05296263,0.0353235,0.05131098,0.006757893,0.05345964,0.005725862,0.02895531,0.09187555,0.03130167,-0.01644644,0.07127485,0.04645299,0.04017992,0.03375478,0.03400967,0.02038864,0.05049243,0.003173948,0.06012247,0.04901102,0.02675267,0.0226409,0.04822415,0.01924492,0.04579398,-0.0002517728,0.0508774,-0.01356173,0.007470354,0.009947518,0.04676246,0.02546689,-0.002037676,0.04222494,0.08474281,0.04648099,0.0007952771,0.02797158,0.03300447,0.05161787,0.04215419,0.03124063,0.01398308,0.03933055,0.003365018,0.04437229,0.01379133,0.05487697,0.03624249,0.05157806,0.05299155,0.0161969,0.02471968,0.05566712,0.05534776,0.06590068,0.03723091,0.05073974,0.0211449,0.02054777,0.03656168,0.02322884,0.03076068,0.03144654,0.04783661,0.0436317,0.05236803,0.06078653,0.01135375,0.04307183,0.04150811,0.06165132,0.04254697,0.05775112,0.0202518,0.0460564,0.04200402,0.03671958,0.02458402,0.02659377,0.0593261,0.03984669,0.02793626,0.05353426,alERC,sub-S13,g,randomWalker5,freq01234
0.05205195,0.02464983,0.0318845,0.03681937,0.02889839,0.02289896,0.04398951,0.01955981,0.01001486,0.02244861,0.03227974,0.02694539,0.0382509,0.02387148,0.01791688,0.0310879,0.03065497,0.02220484,0.03582171,0.03707827,0.01399062,0.02361125,0.05201532,0.0313209,0.01983583,0.03720586,0.02315243,0.01573458,0.02382529,0.02036097,0.01893481,0.02573462,0.005562162,0.02040271,0.004117928,0.0389052,0.03268915,0.01984386,0.0294535,0.005126726,0.02812443,0.01615109,0.02997695,0.03906038,0.03451476,0.001677944,0.05605717,0.02893989,0.04505618,0.02571974,0.02669398,0.03603991,0.03838232,0.03878736,0.03687609,0.04416746,0.0136743,0.007179174,0.03907496,0.005047787,0.04410735,0.01154256,0.04106365,-0.004712538,0.02320908,0.03185505,0.04346168,0.02176544,0.003078326,0.03333175,0.04610037,0.03367631,0.003596699,0.0177194,0.03158681,0.02232021,0.02671398,0.03134615,0.01452208,0.05449051,0.005294836,0.03825208,0.03753022,0.04244262,0.02842134,0.03151803,0.05269438,0.01640862,0.02651878,0.03534806,0.03619115,0.02915719,0.0309807,0.03877076,0.01954543,0.01949933,0.03146374,0.03561902,0.023114,0.02742353,0.03763239,0.03520777,0.04021794,0.0357404,0.01580773,0.03197318,0.04945547,0.03724562,0.03800539,0.04334031,0.01507709,0.03879478,0.03304942,0.04249948,0.02124613,0.02466691,0.03551232,0.03194878,0.02180948,0.03833657,pmERC,sub-S13,g,randomWalker5,freq01234
0.0323525,0.03256148,0.06453122,0.06438029,0.04572157,0.04742191,0.06715059,0.03560032,0.04751757,0.02718827,0.05374068,0.02657823,0.03791736,0.06208609,0.04990149,0.04899061,0.05372768,0.054234,0.07898851,0.05145046,0.002838919,0.02461901,0.02958993,0.0563265,-0.002364407,0.05238961,0.03890561,-0.01226581,0.02771923,0.03349146,0.02457294,0.06554049,-0.006121486,0.02529537,-0.04046911,0.06143252,0.0491877,0.05237526,0.058676,0.01621272,0.06346167,0.01312812,0.03696129,0.08055849,0.0129005,-0.003926656,0.06755119,-0.02103112,0.04366726,0.03654604,0.0341362,0.05156099,0.04924278,-0.004225549,0.04774764,0.04655941,0.03052818,0.01245268,0.04694147,0.02652924,0.05264051,-0.009261523,0.05585677,-0.01104219,0.01331403,0.00848516,0.05637647,0.02600895,-0.003945736,0.04560124,0.0795275,0.04851553,-0.003695416,0.02697679,0.03740982,0.04344846,0.04292596,0.03350874,0.01141266,0.0490303,0.005204246,0.038117,0.0185599,0.03631973,0.03289127,0.05666542,0.05030409,0.00661196,0.02938983,0.05486951,0.05520578,0.05255494,0.04332691,0.04544472,0.03033702,0.03000943,0.02908825,0.01420653,0.02689543,0.02924586,0.04548659,0.039575,0.05811181,0.06358837,0.01272945,0.04559613,0.04668858,0.06150621,0.04457198,0.05649278,0.02284906,0.0500234,0.04212209,0.03568961,0.00915628,0.02980009,0.06182022,0.03738043,0.03360814,0.05535543,alERC,sub-S13,g,randomWalker6,freq01234
0.01811531,0.0289964,0.03248159,0.03659256,0.02919479,0.03457922,0.0378167,0.0228055,0.03908338,0.03556972,0.03980652,0.03748748,0.02465052,0.03065966,0.03975987,0.04040744,0.01925041,0.03883347,0.03749112,0.0180019,0.01108451,0.01874942,0.02961719,0.02351518,0.01219928,0.03720418,0.02811779,0.01503912,0.02803977,0.03143019,0.0197747,0.02872158,0.008619959,0.01455977,-0.01090088,0.03997775,0.03469283,0.02307763,0.03253302,0.006569757,0.02891828,0.008204136,0.03179955,0.0379681,0.03595718,0.0006307382,0.05418957,-0.01962623,0.04644964,0.0183697,0.02987496,0.05165425,0.03876755,0.03724834,0.04622049,0.04157313,0.01262523,0.01691973,0.04113212,0.01520271,0.0446099,0.009962455,0.04369031,0.00213764,0.03041183,0.0327378,0.04623606,0.02360898,0.00404417,0.03681252,0.04458498,0.03408162,0.005162842,0.01882588,0.03559237,0.02043776,0.02868654,0.03468842,0.0143398,0.05814968,0.01006822,0.03488525,0.03296589,0.03718036,0.02641417,0.03304363,0.04795336,0.01093495,0.02996019,0.03407091,0.03688458,0.02252404,0.03467775,0.03320342,0.03227557,0.02882906,0.02642828,0.03437309,0.02229274,0.03080452,0.03344913,0.03083321,0.03867859,0.03526272,0.0230077,0.03079635,0.04972387,0.03597198,0.03665342,0.04254501,0.01694454,0.03986653,0.03129149,0.03587005,0.01156028,0.0252698,0.03525511,0.02895838,0.02502895,0.04254026,pmERC,sub-S13,g,randomWalker6,freq01234
0.05735411,0.03123581,0.06521793,0.02590248,0.06130358,0.04478208,0.07007401,0.04703705,0.04204449,0.05474266,0.03923767,-0.008256755,0.03477934,-0.01590058,0.01005214,0.04008386,0.05573171,0.04291841,0.07522352,0.04653301,0.06143894,-0.008232806,0.05952981,-0.03907474,0.0496804,0.0346376,-0.01198083,0.06597911,0.05900056,0.06891935,0.07766355,-0.01180742,0.07787053,0.04123917,0.07417351,-0.01878466,0.02355484,0.0478719,0.03836885,0.06793012,0.0212011,0.026131,0.06271005,0.0565244,0.04479581,0.06017227,0.03321039,0.02500524,0.02825602,0.06619606,0.07385915,0.02338281,0.04152312,-0.002211975,0.0529329,0.02493819,0.03951674,0.05171023,0.04590276,0.05363625,0.04009675,-0.001514698,0.04800079,-0.00629924,0.006742232,0.00579813,0.04855371,0.03737661,-0.003251661,0.03923961,0.07978415,0.0459363,0.003821532,0.01722501,0.03377625,0.04401642,0.04691548,0.03407169,0.006349201,0.02337593,-0.00728675,0.05136568,0.001459351,0.06055732,0.02767081,0.05685691,0.05103815,0.02437521,0.02656352,0.05565858,0.05793424,0.06298841,0.03687313,0.04533145,0.0127752,0.01638174,0.02808252,0.01099359,0.02284474,0.02024254,0.03981284,0.03657325,0.05896767,0.06196788,0.01228777,0.04166687,0.04567276,0.06577284,0.03993335,0.05677691,0.02242514,0.050091,0.03785904,0.02822903,0.01734681,0.02821085,0.06243815,0.03341555,0.03021073,0.05016742,alERC,sub-S13,g,randomWalker7,freq01234
0.02800896,0.02235349,0.03180722,0.02153083,0.03561793,0.02716351,0.03915548,0.0402229,0.0224062,0.03314623,0.03045567,0.01661976,0.0254425,0.01727522,0.0117296,0.03169854,0.0216629,0.04090378,0.04649279,0.02074641,0.03697832,0.01210003,0.02913083,0.005089198,0.04547637,0.0341631,-0.004774706,0.0414586,0.04573987,0.03665273,0.04357523,-0.001595004,0.03234094,0.0229995,0.04748381,0.01372306,0.01998809,0.03776157,0.03399071,0.03353693,0.01582906,0.02422701,0.05246515,0.04442941,0.03999206,0.03462035,0.01564452,0.03330353,0.03297096,0.03209672,0.04161274,0.006607198,0.03343255,0.033651,0.03576251,0.04075962,0.02558366,0.03487584,0.03546397,0.04678897,0.03436556,0.01946823,0.0360847,0.001482073,0.01671984,0.02899944,0.04180717,0.02736349,0.007980296,0.03194601,0.04136639,0.0348845,0.00913874,0.01745277,0.03421417,0.02075943,0.02569246,0.03460842,0.009775315,0.04568826,0.003076054,0.04133255,0.04013881,0.04524641,0.02598767,0.03558472,0.0496295,0.02243645,0.0303273,0.03306072,0.0416866,0.02689281,0.03384963,0.03449573,0.02491113,0.02141755,0.02700749,0.03952676,0.02186063,0.02508081,0.03229174,0.0317525,0.04402804,0.03236653,0.01567317,0.03303462,0.05310424,0.03712501,0.03800344,0.04665316,0.01641805,0.04070244,0.03193778,0.03514159,0.01791987,0.02677439,0.03564239,0.02950862,0.02355948,0.0361537,pmERC,sub-S13,g,randomWalker7,freq01234
0.02778555,0.02502726,0.06015653,0.02810545,0.05059539,0.0315527,0.04900974,0.04043777,0.006990276,0.02438988,0.03788608,0.008541647,0.008818075,0.02697571,0.03171281,0.04292602,0.03903466,0.04564158,0.04814622,0.04038702,-0.006242205,0.01474747,0.008003892,0.01886313,0.02837606,0.004841984,0.01012723,0.001444784,0.04821029,0.02542654,0.06581184,0.07641073,0.07399954,0.01999125,-0.005196169,-0.03922496,0.02645789,0.06896841,0.0458963,0.009892702,0.0578836,0.01491318,0.04857532,0.058437,0.03946554,0.03208227,0.05252599,0.02729006,0.04233905,0.05957395,0.05154712,0.06068426,0.04306793,-0.002129093,0.0320303,0.02794893,0.0404663,-0.01071104,0.04286153,0.04317228,0.04155197,0.009015458,0.04216341,-0.008776068,0.01205348,0.009275568,0.04870257,0.03099198,-0.005691674,0.03666717,0.07808388,0.04417313,0.004795068,0.01856937,0.031302,0.05267179,0.04802495,0.03136425,0.003937392,0.03305752,-0.006018633,0.05300066,0.00538931,0.05222671,0.02921678,0.04590318,0.04874203,0.01390594,0.0243762,0.05075573,0.06292028,0.05159752,0.03901227,0.04007169,0.06133039,0.01108959,0.02787399,0.0153983,0.02142113,0.03315433,0.04104879,0.0361211,0.05511308,0.05836791,0.008003553,0.04337988,0.04660138,0.05991644,0.04069367,0.05839339,0.01802183,0.04957728,0.03877168,0.0354252,0.01481297,0.02715445,0.05714229,0.03515362,0.02538552,0.04007313,alERC,sub-S13,g,randomWalker8,freq01234
0.005031138,0.02802595,0.03220404,0.01966899,0.03186922,0.004281686,0.02501655,0.02505769,0.03754343,0.04323044,0.02562063,0.02100625,0.009043133,0.01847358,0.01637288,0.03714493,0.01197351,0.02646244,0.02906233,0.02908362,0.01854272,0.01889428,0.02450022,0.02132232,0.0182313,0.03123134,0.01906397,0.01140956,0.03437922,0.03288335,0.02843046,0.02903632,0.02834185,0.01075916,0.01937323,-0.004571603,0.0253615,0.05320477,0.03539753,-0.01210788,0.01727146,0.009271546,0.03530239,0.05232697,0.01939926,0.03349557,0.04287315,0.01784282,0.04432804,0.03436667,0.03564558,0.0198581,0.03789421,0.02845722,0.02797657,0.03959594,0.02257591,-0.01957505,0.03426256,0.0371358,0.0407334,0.01865401,0.03515745,0.00194903,0.02165298,0.02833358,0.04342965,0.02573957,0.004435897,0.03069868,0.04605969,0.0315504,0.009250483,0.01669845,0.03405862,0.01920362,0.02863615,0.03277537,0.009767869,0.0506058,0.003517628,0.0453825,0.03724388,0.04490253,0.02686635,0.0272909,0.04605086,0.01593876,0.0282693,0.03357717,0.03774468,0.02288226,0.03627287,0.0319464,0.04340256,0.02096249,0.02797642,0.03263253,0.02074192,0.03325878,0.03351878,0.03167426,0.03977936,0.03415107,0.01918454,0.03401864,0.04949408,0.03739547,0.038153,0.04198412,0.01522672,0.03906291,0.03076753,0.03779167,0.01624231,0.02754834,0.0333498,0.03020959,0.022032,0.02935244,pmERC,sub-S13,g,randomWalker8,freq01234
0.03519257,0.02289716,0.06074698,0.04567504,0.04416395,0.05423679,0.03195498,0.04978485,0.02810696,0.01472586,0.03393015,0.04107973,0.05001987,0.02387424,0.05528766,0.03782204,0.04955829,0.02257325,0.02089479,0.06595754,0.06161547,0.03474978,0.02336609,0.001720146,0.05142591,0.04710565,0.04685798,0.04931268,0.03933132,0.01845913,0.05566955,0.08200084,0.07280374,0.01147122,-0.02863671,-0.02906747,0.03030674,0.0695145,0.04892929,0.01657745,0.07271036,0.0323852,0.03721544,0.05635033,0.03439178,0.03135931,0.04794273,0.02934458,0.03827908,0.04466262,0.05265965,0.04623476,0.04040172,0.001553334,0.03208972,0.02154597,0.04272972,-0.002361554,0.04183941,0.04174642,0.03371941,0.008721047,0.05086838,0.003951454,0.01576875,0.008482134,0.0484736,0.02812123,0.001358177,0.04329211,0.076721,0.044163,0.008112991,0.02013274,0.02636507,0.06315233,0.04070858,0.03049454,0.01164754,0.04398867,0.006969936,0.05148269,0.01009482,0.05288183,0.02818216,0.04802089,0.0490156,0.02675973,0.02077554,0.05093243,0.05977581,0.05507323,0.03448709,0.0425201,0.07049894,0.01376063,0.03103345,0.01050754,0.02374423,0.03068233,0.0408175,0.03904625,0.05053329,0.05920238,0.01066633,0.03885748,0.04770146,0.05922277,0.038927,0.0720942,0.02244091,0.04802182,0.03788016,0.03336855,0.02481543,0.02294485,0.05579447,0.03526304,0.02743918,0.0541505,alERC,sub-S13,g,randomWalker9,freq01234
0.001698269,0.02973659,0.03167576,0.04175063,0.02800131,0.04038725,0.06017655,0.02560269,0.03552069,0.02034503,0.04461125,0.05079977,0.0236095,0.02743681,0.05092173,0.04017637,0.02464019,0.0431347,0.03674079,0.03016055,0.02452536,0.03276706,0.03955457,0.02716069,0.02659934,0.04401177,0.04386086,0.02233068,0.01864804,0.02089525,0.02751325,0.03534932,0.03305225,0.00809001,0.001188937,-0.001513621,0.02561125,0.04748113,0.03670976,0.003604094,0.02490418,0.03399247,0.02839293,0.04543028,0.03852658,0.03582721,0.04311292,0.0191661,0.04974575,0.0115731,0.03541446,0.02023758,0.03935648,0.03672059,0.03654286,0.03756431,0.02420569,-0.01361607,0.03347432,0.02785269,0.03851948,0.01712774,0.04421654,0.00469216,0.03290894,0.03115186,0.04284577,0.02414894,0.003075006,0.0368802,0.04746231,0.03148485,0.008083438,0.016936,0.03351415,0.02422837,0.03032547,0.03540733,0.01592196,0.05848188,0.009424133,0.03588333,0.03624579,0.04199216,0.02672075,0.02875138,0.05054092,0.02371613,0.02649403,0.03476528,0.0378039,0.02414055,0.0329284,0.03890627,0.05125844,0.02460381,0.03121008,0.03553723,0.02202453,0.03027741,0.03571623,0.03534767,0.03654502,0.03399996,0.017174,0.02990294,0.04997442,0.03340042,0.03648839,0.05011535,0.01583646,0.0385538,0.02975912,0.04231395,0.02567491,0.02339878,0.03346768,0.03134912,0.02105096,0.04071518,pmERC,sub-S13,g,randomWalker9,freq01234
0.08456028,0.01894514,0.0403158,0.07359041,0.09519341,0.004858584,0.04468663,0.09253842,0.04527437,0.07283241,0.03838189,0.004885305,0.02798279,0.1042058,0.09913068,0.1046015,0.07356535,0.1237013,0.02157436,0.08630184,0.081509,-0.03486122,0.06942932,0.01340043,0.07317744,0.0685799,-0.0701387,0.0901535,0.1098311,0.1183276,0.06879498,0.01275718,0.05687762,0.009212621,-0.01607291,0.03420376,0.0966979,0.09227836,0.1089178,0.07997829,0.01630056,0.06212934,0.05361017,0.12509,0.05215631,0.08101071,0.09327867,0.02425632,0.09595627,0.007528668,0.09593797,0.03864044,0.1017018,0.07276095,0.04125357,0.055732,0.06321876,0.1161679,0.08161313,0.09292541,0.1092819,0.03251027,0.05104015,0.02729208,0.04717157,0.08572681,0.07078493,0.03993839,-0.003859341,0.07394857,0.1131814,0.1034849,0.0571071,0.06017608,0.09980699,0.04920982,0.09366421,0.1079938,0.05594074,0.04950047,0.01516457,0.096152,0.1078834,0.05826465,0.08096188,0.08852624,0.1074493,0.008275559,0.08107168,0.0728273,0.04917569,0.02248031,0.07001945,0.08823238,0.02390229,0.03022565,0.07871335,0.0845298,0.06482015,0.05364928,0.1012506,0.08821846,0.1184756,0.04460054,0.008308114,0.1119513,0.1000763,0.05380628,0.1204269,-0.01592673,0.04550313,0.1031363,0.09668233,0.09999267,0.0413092,0.07890407,0.0676657,0.09152907,0.05864849,0.05188787,alERC,sub-S14,g,randomWalker0,freq01234
0.07502103,0.03433337,0.07138388,0.04567661,0.04719369,0.0395923,0.03825328,0.03888237,0.09687192,0.08063291,0.03539769,0.01806297,0.04257557,0.06343698,0.1084799,0.08682082,0.06132418,0.1037175,0.03642646,0.04468677,0.03458714,-0.02662919,0.05466208,0.02652475,0.02007461,0.09971602,-0.04571589,0.03616806,0.07213422,0.07879587,0.07078762,0.02501598,0.07905029,0.06327691,-0.01595692,0.05055638,0.1081269,0.08573236,0.1078345,0.05065583,0.04072144,0.06013105,0.05260435,0.1029913,0.03787572,0.06224791,0.07877117,0.06817328,0.08988454,0.03912061,0.1085147,0.03591979,0.09509668,0.09126749,0.05651059,0.05746041,0.07855898,0.1074411,0.1111546,0.08916033,0.1024917,0.009776053,0.09128229,-0.003204916,0.01364003,0.06663253,0.06872968,0.1032944,0.0486273,0.1052369,0.08977445,0.0989432,0.01910756,0.08937978,0.1130151,0.04766033,0.07161589,0.1121007,0.09585591,0.04621,0.05239418,0.06383364,0.1144694,0.03317309,0.08837678,0.08491762,0.09608072,0.06544433,0.1080986,0.05811874,0.02299713,0.05282361,0.0691532,0.0739141,0.07331978,0.0673631,0.1008854,0.09152786,0.08395008,0.06365824,0.08562151,0.08575039,0.0994737,0.08808569,0.02831215,0.1004005,0.1055292,0.08722495,0.1060645,-0.006241313,0.07884046,0.1151836,0.106619,0.09204983,0.07040918,0.08165596,0.06319769,0.09693788,0.06532454,0.08094192,pmERC,sub-S14,g,randomWalker0,freq01234
0.05116596,0.03659798,0.04060888,0.07780046,0.02980436,0.007965678,0.07636815,0.03503189,0.02541695,0.04650703,0.07450368,-0.01251339,0.03466069,0.02043592,0.04411852,0.08187266,0.02692915,0.1009643,0.01019285,0.0393906,0.03389064,-0.01774184,0.08628379,0.01078916,0.01126901,0.04131069,-0.003436694,0.04786722,0.07630146,0.07695238,0.1019856,0.04079029,0.06551757,0.02929106,-0.03840679,0.05804241,0.09405965,0.07160728,0.06484632,0.04264075,0.04699451,0.0008996661,0.07312355,0.09225748,0.04188331,0.06795294,0.08907505,0.01548188,0.09478527,0.04738244,0.07811678,0.03599992,0.08787691,-0.03182954,0.02084079,0.09772442,0.04375838,0.1086771,0.06728808,0.08631766,0.08123692,0.08094825,0.0422407,0.02824201,0.05693188,0.07813423,0.02931124,0.04039631,0.009930919,0.07176565,0.1147194,0.0920918,0.08499426,0.05397268,0.08502579,0.05028423,0.09231015,0.1034913,0.072766,0.04869938,0.01693025,0.05204821,0.02586318,0.04212638,0.06954502,0.09462517,0.1034858,0.03130003,0.07384674,0.06567873,0.09968966,0.06686671,0.05935674,0.07972961,0.03025967,0.03602184,0.07655615,0.02697535,0.04614698,0.02929148,0.09662313,0.08854686,0.1170576,0.04388245,-0.005427986,0.1058685,0.1005149,0.04732283,0.1171618,0.02090559,0.0490478,0.1061014,0.09695631,0.1016824,0.04984563,0.07175517,0.06174823,0.08929717,0.06009816,0.08182202,alERC,sub-S14,g,randomWalker1,freq01234
0.04254144,0.06421234,0.06837703,0.02737087,0.01529271,0.06467363,0.02477331,0.00332737,0.06745593,0.0626917,0.06947545,0.00952375,0.02982631,0.001822517,0.1061914,0.07034276,0.03804231,0.08697434,0.02550793,0.02474339,0.02549492,-0.00340509,0.04961246,0.02606761,0.009660156,0.04771953,0.04229921,0.01461807,0.02789398,0.03782652,0.07858831,0.06118764,0.04251084,0.07717963,0.007179143,0.06070781,0.1063612,0.07769589,0.09221619,0.05015669,0.08061647,0.01784877,0.06199822,0.08749741,0.03363395,0.05915266,0.08395261,0.0004629626,0.08885612,0.04328048,0.08252776,0.02012686,0.09855513,0.05145394,0.04611297,0.08691804,0.07158351,0.07310905,0.1083731,0.06507386,0.09656099,0.04677457,0.08629815,-0.01240978,0.02915973,0.0621567,0.03327665,0.08017253,0.06493948,0.1043807,0.08827758,0.09682734,0.04579248,0.08717047,0.1090393,0.045944,0.0735448,0.1109242,0.09862662,0.04730416,0.0585404,0.05634265,0.0587006,0.0107461,0.08589003,0.09313605,0.1014073,0.08513289,0.1095066,0.05716885,0.06226215,0.06035607,0.06284616,0.06978974,0.02131848,0.08333956,0.1039841,0.06343897,0.08043649,0.05161477,0.08554358,0.09161063,0.1014735,0.08058034,0.01648078,0.09778055,0.1046161,0.08065297,0.1035462,0.00807138,0.08640124,0.1146518,0.1090639,0.0944243,0.08634605,0.0807165,0.06071552,0.09917622,0.07158731,0.09879148,pmERC,sub-S14,g,randomWalker1,freq01234
0.07506453,0.002491655,0.04124948,0.01647671,0.008220107,0.04827895,-0.006992912,0.02212712,0.02552482,0.005829024,-0.003125089,0.02186098,0.04985329,-0.01843411,0.04351402,0.1013239,0.06058814,0.04220225,0.01193369,0.09074108,0.03039255,0.05198563,0.1406491,0.03926782,0.03243807,0.05119481,0.02516802,0.03537755,0.03047735,0.02581789,0.08607734,0.03112922,-0.01725996,0.03680633,0.02598687,0.003275821,0.02815668,0.09901301,0.08069341,0.01201619,0.07878224,0.0710247,0.0930931,0.119152,0.09842925,0.03409689,0.03517776,0.0354934,0.07849604,0.03701587,0.03360452,-0.007043163,0.06109058,0.03663886,0.05649623,0.05455855,0.07072143,0.01949799,0.04663357,0.106649,0.1021225,0.01997859,0.0432766,0.03368273,0.02392097,0.05979958,0.05652167,0.0430698,0.006832893,0.04096208,0.1096903,0.08974715,0.05741995,0.03606656,0.09771349,0.02697511,0.05316714,0.1010868,0.07568666,0.0428616,0.02141435,0.07179666,0.1142353,0.0788424,0.07045998,0.07729644,0.06539361,-0.0111622,0.06760971,0.08133239,0.0804158,0.04381121,0.07823976,0.08742916,0.03575082,0.01451326,0.03767443,0.07861948,0.05549477,0.01176894,0.0931211,0.0562649,0.1090571,0.04619028,0.009773738,0.1034087,0.08926562,0.07729015,0.1126076,0.07436007,0.0209162,0.09037887,0.08343434,0.08393773,-0.0324048,0.07235762,0.0660611,0.07241088,0.04453651,0.01589168,alERC,sub-S14,g,randomWalker2,freq01234
0.06441159,0.005326149,0.06743693,0.03830462,0.01344032,0.06991728,0.02315958,0.05642589,0.03081584,0.01743301,0.02108428,0.02864521,0.05879204,-0.009600068,0.05762901,0.09365929,0.05443712,0.05285431,0.008114433,0.06349617,0.06346037,0.07385807,0.1155149,0.01215229,0.03878214,0.02579563,0.05344689,0.04433358,0.09177678,0.07238556,0.07164782,0.004867536,0.00392982,0.04823846,0.03861324,0.01376109,0.06898593,0.07949282,0.1029789,0.02216161,0.06763788,0.09101901,0.08425193,0.111137,0.1021049,0.04969889,0.02765055,0.04217852,0.06563356,0.04048441,0.05317751,0.0417091,0.0698906,0.07990646,0.06137964,0.06889281,0.07936502,0.01038865,0.09822661,0.101079,0.1085228,0.01206804,0.08178447,-0.002370167,0.05419681,0.04451351,0.05030113,0.09817791,0.04781651,0.08870862,0.08811949,0.1003932,0.02223568,0.0786149,0.115049,0.0518329,0.03941724,0.1101638,0.1032891,0.03524768,0.05798115,0.06682972,0.1176702,0.05345488,0.08585937,0.08285917,0.06769515,-0.02366611,0.1077247,0.07096567,0.04668182,0.05574318,0.0788869,0.07702456,0.09445311,0.05659235,0.07619225,0.09468175,0.08349384,0.02810397,0.08288128,0.0644015,0.1011843,0.08235043,0.02698316,0.1007086,0.1081785,0.07051025,0.1082199,0.06877255,0.05334733,0.1131508,0.1027834,0.08193372,-0.00984452,0.08033361,0.06182582,0.08709923,0.05517015,0.01216274,pmERC,sub-S14,g,randomWalker2,freq01234
0.08180074,0.02172156,0.04066084,0.05785964,0.06238064,0.01013149,0.1185952,0.0704615,0.06775425,0.08338134,-0.004150783,0.04013047,0.04345139,0.07550582,0.1138839,0.09690471,0.03692087,0.09897839,0.0846627,0.09521446,0.07945497,0.0407219,0.1282486,0.06226826,0.05520001,0.1099409,0.007993082,0.08557756,0.09840352,0.1066613,0.07149095,-0.01690384,0.001238561,0.03562491,0.03210336,-0.008137266,0.0536557,0.1084334,0.10516,0.01634161,0.07898654,0.06516887,0.07109983,0.1337418,0.0832895,-0.004297688,0.0563114,0.02090948,0.09424935,0.0374868,0.04147031,0.02859284,0.08791153,0.03781784,0.03426063,0.06656785,0.08349053,0.01517468,0.06453284,0.1063236,0.1038688,0.05252534,0.04687684,0.04527638,0.0276845,0.06643095,0.07665709,0.04211206,-0.004558553,0.0607195,0.1133262,0.09939247,0.07046891,0.0565342,0.09501744,0.01475339,0.07261132,0.1023522,0.05227016,0.0509675,0.009186919,0.1015292,0.1062968,0.06905695,0.06974687,0.09874403,0.1063921,0.037556,0.05947665,0.0681426,0.1147178,0.08601803,0.05084091,0.08565702,0.07767533,-0.001851985,0.08156408,0.02649089,0.0414443,0.003518515,0.09472441,0.09528402,0.1054557,0.04343528,0.003340002,0.1026727,0.09400647,0.05220504,0.1127242,0.05403156,0.05143815,0.1008085,0.09428237,0.0971956,0.05734688,0.07025471,0.0664646,0.09282424,0.06598449,0.09359063,alERC,sub-S14,g,randomWalker3,freq01234
0.0720937,0.05894688,0.06988838,0.02157501,0.02280716,0.02727396,0.0767687,0.02547367,0.08581967,0.07083837,0.03344954,0.07176094,0.04818781,0.02850008,0.1009164,0.07907289,0.06807645,0.06360816,0.08304361,0.05179307,0.04442558,-0.007981339,0.1088667,0.02056232,0.01291608,0.1024553,0.01011313,0.0437244,0.0628693,0.07846154,0.07085086,-0.02325999,0.0184315,0.05582777,0.04670377,0.0236132,0.09563383,0.08223613,0.1168364,0.02377844,0.06104613,0.08880629,0.06713883,0.1208852,0.07618284,0.02997943,0.0390606,0.05500276,0.07865952,0.08090965,0.05278968,0.008243999,0.09939308,0.08189809,0.0539411,0.07879881,0.08670201,0.009565918,0.1120339,0.1054754,0.1027119,0.01546155,0.08636878,0.006358171,0.01102841,0.04671883,0.06406762,0.1080615,0.04096163,0.1025909,0.09147494,0.1036041,0.02597562,0.09213216,0.1162675,0.0506128,0.04873517,0.1150464,0.1018488,0.04696986,0.03531208,0.07162268,0.1153007,0.04330115,0.0850035,0.1002744,0.1041574,0.09301686,0.1038873,0.05749122,0.08774275,0.06957378,0.05670437,0.07262646,0.03418517,0.05184592,0.1094466,0.04044372,0.07725514,0.01505428,0.08395673,0.09689427,0.09766882,0.07814677,0.01896658,0.09714128,0.1049593,0.08245283,0.1020742,0.04672002,0.0919155,0.1178366,0.1086715,0.08598519,0.08628643,0.078789,0.06083813,0.1011893,0.07553278,0.1109957,pmERC,sub-S14,g,randomWalker3,freq01234
0.04568991,-0.04069134,0.04099059,0.03274469,0.02260512,0.01615696,0.02769852,0.002638594,0.06087289,0.08801799,0.012548,0.07014501,0.02871608,0.08113165,0.03215257,0.09446828,0.02817033,0.01589885,0.001422559,0.01553506,-0.000410055,0.01280899,0.04970605,0.1088184,0.03183411,0.0348571,0.02035037,0.001071884,-0.003840704,0.01215786,0.08478277,0.06234875,0.01153377,0.03699309,0.05818837,-0.01094282,0.04804517,0.1172751,0.106007,0.04654318,0.09581939,0.0800354,0.07740431,0.1298539,0.1181489,0.01256335,0.05777001,0.08308955,0.1033402,0.03510297,0.03710651,0.0257652,0.09117353,-0.003669167,0.01636042,0.06932529,0.09254948,0.02288163,0.05619001,0.1083428,0.1108411,0.007369157,0.05120808,0.02237087,0.01664906,0.05947008,0.06252076,0.04095477,0.0003815301,0.0720691,0.1175027,0.1030975,0.04449445,0.06108222,0.09349306,0.01903234,0.07132031,0.1034332,0.05918721,0.04335809,0.02080798,0.07094739,0.1055315,0.05475089,0.0755068,0.08856577,0.1078565,0.04235258,0.06636342,0.06109822,0.09984803,0.05461159,0.05109906,0.0957937,0.0872417,0.03009217,0.0860332,-0.001794243,0.05573872,0.01842242,0.104428,0.09383958,0.09995632,0.04556763,0.002224811,0.103407,0.1028234,0.0522218,0.1166043,0.01235654,0.05632383,0.1027878,0.09079413,0.1019034,0.05866982,0.06530761,0.06352941,0.09289484,0.0602478,0.0948614,alERC,sub-S14,g,randomWalker4,freq01234
0.04791127,0.03799948,0.07179598,0.07544341,-0.006354109,0.06781145,0.06874833,0.009878538,0.06316853,0.05119501,0.01104338,0.06648474,0.05619293,0.0677719,0.05299511,0.08585609,0.0548993,0.04605782,0.003554,0.02294777,0.06357735,0.06536399,0.03387473,0.09999255,0.01760192,0.04832729,0.08178838,0.02533327,0.06457966,0.06710517,0.07478654,0.0316288,0.02294354,0.06579033,0.06910024,0.01481229,0.08920895,0.09097727,0.1143521,0.05985001,0.0728775,0.08441429,0.07058419,0.1124752,0.1044951,0.04711747,0.03702184,0.1008395,0.08708581,0.05885368,0.06197149,0.04123913,0.09799986,0.05417851,0.03522133,0.07644998,0.09316514,0.01218815,0.1041135,0.1046153,0.1030006,0.01987473,0.0858927,-0.006847925,0.01005891,0.04314759,0.06065349,0.1041463,0.05141718,0.1059166,0.09025143,0.103477,0.01061888,0.08952713,0.112717,0.03867028,0.04878295,0.1136597,0.1002977,0.0537415,0.06457166,0.04516807,0.1146384,0.01530352,0.08817997,0.0907629,0.1065404,0.09192775,0.106381,0.05489624,0.07155752,0.05243212,0.0556569,0.08265043,0.05138192,0.0744274,0.1092642,0.03844084,0.08440685,0.02997918,0.0896299,0.09447177,0.09056276,0.07510493,0.02173636,0.09564421,0.1128836,0.09983819,0.1041752,0.01113054,0.0881574,0.1174577,0.1071702,0.09631713,0.08749037,0.07309546,0.06164072,0.1011254,0.06932291,0.106378,pmERC,sub-S14,g,randomWalker4,freq01234
0.1061567,0.09545314,0.04012889,0.006082333,0.05021938,0.08082398,0.1126266,0.04097478,0.005346611,0.05189819,0.09536178,0.1004347,0.04439092,0.04258454,0.02915977,0.06582392,0.04193706,-0.009770834,0.01996065,0.05985444,0.02306077,0.08661456,0.1389201,0.09680384,0.0551103,0.09496738,0.07412289,0.02759667,0.07887162,0.09105066,0.1075433,0.05105584,0.05890399,0.02460162,-0.02658799,0.0520978,0.0934846,0.07142331,0.0628932,0.01396106,0.05877925,-0.007731118,0.05980527,0.05587813,0.04928306,-0.0439405,0.08767128,0.07529069,0.099014,0.06137215,0.08532863,0.02938832,0.09247904,0.04638177,0.01540889,0.07394684,0.05071819,0.07857727,0.08323165,0.06088888,0.11442,0.01154931,0.0530116,0.03171017,0.01700008,0.07916845,0.06872151,0.03616913,-0.004913042,0.06488454,0.1069785,0.1003426,0.04830157,0.05810067,0.09090401,0.01009032,0.06611351,0.09573049,0.05290022,0.03537437,0.01365251,0.08113595,0.1077664,0.01607465,0.06622364,0.08894254,0.100344,0.009969017,0.06749848,0.06240039,0.09328716,0.05406955,0.05675103,0.08371188,-0.0168,0.007571492,0.07411662,0.0445695,0.0493272,0.02936489,0.1001794,0.07547979,0.1126748,0.04398814,0.009539598,0.1030125,0.09056253,0.05246321,0.1144703,-0.003129164,0.04105772,0.1005485,0.08617104,0.0945418,0.03025491,0.06700552,0.06078703,0.08232454,0.05377799,0.07725403,alERC,sub-S14,g,randomWalker5,freq01234
0.0897996,0.04766328,0.06945928,0.02315822,0.09440647,0.04578867,0.06670133,0.09005111,0.06325027,0.04884398,0.08622723,0.08232298,0.06305689,0.01716246,-0.007684338,0.06669683,0.04184875,0.02051728,0.0188488,0.05858533,0.03258991,0.06386693,0.114441,0.04945331,0.09836583,0.1113369,0.02299558,0.06848531,0.1204684,0.07912375,0.08381738,0.07807741,0.03661182,0.07727909,0.01667434,0.05373573,0.1053288,0.08132193,0.08945697,0.03946252,0.08491506,-0.02126708,0.05414649,0.05078243,0.0357473,0.0183925,0.0844933,0.08791707,0.09340035,0.05474041,0.0902871,0.02900322,0.1045078,0.07622029,0.03952723,0.07099154,0.08052436,0.06803914,0.1105168,0.04167686,0.1060071,0.01610462,0.08916827,0.002794131,0.002490437,0.07144034,0.06277611,0.1037927,0.04389666,0.1046583,0.07976381,0.1039744,0.01275175,0.088335,0.1138357,0.03211704,0.04250137,0.116723,0.09768803,0.05654547,0.05526798,0.05259041,0.1163272,-0.02330058,0.08389499,0.09174706,0.09996533,0.06203286,0.1083665,0.05645956,0.055987,0.05924696,0.06358568,0.07591952,0.01816858,0.05549156,0.1023735,0.06784798,0.07933546,0.04693222,0.0880829,0.08315074,0.09980214,0.08129145,0.02585685,0.09859473,0.1005536,0.08565506,0.1059557,-0.004824292,0.07906788,0.1167272,0.1068221,0.08791064,0.06893151,0.07662114,0.06085378,0.09631387,0.06647627,0.09707846,pmERC,sub-S14,g,randomWalker5,freq01234
0.08038408,0.07363225,0.04249488,0.06861427,0.00839751,0.09843422,0.04937772,0.03042847,0.0841043,0.08190269,0.001177487,0.05437171,0.07671366,0.06931221,0.116575,0.1014952,0.02945771,0.1074562,0.03206795,0.06442032,0.009826149,0.007166033,0.06229588,0.02470704,-0.01719563,0.06136576,0.04890159,-0.01894496,0.02837618,0.0361216,0.1001186,0.03005002,0.06461008,0.01341659,-0.05194953,0.04768765,0.1091337,0.07241692,0.0813685,0.03180777,0.0461346,0.03111565,0.0646312,0.1025381,0.02230493,-0.01113048,0.1025286,-0.02409744,0.1069418,0.03970845,0.09107013,0.03772346,0.1010876,0.03182499,0.03248171,0.09904103,0.05746993,0.1099661,0.07941624,0.09332494,0.1225489,0.01053372,0.05512034,0.03807943,0.03117231,0.06626739,0.06442858,0.0351119,0.00191475,0.07741415,0.1147094,0.1052622,0.04772779,0.06171977,0.1008107,0.0159063,0.0742915,0.1055495,0.06007113,0.02397816,0.02628183,0.07179547,0.1101948,0.01256941,0.07580955,0.09876448,0.1084758,0.01248437,0.08053249,0.0745065,0.08577216,0.02884733,0.06996761,0.08748554,-0.004305106,0.05869117,0.07484967,0.05633571,0.05819169,0.03189782,0.1029181,0.08346068,0.1163021,0.04649632,0.006671388,0.1076908,0.1055175,0.04727645,0.1184243,0.07129073,0.05183911,0.1060836,0.09400861,0.100427,0.02859928,0.07450098,0.06921323,0.08774775,0.06130075,0.08332749,alERC,sub-S14,g,randomWalker6,freq01234
0.07717723,0.04447154,0.07152586,0.05883905,0.03798354,0.04925499,0.0699463,0.02929299,0.08892727,0.03942332,0.0358027,0.05066105,0.04988424,0.04167345,0.07002553,0.08663719,0.03973642,0.07380002,0.03135446,0.07199161,-0.01747455,0.01210904,0.08522256,0.03340096,0.008491123,0.08447795,0.01110876,-0.0005668644,0.04851099,0.04723285,0.07933569,0.06701924,0.04667786,0.07352636,-0.0008507991,0.05043941,0.1094517,0.08097298,0.09799444,0.04326408,0.0779395,0.0493511,0.05808003,0.09082036,0.04106365,0.007079969,0.09047712,-0.04738948,0.09587713,0.05233453,0.09745049,0.04539435,0.09708739,0.07188422,0.0527353,0.08609062,0.07993235,0.09478451,0.09583063,0.06930708,0.1079472,0.03008491,0.08312587,0.008996219,-0.003179384,0.0501874,0.06592891,0.1025019,0.0533066,0.1058686,0.08152771,0.1023237,0.01587277,0.09192593,0.1148812,0.04002842,0.0474332,0.1139824,0.09965029,0.04978345,0.06981079,0.04830386,0.1171347,-0.02775425,0.0862001,0.0960806,0.10076,0.06862153,0.1134961,0.06067977,0.04842598,0.05037293,0.06877957,0.06903001,0.02199306,0.08709592,0.1049275,0.07774595,0.08298408,0.04780024,0.08557047,0.08559014,0.1017634,0.08333931,0.02816354,0.09851209,0.1100642,0.08563459,0.1057531,0.05490705,0.08600923,0.1174516,0.1054419,0.0895853,0.06563699,0.08060729,0.06458212,0.09561194,0.06892473,0.09630494,pmERC,sub-S14,g,randomWalker6,freq01234
0.01983825,0.06068742,0.04215082,0.04812658,0.05837328,0.05393696,0.08940195,0.05488338,0.03229615,0.04309336,0.07261223,0.01204497,0.01020058,0.01033047,0.08947133,0.08678802,0.02390582,0.1003351,0.01757264,0.01546105,0.07410149,-0.041188,0.05734045,-0.02465556,0.07018344,0.03723531,0.004236296,0.07692723,0.1019108,0.09235086,0.08320092,0.03692519,0.002651657,0.03458541,0.0475793,-0.007821527,0.04170089,0.1150882,0.09923775,0.02970625,0.08624611,0.05055601,0.08354957,0.1313609,0.1125243,0.01464583,0.05705619,0.04818594,0.103778,0.04074913,0.04069099,0.003320684,0.08298156,0.02505394,0.01432206,0.06022726,0.07783824,0.001929526,0.05287941,0.1085649,0.1015208,0.02316453,0.03822403,0.02055289,0.02315606,0.06525161,0.05365874,0.03863891,-0.003878626,0.06508395,0.1085674,0.1027938,0.04827515,0.03563904,0.0958529,0.02324445,0.07211685,0.102691,0.06892552,0.03506141,0.01505941,0.07710021,0.1060948,0.02941026,0.06733822,0.09959396,0.09603388,0.02239075,0.07547858,0.06326275,0.09639492,0.0660059,0.06803606,0.0781788,-0.002575052,0.02811972,0.06614823,0.0584399,0.04702622,0.02384451,0.09510034,0.07975345,0.1194185,0.04586274,0.005879842,0.1065009,0.09209641,0.0634784,0.1165152,0.03644091,0.04734181,0.1006655,0.09042276,0.09280109,0.03848957,0.07622889,0.06678458,0.0825057,0.0608677,0.05788406,alERC,sub-S14,g,randomWalker7,freq01234
0.03774393,0.05512244,0.07042218,0.03953394,0.0473102,0.05526868,0.05996398,0.01193467,0.05144617,0.06757632,0.0616604,0.02536806,0.03361527,-0.003999838,0.06388401,0.0752048,0.0420833,0.06922723,0.03674603,0.06958871,0.05000111,0.01967293,0.07323834,0.03178659,0.01735928,0.0588678,0.0280088,0.04758444,0.07482366,0.07694358,0.07322226,0.0009276845,0.01339246,0.05293027,0.05872259,0.007142026,0.08622915,0.08787836,0.110501,0.040111,0.07511085,0.07183455,0.07620333,0.1141312,0.09513072,0.05420627,0.04078081,0.05650095,0.08059163,0.04731741,0.05670052,0.03007137,0.09055596,0.07469305,0.03850524,0.07060149,0.08344875,0.0004503924,0.1001842,0.1009544,0.1058481,0.009880284,0.08118894,-0.01354942,0.01678661,0.04712247,0.05744877,0.09912495,0.04584903,0.1032153,0.08277542,0.1048681,0.01256637,0.07382158,0.1140198,0.04399738,0.05126679,0.1122763,0.1027788,0.04227944,0.05251133,0.05529074,0.1099315,-0.01006345,0.08521378,0.09484923,0.09673912,0.07606705,0.1101112,0.055087,0.05666076,0.05908291,0.06917217,0.06654713,0.04532546,0.07932525,0.1017055,0.08135497,0.08083064,0.05128967,0.08427696,0.08715861,0.102077,0.08450692,0.02226222,0.09894478,0.1026509,0.08229982,0.1061044,0.02070048,0.08447284,0.1156476,0.1089277,0.09062215,0.07967275,0.08185436,0.06296732,0.09720581,0.06867114,0.08547036,pmERC,sub-S14,g,randomWalker7,freq01234
0.03455982,0.02556905,0.04077637,0.02604847,0.01121547,0.06988945,0.03370441,0.008335947,0.02184112,0.00956188,0.05059258,0.05158273,0.007921736,0.01996364,0.08182625,0.1074997,0.02824536,0.07378942,0.006515171,0.0126228,-0.0221656,-0.01503601,0.05074697,-0.0126147,-0.01269677,0.04018795,0.001521528,-0.025466,0.04857403,0.0265513,0.03715814,-0.005238701,0.01222974,0.01422418,0.01300803,-0.02010603,0.07204717,0.1195324,0.1115423,0.05284424,0.02061169,0.01277496,0.05666818,0.1363011,0.1216308,0.0151905,0.08443793,0.05260143,0.103944,0.04774208,0.06279289,-0.009234239,0.09047569,0.03124677,0.02462085,0.07315554,0.07903966,-0.01499776,0.07522684,0.1007436,0.1120929,0.04394077,0.04519676,0.02410861,0.02280595,0.07408292,0.07387978,0.03698247,-0.005055789,0.06696892,0.1123194,0.1014992,0.06073947,0.04645978,0.1026025,0.02390787,0.07306839,0.1015689,0.06095847,0.03937795,0.01657082,0.09982496,0.1117418,0.04703767,0.07977657,0.07923086,0.104411,0.02361669,0.07866525,0.07016295,0.0955926,0.03900319,0.06757593,0.09013868,0.04905701,0.03719456,0.07581953,0.07336176,0.06152056,0.02679412,0.09817153,0.08324051,0.1068742,0.04430433,-0.001576748,0.109955,0.1012608,0.05072618,0.1206059,0.01021823,0.0455482,0.1009433,0.09819233,0.1042303,0.05129724,0.073668,0.06708549,0.09231897,0.05357285,0.05702223,alERC,sub-S14,g,randomWalker8,freq01234
0.02684557,0.02266518,0.07070388,0.06257442,0.04208902,0.01821479,0.06353752,0.02500095,0.0318455,0.01627565,0.09844373,0.06789567,0.04371966,0.04845161,0.0273881,0.09114365,0.0549103,0.03199835,0.02147931,0.08268634,0.008770838,0.03085732,0.0735751,0.05285001,0.03916451,0.03783839,0.01980518,-0.005232521,0.05714845,0.04491655,0.04400614,0.005253911,0.03778108,0.04042072,0.01396887,0.02706373,0.1036113,0.09575959,0.1094804,0.03575357,0.03457883,0.01487363,0.06010722,0.1129804,0.09908205,0.04194602,0.07247414,0.08310948,0.09186749,0.06146169,0.07629596,-0.004286382,0.09090618,0.05981413,0.04950819,0.07511532,0.08487926,0.03068154,0.1121846,0.1037887,0.1080154,0.0154079,0.08469059,-0.01053465,0.03122152,0.0543236,0.06687178,0.1022006,0.03917223,0.1033374,0.08553384,0.1033415,0.02095418,0.08141492,0.1169943,0.03821072,0.0531647,0.1150053,0.103135,0.03943639,0.05507437,0.07497821,0.1159034,0.01318341,0.09032881,0.08634306,0.1037066,0.07922386,0.1124354,0.06133508,0.07082234,0.04924661,0.06866371,0.08041209,0.01203669,0.07880592,0.1072859,0.07420956,0.08723933,0.03759998,0.08822513,0.08857565,0.09595724,0.08535386,0.01828959,0.09976496,0.1087001,0.09294427,0.1062473,0.002239858,0.0828178,0.1157605,0.1101215,0.09572128,0.08240152,0.07982012,0.06251691,0.10072,0.06557484,0.09049319,pmERC,sub-S14,g,randomWalker8,freq01234
0.02663024,-0.002867947,0.04245514,0.0619048,0.0398808,0.03492644,0.0465436,0.05060756,0.09148441,0.01951811,0.08369361,0.0486673,0.04033946,0.02745344,0.052173,0.09820642,0.05803796,0.02222045,-0.02009034,0.07240967,0.02088763,0.06234027,0.09728288,0.01060142,0.04769761,0.04119343,0.04269403,0.02687465,0.0125386,0.01406695,0.05068999,0.01004358,0.02776041,0.01029987,0.0003423568,-0.01272911,0.08036826,0.1075915,0.1077583,0.07317368,0.02787052,-0.006238754,0.04129485,0.130772,0.0545055,-0.04143136,0.08997508,0.01381622,0.1011535,0.04764022,0.0727166,0.01022935,0.09728157,0.06885871,0.04028881,0.05994895,0.0734259,-0.02349078,0.07637734,0.09083354,0.1068889,0.03482354,0.05229018,0.051914,0.03598089,0.07315741,0.0614736,0.04129201,-0.0007903609,0.07101429,0.1139288,0.09787786,0.06124436,0.04528878,0.09713165,0.05218339,0.0714192,0.1026985,0.07212653,0.04152035,0.02628187,0.07332218,0.1090111,0.05418538,0.07224973,0.08310287,0.1039925,0.02803759,0.07468504,0.06830931,0.1040967,0.04576812,0.05486661,0.08805023,0.07933589,0.005850564,0.07649171,0.04199483,0.05246395,0.01442444,0.100375,0.08655459,0.1054152,0.04368807,-0.002644637,0.1019143,0.1007239,0.04517037,0.1164971,0.07902998,0.04605734,0.1018938,0.09033596,0.09896331,0.05128035,0.06553575,0.06783473,0.08645153,0.05482884,0.07515566,alERC,sub-S14,g,randomWalker9,freq01234
0.07006731,0.03144905,0.07066953,0.07773764,0.00294985,0.05448472,0.06670604,0.03091456,0.07296961,0.0349095,0.08858959,0.05461327,0.0800662,0.006423497,0.07025726,0.08497269,0.09602318,0.04545544,-0.003265265,0.06117357,0.07095796,0.08741961,0.1027942,0.005023725,0.03382397,0.04445278,0.0745947,0.04006644,0.05847295,0.08980419,0.0576901,0.01586963,0.05371895,0.04312557,-0.004370788,0.03262716,0.1094545,0.09495511,0.109838,0.04593671,0.04195523,0.01858702,0.04526991,0.1116604,0.06516301,0.008955613,0.07751981,0.05284432,0.09602898,0.0491334,0.09620757,0.003295873,0.09936142,0.0898288,0.05433314,0.06789161,0.09012858,0.0380375,0.1159884,0.09813055,0.0976027,0.02006003,0.08783222,0.01259078,-0.01085312,0.05615904,0.06091424,0.1065143,0.04342983,0.1088468,0.08693051,0.1023299,0.0200141,0.08340075,0.1163141,0.0264372,0.04697768,0.1152701,0.1096129,0.0566651,0.07144069,0.05111651,0.1147944,0.01686715,0.09044808,0.08955926,0.1081782,0.0817736,0.1110604,0.05888285,0.08154028,0.05292382,0.05940498,0.08000606,0.0455956,0.05096057,0.1093391,0.06454672,0.08708402,0.02915153,0.089512,0.09461673,0.09660745,0.07971954,0.01754579,0.09760922,0.1119649,0.08452474,0.1069752,0.05845193,0.08460241,0.117569,0.1087508,0.09735972,0.08835089,0.07552915,0.0601744,0.1027456,0.06826315,0.1041333,pmERC,sub-S14,g,randomWalker9,freq01234
0.03953534,0.0400935,0.05234214,0.01731544,-0.04368534,0.02675005,0.03140268,-0.07335452,0.03763027,0.0425249,0.03298644,-0.03601941,0.04064977,-0.04905472,0.0261054,0.01981703,0.03253673,-0.004092343,0.06711309,-0.04071128,-0.06129183,0.002167703,0.0840554,0.02052043,-0.07203542,0.02474112,0.01277635,-0.06740213,-0.04852917,-0.01170824,0.0296491,0.03089336,0.01262185,0.01834956,0.004194683,0.03262165,0.01237506,0.03259573,0.008362585,0.0008805553,0.03512553,0.01908679,0.0482158,0.008514017,0.0245938,-0.01423783,0.03163816,0.01617854,0.02607344,0.05276508,-0.0002575476,0.02271383,0.02195464,0.03064725,0.05447123,0.03134975,0.02819893,0.0113304,0.02454369,0.01435221,0.03425745,-0.05237421,0.04339743,-0.04584226,-0.03553944,-0.02537429,0.05560597,0.02688667,-0.003999101,0.03349017,0.04631696,0.01063131,-0.05834901,0.02470534,0.02498086,0.05431685,0.01447593,0.005027475,0.01637544,0.03781179,0.01295495,0.001469422,0.002411835,0.02998512,0.02694625,0.01782659,0.01108803,0.01341999,0.01419671,0.03325716,-0.0362124,0.04130473,0.03397057,0.01570496,0.02060584,0.02462727,0.02379447,0.0370711,0.03012472,0.04062033,0.009933817,0.02554699,0.02240978,0.04296553,0.02938391,0.01399323,-0.003705208,0.05788547,0.005346784,0.02412491,0.01703082,0.0006183078,0.01318204,0.007504706,0.02831604,0.02217389,0.04699609,0.0210591,0.02695006,0.03663518,alERC,sub-S15,g,randomWalker0,freq01234
0.04371642,0.02944451,0.04302713,0.01485951,-0.03512506,0.03928757,0.04007801,-0.01944732,0.04697089,0.05078775,0.03077774,0.009987352,0.05695345,-0.01988496,0.01498256,0.02264423,0.02950145,0.005532078,0.06572796,-0.06085229,-0.03657164,0.02202201,0.08868422,0.03516206,-0.03376647,0.04133493,0.02609094,-0.04014378,-0.009354195,-0.007818261,0.03091018,0.02317388,0.02389775,0.02089847,0.01798094,0.02282789,0.02076246,0.04932506,0.0256959,-0.031867,0.03701245,0.02870208,0.04435117,0.02956277,0.02120824,0.01653435,0.03706896,0.02994525,0.02897913,0.04433867,0.01602821,0.0243143,0.02474904,0.02064184,0.04953453,0.03876623,0.039826,0.001503188,0.03770624,0.02415659,0.03349924,-0.02594631,0.05273113,-0.004278964,-0.01124645,-0.005367629,0.06202343,0.02891983,0.01865626,0.03832649,0.04947195,0.02442722,-0.02553773,0.03742615,0.02600753,0.03883128,0.01247928,0.01885895,0.02543492,0.0401652,0.02345616,0.007861705,-0.009903547,0.05164603,0.03106306,0.04431814,0.01635929,0.03126805,0.02134042,0.02789635,-0.01720834,0.02227592,0.03898165,0.01817464,0.02000436,0.03140233,0.02891476,0.03122165,0.03341862,0.03692384,0.01597952,0.032609,0.04603357,0.03979067,0.04034882,0.02609323,-0.0005027921,0.04288775,0.01541567,0.03756461,0.0358491,0.01303982,0.02659813,0.01553952,0.0339966,0.03923067,0.03581227,0.02858267,0.0434879,0.04376937,pmERC,sub-S15,g,randomWalker0,freq01234
0.03406963,0.05900962,0.059066,-0.02976597,-0.0256673,0.03518688,-0.05677056,-0.05186529,0.05643678,0.02441779,0.05037869,-0.04606504,0.03040679,-0.03225726,0.01887343,0.03714123,0.05926618,-0.02793904,0.05969288,-0.003832383,-0.01604783,0.0005417594,-0.06213351,0.01587877,-0.04053196,0.03356179,0.0503363,-0.03941812,-0.06358941,-0.007722628,0.01231209,0.01896799,-0.03558662,0.03074187,0.04107475,0.02772781,0.01520546,0.03000563,0.02056913,0.01861041,0.03376053,0.05364726,0.05158644,0.02200298,0.0374903,0.004163743,0.03973576,0.01712081,0.01939441,0.05715458,-0.0049015,0.03706759,0.03123057,0.05576878,0.05460028,0.03438304,0.03676405,-0.006664952,0.03858572,0.00851906,0.02983753,-0.04785285,0.04005478,-0.04995377,-0.04141701,-0.0266252,0.03443436,0.0325642,0.009786562,0.0295936,0.03901894,0.01559897,-0.06706209,0.03045475,0.02125265,0.05317115,0.01895355,0.002002991,0.004426624,0.04252392,0.01073595,0.03719926,0.01803714,0.03148158,0.03257632,0.01369774,0.008261433,0.02703692,0.01586997,0.04325971,-0.0464321,0.02777742,0.04183482,0.02081643,-0.0284794,0.02951562,0.026606,0.0517442,0.03222039,0.04958487,0.01370087,0.02553509,0.02144818,0.05349055,0.02812367,0.01985786,-0.0136782,0.05421019,0.007738883,0.01871069,0.02112418,-0.003080505,0.01200226,0.001500462,0.03167497,0.02591584,0.05574982,0.02227027,0.02865872,0.02003253,alERC,sub-S15,g,randomWalker1,freq01234
0.04046449,0.04565563,0.04298741,0.002544949,0.002960529,0.03016071,-0.02544362,-0.006148274,0.04719501,0.0458215,0.03592544,0.007591222,0.04940237,0.01235073,0.01919677,0.03452359,0.04815615,0.01175827,0.0525486,0.008839623,0.005643957,0.03005129,-0.02484643,0.03795382,-0.004196448,0.0301446,0.05562886,-0.006722396,-0.01829246,0.002158465,-0.007427782,0.01255819,-0.02704331,0.02243216,0.02908082,0.01764864,0.02644323,0.032099,0.03576825,0.008066562,0.04822895,0.06030589,0.03902331,0.03701623,0.02987606,0.0179099,0.04375774,0.01567508,0.02061819,0.03400788,0.02497499,0.04145211,0.03159324,0.03749996,0.06269789,0.03605916,0.04253953,-0.00417642,0.03483801,0.004208549,0.03036529,-0.04205921,0.05016286,-0.0008595638,-0.01747486,0.001151621,0.04953387,0.0220245,0.02747456,0.0358152,0.04368589,0.02858455,-0.03192524,0.03902521,0.02450927,0.03401712,0.01177616,0.01684371,0.01639087,0.04118082,0.01958551,0.04183099,0.008144936,0.05121106,0.03275286,0.03751371,0.01599794,0.03891044,0.01993111,0.03288815,-0.01056334,0.02724649,0.0433414,0.0188831,-0.02058396,0.03315549,0.02969836,0.03547549,0.03520415,0.03918862,0.01727101,0.03132985,0.03990467,0.04172625,0.03929033,0.02814722,-0.01141573,0.03487241,0.01406603,0.04025858,0.03797733,0.008993057,0.02276052,0.007149159,0.03464844,0.04026928,0.03769875,0.02717622,0.04359134,0.03288464,pmERC,sub-S15,g,randomWalker1,freq01234
0.04114201,0.04256445,0.05529849,0.0437247,-0.04641581,0.04831928,0.01515325,-0.01323924,0.02448273,0.03024225,0.04116327,0.0111213,0.02827125,-0.002783177,0.03768001,0.02878488,0.03359571,0.03649316,0.02746835,-0.02541963,0.02456427,0.06815045,0.04140723,-0.01355852,-0.03996072,-0.005617652,0.04248505,-0.0289404,0.007710882,-0.00850301,0.02484712,-0.03570702,0.03531791,0.001049827,0.02438184,0.007680705,0.02131527,0.007791946,0.02018663,0.01917306,-0.02941121,0.01828698,0.03515257,0.009570234,0.002308536,0.02268899,0.04666596,0.02434761,0.00599919,0.02116752,0.03786088,0.04070133,0.03447781,0.03374463,0.04519421,0.02717806,0.02462155,0.01606364,0.03512927,0.0289042,0.03114598,-0.03244068,0.0467685,-0.05350142,0.006995603,-0.03390383,0.05284287,0.02522049,0.001960687,0.03113632,0.04578958,0.01497905,-0.05562106,0.02936144,0.01813028,0.06069995,0.02697782,-0.007224579,0.008692635,0.0442157,0.01511042,0.02609466,-0.001294327,0.01845363,0.02908504,0.02121629,0.0353542,-0.04883841,0.02103556,0.03253572,-0.02892222,0.04476896,0.03492172,0.006293648,0.03975956,0.02371526,0.02060485,0.03752518,0.0309125,0.03765718,0.009423225,0.0305638,0.01476418,0.04829587,0.03066119,0.01507623,-0.003007604,0.03912755,-0.0004281712,-0.03557257,0.01233351,0.005817758,0.01459274,0.01105493,-0.002267853,0.02560692,0.05039514,0.02472145,0.03042844,-0.02566813,alERC,sub-S15,g,randomWalker2,freq01234
0.02429461,0.06875876,0.04287924,0.02774871,-0.008108852,0.05166528,0.02737815,-0.006388388,0.04036641,0.0439382,0.02758725,0.04284303,0.002603978,0.02272977,0.04312618,0.03157367,0.02125819,0.04054739,0.03431049,-0.01531712,-0.00122387,0.06499174,0.05721294,0.004827473,-0.03290656,0.01205723,0.03653064,-0.04076774,0.009948024,-0.008622808,0.03031759,-0.01930808,0.02600604,-0.002026198,0.02563306,0.02731617,0.03321264,-0.004066446,0.02556385,0.02106389,0.004394034,0.02604097,0.03795918,0.007184553,0.001968853,0.01469843,0.02245744,0.03142906,-0.0007730249,0.003136208,0.03727268,0.007612531,0.02807952,0.01912464,0.02952799,0.04125588,0.02764302,0.01633848,0.04268486,0.03729741,0.02872384,-0.0168324,0.05363395,-0.01152286,0.01143517,-0.0146322,0.05669139,0.02489876,0.02189411,0.03775352,0.04500414,0.02703102,-0.03133064,0.03876892,0.02170758,0.03066848,0.01079515,0.01042056,0.02211354,0.0456322,0.02465922,0.02276203,-0.006976843,0.03354265,0.03065195,0.04187033,0.03851542,-0.0167304,0.02183172,0.02591472,-0.006491306,0.02799554,0.03521424,0.006409656,0.02396887,0.03146059,0.02896589,0.02576965,0.03181969,0.0373728,0.01202096,0.04026177,0.03083664,0.04231805,0.04065716,0.02371377,-0.0003085481,0.01573444,0.008566086,-0.01395067,0.03283966,0.0189539,0.02750522,0.01557789,0.01997128,0.03874265,0.03649544,0.0303926,0.04477581,0.006150972,pmERC,sub-S15,g,randomWalker2,freq01234
-0.005604499,0.04349987,0.05259512,-0.001552785,-0.03931347,-0.002662527,-0.01759337,-0.06114262,0.04975834,-0.01193853,0.03947535,-0.002539058,0.02043879,-0.06963974,-0.02127847,0.01131175,0.03198509,-0.05196652,0.01523527,-0.03129003,-0.04669927,-0.05902841,0.02801038,-0.05497229,-0.05903654,0.03113503,-0.007830721,-0.05264982,-0.04620469,-0.009032778,0.04145638,-0.0008024677,0.03108723,0.01526213,0.01144142,0.0190083,0.02295498,0.00618185,0.009937793,0.01702198,-0.01961987,0.01751097,0.04186946,0.00579699,-0.00034851,0.03797051,0.04736233,0.02707748,2.343048e-05,0.02863147,0.03872592,0.01009707,0.03325921,0.0436176,0.04793663,0.02804713,0.0203043,0.002684441,0.0375908,0.02345063,0.03490331,-0.05344594,0.04320524,-0.04939793,-0.0134706,-0.03127091,0.04967611,0.02751718,-0.004940458,0.03505424,0.03738239,0.01081876,-0.06011441,0.02445292,0.02664209,0.05859078,0.002807748,0.002394971,0.01640306,0.02254106,-0.003375111,-0.001192661,0.005212601,0.01283308,0.0284658,0.006888132,-0.001166166,0.02557616,0.01114795,0.03565536,-0.0397967,0.007823872,0.03545084,0.001886432,-0.07806475,0.007676111,0.02371341,0.03083153,0.02922082,0.03221958,0.005069979,0.02223332,0.01780286,0.05172985,0.02516813,0.01783324,-0.0025167,0.05794403,0.006602108,0.01060622,0.0190397,0.003245963,0.00970608,-0.006539546,0.02773011,0.02165942,0.0468425,0.01726917,0.02503827,0.01728645,alERC,sub-S15,g,randomWalker3,freq01234
0.01298886,0.055004,0.04253154,-0.02157165,-0.02125155,0.02235703,-0.002522602,-0.02299413,0.0635713,0.02913072,0.02864123,0.02088703,0.03274687,-0.01958411,0.00534233,0.008603058,0.0434762,-0.01826775,0.04683718,-0.01980863,-0.02670751,-0.01236835,0.04319318,-0.002983792,-0.02727905,0.04872365,0.02578339,-0.02707284,-0.0172726,-0.0001593482,0.05020231,0.004666141,0.02545644,0.01508262,0.02622174,0.03452826,0.03169074,0.00191232,0.01743908,0.01996685,0.02399364,0.03642906,0.04368481,0.008804725,0.00653996,0.03429062,0.02568552,0.02744331,-0.003093665,0.03016307,0.03943795,0.01264242,0.02955513,0.0256152,0.06655487,0.04328382,0.02488701,-0.008162136,0.04819136,0.03199433,0.0316908,-0.03712449,0.05207273,-0.009169352,0.002316709,-0.01188669,0.05553659,0.02625939,0.01758784,0.04022286,0.0431954,0.02482879,-0.03207822,0.0349911,0.02552912,0.02455175,-0.01159051,0.01759205,0.02527206,0.02847282,0.01220364,-0.001844866,-0.006820907,0.0358031,0.03013062,0.03172011,0.006241739,0.04087365,0.0168569,0.02731083,-0.007665276,0.01856427,0.04084475,0.007484539,-0.05364937,0.02183378,0.02816214,0.02658777,0.03362288,0.03203469,0.01074193,0.02712351,0.04061165,0.0450682,0.03767776,0.02766825,-0.002763948,0.04022871,0.01383739,0.03618744,0.03519742,0.01206609,0.0244728,0.002005411,0.03256666,0.03927284,0.03294849,0.02439036,0.04014898,0.02649323,pmERC,sub-S15,g,randomWalker3,freq01234
0.03478666,0.03096577,0.05097319,0.04167592,-0.04005923,0.05137651,0.06106923,-0.001185009,0.01902102,0.04162019,0.02366665,0.02425707,0.03137622,-0.00035172,0.04545034,0.02534232,0.03694248,0.06130721,0.01252752,0.03138911,0.0228557,0.02206984,0.05709402,0.00013993,-0.006697902,0.01983513,0.04349539,-0.01007602,0.02116761,0.007495026,0.03670114,-0.02459919,0.04575554,0.01649311,0.01619132,0.01868917,0.02286283,0.004876947,0.01141771,0.01043407,-0.03188154,0.02465737,0.03673258,-0.0008025267,-0.001538919,0.04052224,0.04720116,0.02448828,0.001312982,0.04101285,0.03272342,0.05181266,0.0344854,0.04842049,0.06180791,0.0299747,0.02030026,0.007155817,0.03279698,0.0140727,0.03212314,-0.03041509,0.04149995,-0.04240615,-0.001322145,-0.02054705,0.05414797,0.02845281,0.006119218,0.03336179,0.02851499,0.006290506,-0.05067283,0.02639489,0.02428186,0.04221459,0.002338922,0.004702296,0.02347247,0.03581693,0.01781072,0.0102802,0.01096524,-0.008417416,0.02789299,0.01344074,0.004151259,0.02722416,0.01489428,0.03788971,-0.03861409,0.02835773,0.03565434,0.002049208,-0.06791129,0.03537305,0.02166821,0.04610085,0.03147618,0.04228738,-0.0009140656,0.02204545,0.02192633,0.05497403,0.02876472,0.01579455,-0.002505322,0.04099452,0.001831822,0.04565733,0.02092616,0.003128646,0.01209614,-0.002480412,0.02902096,0.02326227,0.04632611,0.01812534,0.02643443,0.01826607,alERC,sub-S15,g,randomWalker4,freq01234
0.01156945,0.03411897,0.0441764,0.05406141,-0.009621298,0.05385472,0.07931993,0.01538751,0.04852801,0.04040605,0.006196026,0.03767023,0.03035979,0.04258574,0.04545836,0.02455482,0.03483275,0.06226584,0.02845079,0.03183883,0.02936708,0.03442863,0.06335223,0.03485265,0.006054982,0.04852191,0.06330819,0.007765688,0.02744502,0.02376407,0.04658677,0.007956041,0.04121337,0.03389245,0.03351394,0.03592508,0.03345921,0.003299133,0.01874874,0.0052982,0.01313095,0.04756731,0.03622649,0.002221944,0.009732955,0.03006935,0.02489491,0.03652472,-0.001716436,0.03421903,0.03937361,0.01589852,0.0287147,0.0347354,0.07115392,0.04523177,0.02620582,0.0004505866,0.04860165,0.0277899,0.02864816,-0.01300174,0.05014325,-0.0047203,0.01769207,0.002498759,0.05628091,0.03421577,0.02468944,0.03754906,0.03514835,0.02111102,-0.02058527,0.03790402,0.02442416,0.02652603,-0.01119185,0.01685771,0.02876127,0.03436762,0.02374949,0.004251676,0.004553337,0.02048065,0.02862056,0.03826678,0.01199587,0.03988925,0.02290362,0.0309441,-0.003979019,0.02672932,0.03706305,0.007008116,-0.03562133,0.03226243,0.02774807,0.02907131,0.03217493,0.03496538,0.005617819,0.02862683,0.04263341,0.04704641,0.03922545,0.02511754,0.001085859,0.03331666,0.009739904,0.06138548,0.03749341,0.01624123,0.02615999,0.006318704,0.03278482,0.04041616,0.03323283,0.02482232,0.04121959,0.02904795,pmERC,sub-S15,g,randomWalker4,freq01234
0.03368064,-0.04422817,0.04988263,0.03115048,0.02228279,-0.05581396,-0.07001951,0.02092369,0.0137002,0.008029307,0.03531839,-0.04437047,0.05542204,-0.04996974,-0.04130589,0.03023298,0.05046988,-0.007426801,0.02507594,0.02553405,0.007205181,-0.004773524,0.02578365,-0.04722213,0.01791868,0.02689466,-0.0672045,0.03350104,0.01463375,-0.003888787,-0.005883422,0.00370635,-0.03192636,0.02201622,0.03389183,0.02129507,0.01155181,0.02637908,0.01911816,0.005549144,0.005944339,-0.001603539,0.05157623,0.04406363,0.01845614,0.04281586,0.04320804,0.03127534,0.005830894,0.04870424,-0.01523384,0.03656096,0.02903833,0.02772769,0.05859363,0.0418365,0.03527806,-0.02358383,0.0167705,0.02176352,0.03599767,-0.03400589,0.03825403,-0.03394349,0.01137276,-0.01962996,0.05728663,0.02181637,0.002136209,0.03311894,0.03189147,0.01053039,-0.04596511,0.02754678,0.02561158,0.01903382,-0.01816675,0.01270185,0.02140689,0.0417565,0.01026567,-0.01122667,0.0222367,-0.02220914,0.03070434,0.01283252,0.008821828,0.009513779,0.01714854,0.03843307,-0.06111345,0.03606918,0.03725225,0.01037368,-0.0118319,0.02687114,0.02548415,0.0405755,0.03117714,0.04042584,0.002659179,0.03021298,0.01860161,0.05159789,0.02922355,0.01899467,-0.005848892,0.05231785,0.006277069,0.002556029,0.01784411,-0.001784227,0.01829081,-0.001416997,0.02870262,0.02401882,0.04889768,0.0235773,0.02694467,0.01723699,alERC,sub-S15,g,randomWalker5,freq01234
0.03781747,-0.0234066,0.04085193,0.03707067,0.0230331,-0.01012967,-0.02884178,0.01704078,0.0113891,0.01184757,0.02172659,-0.03070777,0.05881582,-0.02908565,-0.0002528024,0.028549,0.03789699,0.009792688,0.04083534,0.02490982,0.03128057,0.003262395,0.04526812,-0.03168784,0.01375938,0.02015674,-0.01546498,0.03188137,0.01789818,0.02544525,-0.02994124,0.02105494,-0.01069613,0.01754337,0.02513281,0.01106282,0.02643406,0.02691146,0.03446421,0.001874945,0.03204357,0.006441929,0.04238599,0.05408468,0.03048955,0.002408934,0.04875091,0.0179967,0.00845534,0.03158629,0.01782658,0.03510136,0.03093388,0.01933063,0.05951851,0.03984945,0.04065348,-0.02859554,0.03018112,0.00928691,0.03431528,-0.01620127,0.04927192,-0.003252083,0.02789061,-0.007313997,0.05794028,0.02909615,0.02105254,0.03722403,0.03768307,0.02321461,-0.02030505,0.04016169,0.02435725,0.01246668,-0.03291892,0.02116272,0.02691203,0.03551909,0.01736738,-0.01545087,0.01242311,0.01815167,0.03193997,0.03872816,0.01387479,0.02771929,0.01950304,0.03062793,-0.02886263,0.02993818,0.03924549,0.01385408,-0.008522907,0.03235572,0.02943227,0.02563955,0.03388578,0.03615982,0.007060674,0.0341729,0.03884205,0.04423989,0.04014454,0.02599011,-0.005759484,0.03755656,0.01076881,0.02310092,0.03509925,0.007275193,0.02829597,0.004846985,0.03408105,0.03821494,0.03661059,0.02865782,0.04254232,0.03362997,pmERC,sub-S15,g,randomWalker5,freq01234
0.01350632,-0.04195046,0.0543605,0.04104995,0.05162726,-0.01950689,0.0532235,0.03409712,0.02108987,-0.03855237,0.01045912,0.03678908,0.0066708,0.02483047,-0.02152163,0.02416262,0.04312627,0.001786248,0.04464401,0.03398451,-0.03667312,-0.0332018,0.02778558,0.0109025,0.01301846,0.03566344,-0.01708734,0.002620632,0.03556045,0.04103231,0.009655791,0.02490097,-0.02332696,0.03422269,0.03210777,0.02632495,0.005175854,0.02437802,0.01595353,0.0132375,0.02460102,0.02050402,0.046004,0.02173531,-0.02509554,0.03661863,0.03820339,-0.003835717,0.004050349,0.05507649,-0.006128162,0.05072461,0.02246203,0.02974905,0.05857289,0.02749017,0.03375216,-0.02073294,0.01700049,-0.00667125,0.03062092,-0.02702856,0.0420712,-0.04478865,-0.005901892,-0.01952265,0.04416184,0.02420933,0.006305462,0.03147906,0.01788754,0.006753903,-0.04823131,0.02377929,0.02326331,0.01654816,-0.007653717,0.005097537,0.02010844,0.03892985,0.0203972,-0.009042941,0.005070007,-0.02423269,0.0256719,0.01095927,0.00776652,0.01244474,0.01615063,0.03252995,-0.0450839,0.04434216,0.03350995,0.005801159,-0.03518712,0.02759095,0.02294149,0.03024418,0.0281354,0.03546138,0.003971514,0.026125,0.01300998,0.04961883,0.03071681,0.01378828,-0.006122051,0.05443009,0.0006987576,-0.02279886,0.0193651,0.002537393,0.01051873,-0.002051959,0.02141496,0.02154858,0.04832375,0.0196794,0.02792888,0.03061937,alERC,sub-S15,g,randomWalker6,freq01234
0.02167491,-0.004037804,0.04262275,0.04166275,0.04772704,-0.0004385231,0.04502779,0.03157312,0.03449145,-0.0223864,0.02702336,0.05510426,0.01661388,0.02782093,-0.006436564,0.02395138,0.04144367,0.007965059,0.05198959,0.01928261,-0.0128992,0.0002634249,0.0470415,0.0272104,0.03295972,0.04344012,0.01157675,0.02480571,0.04090744,0.03931295,-0.01180222,0.02732256,-0.008196646,0.02817436,0.02884874,0.0181478,0.01854588,0.02901183,0.03272253,0.005585606,0.03982173,0.02603677,0.04118438,0.0419727,0.008369087,0.009725772,0.0449626,-0.002051471,0.01002333,0.03257017,0.01812457,0.0539386,0.02591901,0.02272083,0.05685019,0.03107397,0.03935716,-0.01913789,0.03191705,0.008373761,0.02984241,-0.009698331,0.04995042,-0.004565338,0.008558305,-0.004672029,0.0531699,0.02797001,0.02709306,0.03640261,0.02921882,0.021841,-0.01722115,0.03703566,0.02363207,0.01336393,-0.01983811,0.01744522,0.02662433,0.03860896,0.02658917,-0.01032211,0.001790198,0.01862779,0.0299622,0.03393947,0.0143033,0.02802135,0.01797824,0.02683791,-0.01519623,0.03326272,0.03835359,0.009353553,-0.01603204,0.03228704,0.02745988,0.02154559,0.03254468,0.03578753,0.0111727,0.03216377,0.03222656,0.04402428,0.03853482,0.02478015,-0.001923658,0.03658101,0.01168001,-0.004099209,0.03567388,0.01332413,0.02526805,0.00890244,0.03258846,0.03710667,0.036349,0.02754574,0.04301459,0.03702083,pmERC,sub-S15,g,randomWalker6,freq01234
0.06031021,0.025803,0.05497554,0.008310867,-0.001417753,-0.008379819,0.008480075,-0.06699355,0.0549966,0.03165793,0.01835716,0.005341846,0.03429372,-0.04436606,0.03271031,0.02888265,0.05111049,-0.009224011,0.06075388,0.02570247,-0.0264548,0.004169895,0.02616635,0.01862982,-0.05666087,0.05383292,0.0118229,-0.01368092,-0.04211564,0.01778196,0.04167175,-0.022752,0.03378972,0.01510503,0.0112394,0.01404917,0.02656869,0.0009323233,0.01288964,0.01100583,-0.01974722,0.01460215,0.04222554,-0.004827619,-0.002771378,0.03839247,0.04165504,0.02667375,-0.01679123,0.04229164,0.04260356,0.04252463,0.02979458,0.04514247,0.06738351,0.03000618,0.02228172,-0.0041624,0.03465321,0.01334195,0.02974624,-0.0388147,0.041018,-0.04346021,-0.009387645,-0.03723519,0.04712633,0.02725416,0.0002847917,0.03467343,0.04310108,0.007925819,-0.05047829,0.02691122,0.01994295,0.06308106,0.0111807,-0.004020637,0.01370799,0.03979136,0.01171798,0.007730245,0.01112449,-0.003827209,0.0285231,0.01204518,0.01525434,0.02232256,0.01766734,0.03730579,-0.05919085,0.02858894,0.03550101,0.01237002,-0.0182436,0.0339562,0.02543757,0.03399784,0.02996955,0.03570307,0.009458478,0.02705949,0.01702492,0.04775772,0.02801424,0.01636048,-0.003797288,0.0597967,0.005710347,-0.0134548,0.02169784,0.001447355,0.01443088,0.004236043,0.02631549,0.02303673,0.05104769,0.0221397,0.0273414,0.03473173,alERC,sub-S15,g,randomWalker7,freq01234
0.06974275,0.02737482,0.04096214,0.007652969,-0.01658785,0.03241408,0.01474527,-0.03373696,0.04666027,0.03889459,0.01447556,0.02515678,0.04966703,-0.02718826,0.02994759,0.0275465,0.04932173,0.001119989,0.07162147,-0.003046142,0.01108105,0.01976753,0.05830898,0.008917925,-0.03501266,0.0578913,0.0409715,0.01468909,-0.001902432,0.02629686,0.05085238,0.008935235,0.02509313,0.009386661,0.02683392,0.02685805,0.03192936,-0.001801427,0.02039358,0.01654404,0.02686224,0.03043245,0.04496519,0.006497443,0.008593332,0.03779387,0.02148384,0.03275613,-0.01700644,0.02988832,0.03675835,0.008137477,0.02865803,0.03417494,0.07163579,0.04357642,0.02825972,-0.005794485,0.04285097,0.02700584,0.02914256,-0.02264574,0.05019534,-0.004323767,0.006167535,-0.008000058,0.05557718,0.02464044,0.01580502,0.03785124,0.04466226,0.02247772,-0.02156659,0.03893808,0.02385372,0.03582241,-0.003766659,0.01466166,0.02083332,0.0371322,0.01917233,0.01020654,0.006156689,0.02728396,0.0308099,0.03532123,0.02166518,0.03260749,0.020085,0.03062025,-0.02889667,0.02440648,0.0394753,0.01479861,-0.01704269,0.03377007,0.02973028,0.02559102,0.03263616,0.03477168,0.01394544,0.03299656,0.03490517,0.0393082,0.03814872,0.02608765,-0.003739369,0.0397739,0.01389218,0.01249999,0.03603227,0.01179159,0.0259145,0.01299635,0.03243568,0.03732405,0.0376939,0.02854817,0.04241854,0.0419763,pmERC,sub-S15,g,randomWalker7,freq01234
0.01891956,-0.02303444,0.05246953,0.004735902,0.04350441,-0.02993713,0.03554119,0.03391919,-0.001017909,-0.004582441,0.03178893,0.00702419,0.01145441,-0.004062499,-0.04808066,0.01488216,0.03057918,-0.03808165,0.05536886,0.04418259,0.007538836,-0.02159332,0.05430696,0.002780596,0.02785665,0.01507397,-0.0319204,0.0111617,0.02822033,0.03724159,0.0306907,0.03762672,0.01965111,0.01645893,-0.006146145,0.02697993,0.02002456,0.02359728,0.004242485,0.008219823,0.04398694,0.01286343,0.05425263,0.0006853926,-0.001921693,0.06048493,0.03409832,0.02722946,0.006559208,0.05060968,0.01560143,0.03125197,0.02303136,0.0258735,0.05680292,0.03166274,0.0261488,0.005064872,0.02964945,0.01909965,0.03217541,-0.05133516,0.0406606,-0.04461866,-0.0005897401,-0.03267564,0.05278721,0.02184709,-0.006257985,0.03315945,0.03840252,0.01087859,-0.05487334,0.02282456,0.02027243,0.05782881,0.01529691,0.002984205,0.01801094,0.02970021,0.008408861,0.001947263,0.0003899542,0.0002611651,0.02759774,0.01491027,0.007667238,0.01571895,0.01516157,0.03686276,-0.02354746,0.03952578,0.03845961,0.01170888,-0.02859516,0.0268432,0.023933,0.04304518,0.02927342,0.0445051,0.009321527,0.02647676,0.0197825,0.04580397,0.0256259,0.01725158,-0.009212218,0.0497212,0.0006249513,0.005108618,0.01822226,0.001109326,0.01029963,-0.003212634,0.02507165,0.02456463,0.04850304,0.02079482,0.02752788,0.02757144,alERC,sub-S15,g,randomWalker8,freq01234
0.01267847,0.02339965,0.04310967,-0.001784831,0.03427675,-0.005159975,0.006802071,0.03035749,0.03660775,0.004387097,0.02967783,0.0326328,0.02687904,-0.02119196,-0.03472783,0.01562208,0.03433573,-0.03623497,0.059666,0.02325237,0.0312855,-0.00270555,0.03827254,-0.01094764,0.02359304,0.04622843,-0.007864722,0.03371199,0.03988669,0.04653082,0.03848294,0.02664524,0.01828348,0.01504299,0.01835485,0.03083443,0.02681473,0.03633978,0.01750047,-0.02679236,0.04700943,0.01668817,0.04730771,0.01376767,0.01340401,0.07098106,0.02789451,0.03144473,0.005609041,0.04851094,0.02986026,0.01866973,0.02204187,0.01272592,0.04860805,0.04279546,0.03351659,-0.04451733,0.04269977,0.02631279,0.02667323,-0.03625269,0.05008142,-0.004362328,0.01152273,-0.01365718,0.05759583,0.03022643,0.01612176,0.03863991,0.04019367,0.02346766,-0.02748948,0.03906944,0.02112913,0.03134724,0.0008869533,0.01895709,0.02494793,0.03201756,0.01654267,0.01107938,-0.003056122,0.0232454,0.02862444,0.03877442,0.01617613,0.03381313,0.01801144,0.02922771,0.007217032,0.0353328,0.03949097,0.01341749,-0.02135355,0.02998715,0.02803746,0.03149143,0.0315694,0.03509902,0.01325709,0.03225665,0.03814694,0.04440776,0.03659768,0.02456905,-0.004440966,0.03920947,0.006742316,0.01785211,0.03626129,0.01292975,0.02397946,0.005031163,0.03077867,0.03919709,0.03337757,0.02652275,0.04346075,0.04083322,pmERC,sub-S15,g,randomWalker8,freq01234
0.03019814,0.02117658,0.05045788,0.05289983,-0.05270707,0.05172666,0.03209305,-0.01159745,0.03919702,-0.002663433,0.03113289,0.04065063,0.03604069,-0.04071454,0.05181875,0.02423552,0.02320846,0.02923291,0.02153735,-0.02142232,0.02851437,0.01639699,0.009736091,-0.02946918,-0.003697084,0.06217715,0.05106624,-0.014641,0.002535366,0.02221331,0.02658143,0.03520316,0.02020305,0.01162329,-0.001950606,0.03139355,0.01835398,0.01866488,0.005987432,-0.003610302,0.02225566,0.01721351,0.05069521,-0.001458138,0.05370536,0.04266917,0.02984456,0.02699494,0.002381752,0.04359922,0.01395543,0.0286978,0.01852732,0.01953082,0.0591163,0.03204317,0.02715753,-0.004897988,0.03037585,0.01751032,0.03476769,-0.03961424,0.04128997,-0.04669848,-0.01260638,-0.0254519,0.05484895,0.02478395,-0.004545373,0.03260549,0.01648407,0.008654379,-0.04942853,0.02682042,0.0202312,0.008781721,-0.003530603,-0.001368235,0.01734999,0.03710137,0.02288851,0.02096045,0.004931928,-0.01688453,0.02821073,0.01469155,0.006291028,0.02251878,0.01312626,0.0364951,-0.02930143,0.03813328,0.03879211,0.008393778,-0.06518726,0.02962201,0.02432167,0.04065941,0.03101112,0.04203277,0.002625245,0.02472859,0.01921457,0.04972923,0.02884655,0.0167414,-0.007846831,0.04855422,0.002199979,0.02115914,0.0185356,-0.001125082,0.01117259,-0.001888303,0.03171886,0.02394681,0.04521109,0.01978513,0.02798231,0.0248516,alERC,sub-S15,g,randomWalker9,freq01234
-0.0001922724,0.03351303,0.04306439,0.0579672,-0.02447084,0.04863433,0.05495689,-0.0004852813,0.0349291,0.01883148,0.03030789,0.05765534,0.03456492,0.001630453,0.05653363,0.02198421,0.03764067,0.04534677,0.0351923,0.01146878,0.01707831,0.04557731,0.01669703,0.01099102,0.007167977,0.0644931,0.05966169,-0.005967206,0.01349509,0.01547512,0.03434287,0.03106825,0.02981584,0.015932,0.01527318,0.02922976,0.02470395,0.03522395,0.02205063,-0.03415417,0.03670802,0.0254144,0.0424268,0.01824889,0.0423545,0.03971068,0.02776537,0.03710733,0.00604187,0.03258847,0.02980111,0.02142226,0.0204781,0.01042195,0.05426925,0.0448289,0.03608302,-0.04725731,0.0445177,0.02853803,0.03037753,-0.02512593,0.04965999,-0.01101667,0.001935012,-0.009679968,0.05450067,0.0318724,0.0173516,0.03849244,0.02849196,0.02506994,-0.02412655,0.03897696,0.02252253,0.0228886,-0.01621687,0.01499384,0.02533093,0.03851827,0.02493625,0.01662458,0.009014952,0.01549407,0.03046251,0.03992206,0.01525933,0.03691633,0.01931653,0.02881121,0.006151773,0.03392362,0.04095011,0.01239685,-0.03661543,0.03313902,0.02958317,0.02667467,0.03381517,0.03491671,0.009613529,0.03120164,0.03867354,0.0453522,0.03604382,0.02705688,-0.003912603,0.03303554,0.01213731,0.0502626,0.03643895,0.01475153,0.0276446,0.008420892,0.03416883,0.03918618,0.03261491,0.02829004,0.04248043,0.03644671,pmERC,sub-S15,g,randomWalker9,freq01234
0.02337713,-0.01805745,0.04283626,-0.0461157,-0.04343065,0.01430982,-0.02388783,-0.01009435,0.03557044,0.0703451,-0.02769302,0.02076458,0.04971031,0.0007680322,0.01423193,-0.008978606,-0.01859945,-0.006138827,-0.01103009,-0.02597263,0.0005292123,-0.0006885948,0.02195607,0.03050503,-0.0286916,0.026767,-0.02235806,-0.02085725,0.008511602,-0.01888807,0.006258462,-0.03743614,0.01305307,-0.0007366528,-0.01815125,0.001936464,0.02281799,0.01956103,0.02270953,-0.04657741,-0.0098368,-0.03374874,0.01340429,0.002923387,0.01293254,0.02676812,-0.008906343,0.02292485,-0.008120543,0.03942615,0.04711263,0.01620853,-0.008214423,-0.008359996,-0.0005991352,0.01215854,0.006788673,-0.0008445989,0.02939701,0.002334173,0.01602558,-0.01414866,0.02166882,0.03446279,0.01669044,-0.01265093,0.05105381,0.03902384,0.007841615,0.01887776,0.01599453,0.008186733,0.002746018,0.02105895,0.01165246,0.01515873,-0.0261875,0.01103416,0.009875917,0.041103,0.01669035,-0.004510533,0.03002591,-0.0004958798,0.003525025,0.01818699,0.0005754065,0.01413282,0.02034273,-0.0184396,0.02423226,0.005851388,0.002377321,-0.01790017,0.001048956,0.003999882,0.01517864,0.007578182,0.003825302,-0.006349023,-0.007039809,0.003476636,0.02189822,0.05698229,0.03470323,0.008899898,0.02354932,0.04814409,0.006486541,-0.03090106,0.01364734,0.02963354,0.01843539,0.0007187868,0.003082372,0.01559771,0.006346719,0.009118815,0.01421532,0.01769222,alERC,sub-S16,g,randomWalker0,freq01234
0.03677439,-0.02011783,0.03117614,-0.04388624,-0.0313122,0.03581546,-0.008546324,0.001809728,0.02787764,0.06912758,-0.03226105,0.01723904,0.04057837,0.006367307,0.01486758,-0.002249384,-0.0250102,0.005854956,-0.03661128,-0.01279944,0.01014049,0.0001765506,0.0349282,0.02896401,-0.01965827,0.02744844,-0.02791035,-0.009315418,0.0229845,-0.003208611,0.01507554,-0.02974118,0.02013011,0.0003277473,-0.009509869,-0.01804663,0.01987821,0.04311617,0.03253476,-0.03179218,-0.00895171,-0.02982609,0.01763419,0.034995,0.008876842,0.03216014,0.0009973688,0.03025258,-0.003627475,0.03486579,0.05106617,0.01432456,-0.001045627,-0.01387817,-0.02827662,0.01243398,0.01105935,0.004266136,0.02010068,0.007615673,0.03526511,-0.0006657735,0.001011122,0.03903461,0.02989084,-0.005101423,0.04842004,0.0176,-0.00236087,0.01321839,0.04258267,0.01403738,0.01391264,0.01616556,0.01619807,0.01762455,-0.01637468,0.0169124,0.001330404,0.04081592,0.0177258,0.007822552,0.03343736,0.02755466,0.0005055715,0.02441352,0.005200878,-0.005822727,0.02469575,-0.01494702,0.01653362,-0.01181629,0.005554075,-0.01741917,-0.01299327,-0.01272053,0.01094668,0.003396563,-0.003324961,-0.01328739,-0.00226897,0.002941986,0.03362912,0.04173916,0.03772908,0.01707747,0.03672505,0.03154556,0.01723776,-0.03366576,0.01142752,0.0400765,0.01949515,0.002115558,-0.01123237,0.02091138,0.005744549,0.008283885,0.01870049,0.01398146,pmERC,sub-S16,g,randomWalker0,freq01234
0.07200282,0.020697,0.04164676,-0.07798878,-0.03081677,0.01108744,-0.04185113,-0.01307078,0.02886545,0.05352847,0.008433457,0.009154791,0.03866407,0.011194,0.03954512,-0.0128108,0.01086064,0.009479267,0.0009596885,-0.04817104,-0.01948374,0.01224624,0.007500802,0.03474631,-0.01900518,-0.00389463,0.01577301,-0.02726523,-0.01644036,-0.04693731,-0.01576561,0.02755567,-0.04063018,0.03171869,0.007216869,-0.01701198,0.02417713,0.00338404,0.01624123,-0.02832743,0.03386489,0.02699846,0.009108729,0.002493187,0.005755092,-0.006865792,0.001568346,0.01571514,-0.008854057,0.01543727,0.05419752,0.01860386,0.002263859,-0.01001372,0.01854457,0.003216598,0.004716975,-0.04944209,0.03814316,-0.007243938,0.01171107,-0.03309123,0.02558741,0.03302765,0.01568786,-0.01474062,0.05506231,0.03271909,0.01658356,0.02077677,0.001906932,0.009310245,-0.00269796,0.0201023,0.01330565,-0.0009871941,-0.0248847,0.01470202,0.01040991,0.04900996,0.01283265,0.01370317,0.03629771,-0.006525305,0.00346402,0.01935838,0.01092761,0.02770335,0.02212115,-0.01259969,0.01871009,0.0003825956,0.004744489,-0.02113034,0.008304278,0.009169824,0.02078533,0.02159363,0.005829574,-0.005526358,-0.008680622,0.008217867,0.01680989,0.05534519,0.02999798,0.006263097,0.02341398,0.04416068,0.001584101,-0.01430369,0.01755597,0.03088458,0.02234781,0.003570534,0.01587446,0.01369345,0.009775518,0.01195632,0.01181025,0.02448453,alERC,sub-S16,g,randomWalker1,freq01234
0.07525216,0.01451718,0.03109505,-0.05329543,-0.01954324,-0.0008280705,-0.02437458,-0.008415388,0.01658747,0.04017528,0.01786298,0.00101024,0.03570329,0.00384589,0.01952857,-0.006578411,0.005894394,0.006688769,-0.03047145,-0.02404387,-0.004990485,0.008312811,0.01352311,0.02196751,-0.01673285,0.0148334,0.009384436,-0.01030561,0.003129072,-0.02253671,-0.005573385,0.03055855,-0.02168495,-0.002095697,-0.03148889,-0.02933366,0.0256997,0.01482643,0.02194165,-0.01286173,0.03151808,0.04032528,0.01586531,0.02059005,0.009119248,0.002065355,0.01776692,0.001188228,-0.001363705,0.00828764,0.05167661,0.04520117,0.01144137,-0.01364962,0.008758798,0.01504111,0.002319807,-0.01094047,0.01473776,0.0006974978,0.021554,-0.01383304,-0.001595451,0.03541246,0.03323225,-0.002815467,0.05234775,0.0160643,0.0002866672,0.01368157,0.0338509,0.0131363,0.01482103,0.011352,0.01347825,-0.01140457,-0.0135601,0.02096608,0.00521161,0.04846527,0.01448822,0.008359849,0.02884968,0.02385477,-0.002077705,0.02641707,0.01503047,0.005927942,0.02316595,-0.00676944,0.03612594,0.005082469,0.01167686,-0.01876322,0.01146501,-0.009722895,0.0135924,0.0001798605,-0.004151648,-0.01367377,-0.001492582,0.007801022,0.03149766,0.04093347,0.03942313,0.01533352,0.03800513,0.02920563,0.01378853,0.0001376728,0.01332017,0.03983619,0.02247293,0.008775839,-0.001005009,0.01940068,0.01020574,0.01008559,0.01687017,0.02474213,pmERC,sub-S16,g,randomWalker1,freq01234
-0.01035701,-0.002855609,0.03978844,-0.001393998,0.007346451,0.04495386,0.04087729,-0.008206265,0.02475807,0.01003944,-0.02389009,0.01746371,0.001049309,0.01988379,0.01770125,-0.004356571,-0.02630571,0.007572907,-0.03448207,-0.02565775,0.01154243,0.03164594,0.02297451,-0.01413059,-0.00404293,-0.01503734,0.03265069,-0.01686247,0.01901471,0.007027761,-0.006629259,-0.03166103,-0.01438868,0.00382195,-0.02471225,0.006543483,0.005471776,-0.02960945,0.02235306,0.002944334,0.01257598,0.01000846,-0.002398645,0.00784676,-0.001727125,-0.01522903,-0.02364551,0.0124816,-0.03514797,-0.02946004,0.04492025,0.03068511,-0.0208556,-0.007810181,0.0003831254,0.01904721,-0.002142777,-0.02301024,0.03060962,0.01189433,0.004842454,-0.02967148,0.02479913,0.03233701,0.03265779,-0.01891829,0.03331048,0.03869542,0.005176162,0.0186374,0.009370685,0.01042829,-0.002714808,0.01946672,0.0130868,0.02715648,-0.04844036,0.01007358,0.01841449,0.0524665,0.01355145,-0.006820841,0.02799353,-0.01009135,0.00225835,0.01565907,-0.006366052,-9.378219e-05,0.02415884,-0.02180123,0.01736292,-0.000589998,-0.004084968,-0.02520101,0.01233475,0.00831164,0.01322197,0.002338913,0.004615357,-0.0003583299,-0.0133537,0.001737837,0.01425325,0.05676958,0.04238549,0.006135773,0.03293359,-0.0009136622,0.006782475,0.02814373,0.0110163,0.03367293,0.02077457,-0.002723116,0.003665001,0.01208682,-0.001206599,0.006436855,0.01213957,0.02696152,alERC,sub-S16,g,randomWalker2,freq01234
0.004153526,-0.002414165,0.02880357,0.0052379,0.001854729,0.04223655,0.03394602,-0.005898595,0.02183377,-0.003451654,-0.001460985,0.02442678,0.001113971,0.008455292,0.02492343,0.006044666,-0.02232783,0.009557202,-0.0365931,-0.0101682,0.009828182,-0.00124056,0.04070157,-0.01391913,-0.012142,-0.00842973,0.0310374,-0.01161246,-0.0008395404,0.009078346,0.02043991,-0.02670069,-0.0323763,0.001865516,-0.02629633,0.02248601,0.004568028,-0.01264099,0.01402483,-0.01564451,0.01242152,0.02104878,0.0135299,0.02280919,0.02338078,-0.03771804,-0.0234553,0.03649743,-0.03559639,-0.01817192,0.03668383,0.004472338,-0.02038164,-0.01608818,-0.01787904,0.02607145,0.001265076,-0.01908187,0.01728757,0.02796112,0.01916216,-0.008194712,-0.003767057,0.03474573,0.04032387,-0.008124306,0.03013299,0.01630382,-0.003607749,0.004658695,0.03659525,0.01547451,0.01033067,0.005636498,0.0168673,0.00841935,-0.03217683,0.02020036,0.01416152,0.05269023,0.01463867,-0.01002253,0.03289119,0.02095557,-0.001523292,0.01957039,-0.007022618,0.004886846,0.01843749,-0.007664926,0.0222747,-0.001432317,0.002794905,-0.01190728,-0.01855707,-0.01218015,5.628807e-05,-0.008217276,-0.004175388,-0.01156443,-0.001955844,0.002973401,0.02617735,0.0399297,0.04738489,0.01487373,0.04120889,0.003662286,0.01869651,0.04648822,0.00852341,0.03505683,0.01791269,-0.001900326,-0.00212465,0.016773,0.004539948,0.00276937,0.01996788,0.03321788,pmERC,sub-S16,g,randomWalker2,freq01234
0.003004201,0.05656003,0.04179871,-0.06433524,-0.03362412,0.006894752,-0.03277961,-0.005184757,0.06404824,0.02272297,0.01943374,0.02747507,0.03350845,-0.005675479,0.003429104,-0.02330882,0.01890132,-0.02451147,0.01733042,-0.01952324,-0.0039699,0.005494375,0.01593185,0.01280582,-0.02216475,0.03926791,0.01286353,-0.008955919,-0.001581845,-0.01660838,0.02302359,-0.01720388,-0.02509124,0.0003625838,-0.009222996,-0.003067266,0.01977529,-0.03019201,0.02495763,0.002971361,0.02044115,0.009476582,0.02066004,0.01206487,-0.01548854,0.0006399876,-0.01847519,-0.00621526,-0.02055872,0.05535553,0.04882714,0.03039535,-0.004199291,-0.002764595,0.03948512,0.02187019,0.0002448319,-0.03511744,0.03904655,0.01452001,0.0146337,-0.0181433,0.02347152,0.03775817,0.03525702,-0.01575412,0.04681245,0.03786821,0.0004678065,0.02339998,0.008473965,0.01433942,0.008845362,0.02121172,0.01397391,0.0255983,-0.04689394,0.01887977,0.01460456,0.04628353,0.02836237,-0.01103235,0.03005599,-0.007509872,0.002658255,0.0242537,0.0125488,0.03463874,0.01960873,-0.01557129,0.0250997,0.006911465,0.007359917,-0.01318896,0.02750359,0.002924203,0.02228846,0.04003944,0.004193465,0.004251168,-0.005072363,0.009397143,0.02394173,0.05336052,0.03848192,0.01057443,0.02641852,0.04973598,0.005226292,0.002383105,0.01929954,0.03247423,0.0245528,0.001392202,0.01357384,0.01775246,0.004506089,0.01247577,0.01461471,0.03087932,alERC,sub-S16,g,randomWalker3,freq01234
0.03511941,0.03661768,0.0296503,-0.05919746,-0.01338315,-0.0111458,-2.958892e-05,0.01001018,0.05192775,0.02655037,0.02021262,0.02787005,0.03457937,-0.0002197251,0.01047446,-0.01918025,0.02206398,-0.01991593,0.01824493,0.00197756,0.02736637,0.007325851,0.04553793,0.01027893,-0.003202305,0.05124601,-0.007981799,0.01820562,0.01843436,0.007921337,0.03728573,-0.02424726,-0.02362327,0.004921325,-0.0009171133,0.006712423,0.01472903,-0.009491879,0.01973322,-0.008750596,0.01935916,0.01915948,0.02628516,0.02909931,-0.009762234,0.009980771,-0.020671,0.01870242,-0.02063031,0.04627386,0.04723692,0.02635076,-0.005100214,-0.004439207,0.0225752,0.02506896,-0.003159695,-0.01523309,0.02618306,0.02311802,0.03113562,-0.004005731,-0.007383123,0.04172015,0.04733199,-0.009390407,0.04698827,0.01528225,-0.008964217,0.007056555,0.03973945,0.01417386,0.01852871,0.008777996,0.01272945,0.005206115,-0.03455888,0.01984718,0.001995951,0.04543099,0.02884757,0.0004883249,0.03024005,0.02558985,-0.007580984,0.02541083,0.01358126,0.01031872,0.01863352,-0.01113206,0.04037239,0.0113392,0.009987795,-0.01350074,0.04699865,-0.02051548,0.01158133,0.02833502,-0.01120392,-0.004182027,-0.002244527,0.003846339,0.02895905,0.03753073,0.04195562,0.01267597,0.03306652,0.03205761,0.01050524,0.0259446,0.01132608,0.03526751,0.01947159,0.00367621,-0.005947268,0.01913226,0.00332746,0.006329772,0.01438463,0.02517169,pmERC,sub-S16,g,randomWalker3,freq01234
0.00402213,0.02980291,0.04487162,0.03915185,0.003836585,0.01641016,0.03399773,-0.01715887,0.03405479,0.0108997,0.0490773,0.004749227,0.01129421,0.01487026,-0.009527084,-0.005819314,0.01024699,-0.0003191892,-0.02441024,-0.0162205,0.009954669,0.02357071,0.03953517,0.01199805,-0.02245712,0.01717002,0.03071829,-0.01367392,0.01618509,0.02591584,0.01562354,-0.01554043,-0.02125,0.005129665,0.005866156,-0.00458622,0.01516756,-0.01848806,0.02429983,0.00715541,0.01768548,0.008257669,0.005261431,0.01007904,0.003558555,-0.01163322,-0.01869406,0.01392126,-0.01870548,0.02367871,0.04726833,-0.003090468,-0.006265514,-0.00715417,0.01827048,0.02042222,0.004584312,-0.03781475,0.034436,0.01474668,0.0118966,-0.00272127,0.02168482,0.03794147,0.03722764,-0.00982818,0.05203613,0.03181633,0.00754343,0.01983356,0.001430736,0.01436388,0.006455759,0.01908912,0.01216245,0.005047787,-0.04347586,0.01477836,0.0126325,0.04305872,0.01370213,0.002747316,0.02991249,-0.01965221,0.003270135,0.01929383,0.01327419,0.0250597,0.02033917,-0.0104966,0.02190473,0.002064762,0.007057618,-0.008643911,0.01329683,0.003622471,0.02042508,0.01977492,0.004594498,-4.76132e-06,-0.002958184,0.009327635,0.01924091,0.05386805,0.03420236,0.007919376,0.02502918,0.04927763,0.005412533,-0.02260558,0.01578503,0.02965862,0.02210566,0.006293858,0.01146245,0.0146246,0.007052219,0.01153312,0.01202712,0.02115324,alERC,sub-S16,g,randomWalker4,freq01234
0.003912459,0.02911377,0.0320473,0.02132962,0.006240953,0.01475216,0.01059909,-0.003538868,0.03179971,0.02636421,0.03719988,0.01446686,0.005135749,0.01045245,0.002166838,-0.00438195,0.006920003,-0.01413255,-0.01938434,-0.02582589,0.01145458,0.001558435,0.03430882,0.01376392,-0.005756874,-0.002908034,0.02541452,-0.001916574,0.008679782,0.01647819,0.03781148,-0.0033581,-0.02782832,0.01280463,0.01282368,0.004668999,0.01354464,0.002775975,0.02303787,-0.01744008,0.02851391,0.0211791,0.01470196,0.03536972,0.0243192,-0.02742606,-0.02606969,0.02906619,-0.01854218,0.02564131,0.04539657,-0.03706712,-0.007388738,-0.02722304,-0.005132844,0.02878104,0.0075338,-0.01961107,0.02465551,0.03403248,0.03066133,0.009591837,-0.003945215,0.04452746,0.04819128,-0.005387723,0.04966184,0.009599927,-0.002710328,0.01245585,0.03376936,0.01911588,0.01809536,0.01209664,0.01261278,-0.01985913,-0.02902609,0.01738208,0.001867809,0.03506649,0.01360452,0.006208647,0.02499904,0.008012562,-0.003109757,0.02472288,0.01771146,0.008521986,0.02074281,-0.008262731,0.04074687,0.002230844,0.01115198,-0.005162706,0.04153138,-0.01803354,0.01602964,-0.002840217,-0.005917703,-0.008536625,0.004508241,0.008684858,0.0275134,0.0408579,0.04016894,0.01367435,0.03405512,0.0319469,0.01415074,-0.02113278,0.0141978,0.03596445,0.02036109,0.00812637,-0.002157082,0.01929925,0.003727692,0.009551426,0.01675993,0.02439884,pmERC,sub-S16,g,randomWalker4,freq01234
0.01617816,-0.04131357,0.04244198,0.0184739,0.004920017,0.01550068,0.01375553,0.01162095,0.01508112,-0.02567048,8.223685e-05,0.03026637,0.05228206,-0.02862313,0.01740557,-0.0164503,-0.0246228,0.01075727,-0.0260193,0.01380802,0.02986684,-0.01522386,0.01386879,-0.03411851,0.01574631,0.02939285,-0.0008198072,0.005471019,0.03589303,-0.02294258,-0.02400602,0.04116911,-0.01871143,0.0261167,0.0009614383,-0.02080896,0.02502246,0.00655848,0.01506037,-0.0229806,0.04691208,-0.009319784,0.01250868,-0.006630954,0.01148416,0.02274271,0.01562622,0.01135423,-0.01103778,0.02116979,0.04922139,0.02919442,0.003320341,-0.01561656,0.02392511,0.003966235,0.00796353,-0.03048699,0.03303533,-0.01017901,0.01753726,-0.0006358343,0.02401621,0.04132046,0.03726477,-0.0079379,0.05263964,0.02717132,0.00780537,0.02181201,-0.002434738,0.01376928,0.01215347,0.01950561,0.01332216,-0.008388429,-0.05451015,0.01528646,0.01088834,0.03747755,0.02128038,-0.00339303,0.02325205,-0.02124803,0.00173764,0.02214876,0.008939192,0.01621296,0.0222478,-0.01315874,0.02932316,0.008176046,0.003050666,-0.0154544,-0.004847121,0.003672128,0.01777657,-0.0023214,0.003621184,-0.002278963,-0.008680207,0.004586459,0.02329139,0.05652513,0.02960498,0.007410857,0.02513192,0.04965403,0.002206354,-0.003731245,0.01579195,0.03374002,0.02076146,0.0006796784,0.007183718,0.0147475,0.009258015,0.009614521,0.01415536,0.02625783,alERC,sub-S16,g,randomWalker5,freq01234
0.02504437,-0.02078076,0.03001492,-0.00295426,0.01773561,0.01980045,0.03555068,0.0173952,-0.001857464,-0.03405235,0.01036293,0.04762393,0.03570554,-0.02458501,0.01064688,-0.01938021,-0.03326906,-0.005910925,-0.01731466,0.02039849,0.01802059,-0.006533689,0.02697455,-0.0133334,0.02026525,0.03236082,0.004341678,0.01027693,0.03080893,-0.003912722,-0.01139894,0.04187135,-0.006931633,-0.003854341,-0.03253095,-0.03036349,0.02724576,0.0157866,0.02182556,-0.01589082,0.04387856,0.004928971,0.01520902,0.005352198,0.02685283,-0.001467254,0.03467696,-0.006672309,-0.001945317,0.02132299,0.05053655,0.0541366,0.01319161,-0.01934101,0.004016121,0.004253491,0.005180324,-0.01988129,0.02084979,0.004285993,0.03987448,0.01061039,0.002440811,0.04611359,0.04880707,-0.002388701,0.05411955,0.004910121,-0.002781343,0.0112448,0.02805437,0.017559,0.02175041,0.01296324,0.01388516,-0.04249804,-0.0372742,0.01388462,-0.0008178657,0.02556139,0.01893297,0.01021364,0.02459437,-0.00861206,-0.004665761,0.0258708,0.01331607,-0.003930995,0.01691393,-0.007511632,0.04649219,0.006815079,0.007137341,-0.01077077,-0.01322113,-0.01895254,0.009584243,-0.02012945,-0.006702601,-0.01033345,0.00165302,0.0007936353,0.03232301,0.03947873,0.03482064,0.01386784,0.0369907,0.03119353,0.01284274,0.01155207,0.009940661,0.0403835,0.01745063,0.005062639,-0.009909974,0.01773361,0.008076723,0.005754535,0.01711654,0.02562311,pmERC,sub-S16,g,randomWalker5,freq01234
-0.020693,0.01543447,0.04251624,-0.02114244,0.0102694,-0.04572839,0.01586667,-0.0149377,0.05391003,0.02634465,0.00929998,0.04978582,-0.05882594,-0.02391555,-0.03240163,-0.008719042,-0.02946058,-0.02400718,0.006614516,0.004641183,-0.01823454,-0.02188851,0.01696317,-0.01309807,0.006166711,0.05799296,-0.04636014,0.01119603,0.002857041,0.01033146,-0.007967847,0.01761774,-0.01381457,0.02999375,-0.000243899,-0.01195555,0.02466916,0.005324897,0.01805059,-0.03491697,0.03051022,0.03237235,0.009843209,0.005121182,0.01467281,0.009236911,0.008650123,-0.00317972,-0.005350302,0.0319366,0.05022399,0.04199003,-0.004153565,-0.007342688,0.01004834,0.004487387,0.006327663,-0.00325532,0.03266787,0.002766695,0.005143768,-0.001661994,0.02278239,0.04104468,0.03995457,-0.01210182,0.05529104,0.02902812,0.008544541,0.02200789,-0.008884178,0.01362763,0.01344152,0.02194717,0.0136677,0.0004431666,-0.04661397,0.01611226,0.01293907,0.03845982,0.01360375,0.005047686,0.02788498,-0.02383439,0.003844365,0.02175134,0.008131188,0.01358442,0.02295225,-0.01732002,0.02065955,0.008246278,0.001324814,-0.02188743,-0.004988398,0.01259398,0.02040777,0.0008781286,0.005165919,-0.001949737,-0.005213059,0.007237349,0.01961609,0.05913873,0.04493055,0.009767492,0.02572547,0.04643738,0.008498831,0.01662072,0.01651223,0.03202102,0.02276788,0.003308489,0.006110218,0.01519419,0.008438309,0.01104707,0.01499285,0.02170395,alERC,sub-S16,g,randomWalker6,freq01234
-0.02059636,0.02890418,0.0299028,-0.005331211,-0.004253007,-0.01578628,0.01083896,-0.01792565,0.04915663,0.04465981,0.01785453,0.06450247,-0.02542168,-0.009348982,-0.002474951,-0.003232142,-0.01396729,-0.006210193,-0.01983741,-0.008753845,-0.02139017,-0.01020902,0.0159782,-0.005706811,-0.008525161,0.04996878,-0.01737917,-0.004116872,-0.007408049,0.002872013,-0.005025745,0.02501026,-0.004178915,-0.005221123,-0.02138078,-0.03312348,0.0252515,0.01868834,0.0262356,-0.01811275,0.02951837,0.0391619,0.011432,0.02661324,0.01981664,-0.005316572,0.02519853,-0.01458063,0.0009933189,0.02390032,0.04807825,0.05933495,0.003567287,-0.01554932,-0.02317964,0.005244671,0.005989842,0.001325187,0.01374869,0.002762508,0.02547077,0.01196331,-0.005088822,0.0482277,0.05240617,-0.007110968,0.05054331,0.005787219,-0.001449946,0.01229748,0.02143495,0.01645108,0.02499024,0.01305455,0.01304147,-0.03279028,-0.03200961,0.0155933,0.0004931688,0.01582313,0.00994588,0.008316604,0.0270039,-0.01322893,-0.004099954,0.02683369,0.01213787,-0.002777895,0.02054963,-0.01395374,0.03615208,-0.0012773,0.003592595,-0.02034769,-0.008242947,-0.002905669,0.01213626,-0.01796322,-0.007167052,-0.01153981,-0.0001289589,0.002995913,0.02802743,0.04220328,0.04759332,0.0133356,0.03747207,0.03154976,0.01569218,0.04109166,0.0125547,0.03759273,0.01960279,0.003383797,-0.01055478,0.01649017,0.006418262,0.005498806,0.01824813,0.02222133,pmERC,sub-S16,g,randomWalker6,freq01234
0.01728928,-0.008895495,0.04289296,-0.04035044,-0.03124412,0.04499503,-0.03358634,-0.01345445,0.03642386,0.04973338,-0.02112516,0.03212195,0.02211891,-0.01867535,0.01634778,-0.01616646,-0.01322708,-0.03261259,0.002724568,0.003853201,0.004903872,-0.007100443,0.01892169,0.001892202,-0.01457165,0.0408466,0.006643998,-0.003542798,0.01617572,-0.008404022,0.01953205,-0.02631971,-0.02722734,-0.002274256,-0.01780975,-0.001814508,0.01484597,-0.02468494,0.02299219,0.01356592,0.03068508,0.003569981,0.01153845,0.01097338,-0.01355934,-0.004157445,-0.02212967,0.01483228,-0.02709073,0.01546686,0.03822408,0.003067639,-0.0107861,-0.007169003,0.03090067,0.02162293,0.0003510357,-0.03021569,0.03377666,0.006368882,0.007082009,-0.01463478,0.02276308,0.03041527,0.02650588,-0.009895543,0.05126222,0.03608835,0.006098443,0.01888302,0.009358143,0.01235418,0.004166299,0.01896644,0.01206519,0.01687382,-0.03990035,0.01459214,0.01076811,0.04606352,0.01816112,-0.004700513,0.0278657,-0.01806185,0.002648668,0.01967957,0.004980683,0.02330669,0.02196061,-0.01721875,0.01659508,-0.001112447,0.003247135,-0.02465304,0.0004523017,0.008073612,0.01983682,0.008974267,0.004644597,-0.003906085,-0.007815764,0.006951351,0.01691107,0.056963,0.02945903,0.007058635,0.02384552,0.0422729,0.00483535,-0.001270125,0.01682497,0.03200244,0.02220643,0.004416404,0.01104845,0.01375238,0.007721412,0.01090492,0.01254763,0.02606532,alERC,sub-S16,g,randomWalker7,freq01234
0.006752589,-0.01568382,0.02878119,-0.01682607,-0.01891239,0.0412051,-0.008597818,0.0009228497,0.03016477,0.03285383,-0.01516847,0.0373131,0.01124837,-0.0130034,0.03244958,-0.01364892,-0.01378731,-0.01975957,-0.02029562,-0.004383122,0.0175219,-0.03482428,0.01849284,-0.02615639,-0.003029815,0.03491969,-0.005099751,0.01164594,0.03326332,0.005571126,0.04169613,-0.02354588,-0.03418195,0.002480502,-0.02196935,0.01043439,0.01087556,-0.002526385,0.02177928,-0.00508003,0.02934776,0.01503807,0.02202035,0.03433947,0.008355842,-0.003281526,-0.02493991,0.03760267,-0.01791105,0.02077745,0.03342088,-0.02610896,-0.006569597,-0.01387725,0.003457283,0.02628178,0.00138766,-0.0128427,0.02127993,0.02656141,0.02164346,0.002790894,-0.002368807,0.03421329,0.03746691,-0.0002178039,0.04706681,0.01106845,-0.006792036,0.01086972,0.03638877,0.01817268,0.01440825,0.008103108,0.01435828,0.007689431,-0.02576425,0.02075142,0.003136463,0.04590308,0.0212177,0.0006865304,0.02692229,-2.086156e-05,-0.003963334,0.02690453,0.007361107,0.00013211,0.02153673,-0.01322775,0.03550415,0.001392661,0.008776252,-0.02347387,-0.008346473,-0.01405533,0.01041852,-0.001033369,-0.006719913,-0.01345601,-0.001704449,0.004965288,0.02919213,0.03941246,0.03341397,0.01408169,0.0374259,0.02754378,0.01569977,0.02220879,0.01142622,0.03902644,0.02080366,0.007723005,-0.005937632,0.01750364,0.007119583,0.007326851,0.01718006,0.02258683,pmERC,sub-S16,g,randomWalker7,freq01234
-0.05359524,0.01722973,0.04565583,-0.01180692,0.02105293,-0.05302014,-0.006674678,-0.004553023,0.04302469,0.02249855,0.02136091,0.02448038,-0.001385177,-0.02437633,-0.04209275,-0.007868573,0.004908245,-0.05001858,-0.002020014,0.01693492,0.01153811,-0.01083644,-0.006990439,-0.004691552,0.0313182,0.04396139,-0.01615392,0.03298112,0.009730481,0.02338924,0.00405137,-0.02232689,-0.01939631,-0.02184001,-0.0004012903,-0.003686149,0.0278122,0.002843766,0.01961714,-0.0104514,0.01075529,-0.04895654,0.03086469,-0.0004054265,-0.002039162,0.0333601,-0.01649656,0.006741282,-0.01401044,0.01488355,0.05804994,-0.02221297,-0.01155662,-0.0171812,-0.003781735,0.02696217,0.004964898,-0.009418036,0.0360801,0.01116466,0.001647748,-0.01329683,0.02026892,0.03475436,0.03817798,-0.01490379,0.05054939,0.03443875,0.001229867,0.02016454,0.001417416,0.01228897,0.007851527,0.01950881,0.01196514,0.01647737,-0.03673952,0.01754219,0.01261142,0.04729179,0.018552,0.0002756342,0.02881457,-0.0162794,0.003320059,0.02060541,0.01219915,0.02048626,0.02098424,-0.01282295,0.02393862,0.007080884,0.003332812,-0.01061894,0.02702663,0.002294052,0.02115094,0.002522512,0.005138292,-0.002260502,-0.0028815,0.009149219,0.01863104,0.05986325,0.03525233,0.007898149,0.02708699,0.05308359,0.003947531,-0.01709211,0.01590827,0.03259741,0.02170559,0.003722455,0.009701161,0.01532246,0.006150112,0.01141081,0.01387524,0.02614434,alERC,sub-S16,g,randomWalker8,freq01234
-0.04833669,-0.002283555,0.03205632,-0.004296773,0.01629571,-0.05111954,-0.01033331,-0.006645502,0.0306796,0.01601048,0.02279447,0.03529975,-0.004084528,-0.02064582,-0.03270983,0.002248748,0.002676201,-0.04010401,-0.01604865,0.009534554,-0.001647821,-0.03181236,-0.01054928,-0.02617943,0.0163983,0.04576335,-0.02372578,0.02537079,0.008450261,0.02566825,0.01749302,-0.02939566,-0.005366981,-0.01022055,0.01541516,-0.01192163,0.01756778,0.03560332,0.0250586,-0.01148352,0.002053188,-0.0395388,0.03774002,0.03365007,0.03101902,0.03525586,-0.01355409,0.0236853,-0.01124129,0.03330429,0.06009721,-0.02610384,-0.01364518,-0.03024956,-0.03061366,0.03544699,0.01166296,0.005461175,0.02379413,0.02408788,0.01907607,-0.001350509,-0.005604644,0.0368067,0.04605186,-0.01201844,0.0483762,0.01031967,-0.008176552,0.01030844,0.03565534,0.01662585,0.01650997,0.01070827,0.01358149,0.01142089,-0.02755796,0.01721556,0.00229075,0.04361113,0.0181952,0.0114616,0.03182263,0.00821425,-0.000650816,0.02346329,0.01558589,0.0004883842,0.0225676,-0.00755238,0.03875196,0.007456567,0.01068615,-0.009240344,0.03620965,-0.0135905,0.0137313,0.001582937,-0.003415326,-0.01276392,0.0008032987,0.007151563,0.0290739,0.0429704,0.03892202,0.01671175,0.03881868,0.03406446,0.0165804,0.002198562,0.01148228,0.03963087,0.02284968,0.00713548,-0.004902839,0.02114839,0.004744026,0.009949116,0.01859449,0.01918977,pmERC,sub-S16,g,randomWalker8,freq01234
0.01662432,0.003751613,0.04441855,0.06871404,-0.01278015,0.01450344,0.04682347,-0.03607141,-0.01494163,-0.02733297,0.05496189,0.03793135,0.03906243,0.01407146,0.03651825,-0.007843646,0.03869321,0.0372684,-0.0140892,0.00107077,0.006130742,0.04368877,0.01107314,0.006632704,-0.03147879,0.01287625,0.06195612,-0.02533642,-0.005256656,0.02236029,0.004472506,-0.02528238,-0.003642889,-0.02212625,-0.0164803,0.003401415,0.02845129,0.004750035,0.02140499,-0.03253923,0.01805198,-0.03231692,0.03303788,0.002715332,0.01632517,-0.008074377,-0.01701162,0.001054258,-0.002862455,0.0002850012,0.0609917,-0.04005262,-0.004223523,-0.006220651,0.00521007,0.02974984,0.007325497,0.0003262237,0.03506715,0.009203116,0.00662518,-0.01733225,0.0217275,0.04127988,0.04595904,-0.01000692,0.05402606,0.03291979,0.005085582,0.02436481,-0.006189364,0.01318405,0.009336142,0.0186025,0.01302344,-0.01500877,-0.04821504,0.01841034,0.01793843,0.04865011,0.01656997,-0.0008277902,0.0276927,-0.02209008,0.004950672,0.02013229,0.01442322,0.02561286,0.0206756,-0.01253621,0.02280843,0.005767249,0.008816869,-0.01282406,0.01675831,0.00194487,0.02313124,0.006017547,0.007808746,0.000324198,-0.003475983,0.01007245,0.01816789,0.05961158,0.03802449,0.008238038,0.02686392,0.04696903,0.006058394,0.005344393,0.01595765,0.03187809,0.02259538,0.007502008,0.01301537,0.01409616,0.003470642,0.01432199,0.0134909,0.02874174,alERC,sub-S16,g,randomWalker9,freq01234
0.00328101,-0.009805688,0.03193859,0.05533965,-0.001411638,0.004035846,0.03370586,-0.0139403,-0.006911836,-0.008542752,0.05903452,0.04866692,0.02001436,0.001880598,0.03221701,-0.008831101,0.03195695,0.02392391,-0.02612556,0.01441365,-0.002475761,0.0285635,0.02905823,-0.007824883,-0.008359196,-0.01161212,0.04212953,-0.01476484,-0.001586086,-0.0008696786,0.01624815,-0.02325428,0.008891649,-0.008537463,0.001193536,-0.01408434,0.01745895,0.03213456,0.02723746,-0.02044483,0.02098848,-0.04046174,0.03512448,0.03176503,0.001724793,-0.003893919,-0.00987255,0.02003977,0.00363715,0.003867352,0.0584989,-0.04276092,-0.003506705,-0.01258201,-0.02443604,0.03226258,0.01203019,-0.002856862,0.01882176,0.0204011,0.02528793,0.0006914735,-0.004948671,0.04576084,0.05806612,-0.004636,0.05020345,0.01063728,-0.0004104504,0.01432498,0.02666155,0.01536348,0.02024767,0.008346948,0.01187255,-0.02804924,-0.03545047,0.02059552,0.009145382,0.03650034,0.0134774,0.008668688,0.03045672,0.003732942,-0.002848224,0.02312994,0.01843926,0.004180905,0.01922431,-0.009015655,0.03891714,0.00350381,0.01258495,-0.01030854,0.04309872,-0.02814026,0.01417435,-0.01627751,-0.004312154,-0.0160662,0.003100544,0.006940383,0.02593727,0.04457035,0.04079685,0.01258,0.03924408,0.03194137,0.01479897,0.02515439,0.01178754,0.03779086,0.02000784,0.009433868,-0.004686178,0.01641013,0.002390112,0.009691069,0.01657086,0.02758893,pmERC,sub-S16,g,randomWalker9,freq01234
0.04076368,0.02418996,0.02604287,0.01311855,-0.02148213,0.06019393,0.05305072,-0.03637575,0.02150587,0.0164528,0.008883108,0.05500701,-0.01179348,0.002583798,0.01601672,-0.00917542,0.02380376,-0.02831098,0.05494075,-0.01072197,0.02364827,0.007759865,0.07187603,0.04200054,-0.01469992,-0.0114851,-0.01445511,-0.01877536,-0.03095125,-0.02462457,0.0409537,0.01842166,0.002028281,0.02274419,0.04602392,0.0260677,-0.006879036,0.0192566,-0.01246464,0.001189177,0.02031188,0.01883201,0.03247645,-0.016134,-0.004017061,-0.02061218,0.001840139,0.0632452,-0.004291088,0.03582001,-0.003748076,-0.02991297,-0.02689152,0.007679143,0.0460934,0.02803642,-0.0094555,0.005935209,-0.01318858,-0.004640574,0.01837496,0.02576039,-0.009679771,0.03678009,0.08526395,0.008734121,0.05830896,0.006900422,0.02714436,-0.006956096,0.01969087,-0.01906453,0.03277938,0.01305334,-0.001095401,-0.0155726,-0.02029463,-0.01921543,0.003032772,0.0551085,0.01911514,-0.01387294,0.0441872,0.002688672,-0.00571202,0.0129203,-0.01854861,-0.002343124,0.0395267,0.004885365,0.0008782284,-0.01763089,0.01144648,-0.01566201,0.009637719,0.004247145,0.004529941,0.02738786,-0.008135035,0.002173736,-0.01918211,0.001880759,0.02550424,0.01864937,0.03954192,-0.001189784,-0.003869124,0.02346858,-0.01051648,-0.004904773,0.0212309,0.007977152,-0.009792822,-0.014701,-0.003612062,0.02708994,0.02399307,-0.008515651,0.02234059,-0.009854138,alERC,sub-S17,g,randomWalker0,freq01234
0.03490026,0.007417016,0.01318172,0.02040501,0.002672773,0.0351194,0.0510279,-0.008297035,0.0214967,0.002226205,0.01126745,0.05809944,-0.01660773,0.01407584,0.02781951,0.003655179,0.01106434,-0.001597892,0.02380813,0.007058191,0.03274064,0.02426394,0.04971832,0.03845078,0.004009825,-0.0005420401,-0.00812381,0.0002321887,-0.001850762,-0.003695434,0.02955302,-0.0164729,-0.002204405,0.01985861,0.02925254,0.02199324,0.004971344,0.02398868,-0.002594279,-0.004740483,-0.005973659,0.01509567,0.0214438,0.0005739084,-0.0170604,-0.02380978,0.003067283,0.06490436,0.006968036,0.01919862,0.002263869,-0.02782199,-0.003559582,0.01552821,0.01796123,0.02597115,0.004066064,0.02100668,-0.002132298,0.01018791,0.02466833,0.04838928,-0.004969266,0.05213653,0.07975446,0.01923721,0.03440489,0.01935366,0.03981513,0.005650226,0.01435019,-0.0002552492,0.05473443,0.0181987,0.01131761,-0.01947076,-0.005201471,0.005142577,0.01802629,0.02154559,0.03603908,-0.01793884,0.03581914,0.004660606,0.007546109,0.01598902,-0.0002686298,0.02084884,0.03991953,0.002246992,0.02805033,-0.004518852,0.01480996,-0.003065401,0.02446872,0.01448593,0.01459529,0.02939034,0.005768972,0.01043904,-0.0003639382,0.01168914,0.02521491,0.01050463,0.03215753,0.01238807,0.007402633,0.01881867,0.008414963,-0.004077983,0.02839176,0.01189046,0.004538425,0.002053031,0.00829458,0.03074458,0.01396026,0.006047421,0.02538636,-0.00115964,pmERC,sub-S17,g,randomWalker0,freq01234
0.05523648,0.0275232,0.02320451,-0.02475322,0.02942521,0.007541134,0.02077783,0.03201885,0.03486125,0.02333653,-0.001065834,0.05005899,-0.006938573,0.038222,0.009827914,-0.00169472,0.02193261,-0.02682282,0.04158016,0.03435043,0.04269225,0.04398188,-0.0001341384,0.04237264,0.02847034,0.04377281,0.03177039,0.02566284,0.003252919,0.01107669,-0.003371056,-0.01850509,0.001183098,0.002411113,0.02859208,0.003252413,-0.01637476,0.0345378,0.01816928,0.003637472,0.00728583,0.06992311,0.01673779,0.01530008,0.02003787,-0.07893787,0.009934747,0.002290079,-0.002323614,0.02559746,0.006585909,0.05541626,-0.01805386,0.007025606,0.01953775,-0.004316086,-0.002299841,-0.03849994,-0.007453113,-0.03329128,0.001053731,0.008270961,-0.00746521,0.03683889,0.06512927,0.03897642,0.05326975,0.002296123,0.02685693,-0.00934868,-0.005971107,-0.01662148,0.02903398,0.01099721,-0.003225908,-0.03177966,-0.01507442,-0.02213167,0.0002304735,0.06085347,0.01166446,0.004940161,0.03019698,-0.009776307,-0.00990194,0.005903579,-0.01955757,0.002446649,0.04038608,0.006960393,-0.03539919,-0.01998335,0.01596817,-0.01911102,-0.01560655,-0.0002693526,-0.0007749067,0.02270919,-0.007009451,0.001586498,-0.02344373,-0.006069421,0.01664262,0.01969418,0.0427329,-0.004950789,-0.00628841,0.0227037,-0.01622543,-0.01595695,0.02166363,0.001774932,-0.01443665,-0.01220161,-0.006047342,0.02696247,0.0208672,-0.01435742,0.02060688,-0.00941564,alERC,sub-S17,g,randomWalker1,freq01234
0.04889968,0.02435048,0.01403689,-0.0138921,0.02258581,0.03638952,0.01677496,0.02385052,0.02140697,0.01729416,0.01092506,0.0540769,-0.008966245,0.02692303,0.02335929,0.009777397,0.007559242,-0.003418839,0.00139939,0.02195118,0.04023999,0.03358476,0.01235688,0.02961363,0.02291737,0.02885942,0.02512337,0.02603598,0.0153459,0.01684212,-0.008711496,-0.02070107,-0.01427232,0.006643997,0.01542453,-0.01757303,-0.0005285447,0.03107523,0.01773133,-0.007096293,0.000625286,0.04431316,0.0119923,0.01192729,0.03098708,-0.04536153,0.0228434,-0.01091445,0.01128835,0.01095688,0.006536192,0.01713664,0.00918831,0.003040516,0.01637885,0.001341231,0.01112185,-0.04299447,0.001630887,-0.02248557,0.02052438,0.02191836,0.00723057,0.05178374,0.07484791,0.03299801,0.03692799,0.02083519,0.02935823,0.009352152,0.005911803,0.004484637,0.04939371,0.01789728,0.01544942,-0.02471416,-0.002497853,0.006946234,0.01827792,0.02579974,0.03747194,-0.002994637,0.01892722,0.004296493,0.008707481,0.01340242,0.001733366,0.01792005,0.03947807,0.003333656,0.005887593,-0.004038048,0.02117446,-0.006630595,0.02738815,0.01657082,0.0135345,0.01896624,0.01101127,0.01752527,-0.001376254,0.009522871,0.02286518,0.01563312,0.04073187,0.01292113,0.01276848,0.01797651,0.00780689,0.001550694,0.02763045,0.01267978,0.00551705,0.005648113,0.008307288,0.03248347,0.01134409,0.005948316,0.02644695,0.005717003,pmERC,sub-S17,g,randomWalker1,freq01234
0.01210279,0.000544517,0.02159012,0.01520552,0.03009358,0.009228432,0.01457037,0.03120878,-0.005426317,0.009190015,0.01245397,0.07747554,0.009523986,0.02194249,-0.002118835,0.002393881,0.02541565,0.008221856,0.04688263,-0.0315305,0.000505498,-0.02626291,0.05456702,0.01761273,-0.01022364,0.06084332,0.007400651,0.005515828,0.01679888,0.03323298,-0.04694513,0.01897065,0.01587197,0.02473305,0.003574204,0.05525845,0.03722549,-0.0128578,-9.164267e-05,0.02020726,-0.00438795,0.02605201,0.002818358,-0.01172606,0.002425368,-0.005387965,0.01833457,0.06445918,-0.008165393,0.01414859,0.008616456,0.01333481,-0.01897545,0.0004287607,0.04046016,0.04194189,-0.02181895,0.03268763,0.006670898,0.01549486,-0.004286569,0.04491754,-0.002723174,0.03728731,0.07636111,0.03261293,0.04535569,0.00490557,0.03144233,-0.003791585,0.01472425,-0.01824709,0.04460934,0.009644911,-0.01063993,-0.008141959,0.003740299,-0.02364105,0.00761599,0.0590883,0.01868477,-0.01374128,0.03442446,-0.01188689,-0.009065772,0.01653797,-0.008706639,0.01950439,0.02936043,-0.0007573371,-0.0271237,-0.02177095,0.003020473,-0.01769952,-0.004652537,0.007069043,0.01686594,0.01390489,-0.01145053,0.01032846,-0.02074636,0.013251,0.009621675,0.01478948,0.03947457,-0.008195462,-0.00281372,0.01032502,-0.01673079,-0.0005693385,0.03905616,0.004677229,-0.01390959,-0.01695913,0.02756798,0.02280183,0.02080384,-0.009216337,0.02878773,0.03825232,alERC,sub-S17,g,randomWalker2,freq01234
0.00629666,-0.001941325,0.01284343,-0.01395805,0.0389966,0.005470592,-0.007612902,0.03826828,-0.01119589,0.00822264,-0.01574181,0.06299319,0.01493619,0.01920299,-0.002725143,0.01155518,0.01674918,-0.002437571,0.02386752,-0.01014551,-0.003864458,0.01491447,0.03495777,0.02232636,0.02150927,0.02888236,-0.004372063,0.02392025,0.03069165,0.05114016,-0.004463481,0.005975799,-0.01964887,0.01896317,-0.02851104,0.03771252,0.0289993,-0.01464745,0.01253404,-0.005183812,-0.009660341,0.02544674,0.003410783,0.005380578,0.0187874,-0.02140476,-0.003032266,0.03044222,-0.01173192,0.002829249,-0.009241878,0.02089301,-0.005074441,0.01254168,0.01896657,0.04118993,-0.007598325,-0.01360437,0.01097384,0.02548114,0.01261032,0.04633924,-0.0008875677,0.05144276,0.07530589,0.02707918,0.02428478,0.01387356,0.03889066,0.01113034,0.01290401,6.14327e-05,0.05482334,0.01375213,0.007334287,-0.02512193,-0.005052937,0.003417943,0.01755548,0.0226879,0.0351611,-0.01753354,0.03083466,0.007594223,0.005013228,0.01779575,-0.001262836,0.05282529,0.0300223,0.002474139,0.0103229,-0.004272908,0.009646964,-0.002925427,0.0141453,0.01682624,0.02372479,0.0185324,0.004047874,0.006071531,-0.003190776,0.01786124,0.01613112,0.0112086,0.02784704,0.007793096,0.005755238,0.01951344,0.005928262,0.007286965,0.04500887,0.009150692,0.001495585,-0.006127098,0.03912009,0.02598315,0.01178214,0.004751646,0.02792936,0.04756198,pmERC,sub-S17,g,randomWalker2,freq01234
-0.01254814,0.04167137,0.02452485,-0.002394353,0.01324845,0.006699741,-0.03482899,0.01096661,0.04242289,-0.01259929,0.02160422,0.07326144,-0.008810631,0.01111271,-0.04080046,-0.01455336,0.02796145,-0.02162297,0.02491281,0.003222845,-0.01622097,0.02498081,0.006350122,0.007823139,0.009457261,0.0331348,0.03762235,-0.01990974,-0.02485783,-0.02545824,0.0008962286,0.01829673,0.01621423,0.01961113,-0.01810721,0.049056,0.01736469,-0.0237369,-0.01100114,0.02853814,-0.009190872,0.03603233,0.01039297,-0.01331418,0.009169921,-0.02821299,0.01785015,0.04914612,-0.00849644,0.007240951,0.002586884,-0.02186099,-0.02848176,-0.009727741,0.02118209,0.03133741,-0.0329492,0.02100501,-0.007790157,-0.00377495,0.00398152,0.02145579,-0.005481569,0.03569291,0.08930216,0.02438928,0.05188319,0.01068991,0.02457259,-0.00995412,0.01220175,-0.0241729,0.03282604,0.01288919,-0.01274892,0.0009757768,-0.004321453,-0.02403386,-0.0001769883,0.05898923,0.02114682,-0.02398144,0.0400241,-0.01149696,-0.01677095,0.002657889,-0.02066563,-0.003490457,0.04621112,0.003525379,-0.02809128,-0.0258377,0.01412188,-0.01769718,-0.01378617,-0.01078332,-0.007260037,0.02477124,-0.01767001,0.004076558,-0.0237277,-0.01194987,0.02861555,0.02262279,0.04473111,-0.002790186,-0.00116278,0.02597023,-0.01666397,0.02344022,0.01627395,0.002080689,-0.0186481,-0.005630855,-0.01975751,0.03109023,0.02252246,-0.02165029,0.01778399,-0.01555983,alERC,sub-S17,g,randomWalker3,freq01234
-0.01234697,0.02509695,0.01362894,-0.01682466,0.03344864,0.00926733,-0.00377777,0.03360764,0.04707225,0.0008911538,-0.01184729,0.07203285,-0.01476449,0.02392134,-0.009289445,0.002905719,0.01103941,0.003444353,0.0126911,0.0230561,0.02686872,0.03560046,0.01404462,0.01016164,0.03120862,0.0471945,0.02730319,0.02243428,0.01519208,0.01219654,0.01181375,0.007619494,-0.02415347,0.02190095,-0.03748665,0.03827564,0.02028145,-0.01359175,0.007285852,0.01251125,-0.00190833,0.03549457,0.002816574,0.01368014,0.01501233,-0.03991052,0.003344726,0.0291518,0.004444082,-0.009553784,-0.02058,-0.01801188,0.003690452,0.008513595,0.008343739,0.03764693,-0.009851662,-0.01534911,0.005767959,0.01665576,0.02464451,0.04375615,0.001866087,0.05032135,0.08255077,0.02925518,0.04129919,0.02272264,0.0390487,0.006745481,0.01615833,0.0008804314,0.05370801,0.02114052,0.01070107,-0.03107277,0.008196245,0.005523603,0.01898925,0.02394181,0.04468159,-0.006788795,0.04121273,0.009815996,0.004186555,0.01285188,0.003719913,0.01975841,0.0485018,-7.145769e-05,0.004770396,-0.001902658,0.01677466,-0.0002431921,0.0161659,0.02037842,0.01027231,0.02231647,0.004504562,0.005910614,0.001439378,0.00709512,0.03256781,0.01699844,0.04224848,0.01508406,0.01360161,0.02078016,0.009026621,0.01612884,0.02618618,0.0120886,0.002284892,0.01115962,0.0001350327,0.03723603,0.0142186,0.002308569,0.0264835,0.002348538,pmERC,sub-S17,g,randomWalker3,freq01234
-0.005661731,0.06231453,0.02581139,0.03314481,0.04314493,0.04627857,0.04029241,0.04129681,0.059491,-0.005390734,-0.0002815174,0.02949322,0.02169712,-0.01299549,0.04222089,-0.005151339,0.03598988,0.04923298,0.06279552,0.0301993,0.03999493,0.01131341,0.01631322,-0.04002449,0.03196594,0.03476989,0.05272708,0.04930676,0.03979284,0.05529397,0.0008073918,-0.01884417,0.02161151,0.03110129,-0.01441323,0.05757127,0.02592816,-0.02747536,-0.009673573,-0.0006004939,-0.02506274,0.03148358,0.004638361,-0.01701231,-0.02766822,-0.01214643,0.02377896,0.03431678,-0.01332383,0.01242889,-0.001660567,-0.002352332,-0.02340729,0.0167777,0.02341025,0.03846518,-0.02619307,0.03448347,-0.00117872,0.0009697875,0.005434759,0.03958199,-0.007143661,0.05333807,0.09738547,0.04228406,0.04563022,0.006006915,0.0316227,-0.006549649,0.0004899188,-0.0223307,0.05332914,0.009680844,-0.00625451,0.0004477469,-0.009523697,-0.02371641,-0.007820272,0.04948723,0.01908772,-0.019303,0.03601727,-0.02535228,-0.01227969,0.00618381,-0.01903993,-0.001757083,0.04630643,0.008209353,-0.03229162,-0.02563817,0.01665767,-0.02299074,-0.02868478,-0.007821894,-0.002116987,0.02131955,-0.01066943,0.005338742,-0.02437231,-0.005013664,0.02387586,0.0220993,0.04237261,-0.003887684,-0.004426166,0.02196477,-0.01741977,0.01251083,0.01839983,0.002788135,-0.01502786,-0.01523375,-0.01051379,0.03355644,0.02388341,-0.01559134,0.01949674,-0.009316841,alERC,sub-S17,g,randomWalker4,freq01234
-0.004698087,0.0566803,0.02226971,0.03300636,0.03477534,0.04316254,0.03588096,0.03315298,0.05449551,-0.008306577,-0.01748429,0.03634063,0.03396284,-0.008708987,0.04678214,0.01358777,0.02813338,0.03858825,0.04875657,0.005187175,0.03321632,0.04341789,0.01256291,-0.01024047,0.02988504,0.03811589,0.05598095,0.04479521,0.02898457,0.04986133,0.00940414,-0.02020804,-0.0179286,0.03292937,-0.01249881,0.04070727,0.02462078,-0.007424786,0.008453154,-0.007314185,-0.01018066,0.02878277,0.009049975,0.01014153,0.00336075,-0.03258516,0.01042191,0.0318407,0.00540649,0.0004482485,-0.01948949,-0.007623386,0.007778246,0.01408878,0.004440671,0.04071316,-0.001649132,-0.01212755,0.01022517,0.01616849,0.02297935,0.05789592,0.002877844,0.0592971,0.0900067,0.03474893,0.03991911,0.02300367,0.04191262,0.01097768,0.009804522,0.003040328,0.06409826,0.01910197,0.01355367,-0.02508413,0.01032307,0.00623491,0.01459807,0.01326468,0.03669565,-0.00269297,0.03779951,0.004431821,0.009298511,0.01461755,0.005102056,0.01550525,0.04519437,0.009079204,0.001399415,-0.004845098,0.02184181,0.003116173,0.003471148,0.012005,0.01384832,0.01222413,0.01010172,0.008906425,0.005171246,0.01271724,0.02758825,0.02373184,0.03965668,0.01515142,0.01101159,0.01840113,0.009909743,-0.002657901,0.02666256,0.01319212,0.005637973,0.007698479,0.008319846,0.03795899,0.02323572,0.007365893,0.02748132,0.008599563,pmERC,sub-S17,g,randomWalker4,freq01234
0.03735163,0.001582813,0.02527919,0.03689003,0.05250947,0.01118662,-0.01488762,0.03647089,0.02919652,0.006876843,0.008060561,0.01586725,0.05066177,0.02140901,0.03140103,-0.01455379,0.03877467,0.04805341,0.0720915,0.004742985,0.01789873,-0.05218018,0.05740035,-0.002789458,0.02985639,-0.001885439,0.01016816,0.03016816,0.01561566,-0.02533945,-0.006233436,-0.01492316,0.02194208,0.0003085815,0.03065432,0.0007345916,-0.01579954,0.03406435,0.02339472,0.01563651,-0.004500819,0.04820447,0.02639985,0.02166086,0.05182789,0.03160179,0.009938812,-0.01000717,-0.005545667,0.02050497,0.002883846,0.05556703,-0.01909102,0.007372574,0.02464549,0.0109419,-0.006892345,-0.01927643,-0.01130545,-0.0452259,0.01958659,0.03472927,-0.006570803,0.05016566,0.0984376,0.01684197,0.05118408,0.01295431,0.03361722,-0.004182229,0.003604621,-0.0166977,0.05163011,0.01016346,0.003610951,0.01252154,0.002938742,-0.01696376,-0.002513825,0.04096195,0.02385222,-0.03465148,0.03772894,-0.01953684,-0.01140134,0.01630931,-0.01751712,0.003839836,0.03617163,0.006155232,-0.02104163,-0.01857429,0.009414961,-0.01822489,-0.02413678,-0.006794648,-0.0008560568,0.01254136,-0.01251477,0.0005178494,-0.02187574,-0.003707536,0.03112127,0.0232317,0.04116045,-0.003111157,-0.004320676,0.02588889,-0.01622996,-0.002327818,0.02494949,0.003639556,-0.01291569,-0.002116739,-0.004425715,0.02849164,0.02432751,-0.01445127,0.02454573,-0.004313226,alERC,sub-S17,g,randomWalker5,freq01234
0.03652274,0.02106721,0.01641312,0.0288654,0.02667815,0.01996647,0.001733488,0.01666302,0.02124585,0.01075257,0.0172781,0.02986555,0.04804481,0.02279931,0.02733256,-0.001048108,0.01795645,0.04216765,0.05551724,0.01903538,0.007635105,-0.02100216,0.03870492,0.01809154,0.01013684,0.01227494,0.01562128,0.008205737,0.01623026,-0.002124282,-0.000975825,-0.01582133,0.008238086,0.005364071,0.02182063,-0.02173014,-0.004745732,0.03082935,0.01712947,0.01611105,-0.008085223,0.03513863,0.02214552,0.002396499,0.05128439,0.004178941,0.01935694,-0.001610308,0.01130099,0.007601374,0.004964679,0.03038706,0.006106884,0.01882521,0.006576444,0.01013419,0.007139019,-0.02151477,0.0004816923,-0.03265524,0.03044605,0.05732387,-0.002556607,0.05606034,0.0814767,0.02337679,0.04090706,0.02745328,0.04433117,0.008315905,0.0106787,0.002953773,0.06527057,0.01566797,0.01856916,-0.01324841,0.01749748,0.007911653,0.01544576,0.004820718,0.04239272,-0.001450333,0.03935559,0.009490331,0.005502873,0.01804098,0.003188216,0.02896864,0.0370037,0.004388026,0.01582656,0.002970662,0.01660534,0.0002546326,0.01435646,0.01194023,0.01173794,0.01956886,0.004755708,0.009562812,0.003756426,0.009277171,0.03180557,0.01892933,0.03837082,0.01364168,0.0122309,0.02370055,0.008795591,-0.002282139,0.03000864,0.009618497,0.003511697,0.01051941,0.009710268,0.03295742,0.01715489,0.003889375,0.02865018,0.003863882,pmERC,sub-S17,g,randomWalker5,freq01234
-0.03173562,0.002093019,0.02416624,0.0303095,0.04943179,-0.00351366,0.03676523,0.02776369,0.00494149,0.007253218,0.003480153,0.08789396,0.005848358,0.03666487,-0.01803044,-0.004218175,0.03603653,-0.003247862,0.03372655,0.04140943,0.01148877,0.02975265,-0.02423104,0.04541844,0.02273286,0.01129902,0.02014584,0.0305414,0.008435145,0.03471062,-0.0009858155,-0.01037226,0.02009109,0.001537815,0.0349266,0.01141932,-0.02118073,0.0274289,0.01167167,0.01695893,-0.0009573368,0.03510403,0.02101665,0.008359075,0.07218052,-0.009600149,0.01000514,0.007353745,-0.008853515,0.02124958,0.0004686856,0.02769264,-0.02825748,0.02136619,0.04012461,0.007014848,-0.01310221,-0.01983645,-0.004724253,-0.03757807,-0.002670943,0.03988456,-0.006759801,0.04976201,0.09739532,0.03465504,0.04627866,0.01144691,0.03024084,-0.01115338,-0.0128133,-0.02019632,0.05380237,0.01113404,-0.007923905,0.01274341,-0.009259962,-0.02310276,-0.00428377,0.03286263,0.007403959,-0.03009057,0.03679411,-0.02339108,-0.01265968,0.00640579,-0.02133368,0.01285473,0.02853924,0.004483575,-0.03477695,-0.01357937,0.007191642,-0.01853758,-0.02491755,-0.005325309,0.005004749,0.01729995,-0.01423268,0.006760137,-0.02525607,-0.002801439,0.01561791,0.01846888,0.04476285,-0.006285817,-0.008125063,0.02150181,-0.01856027,0.004050551,0.02243664,-0.002073295,-0.01695952,-0.01782615,-0.001334245,0.02746308,0.02416185,-0.01556055,0.02299418,-0.008537477,alERC,sub-S17,g,randomWalker6,freq01234
-0.002584966,0.01327467,0.01599324,0.02986892,0.03236732,0.01926802,0.03090723,0.02345423,0.009715853,0.01710649,-0.01010436,0.06811552,0.02455608,0.03929573,0.007974599,0.01202246,0.02390701,0.01756712,0.001599375,0.03806541,0.003773309,0.0468123,-0.002173641,0.04875388,0.0163837,0.000182419,0.03416222,0.02636199,0.01113556,0.02385427,0.005519598,-0.02336471,0.009312347,0.010667,0.02710735,-0.01456761,-0.00439002,0.02431299,0.01254469,0.01110795,-0.01182567,0.02470729,0.01763615,0.008684509,0.07048417,-0.03398307,0.01855767,0.01009173,0.009753936,0.008448062,0.004621011,0.01629266,0.0001988251,0.01797506,0.0141534,0.01349293,0.003140714,-0.00575639,-0.001300938,-0.02056522,0.01569477,0.05749934,-0.006232637,0.05665013,0.0777995,0.02884214,0.0324902,0.02643562,0.04160401,0.004987155,0.005895525,0.002204363,0.06512731,0.01909132,0.0118974,-0.002932113,0.008057975,0.004401474,0.01487914,0.0008504619,0.02687174,0.002962629,0.03857471,0.01040985,0.005984317,0.01393287,0.001665802,0.03468736,0.03344366,0.005137125,0.009250432,-0.003935273,0.01362882,-0.003291292,0.02078732,0.01018486,0.0175549,0.02647446,0.004846902,0.01445565,-0.000672826,0.01166533,0.02306222,0.0150313,0.0354347,0.01178831,0.008943495,0.01525001,0.007120143,0.006950171,0.02907707,0.009640689,0.00228369,0.001917654,0.01370294,0.03289889,0.01608921,0.004294202,0.02741143,0.004037232,pmERC,sub-S17,g,randomWalker6,freq01234
0.02928713,0.01196801,0.02437129,0.002047757,0.0003369621,0.005519919,-0.0558171,-0.006252121,0.02447128,0.02311097,0.008655346,0.06255194,0.001406195,0.02797405,-0.02544797,-1.755144e-06,0.03812132,-0.02356532,0.0443466,-0.002343899,-0.02911938,0.00817648,0.02234921,0.02255433,-0.01539343,0.04177994,0.004614262,-0.04528913,-0.03000043,-0.02137117,-0.008492829,-0.002627688,0.02304718,0.02691823,-0.006230049,0.05584149,0.0281093,-0.02146367,-0.005263538,0.02174622,-0.006129652,0.05042199,0.01204851,-0.008806143,-0.02671312,-0.0179164,0.009439493,0.07331983,-0.007336456,-0.00409594,0.003702633,-0.01624819,-0.02159744,-0.003085753,0.0364128,0.04758473,-0.01843056,0.03008628,0.002396329,0.002298122,0.001360487,0.03955748,0.001222613,0.04327633,0.08578538,0.03543228,0.05404521,0.008078897,0.03202543,-0.004504389,0.01592273,-0.01471656,0.0470878,0.02222955,-0.005541203,-0.01027956,-0.0115849,-0.01747621,0.004953351,0.05115473,0.02541501,-0.01225373,0.04911042,-0.02352323,-0.006116089,0.008689805,-0.01802029,0.004170314,0.03864172,0.007717204,-0.02621926,-0.02022615,0.01461929,-0.00944464,-0.005292021,-0.005226289,0.005746747,0.03101491,-0.00601595,0.005302138,-0.01858432,0.0005873687,0.02038656,0.01769953,0.0379771,0.0004132539,-0.001046728,0.02659065,-0.01000532,-0.002351981,0.0215288,0.006908252,-0.006990899,-0.009978572,-0.002727439,0.0283063,0.02299956,-0.009089978,0.02398586,-0.006634872,alERC,sub-S17,g,randomWalker7,freq01234
0.02444932,0.008114328,0.01475094,0.01212627,0.006538972,-0.0009505466,-0.02946994,0.008507689,0.01163689,0.01320591,0.00188035,0.06340713,0.01342796,0.02830288,-0.01307365,0.008339933,0.02494386,-0.007201584,0.01579149,0.0007181857,-0.00272416,0.02127553,0.01761734,0.02288646,0.00490667,0.02465083,0.01310945,-0.01634341,-0.003384897,-0.004271471,0.008786201,-0.00517528,-0.01966259,0.01612899,-0.03132848,0.04000632,0.02365778,-0.01246189,0.008657896,0.001849821,-0.002540384,0.04532075,0.006320272,0.009022772,-0.001156174,-0.0410445,-0.002088376,0.04523443,0.007098876,-0.01855765,-0.02623757,-0.003093102,0.002257149,0.01207881,0.01679078,0.04515139,-0.003566331,-0.01847368,0.005681651,0.01882582,0.01535411,0.05155883,-0.0003914612,0.05605032,0.08409393,0.03223537,0.03350924,0.02221971,0.04085071,0.007338102,0.01058668,0.003760979,0.05997319,0.02373317,0.01043694,-0.03182962,-0.0009864898,0.007778581,0.02002035,0.01570016,0.04201877,-0.02194044,0.04145829,-0.0005992827,0.008285499,0.01372606,-0.0006914032,0.02715812,0.03769408,0.001467725,0.01695126,-0.00144864,0.01819479,-0.001831813,0.03124206,0.01037406,0.01465488,0.03432109,0.008379781,0.01594361,0.001388878,0.01185851,0.02361144,0.01281332,0.03125172,0.0141725,0.01058984,0.0201364,0.01067896,0.00453402,0.02670002,0.01185771,0.006329959,0.00468136,0.009798891,0.03117478,0.01198782,0.006349128,0.02659843,-0.002125182,pmERC,sub-S17,g,randomWalker7,freq01234
0.02968898,0.02339732,0.02355606,0.03981703,0.01718765,-0.01649991,0.008384372,-0.01315393,0.07239936,0.04426179,0.02685912,0.07958012,0.03176243,0.03065005,-0.01445956,-0.009940526,0.03422815,-0.003127208,0.0498637,0.02613046,0.04935875,0.01505881,-0.03958341,0.02765887,0.01948852,0.08456629,0.03868993,0.03541711,-0.008759446,0.03327267,0.04445896,0.02067503,0.01474688,0.03836317,0.05722337,0.04803512,0.002874833,-0.03000121,-0.0255818,0.0210364,0.01956895,0.02667049,0.02582825,-0.02715088,-0.02807883,-0.03684515,0.0008880749,0.05649732,-0.02093011,0.0183335,-0.00374878,0.002949524,-0.02890788,0.01300925,0.04545991,0.03733709,-0.02513064,-0.02334048,-0.01331959,-0.002645934,-0.0146468,0.02764215,-0.01370832,0.04344457,0.08602024,0.02348809,0.04989953,0.008464532,0.0272999,-0.01175747,0.003066525,-0.02228876,0.04879801,0.01698713,-0.01634086,-0.01733915,-0.01423897,-0.02504585,-0.004281519,0.05311211,0.01562192,-0.02090866,0.04485397,-0.02995961,-0.01427888,0.01064921,-0.02361811,0.007035579,0.03517003,0.001506033,-0.030892,-0.008235296,0.009603136,-0.02669161,-0.02415651,-0.006462867,0.001733421,0.01216267,-0.01410219,0.001968106,-0.02575632,-0.002320222,0.02359681,0.02005508,0.04365986,-0.004302678,-0.00525387,0.02046617,-0.01772372,-0.003153082,0.02343091,0.003278416,-0.01558604,-0.02196955,-0.008938016,0.03099066,0.02181846,-0.01662185,0.02514252,-0.001225466,alERC,sub-S17,g,randomWalker8,freq01234
0.03309913,0.005996507,0.01703177,0.03714484,0.0004317084,-0.009007641,0.00668198,-0.01517522,0.0564025,0.03769993,0.01793009,0.07397696,0.03463122,0.01550272,-0.006576388,0.01444166,0.03040883,0.00792691,0.02732162,0.02053437,0.03497427,0.02484359,-0.007047604,0.01187966,-0.01598169,0.06146535,0.03490119,0.02344581,-0.000173863,0.0297619,0.01486573,-0.02348774,-0.02298302,0.01557763,0.03591381,0.03050143,0.01691755,0.0005658754,-0.001304303,0.02099897,-0.00444321,0.02001743,0.01968012,0.004430599,0.003539551,-0.03896455,0.003324749,0.03931605,0.002637103,0.0241879,-0.006658177,-0.0242362,-0.0003923987,0.01240287,0.03011044,0.03947562,0.0009968908,-0.01816843,0.003205204,0.01513085,0.01330921,0.04783452,-0.002142809,0.05447456,0.08503037,0.02138994,0.03948617,0.02778432,0.04084855,0.009426956,0.01072207,0.004663109,0.06058973,0.02254371,0.01097237,-0.02174758,0.001931022,0.006787046,0.01882271,0.01249731,0.0389208,-0.004827184,0.03918016,0.002587888,0.008896676,0.01541616,0.003503244,0.02961257,0.03683203,0.007312771,-0.0009031218,0.005551634,0.01843515,-0.002020171,0.007495478,0.01340412,0.01734467,0.01327732,0.008538303,0.005311575,0.002220456,0.01447855,0.02577591,0.0175478,0.03887152,0.01632116,0.01364768,0.01892325,0.01271085,-0.01027172,0.03029516,0.01279266,0.006892044,0.004235329,0.01026099,0.03429429,0.01940674,0.007569226,0.02954522,0.008619623,pmERC,sub-S17,g,randomWalker8,freq01234
0.004471304,0.02080565,0.02530253,0.03450406,0.0320357,0.03749531,0.06045085,0.02433255,0.01180364,0.05911681,0.02894194,0.03484865,0.007935287,0.03924083,0.03531872,-0.001467005,0.01518963,0.04692312,0.04821743,-0.03689704,0.0148079,-0.01602943,0.04727831,0.04929435,0.03297464,0.03114828,0.03719882,0.02688796,0.03783718,0.02834215,0.04357044,0.0212778,0.01542006,0.03892659,0.0518808,0.04057017,-0.0003702561,-0.0138531,-0.02479379,0.0160967,0.003646664,0.008535684,0.03391137,-0.02569036,0.01532895,-0.03193351,-0.001691103,0.06495092,-0.009997936,0.0193483,-0.005677091,0.0006856844,-0.02998083,0.01322985,0.04342335,0.03953072,-0.02549595,-0.05058818,-0.01338617,-0.0009940906,-0.004226959,0.03665924,-0.009789618,0.04329491,0.0890311,0.02809645,0.04821516,0.008084198,0.03616887,-0.007825205,-0.004201365,-0.02099493,0.05524978,0.01231312,-0.01316442,-0.01771745,-0.007160227,-0.02130446,-0.004840474,0.03512432,0.007822422,-0.01417081,0.04630945,-0.0306624,-0.01471739,0.01222909,-0.02014401,-0.002527748,0.03361714,0.004182641,-0.02837392,-0.0111997,0.01544404,-0.02338365,-0.02406315,-0.01813068,-0.003198137,0.008079158,-0.01433486,-0.001976428,-0.02415489,-0.00782347,0.02081505,0.02271683,0.04115518,-0.004779861,-0.004809088,0.02486004,-0.01748077,0.02696856,0.02245213,0.002074062,-0.01494682,-0.01275296,-0.01383848,0.02918231,0.02217432,-0.0169797,0.02107957,4.874968e-05,alERC,sub-S17,g,randomWalker9,freq01234
-0.003749426,0.02806666,0.01849036,0.02738942,0.03631386,0.02709053,0.05101429,0.03391878,0.01118457,0.04978573,0.02075075,0.03915873,0.01796766,0.02906441,0.02940156,0.008503339,0.01257528,0.03698555,0.04063772,-0.005220115,0.02762305,0.01503182,0.04189164,0.03966936,0.04253274,0.01544275,0.03142869,0.03783786,0.0440222,0.02885787,0.02253756,-0.0220502,-0.009468777,0.02857388,0.0373943,0.0361987,0.01519167,0.01172777,-0.002439036,0.01531008,-0.01575038,0.006275001,0.02216534,0.002586443,0.001595947,-0.01477023,0.007229227,0.04381106,0.01099156,0.02377257,-0.004885947,-0.01019055,-7.915577e-06,0.01747014,0.02316951,0.04195927,0.0004691992,-0.03080878,0.003682458,0.01578,0.01714753,0.05229231,-0.002013023,0.05379116,0.07853984,0.02734954,0.03749912,0.02147473,0.05041081,0.009455949,0.009874105,0.002969362,0.06471106,0.02181465,0.01007575,-0.008690028,0.00759777,0.00674036,0.0152084,0.0009102285,0.03087079,-0.008503606,0.04455281,0.009081473,0.00749501,0.01817332,0.004639201,0.02356714,0.03800077,0.005139507,0.0006439768,-0.000733287,0.02092811,-0.000490364,0.009423315,0.007223225,0.01317409,0.01132307,0.008128833,0.006550256,0.004067298,0.01091385,0.02615133,0.0177468,0.03805598,0.01403701,0.01241636,0.01757702,0.009434773,0.01618106,0.03155625,0.01270749,0.005341249,0.00744203,0.006305812,0.03564089,0.01783674,0.00568267,0.02891604,0.009835678,pmERC,sub-S17,g,randomWalker9,freq01234
0.0692402,0.02879539,0.03612902,0.03221497,0.01629111,-0.01947508,0.008391646,0.009266384,0.03659324,0.01031308,0.03414768,0.00577096,0.01558587,0.007494716,0.07065169,0.06528164,0.05964708,0.05661244,0.01395223,0.004672679,-0.02353923,-0.05200616,0.02315184,0.04355842,-0.003587278,0.02898073,-0.01718255,0.004536507,0.02837702,0.04624354,0.04630323,0.01811794,0.01136361,0.0147403,0.0199992,0.04697747,0.06624272,0.08104654,0.07423931,0.03070507,0.0157269,0.03667385,0.0468547,0.0835106,0.007317085,0.01541929,0.06597571,0.02734185,0.06897312,0.01975841,0.03770841,0.02498395,0.05182797,0.04400367,0.03706526,0.06670551,0.04970673,0.07890922,0.04300462,0.0691806,0.07422782,-0.04218445,0.01502946,-0.03202335,-0.03327137,0.01420006,0.04244017,0.02579782,0.01762258,0.04576416,0.06072399,0.06101978,-0.02692915,0.05469642,0.0708857,0.00884918,0.05129043,0.05047545,0.05033025,-0.009054954,0.01503688,0.06173316,0.07434928,0.01292477,0.06321345,0.06660505,0.05010634,0.007043925,0.07653983,0.04810333,-0.0188864,0.006156736,0.06304558,0.03747863,0.04650242,0.0515505,0.06624663,0.08077758,0.05446644,0.04625871,0.05128791,0.07077824,0.07954063,0.03364079,0.02175334,0.07546182,0.04726413,0.03222987,0.07267411,-0.02509123,0.04965347,0.0671698,0.06279635,0.04534623,0.04770088,0.07339939,0.04810584,0.06487125,0.05790414,0.03245187,alERC,sub-S19,g,randomWalker0,freq01234
0.06141931,0.01456611,0.04071512,0.02355105,0.02620576,0.02349401,0.01820973,0.04555715,0.06430297,0.02770517,0.02364038,0.05170855,0.03516582,0.03379146,0.09142382,0.06554627,0.04511951,0.06975365,0.02090372,0.01048312,0.01050906,-0.003888205,0.04382634,0.0448632,0.0225499,0.05964785,-0.002606362,0.02803596,0.05504292,0.05243095,0.07297243,0.03647872,0.05245739,0.05200569,0.03942475,0.0567637,0.08735921,0.09276653,0.09578378,0.01871857,0.04601579,0.02896768,0.04796102,0.09436242,0.02978702,0.02399798,0.05796241,0.06609803,0.06744253,0.02078528,0.06839115,0.03113532,0.0578944,0.04429832,0.03911569,0.06472275,0.06526105,0.08844085,0.0722425,0.07933397,0.0872975,0.0006081659,0.04379481,0.007057593,0.0009996686,0.02799782,0.05140995,0.05479883,0.05825217,0.0701337,0.0682932,0.07911351,0.01297916,0.08673562,0.08906335,-0.01961886,0.04237199,0.07012873,0.0683846,0.0004381301,0.03876729,0.06622218,0.09694561,0.02775104,0.07203269,0.09621074,0.06370305,0.04351041,0.1043342,0.03712798,0.02339282,0.001182057,0.06251296,0.03881812,0.05311853,0.0602679,0.08693635,0.08357909,0.06418037,0.04780842,0.05808095,0.07868139,0.1024361,0.04780881,0.02456512,0.08935737,0.06825031,0.03060849,0.08635522,-0.01008428,0.08016593,0.09817563,0.08589511,0.0556943,0.05854515,0.08773848,0.03815786,0.07957628,0.07067672,0.07035524,pmERC,sub-S19,g,randomWalker0,freq01234
0.01759934,0.05206772,0.03702921,0.01179305,0.009519935,0.052172,0.008549199,0.001036276,0.04384455,0.03495769,0.04421488,0.003503052,-0.004997005,0.02072684,0.05117187,0.05978709,0.02452193,0.04315906,0.0138315,0.01486483,0.006015203,0.02693761,0.06086044,0.04324248,-0.0025355,0.01659215,0.05273912,0.004285578,0.00583309,0.02936374,0.05487182,-0.001400044,0.01822509,0.02888787,-0.001677105,0.04741107,0.07053734,0.05604925,0.05267957,0.002334684,0.02260971,0.02012817,0.05311893,0.04952108,-0.006597674,0.02750074,0.07595424,0.02114725,0.07257458,0.04406959,0.04112738,0.0113753,0.05903526,0.01379837,0.01727561,0.07763542,0.03740466,0.05976971,0.03639975,0.02267584,0.06548268,0.008267108,0.01181289,-0.02813571,-0.01758941,0.01946976,0.02466441,0.01976426,0.02663947,0.04768342,0.06027315,0.0651667,0.001771817,0.05662381,0.06737462,0.009510696,0.04931623,0.05381328,0.0561385,-0.004222406,0.01425465,0.06301702,0.03490594,-0.002391114,0.05827045,0.07125206,0.05879302,0.01827744,0.06784641,0.04785361,0.03733934,0.0353159,0.05776831,0.03728168,-0.00959669,0.0458853,0.06037246,0.04621695,0.04869797,0.03384101,0.05378538,0.06891771,0.08127652,0.03524116,0.02014358,0.07269283,0.05104075,0.02685969,0.06941228,-0.01630262,0.0506706,0.06613983,0.05885316,0.03951769,0.04730082,0.07038827,0.04715176,0.06043751,0.06085309,0.05431925,alERC,sub-S19,g,randomWalker1,freq01234
0.03664545,0.04810378,0.0431365,0.01104843,-0.001814074,0.06477905,0.002719184,-0.008136073,0.04693406,0.0471474,0.03832838,0.03905556,0.01568621,0.02171964,0.0762053,0.05576998,0.03787383,0.045771,0.02416272,0.01497598,0.004226419,0.03761422,0.05991572,0.04273435,-0.001419353,0.02251253,0.05745217,-0.005272508,0.002809152,0.01447777,0.05136609,0.02050999,0.01701591,0.04858655,0.01643606,0.04374189,0.09071304,0.08322223,0.09359031,0.01090211,0.06425413,0.06118703,0.05353654,0.08799898,0.01839115,0.02111561,0.07777365,0.04999558,0.07105507,0.03966321,0.05566204,0.02041277,0.06934027,0.01191242,0.04976763,0.07699884,0.05960334,0.04735431,0.0567718,0.02095894,0.0793535,0.01590684,0.03864387,0.006009354,0.008600125,0.01795327,0.03968439,0.03659569,0.06630958,0.07262285,0.07191936,0.08273997,0.02042517,0.08534832,0.08675556,-0.02169628,0.04068507,0.07403363,0.07060997,-0.002904642,0.03396361,0.0706969,0.04438116,0.0152516,0.06809641,0.101078,0.07462044,0.05831205,0.09955192,0.03748623,0.06723733,0.04386072,0.0598025,0.03058161,0.02428055,0.06232885,0.08624706,0.04997953,0.06201828,0.03806872,0.05683061,0.08325054,0.1025733,0.04779073,0.02813143,0.08638517,0.07119031,0.03156256,0.08092117,0.01225106,0.0857744,0.09821541,0.08477589,0.04745632,0.07054461,0.08792154,0.03795138,0.07817353,0.07898538,0.08718662,pmERC,sub-S19,g,randomWalker1,freq01234
0.05318249,0.05477096,0.03576333,0.03496021,-0.01910885,0.06428671,0.0180645,-0.00169349,0.0273637,-0.020974,0.02626285,0.02782387,0.02943879,0.01649352,0.05207198,0.07850426,0.03851831,0.05853942,-0.009209166,0.01039253,0.02273492,0.03743523,0.08511514,0.00214785,-0.01928731,-0.001378148,0.05203674,-0.01101574,0.0211162,0.01451686,0.04440381,-0.01344244,0.005904659,0.009787031,0.01921272,0.03872344,0.03303791,0.05331939,0.05712081,0.02039525,0.01695815,0.05442932,0.07486216,0.05582476,0.03844801,0.033128,0.02196769,0.01549741,0.03659722,0.02075875,0.02148382,0.02040491,0.0410029,0.03399233,0.03309315,0.06284406,0.0542575,0.01975491,0.02879242,0.08058012,0.0679286,-0.03243569,-0.004739373,-0.04004698,-0.02315463,-0.01517655,0.04732597,0.02518039,0.01826468,0.03148816,0.05549443,0.05921784,-0.03099683,0.04686605,0.06437306,0.008795309,0.02979727,0.04517142,0.05130454,-0.0230533,0.01941093,0.05331447,0.07009876,0.03229241,0.05930778,0.05817113,0.05762112,-0.06178397,0.06410231,0.05413093,0.01248971,0.01967928,0.06364924,0.03803128,0.03661857,0.04370829,0.05333909,0.07149829,0.05187219,0.03275121,0.04781238,0.06256024,0.07160789,0.03186963,0.02029532,0.06724589,0.04202447,0.03553758,0.06095115,0.03193364,0.03255487,0.05809148,0.0545303,0.03768999,-0.00232207,0.06752028,0.05000392,0.05960088,0.04991895,-0.03373539,alERC,sub-S19,g,randomWalker2,freq01234
0.04576178,0.08184073,0.04298607,0.01881956,0.02085492,0.07134337,0.01413417,0.03106797,0.04157742,0.01408699,0.0177485,0.06511171,0.03017392,0.03235823,0.06573904,0.08386534,0.03583685,0.05493199,0.02047268,0.020209,0.01945445,0.05378816,0.1105679,0.03443182,0.02350893,-0.0193031,0.05262307,0.01159456,0.05247469,0.03592421,0.04676908,-0.0002112141,0.02479628,0.02517976,0.02566154,0.06025055,0.07775757,0.04865756,0.08778703,0.0386739,0.02700362,0.08953913,0.0713165,0.08338092,0.06335945,0.040798,0.009039966,0.05051529,0.02985729,0.02110731,0.03553865,0.02882875,0.03837663,0.0368738,0.04135311,0.0815057,0.0607371,0.02033317,0.06881294,0.1036814,0.08622402,0.01129589,0.02194673,0.008682878,0.03359229,0.01744609,0.05407792,0.06003028,0.0641191,0.06093837,0.06631373,0.08227494,0.01575042,0.07811979,0.08969615,-0.02890401,0.0120376,0.07172192,0.08420597,-0.01002083,0.0481905,0.05548168,0.09978642,0.05091969,0.07176929,0.09090962,0.06536209,-0.002071466,0.09685609,0.04945736,0.0425454,0.01545371,0.06795762,0.04164228,0.04904823,0.06272773,0.08048712,0.07525317,0.06575309,0.03045517,0.05820646,0.07116128,0.09746321,0.05027219,0.0210137,0.0864064,0.07131602,0.02903736,0.0838019,0.06447642,0.07111646,0.09638856,0.08430227,0.05255312,0.02626726,0.08543246,0.04207343,0.07677364,0.0640326,0.002760873,pmERC,sub-S19,g,randomWalker2,freq01234
0.0400536,0.04347401,0.03885262,0.03405993,0.004583848,0.06542918,0.04696534,-0.01231708,0.06642255,0.0313592,0.02301267,0.04368218,0.03113879,0.004668972,0.04898301,0.05653682,0.04139968,0.0333255,0.04337509,0.02919832,0.0226742,-0.02808784,0.07636472,0.007439781,-0.009180502,0.07079507,0.05458385,0.01610474,0.01939555,0.04585438,0.05558583,-0.02114422,0.01119392,0.01556632,0.01313374,0.033503,0.04389273,0.05955118,0.06794895,0.01058418,0.02956732,0.06087014,0.06285002,0.07494345,0.03357185,-0.0008250334,0.03282163,0.01190091,0.03969532,0.03354952,0.02454418,0.02055454,0.0492487,0.04718971,0.02793519,0.0719372,0.05597864,0.02139385,0.02835758,0.08283553,0.06756344,-0.0312101,0.007304226,-0.01970003,-0.03768828,0.0001641977,0.03829126,0.03170709,0.009710683,0.04091328,0.05783116,0.06200708,-0.01896757,0.05704836,0.06817653,0.008662638,0.02725203,0.05261739,0.04725325,-0.008272379,-0.01138037,0.05690114,0.07422341,0.02021447,0.05577542,0.07059268,0.04808305,0.02152215,0.06162661,0.04764535,0.04694641,0.03956069,0.05263469,0.02995663,0.008432196,0.002304496,0.06146449,0.02707481,0.04317006,0.01241684,0.04571489,0.06700467,0.07661773,0.0385557,0.0129812,0.07073405,0.04385648,0.02652393,0.06663971,0.03568286,0.05032912,0.06568144,0.05788152,0.02713047,0.04600386,0.06701299,0.04697844,0.05829654,0.06091028,0.05087895,alERC,sub-S19,g,randomWalker3,freq01234
0.07924437,0.04525868,0.04204813,-0.005177833,0.01165779,0.06603343,0.05283505,0.0044016,0.07630051,0.04797711,0.0007100622,0.08393244,0.07053037,-0.001179646,0.05289553,0.05028915,0.07834531,0.01588934,0.08705173,0.03227841,0.0644256,0.0004623037,0.1076286,0.007120393,0.007906349,0.1019757,0.05119749,0.04691681,0.04141582,0.06553639,0.0695583,-0.000181515,0.03636987,0.04797162,0.02017898,0.07068168,0.08711569,0.05182484,0.09202596,0.04503793,0.04469803,0.09840784,0.0509156,0.0967064,0.03234126,0.01692522,0.0233068,0.04873085,0.03843401,0.05127833,0.02317928,0.05670569,0.05683399,0.03844913,0.05062405,0.08959154,0.06165571,0.03697947,0.06901781,0.0971716,0.08260746,0.003945402,0.03143722,0.009504504,0.007726111,0.02210915,0.04520354,0.05936711,0.05279153,0.06530868,0.07578564,0.08394665,0.01585307,0.08882206,0.0878256,-0.02662941,0.0152709,0.07259202,0.06973834,0.004207617,0.02128996,0.06471186,0.09824299,0.0416722,0.06395254,0.1049112,0.06879275,0.06045808,0.09418899,0.03569285,0.08395304,0.0597096,0.05172973,0.03223777,0.04311232,0.0247002,0.087635,0.0263104,0.0521257,0.008887595,0.05309417,0.08353348,0.1040355,0.04607033,0.01878885,0.08648986,0.06368266,0.0237941,0.07990797,0.05971822,0.08722274,0.09757216,0.08454246,0.0381867,0.06548316,0.08696792,0.03723003,0.07676174,0.08101054,0.08512152,pmERC,sub-S19,g,randomWalker3,freq01234
0.02527041,0.006153689,0.03582409,0.03940485,0.001752692,0.04080025,0.04054695,0.02488695,0.05046443,0.0185526,0.008293201,0.06445476,0.03052655,0.03016201,0.04621302,0.06750189,0.02945529,0.046197,-0.01348879,0.01078475,0.03349973,0.002224705,0.001407202,0.04452426,0.01635386,0.01389287,0.04396697,0.01545536,0.03577495,0.05567084,0.05925639,0.006237968,0.0114171,0.03089779,0.05448235,0.03497481,0.04110608,0.06247086,0.06461053,0.03003855,0.03522243,0.06543922,0.06606875,0.06413265,0.07052804,0.01005085,0.02599991,0.05793675,0.05426623,0.03202185,0.01354475,0.0270044,0.04337985,0.01583983,0.01840323,0.07594253,0.06301958,0.0162126,0.02801976,0.08497053,0.06897415,-0.0400351,0.01489167,-0.02993042,-0.03293045,-0.008359539,0.03621019,0.0251831,0.01791441,0.04820646,0.05818681,0.06034413,-0.03377102,0.05586678,0.06640025,0.01217343,0.03397081,0.05125605,0.04535225,0.002266041,0.01621149,0.04732275,0.07176262,-0.003107972,0.05953181,0.0657718,0.05619899,0.02989222,0.06444987,0.04896796,0.03726634,0.02614422,0.05388189,0.04109805,0.03541226,0.03912151,0.06306817,0.02936348,0.05158484,0.02904199,0.05104672,0.07082002,0.07103895,0.04048466,0.01658179,0.0700122,0.05157058,0.02568954,0.06689993,-0.007363077,0.05368822,0.06416105,0.05634504,0.04075366,0.05089067,0.06442776,0.0461742,0.06179795,0.05838957,0.06147953,alERC,sub-S19,g,randomWalker4,freq01234
-0.001030427,0.0508823,0.04240287,0.06690776,-0.02771048,0.05568621,0.07289394,0.007263448,0.07333292,0.009890782,-0.001661618,0.07753062,0.04508796,0.05036375,0.04581895,0.06706948,0.05083772,0.04555923,0.02070497,0.007919371,0.04337868,0.04845203,0.008912749,0.07508403,-0.004241414,0.03471394,0.08380681,0.01771394,0.05698983,0.07604782,0.07057179,0.005912755,0.03594646,0.07224997,0.05198848,0.06749891,0.08644373,0.05649043,0.08997581,0.04140341,0.04897711,0.09900294,0.05346904,0.09105629,0.07953775,0.02442011,0.01574928,0.09669155,0.04961681,0.01553238,0.0396456,0.03087863,0.04876428,0.01781532,0.0429493,0.09224177,0.07030454,0.0189963,0.07129947,0.1031593,0.08411394,0.01372942,0.04014644,0.009921242,0.02141344,0.02017319,0.04318249,0.06174746,0.06068071,0.0741807,0.07194928,0.08450247,0.01517459,0.0867805,0.08796471,-0.0272026,0.01395113,0.0730326,0.06686269,0.01156825,0.04323164,0.04838235,0.09864147,0.0157009,0.06807668,0.09967608,0.0765716,0.06838058,0.09892278,0.03386418,0.07272188,0.03316816,0.04959163,0.04470909,0.07451164,0.04871797,0.09046151,0.02600451,0.0616649,0.02036154,0.05796768,0.08635252,0.09657232,0.04247701,0.02110036,0.08418836,0.0771428,0.04503029,0.08045038,0.01120867,0.08857661,0.09914394,0.08396608,0.05257523,0.06947622,0.08320056,0.03501239,0.07998502,0.07670492,0.09273324,pmERC,sub-S19,g,randomWalker4,freq01234
0.07181605,0.01559018,0.03668952,0.01781693,0.04302602,-0.001870478,0.02750395,0.04133235,0.02110018,0.00543058,0.03562037,0.009220821,0.04478395,-0.01233159,-0.01024527,0.0503181,0.03004282,0.01013438,0.003809983,0.01301185,0.01578076,0.02530043,0.08957136,0.0200983,0.0404388,0.04039357,-0.002228046,0.02849597,0.0515089,0.04923754,0.04566864,0.003974938,0.01067738,0.03510916,0.01578216,0.04408378,0.06901909,0.05206138,0.05290947,-0.004578904,0.0219123,0.008953559,0.04636626,0.02368574,-0.01395837,0.02535952,0.07976333,0.0314959,0.06484894,0.04826324,0.0419966,0.007631124,0.06110252,0.02878052,0.02491054,0.06108708,0.03483656,0.04574964,0.04208227,-0.01080362,0.07204064,-0.04442119,0.01703669,-0.02036537,-0.02900028,0.01326647,0.04190538,0.02503554,0.00922314,0.0478247,0.04515683,0.06395526,-0.03247289,0.05273492,0.07081272,0.00841336,0.01598897,0.05755327,0.04926803,0.008378377,0.008927616,0.04200331,0.07391167,-0.03871235,0.05691087,0.06896579,0.04982841,0.00809196,0.066095,0.04763388,0.02644305,0.02912494,0.05597654,0.03868895,-0.008342439,0.02954618,0.06369786,0.05539259,0.04888644,0.03739845,0.05051022,0.0655166,0.07599214,0.03684195,0.02645056,0.07004745,0.03543755,0.02671307,0.06550495,-0.01298086,0.04870028,0.05999381,0.05676077,0.02874446,0.04560679,0.06592584,0.04737107,0.05917403,0.05724437,0.05798429,alERC,sub-S19,g,randomWalker5,freq01234
0.09092866,0.01826134,0.04073712,0.03751346,0.05828258,0.01611038,0.06769127,0.0574997,0.05863956,0.01774139,0.05426801,0.03853434,0.0555171,0.004636443,0.01534857,0.04660076,0.02562846,0.03941689,0.02176593,0.05479027,0.03365298,0.03177613,0.1172512,0.02531601,0.05732904,0.07991038,0.01956204,0.03992938,0.0760584,0.05333924,0.04348362,0.03141243,0.02317165,0.05756128,0.03201989,0.0392925,0.09089113,0.0822414,0.09490447,0.02325979,0.05898876,0.02268134,0.0526574,0.06191517,-0.001948844,-0.007327307,0.07706047,0.03995294,0.06676336,0.04047096,0.06371109,0.02861458,0.07419189,0.02767668,0.03648268,0.06465836,0.06353996,0.045051,0.06563208,-0.008663585,0.09126383,0.009225349,0.04253265,0.01050527,0.01446813,0.0278182,0.04671768,0.06246034,0.05456445,0.07387997,0.05994665,0.08779991,0.01327811,0.0850926,0.09150518,-0.0168972,0.005324171,0.0783365,0.06884615,0.01807718,0.03858569,0.05064182,0.1000875,-0.0043849,0.06598347,0.1035043,0.06849426,0.04768327,0.09644736,0.03690471,0.07215127,0.04343915,0.05793545,0.04146817,0.006325697,0.04147097,0.0866216,0.05249382,0.05898138,0.03707729,0.0591695,0.07683641,0.103344,0.0438032,0.03543295,0.08626424,0.0588809,0.03142124,0.08059736,0.0008685357,0.08285461,0.09312075,0.08242487,0.04055419,0.06089894,0.08377446,0.03765134,0.0764552,0.07668554,0.09622103,pmERC,sub-S19,g,randomWalker5,freq01234
0.04407514,-0.01246913,0.03573274,0.04764495,0.03012504,0.0195958,0.04031527,0.02042478,0.006235104,-1.771136e-05,0.01888352,0.01652522,0.03018514,0.03023739,0.03375133,0.06233649,0.02806431,0.04185981,-0.0002768207,0.0340867,-0.004529874,-0.02622203,0.008275097,0.01075015,0.006931533,0.01156543,0.005640381,0.007385761,0.04071123,0.04807699,0.04706785,-0.005054813,0.01568562,0.02052829,0.0008630449,0.04471854,0.07152547,0.05209276,0.05713255,0.002743858,0.00684569,0.003910693,0.05273478,0.05572974,0.007967734,0.03087092,0.08252392,-0.004201597,0.06641724,0.03694737,0.03601044,0.0259365,0.05548064,0.02281518,0.04117123,0.07274688,0.03189236,0.05229137,0.02800788,0.01896595,0.07187086,-0.03711834,0.01040137,-0.02297976,-0.0313038,-0.002204023,0.01022843,0.02306494,0.01697989,0.0471225,0.04192672,0.06273489,-0.03649316,0.05484319,0.06784852,0.006356847,0.02174493,0.05148361,0.04894785,0.01809404,0.02607985,0.03488156,0.07306071,-0.05082561,0.05910744,0.06505205,0.05289516,0.006086843,0.06947254,0.05077892,0.01437871,0.01510839,0.06467931,0.03343419,-0.01273989,0.05815432,0.06048924,0.06883959,0.05135555,0.04649872,0.04758302,0.06460128,0.07558376,0.03126491,0.01363435,0.06941583,0.04678993,0.02642949,0.06477352,0.03354076,0.04974479,0.06026912,0.05577558,0.03914333,0.04212426,0.06854931,0.05034395,0.05976241,0.05975755,0.05703896,alERC,sub-S19,g,randomWalker6,freq01234
0.04013563,0.01205071,0.04073435,0.04224715,0.02918021,0.02642709,0.04282162,0.03027526,0.02785081,0.01397532,0.02331978,0.0467192,0.03031337,0.03537813,0.04386291,0.0673652,0.04528188,0.05049824,0.03730798,0.02752318,-0.02675864,0.01354884,0.04055824,0.02497814,0.01259466,0.02835658,0.01073266,0.01261376,0.0579301,0.04784463,0.0454592,0.02424988,0.007580401,0.0465714,0.02790826,0.04091867,0.09453607,0.08765046,0.1023717,0.02229154,0.05221925,0.0644766,0.05558496,0.09571699,0.04762361,-0.020655,0.08075588,0.02880364,0.07196738,0.0316067,0.05933004,0.02365243,0.06504066,0.0239219,0.04522909,0.07863788,0.06053376,0.0612025,0.04497626,0.02657408,0.08788175,0.0131547,0.03392106,0.009245149,-0.003531253,0.0187699,0.02373363,0.06034001,0.05949974,0.07391047,0.0587956,0.08707171,0.01097829,0.09006032,0.09071328,-0.001065408,0.01190129,0.07521437,0.07127011,0.02813538,0.04415147,0.04469566,0.1045142,-0.01314409,0.06920406,0.1043992,0.07418972,0.04992339,0.1022633,0.040115,0.06055826,0.02049368,0.06224102,0.03223838,0.00776883,0.07429014,0.09124378,0.06566838,0.06202763,0.04164055,0.05793747,0.07965236,0.104323,0.04505244,0.012963,0.08764815,0.0748933,0.03016608,0.0835351,0.06237034,0.08839705,0.09772013,0.08435303,0.05187594,0.0605707,0.0879599,0.03896592,0.07826557,0.07694222,0.093375,pmERC,sub-S19,g,randomWalker6,freq01234
0.02856969,0.06075616,0.03627199,0.009104718,0.02975636,0.05464942,0.057424,-0.001472354,0.03701254,0.02789135,0.04065352,0.007612403,0.004789682,-0.01770037,0.003304103,0.05951757,0.02235423,0.02794954,0.003628935,0.0145049,0.04190933,-0.005702141,0.07613864,0.02498188,0.01355708,0.002478709,0.02960757,0.04339693,0.04128059,0.06015691,0.06192156,-0.01732639,0.01165792,0.02200542,0.03486633,0.03459921,0.0369708,0.06170529,0.06068715,0.01775391,0.03126184,0.04768592,0.07148943,0.06682633,0.0544784,0.01219516,0.03092018,0.01705648,0.03642067,0.03900234,0.02615369,0.02206744,0.04798183,0.03198027,0.02666016,0.06780632,0.05818879,0.02576598,0.02904383,0.08475446,0.06635991,-0.04305739,0.009497198,-0.0363163,-0.03572205,-0.002811035,0.03097855,0.0205965,0.01264337,0.04325595,0.05183543,0.06401075,-0.03554358,0.04754782,0.06538292,0.01034603,0.02981442,0.04661941,0.05409489,-0.006563056,0.005643498,0.05443761,0.07256617,-0.0194653,0.05829254,0.06924544,0.04990076,0.005214167,0.06668667,0.04882736,0.0239385,0.03176291,0.06349382,0.03191216,-0.002223287,0.03387575,0.05675056,0.0652744,0.04960423,0.03743593,0.04577551,0.0658292,0.08009323,0.03351327,0.02380211,0.07271791,0.03647053,0.03248694,0.06832181,0.005847932,0.04769236,0.06023551,0.05923104,0.03093044,0.04320453,0.07032972,0.04953038,0.06009158,0.06153611,0.03704581,alERC,sub-S19,g,randomWalker7,freq01234
0.06227347,0.04556169,0.04289048,0.02250092,0.02116141,0.0710898,0.04781731,0.01283167,0.02550555,0.04799173,0.03603271,0.04756868,0.04542384,-0.002821414,0.02655524,0.0579855,0.04442175,0.03073293,0.03900398,0.01597646,0.05820838,0.02042307,0.09602771,0.0205574,0.02440116,0.01531104,0.04784944,0.05266718,0.0675488,0.06506737,0.07020278,-0.0042849,0.02582338,0.04685532,0.03194088,0.06372125,0.08268856,0.05697871,0.0877672,0.03599578,0.05363277,0.08817255,0.06312581,0.09483471,0.06005109,0.02698631,0.02170361,0.0565937,0.03556718,0.01563041,0.02812164,0.03400733,0.05160391,0.02881429,0.04532856,0.08894929,0.06452091,0.0272104,0.06913076,0.09742702,0.0853184,0.003200121,0.03587978,0.01222179,0.02040112,0.02163854,0.04535867,0.05268308,0.05781108,0.06813581,0.06290201,0.08686908,0.01451013,0.08192897,0.08734602,-0.03929843,0.01529299,0.0690543,0.07538655,-0.003241487,0.03624365,0.05824874,0.09846696,-0.001224577,0.06836162,0.1012611,0.06611476,0.04831419,0.1005037,0.035579,0.06255788,0.03970363,0.06386719,0.02846189,0.01699235,0.05157876,0.08530152,0.06989669,0.06098598,0.0379637,0.05415001,0.0808557,0.1033034,0.05012972,0.02647488,0.08835839,0.06013053,0.0313186,0.08461703,0.0333197,0.08412939,0.09529263,0.08711411,0.04592139,0.06618062,0.08848687,0.04050118,0.07887308,0.07753791,0.07601077,pmERC,sub-S19,g,randomWalker7,freq01234
0.005149361,0.01515965,0.03551036,0.01175319,0.03370783,0.004537063,0.02704498,0.01836148,0.02896239,-0.002681827,0.02747806,0.03395106,0.007729572,0.01515162,0.01008503,0.06601556,0.02001169,0.01131472,-0.001419854,0.0253142,0.03861994,-0.002481819,-0.008024485,0.01144508,0.02603826,0.006182518,0.006506906,0.01923747,0.05181386,0.05024964,0.04201778,0.005621757,0.008168642,0.01478093,0.02632865,0.02753943,0.05162134,0.07270118,0.0687744,0.01297815,0.01410229,-0.01590505,0.05076993,0.07996359,0.05846642,-0.01762494,0.05506453,0.03931693,0.05354287,0.05191306,0.008363613,0.01825283,0.04240627,0.01377027,0.03328533,0.07349975,0.05446163,-0.006631535,0.03253571,0.0796873,0.06654244,-0.04242351,0.01250005,-0.03695375,-0.02927772,-0.002063818,0.0398315,0.0232546,0.007798392,0.04211052,0.05280331,0.06111046,-0.03401557,0.05159254,0.06481542,0.003200519,0.03091353,0.04671556,0.04580605,-0.00601616,0.003245722,0.06587894,0.07729459,-0.004758988,0.06101992,0.06095019,0.05641713,0.01805369,0.06845821,0.05244305,0.03742651,0.02517138,0.06175959,0.0395034,0.006439936,0.05115174,0.06055056,0.06372847,0.05399852,0.03423173,0.04793656,0.0684737,0.07498246,0.03399364,0.01558289,0.07174103,0.04567936,0.0275423,0.0657645,-0.01360356,0.04645052,0.05992039,0.05973749,0.04047087,0.05003932,0.0692907,0.04828021,0.06217053,0.0571459,0.04764458,alERC,sub-S19,g,randomWalker8,freq01234
0.01716389,0.02254255,0.04229075,0.03265544,0.02042859,-0.005645791,0.01024073,0.01859971,0.04906283,-0.002138464,0.06408937,0.07399907,0.05298696,0.004774231,-0.00500925,0.07097566,0.0538597,0.0003742919,0.03242929,0.02442968,0.05393026,0.02141805,-0.0003481445,0.0001333118,0.01338725,0.0374518,0.02643675,0.0316341,0.06312995,0.05882823,0.07525941,0.02340237,0.03989733,0.0489479,0.05213463,0.05616257,0.08531777,0.0767538,0.09082456,0.01340887,0.04764021,0.01618541,0.04047311,0.09735966,0.07145487,0.009458425,0.04587703,0.08038791,0.05767909,0.06106031,0.04387401,0.04687299,0.04583384,0.02115655,0.03139245,0.08005076,0.06682084,0.009120439,0.07334507,0.09597426,0.08390825,0.0001583982,0.03876676,0.007906624,0.02273588,0.0217361,0.04661518,0.06144845,0.05165038,0.06854764,0.06784484,0.08472636,0.01062577,0.0854908,0.08805937,-0.03790158,0.01774694,0.07258732,0.07083119,0.003478798,0.0322676,0.07520867,0.1016997,0.01934669,0.07179273,0.09717302,0.07933237,0.06334936,0.1006773,0.0409157,0.07837572,0.03917718,0.05898964,0.04528429,0.03846662,0.05757457,0.09142405,0.05475536,0.06625431,0.02403921,0.05887007,0.08405267,0.09978233,0.05091398,0.02068983,0.08823322,0.07299884,0.04235533,0.08263228,0.0088274,0.08451879,0.09657688,0.08966536,0.05663301,0.07123692,0.08778805,0.03609753,0.08269652,0.07616502,0.08741935,pmERC,sub-S19,g,randomWalker8,freq01234
0.01933403,0.06417819,0.03581,0.03825173,-0.01481983,0.05073732,0.06192935,0.01848961,0.03905136,0.03252197,-0.006348807,0.05869021,0.02157174,0.005549287,0.06419639,0.06636892,0.03614743,0.06522912,-0.01323961,0.02463164,0.03073945,0.01789727,0.06053386,0.02679976,0.01920849,0.02701571,0.05500909,0.006509217,0.01820675,0.03493857,0.04535046,0.01859988,0.0139014,0.01190125,0.0185329,0.0310669,0.05710232,0.07558881,0.06747217,0.0213854,0.01788714,-0.01725753,0.03805676,0.08117773,0.02796413,-0.001978075,0.05571473,0.01098426,0.05374328,0.02986755,0.01467447,0.01379715,0.04614871,0.0280381,0.04124857,0.07086466,0.04910934,-0.01555232,0.03184854,0.0756352,0.06255682,-0.03663122,0.01477976,-0.02484344,-0.03867088,-0.002502678,0.03579791,0.02702533,0.007953336,0.04628017,0.05282645,0.0619302,-0.0298569,0.05100754,0.06607964,0.005686983,0.0245306,0.04876991,0.05164894,0.01146644,0.02071575,0.05074812,0.07616764,-0.002939181,0.05850623,0.06550713,0.0553334,0.009190264,0.06753483,0.05055747,0.04477292,0.02881362,0.05740972,0.03562773,0.03486037,0.02355282,0.05826471,0.05451035,0.0489453,0.02739744,0.04749892,0.06852513,0.07520372,0.03517953,0.01152461,0.07033976,0.04953386,0.02429833,0.066932,0.04138734,0.04798229,0.06244671,0.05848303,0.03454782,0.04640064,0.06619783,0.04763189,0.05962453,0.05834064,0.05344712,alERC,sub-S19,g,randomWalker9,freq01234
0.02841334,0.06593063,0.0422158,0.03598922,-0.01339164,0.04610892,0.07378507,0.01157874,0.04550191,0.06272095,0.01214051,0.07407059,0.04494657,0.009079882,0.06245033,0.06811615,0.07893966,0.05805057,0.0239754,0.04239218,0.03560244,0.03867837,0.1023633,0.03661318,0.01667384,0.05071138,0.05810979,0.01689768,0.04064199,0.06484113,0.07486077,0.03608548,0.04318777,0.04598184,0.04332391,0.05511237,0.08824121,0.08448659,0.09022545,0.01838745,0.05395732,0.001790811,0.03063437,0.09566445,0.04654551,-0.01866378,0.04965537,0.04635194,0.06403311,0.03694456,0.05195668,0.03206294,0.05624569,0.03536185,0.04452675,0.07919208,0.06555931,0.008965765,0.06770989,0.09007698,0.07253493,0.00703117,0.03990472,0.01148033,-0.007087089,0.02240669,0.04155355,0.06532393,0.05444898,0.07406364,0.06917276,0.08547987,0.01591883,0.08147799,0.08856215,-0.01337351,0.01266915,0.07349372,0.07898192,0.02771978,0.04278776,0.05049257,0.1067939,0.01874569,0.06986658,0.09720872,0.07859385,0.0506454,0.1001555,0.03913612,0.08362959,0.03649165,0.05542784,0.04164999,0.07446911,0.03568767,0.08734868,0.05074248,0.06327143,0.02277983,0.05980002,0.08381872,0.09554955,0.04550384,0.01267056,0.08466836,0.07676393,0.02926814,0.08319853,0.07158137,0.08427817,0.09799065,0.08648833,0.05122469,0.06740489,0.08176494,0.03706751,0.08047165,0.07390573,0.0932887,pmERC,sub-S19,g,randomWalker9,freq01234
-0.02062345,-0.02132816,0.0263787,-0.0235917,0.02205218,0.02859372,0.00437698,0.001777075,0.01906858,0.03069123,-0.03786762,-0.01622576,0.04824714,-0.01532997,-0.02349711,-0.04124475,-0.01991178,-0.03419815,-0.008328089,0.02833623,0.001056322,0.004013256,0.03077445,-0.03133912,0.01111308,0.002481548,-0.005653203,0.01742595,-0.02215765,-0.02754727,-0.02500646,-0.01483645,-0.002013917,0.03562732,-9.783763e-05,-0.009909625,-0.01849069,-0.02982283,-0.02963081,0.01383109,0.002472943,-0.02637686,-0.03261013,-0.01505521,0.01785643,-0.02100551,-0.02928408,0.01506114,-0.0347601,-0.0228638,-0.006179744,0.0008239938,-0.04035014,-0.01839261,-0.002816858,-0.02960589,-0.03502778,-0.01696391,-0.006804615,-0.02313192,-0.01794496,0.02364768,0.008780619,-0.02102762,-0.0008170757,-0.02070559,0.02469552,0.03577636,0.01730009,-0.01114182,0.001322138,-0.03216092,0.000800616,-0.01201249,-0.01906651,-0.02694266,-0.03325588,-0.02457999,-0.009289963,0.003418028,-0.01576383,0.02431625,0.005362623,0.04847029,-0.03228713,-0.02965027,-0.0301524,0.02420914,-0.003778246,-0.03549474,-0.01244792,-0.01616299,-0.04119367,-0.0391708,-0.01718252,-0.01881941,-0.01659937,-0.02120753,-0.02827344,-0.03949357,-0.04015348,-0.03380432,-0.0219096,0.02916962,-0.03913245,-0.03515343,-0.004985448,0.02352134,-0.03433192,0.00412661,-0.01010528,-0.007941553,-0.02420773,-0.03240765,-0.01972048,-0.02895385,0.007636259,-0.02965404,-0.03673574,-0.009660222,alERC,sub-S20,g,randomWalker0,freq01234
-0.004642691,0.02048118,0.05766287,-0.001981584,0.02192248,0.03641104,0.01728224,-0.001257159,0.03910333,0.06016865,-0.01026547,0.02474944,0.0641407,-0.006247369,-0.01096502,-0.009384489,0.01469425,-0.02530834,-0.0004839821,0.02543421,-0.004087582,0.01195157,0.02360923,0.002407055,0.0113867,0.0207345,0.004401413,0.009356466,-0.005820387,-0.003242087,-0.007781063,0.02468104,0.01175073,0.04562708,0.008605862,0.01901216,-0.002299233,-0.008347053,-0.01038526,0.03795175,0.03444745,-0.01001468,0.01202718,-0.007531084,-0.008050945,0.007350541,0.008487506,0.01964268,-0.01887784,0.01116828,0.01325759,0.03423951,-0.0212062,-0.03103325,0.02318247,0.01301319,-0.01084675,-0.00202397,0.006841858,-0.006831936,-0.01360419,0.0234292,0.02242107,0.0003887048,-0.009064945,-0.01088853,0.05433251,0.05040407,0.03651113,0.0002235418,0.01039882,-0.01245852,0.003620179,0.003835794,-0.01768332,0.004380228,-0.003535436,-0.01581063,0.002223476,0.01313499,0.001656072,0.03187148,-0.007400966,0.04416562,-0.01099409,-0.002550111,-0.01591657,0.03780583,0.001495644,0.009177045,0.004327198,0.01479879,-0.001485969,-0.01338412,-0.004077761,0.002442443,-0.004670312,-0.008128618,-0.008504727,-0.009859699,-0.01392114,-0.007562048,0.00194588,0.05585697,0.0158332,-0.01153934,-0.004680578,0.05112376,-0.01682167,0.01489583,0.00901923,-0.0009228814,-0.008697508,-0.01413868,-3.30698e-05,0.0003293428,0.04378459,-0.0109422,0.0008773087,0.004730885,pmERC,sub-S20,g,randomWalker0,freq01234
-0.00126417,-0.005659311,0.02251264,0.01953224,0.01878203,0.008333141,0.0117578,0.002232745,-0.001840464,-0.01689745,0.018103,-0.009359504,0.02615699,-0.02517681,-0.00764538,-0.04141167,0.005260658,-0.02517254,-0.008339009,0.0232153,0.009721448,-0.03405675,-0.005485869,-0.03902549,0.01176696,0.01511212,-0.0485998,0.006968692,-0.009097667,-0.0003736852,-0.009355756,0.011528,0.001105707,0.01185742,0.01155435,-0.03784549,-0.02829635,-0.02442642,-0.0166485,0.04858711,0.01216016,0.009485819,-0.0253539,-0.02059862,0.01070998,-0.02868748,-0.03529746,-0.01363225,-0.03110021,-0.005958238,-0.00802774,0.008930749,-0.03759525,0.00994889,0.008165216,-0.02670325,-0.0235008,-0.003955512,-0.004720498,-0.02357267,-0.02522069,0.01401759,0.01451452,-0.01811069,0.01448874,-0.01626041,0.000976062,0.05055521,0.01282025,-0.01375163,0.01243891,-0.0305026,-0.005779838,-0.01362246,-0.01957772,0.03018645,-0.03203885,-0.02643863,-0.01601324,0.008976626,-0.01691953,-0.0227067,0.02875555,0.0544961,-0.03046406,-0.02927011,-0.02840327,0.0213187,-0.002212083,-0.03367658,-0.03092036,-0.03765218,-0.0415041,-0.04164794,0.01626658,-0.0107582,-0.01504871,-0.01384945,-0.02198837,-0.03596991,-0.04027505,-0.03023844,-0.02611524,0.0249929,-0.03388079,-0.03509824,-0.007164523,0.02416989,-0.03512559,0.03447092,-0.008863431,-0.01283491,-0.02370243,-0.03168268,-0.008788597,-0.02744641,0.005499616,-0.02794814,-0.03122839,-0.01885183,alERC,sub-S20,g,randomWalker1,freq01234
0.03272805,0.03915194,0.05821712,0.0119613,0.01231453,0.02402173,0.004182434,0.004428599,0.04230401,0.03381277,0.04227537,0.02224777,0.04603146,0.004569978,0.004610319,-0.001188539,0.04363576,-0.007293571,0.02306022,0.02291305,0.009964977,-0.0001034165,-0.004307453,0.01770211,0.01173987,0.02951536,0.01102827,0.003036939,-0.006272673,0.002916424,0.02128497,0.01423933,0.002149548,0.0235251,0.03397243,0.01512055,-0.009514055,-0.009010427,0.001089974,0.05730165,0.0297322,-0.002338448,0.02144529,-0.01063708,-0.003916809,-0.0008086035,-0.004056613,0.01147535,-0.01706136,0.03896934,0.01865497,-0.002786886,-0.02118668,-0.003916465,0.03638553,0.01079695,-0.005175409,0.02140183,0.009902402,-0.0009009516,-0.01523796,0.009709447,0.0305785,0.00129714,0.002301657,-0.004556973,0.04538026,0.06635012,0.03200692,0.0001981437,0.01634586,-0.01121063,-0.004704202,0.001931493,-0.0131197,0.03185373,-0.001771746,-0.01396145,-0.001661706,0.01797533,-0.001450775,0.01067174,0.0102395,0.04772151,-0.008714294,-0.00529307,-0.01391604,0.03757002,0.002868413,0.01642227,-0.01360892,0.001669036,0.005480335,-0.009903659,0.001922241,0.002830697,-0.002901524,0.01163568,-0.003383986,-0.008653641,-0.0126154,-0.006696134,-0.001372555,0.05615163,0.0168765,-0.009935413,-0.01071343,0.05171806,-0.01604426,0.02428878,0.00970003,-0.006884695,-0.009246956,-0.01442563,0.005960365,0.001360666,0.0481532,-0.009995343,0.0009833977,-0.001423611,pmERC,sub-S20,g,randomWalker1,freq01234
0.00267309,0.03016387,0.02280586,-0.02038946,-0.0113955,0.002511243,-0.0581818,0.01602662,-0.002971708,0.02590025,-0.008287218,-0.01784615,0.03489911,-0.05443742,-0.03731857,-0.03776964,0.01236744,-0.04512494,0.002219014,-0.01790135,0.03253454,0.03577825,0.0299026,-0.01946112,0.02791649,0.002202884,-0.007245742,0.03808352,0.01263033,0.001734953,0.02093923,0.01103983,-0.01237589,0.004458039,-0.0166052,-0.02309996,0.001420674,-0.02422052,-0.01554801,-0.03242249,-0.03392851,-0.01097526,-0.02719172,-0.02310664,-0.02192536,-0.01137356,-0.02942627,0.01597431,-0.0334839,0.03200945,0.006157383,-0.0008472992,-0.04574961,0.001716105,-0.002858704,-0.03076264,-0.04362857,-0.01251447,0.01090673,-0.03592325,-0.02449078,0.02123569,0.01774949,-0.02288147,0.004960496,-0.012224,0.003558801,0.02541045,0.009715801,-0.006790868,-0.004545633,-0.03243671,-0.002425079,-0.01401907,-0.0250182,0.02394002,-0.01902034,-0.03233844,-0.01595759,0.008977505,-0.01708081,-0.01652552,-0.012249,0.02594029,-0.03623535,-0.03321306,-0.04213985,0.02804287,-0.003956113,-0.04094641,-0.03650928,-0.03376105,-0.04450434,-0.04313798,-0.01010434,-0.01320184,-0.01254341,-0.01988828,-0.03001945,-0.0451584,-0.04451052,-0.04160848,-0.03591016,0.02803859,-0.039691,-0.03948278,-0.005500938,0.006387813,-0.03715139,-0.003783407,-0.009346217,-0.01120639,-0.02556011,-0.0357125,-0.01389907,-0.03335406,-0.003125435,-0.03402412,-0.04073313,-0.01261063,alERC,sub-S20,g,randomWalker2,freq01234
0.03964072,0.01965356,0.05972277,0.03246354,0.01114836,0.04180012,0.01438506,0.0328128,0.01707035,0.0422325,0.02659154,-0.008575941,0.05691382,0.007621012,0.00734577,-0.005241284,0.04200813,0.01032324,0.01701317,-0.004533255,0.04979286,0.03835338,0.03315959,-0.01604236,0.0329764,0.003966954,0.0359601,0.04286676,0.03214406,-0.001437409,0.03111119,0.01853341,0.02728993,0.02557354,0.02881954,-0.01827102,0.02026347,0.01366825,0.00430102,-0.0005274317,0.0005166972,-0.000832796,0.01406874,-0.01633568,-0.03630648,0.03682106,0.01832933,0.005672593,-0.002486732,0.05707604,0.05709152,0.02602588,-0.0143252,-0.01956308,0.01511726,-0.001707779,-0.004950375,0.01142313,0.03285177,-0.02062014,-0.01968626,0.02693281,0.03816938,-0.00691586,-0.001915635,-0.001301129,0.04144792,0.04771451,0.03449308,0.01223817,0.006692866,-0.01040945,0.001017067,0.008108607,-0.01818269,0.0346394,0.01834354,-0.01816888,0.001397312,0.01690966,0.00423802,0.006749566,-0.01485051,0.01807921,-0.008450086,-0.001875179,-0.00460922,0.02818308,0.003800998,0.004106766,-0.007706664,0.006541202,-0.004757368,-0.01211035,-0.002753485,0.01289312,0.008987933,-0.009932152,-0.005561183,0.0003844416,-0.0107881,-0.0001649575,-0.009539826,0.05991586,0.01942305,-0.01285384,0.000727905,0.04027043,-0.01762203,-0.006295267,0.01803946,0.003792257,-0.002955958,-0.006050959,0.02036859,-0.001950142,0.04062613,-0.005854141,0.002904699,0.003960896,pmERC,sub-S20,g,randomWalker2,freq01234
0.01372293,-0.01234165,0.0234446,0.007151498,0.006374486,-0.01112471,-0.0024093,-0.005345001,0.02401017,-0.007470698,-0.0179938,-0.007939962,0.01680895,-0.006487832,-0.03811186,-0.04043555,0.01700634,-0.02104902,-0.01778747,-0.008525006,-0.006175113,-0.009066409,0.01207217,-0.01310939,0.008360916,0.03525151,-0.02065432,-0.007387404,-0.0192746,-0.02006757,-0.004043703,0.02073764,-0.01824003,0.01748255,-0.01842418,-0.008731419,0.001216465,-0.008907524,-0.02129606,-0.03280504,-0.02042926,-0.002279478,-0.02164197,-0.02072341,-0.03752339,0.02678625,-0.02265376,0.005027561,-0.02690775,0.0267453,0.02759543,-0.0226678,-0.03393801,0.003194172,0.006178327,-0.02583036,-0.03918355,-0.0111772,0.01574438,-0.03703542,-0.02217868,0.02284348,0.007813213,-0.02675149,0.004868768,-0.009824514,0.03285785,0.02841146,0.01562981,-0.0109137,0.003057872,-0.02983627,-0.002962513,-0.01179047,-0.02152112,0.0192,-0.008472057,-0.02446333,-0.003314822,0.004822481,-0.01717508,0.01322748,-0.003856251,0.03125966,-0.03394568,-0.02605636,-0.0212153,0.02940864,-0.0001288323,-0.03305096,-0.03103403,-0.04350439,-0.04610515,-0.03297929,0.002975078,-0.0009952579,-0.01557741,-0.01186317,-0.02486007,-0.04487607,-0.04047572,-0.03085079,-0.02798636,0.02865347,-0.03178703,-0.03702826,-0.008520872,0.01262303,-0.03931815,0.02008129,-0.005297673,-0.01308932,-0.02307282,-0.02719946,-0.01472117,-0.0267678,0.003380567,-0.02945373,-0.0296521,-0.0115203,alERC,sub-S20,g,randomWalker3,freq01234
0.002848194,0.04352956,0.05817113,0.01930539,0.00365104,0.01301221,-0.002520043,0.0003415713,0.05861032,0.01095597,0.03276214,0.009489926,0.03647941,-0.001430722,-0.01387306,-0.008715865,0.03037932,-0.01268274,0.001267086,-0.003351391,-0.01121094,-0.0003549736,0.01076526,0.00526728,0.001646061,0.03692793,0.007814979,-0.008644134,-0.00981407,-0.01270584,0.01168116,0.03350742,0.02652473,0.03990541,0.02505133,0.001167009,0.01221122,0.02099619,-0.006836127,-0.003220789,0.004633996,0.005541984,0.03091749,-0.01848757,-0.02359749,0.05631951,0.02209271,0.005188271,-0.01179764,0.04910753,0.07170043,0.02511521,-0.02124672,-0.01306696,0.04372805,-0.001317936,-0.008347859,0.01307489,0.03272792,-0.02141147,-0.01701874,0.01603837,0.02762675,-0.00415848,-0.007786642,-0.00154239,0.05243969,0.04609909,0.03704703,0.005353537,0.005840864,-0.01211231,-0.003716694,0.00245739,-0.01964413,0.03170897,0.01302096,-0.01287032,0.008778184,0.01786447,0.003642915,0.02285933,-0.01017317,0.02534859,-0.0092285,-0.005922815,-0.01241176,0.04803852,0.006028158,0.01649159,-0.01489058,-0.006988944,0.00499595,-0.009530349,-0.01332641,0.02170589,-0.003321338,0.02691944,-0.002302604,-0.003736758,-0.01301057,-0.009261781,-0.002447326,0.06044254,0.01475247,-0.01056858,-0.006443655,0.0462517,-0.01606724,0.01027188,0.01127341,-0.004356919,-0.00644337,-0.01077625,0.003732329,0.001018746,0.04467816,-0.01060747,-0.0013349,0.00158029,pmERC,sub-S20,g,randomWalker3,freq01234
0.02281337,0.02253221,0.02264489,0.0100404,-0.003626493,0.02112797,-0.003415705,0.01875217,-0.01421873,-0.004775997,0.002486778,-0.02791757,0.03716246,-0.02319003,-0.004784472,-0.03989848,0.02261309,-0.01976957,0.009219145,0.0009064148,0.02881,0.02496464,-0.01990067,-0.02147317,0.01196677,0.01111341,0.01816923,0.02029812,0.02315095,-0.005235004,-0.02313799,-0.0007321595,-0.02250438,7.687056e-05,-0.04199541,-0.009149613,0.004944967,-0.02049797,-0.01860498,-0.03707848,-0.02876392,-0.009742043,-0.03570977,-0.005297397,-0.03721166,0.0009102199,-0.01789452,-0.01351028,-0.0303236,0.001053648,0.02337,-0.02424355,-0.03277535,-0.009138648,-0.005130707,-0.02246526,-0.03423886,-0.004697728,0.01794246,-0.03053003,-0.01837924,0.01721046,0.008662811,-0.0254932,0.004636051,-0.007957962,0.02741499,0.02183397,0.009601762,-0.01012009,-0.007649005,-0.0263175,-0.001975417,-0.01447877,-0.0159329,0.01509609,-0.003821382,-0.02042534,-0.007954675,0.007979169,-0.01282329,0.03845851,-0.008694211,0.03103824,-0.02949943,-0.02627092,-0.02266708,0.008945788,0.0009845926,-0.03723734,-0.02963373,-0.03647269,-0.04286403,-0.03466737,0.0159973,-0.01545289,-0.01405376,-0.0129224,-0.02267634,-0.04380529,-0.03709852,-0.02796054,-0.02973612,0.02550768,-0.03362964,-0.03475583,-0.008328256,0.02339811,-0.03427372,0.009392096,-0.01064915,-0.01081035,-0.01844532,-0.02738027,-0.01451685,-0.0267624,0.005356199,-0.0257923,-0.03129082,-0.01922036,alERC,sub-S20,g,randomWalker4,freq01234
0.04732461,0.01649844,0.05812871,0.04125114,0.009309947,0.03010927,0.03012808,0.01538547,0.04002467,0.01441722,0.0517116,0.01086711,0.05406288,0.004103001,0.01618676,-0.009781046,0.04242309,0.01665478,0.01755233,0.01466699,0.03046431,0.03726075,-0.004837191,-0.01064876,0.01053136,0.0388632,0.02607027,0.0167665,0.02368404,0.003883516,-0.003607442,0.008592993,0.02221814,0.0210853,0.006027253,0.001734024,0.01397903,0.006414555,-0.006672437,-0.005553175,-0.006070822,0.001345027,0.01474094,-0.0133545,-0.02406482,0.03729419,0.02152923,-0.009896323,-0.01478752,0.04026217,0.06128418,0.01078992,-0.02222641,-0.01003374,0.03064087,0.003958552,-0.009561966,0.01581206,0.03198727,-0.01736317,-0.01410654,0.02602875,0.02308084,-0.003569333,-0.01009804,0.0004737139,0.05609853,0.03675124,0.03151778,-0.0001947269,-0.001055964,-0.0107573,0.00044342,0.001595656,-0.01571651,0.02842974,0.01806426,-0.01283365,0.004749493,0.01895115,0.002477947,0.04884949,-0.009199888,0.03448616,-0.009448345,-0.003008533,-0.01321284,0.02634441,0.004107961,0.0144852,-0.01221293,0.0009575108,0.006082279,-0.01397739,-0.006247226,0.003051133,-0.003901573,0.0147766,-0.005214799,-0.004506597,-0.01483557,-0.007625113,-4.103434e-05,0.06108043,0.01796283,-0.01000516,-0.008719624,0.03919845,-0.01707593,0.01218213,0.006731411,-0.004401821,-0.003961742,-0.01308435,0.001415746,0.003200172,0.04627099,-0.009970657,0.0007034487,-0.00586317,pmERC,sub-S20,g,randomWalker4,freq01234
-0.02091477,-0.008429294,0.02156834,-0.04458886,0.006332777,-0.02730252,-0.01195229,0.002371383,0.01627502,0.04348441,-0.03688135,-0.01843324,0.00433038,0.01369183,-0.03694151,-0.0451389,-0.01560847,-0.01807659,0.00349326,0.006648621,-0.0466575,-0.02386371,0.01923442,-0.00841544,-0.009070965,-0.0214891,-0.02073035,-0.009992416,-0.009591124,-0.02226116,-0.02101961,0.01756115,-0.006694561,0.003254454,0.002399674,-0.03786469,-0.02831187,-0.02705122,-0.01824499,0.04724211,0.01417492,0.02725212,-0.03340245,-0.02285634,0.005414254,0.02509291,-0.02074364,-0.005111303,-0.02823553,-0.01173497,-0.01136361,0.008731257,-0.03185019,-0.007920211,0.0007982717,-0.035092,-0.02263607,-0.0382643,-0.01277495,-0.007210395,-0.007478106,0.01409326,0.00532329,-0.03172965,0.00154617,-0.01807657,0.02245518,0.0172056,0.006878875,-0.01019257,0.002082461,-0.02919686,-0.007952862,-0.0172174,-0.01612024,0.01660154,0.000391255,-0.0204027,-0.01198736,0.003526482,-0.01283034,0.04685283,-0.01190473,0.01752844,-0.03249549,-0.02891872,-0.02487018,0.01881222,-0.004455362,-0.03599414,-0.03641271,-0.03206547,-0.04392347,-0.03670895,-0.01851653,-0.01850945,-0.0166042,-0.02666892,-0.02727747,-0.04320844,-0.0383505,-0.03311256,-0.02923775,0.02634405,-0.04034507,-0.03622754,-0.006873839,0.02203174,-0.03593662,-0.007492196,-0.009500876,-0.01311805,-0.02197097,-0.02672541,-0.01672165,-0.02979491,0.003175206,-0.02855818,-0.03297267,-0.01491888,alERC,sub-S20,g,randomWalker5,freq01234
0.02080888,-0.01073076,0.05819687,0.007994465,-0.01366259,-0.003081311,-0.01121927,0.007147938,0.02846599,0.04228521,-0.008810121,-0.02211836,0.0485572,0.01162715,-0.001599925,-0.009070513,0.02744518,0.007614874,-0.00155718,0.01224981,0.007677315,-0.001739418,0.02461054,-0.006796513,-0.001900714,-0.006085425,-0.00833542,0.003609983,0.005101139,-0.02642945,0.004791385,0.03535913,-0.01077883,0.02614464,0.03061839,0.01888402,-0.00729839,-0.01419239,-0.0003269348,0.05744559,0.03861688,0.007208932,0.01003612,-0.004389297,0.0002612086,0.0146181,0.007929725,-0.001932218,-0.02139597,0.04179419,0.01281593,-0.004781937,-0.02130376,-0.02290984,0.04490995,0.006391054,-0.007555724,-0.002538543,0.006201593,0.005995472,-0.007599731,0.02443231,0.02238354,-0.0021351,-0.009149952,-0.01107522,0.05204341,0.03242083,0.02985971,0.001087553,0.004889837,-0.01234067,0.0006946589,-0.001456209,-0.01780087,0.03145887,0.01268684,-0.01483343,0.0007984787,0.02125338,0.003549736,0.04490449,-0.01361945,0.03164019,-0.009000351,-0.004593357,-0.01297648,0.03965339,0.001383335,0.01306249,-0.01500292,0.003400565,-0.001492639,-0.01224791,0.0003919362,0.007380315,-0.003773824,-0.006883287,-0.005449192,-0.005824586,-0.01459686,-0.006751008,-0.003291494,0.0607977,0.012769,-0.01189189,-0.004534836,0.05169477,-0.01853633,0.006685747,0.01046368,-0.003816175,-0.006153403,-0.01086519,0.004657011,-0.0002520164,0.04533101,-0.009424048,0.0004388315,0.001855487,pmERC,sub-S20,g,randomWalker5,freq01234
-0.05202156,-0.01496725,0.02251798,0.006465869,-0.03162804,-0.002882307,0.03306671,-0.03413723,0.008586251,0.004739349,-0.03532058,0.01170072,0.02550473,-0.0119096,-0.007187591,-0.03853083,0.01773078,-0.02597078,-0.03073095,0.01255827,-0.01433156,0.02400524,0.007631995,0.02107961,-0.03006405,0.01257766,0.02074626,-0.03759887,-0.02178413,-0.03796948,-0.02473161,0.01226885,-0.01304333,0.01962401,0.01515546,-0.03677132,-0.02761783,-0.02858951,-0.01805317,0.04048529,0.01232677,0.004083947,-0.03661247,-0.01840681,-0.00950606,0.01647684,-0.02663416,0.04005485,-0.02898368,-0.006708643,-0.008742436,0.02297357,-0.03652191,-0.01011331,-0.01750178,-0.03620054,-0.02620939,-0.03322701,-0.006997652,-0.02095957,-0.0152825,0.01687598,0.01061281,-0.02734862,0.004942507,-0.009036017,0.03020287,0.02759931,0.008926325,-0.01140734,0.0005342201,-0.02853525,-0.003824484,-0.01342388,-0.0182712,0.03018856,-0.004221178,-0.01962515,-0.009481223,0.01862266,-0.01685412,0.05365736,-0.009983522,0.03240943,-0.03252604,-0.02733977,-0.02573807,0.02551457,-0.004915325,-0.03688677,-0.02539495,-0.02921793,-0.04418239,-0.03751012,0.009461909,-0.01967074,-0.01034108,-0.02669623,-0.02608353,-0.04385271,-0.03960878,-0.03224283,-0.03070776,0.02911241,-0.03367212,-0.0363108,-0.009052933,0.02098919,-0.03512807,0.01089301,-0.00796646,-0.012431,-0.02218309,-0.02988773,-0.01210619,-0.02907956,-0.0001158715,-0.0285023,-0.03557551,-0.01555687,alERC,sub-S20,g,randomWalker6,freq01234
-0.01732544,0.001906084,0.0571828,0.02904664,0.02167164,-0.01512263,0.05475923,-0.002769274,0.04195294,0.003490834,0.02220866,0.01846913,0.02316204,0.004120827,-0.01315442,-0.0105722,0.03450338,-0.01440699,0.0007865677,0.03813324,0.009870509,0.02088215,0.02168081,0.01588515,0.004266119,0.04907358,0.005379528,0.005598086,0.002133285,0.01423626,0.003178159,0.03326899,-0.01920706,0.03347199,0.02844119,0.02245662,-0.00873018,-0.01506276,-0.002470919,0.05187795,0.03563946,0.009420036,0.01079595,-0.01080979,0.005024222,0.01054401,0.005416431,0.0535377,-0.01988876,0.0436833,0.01168991,0.006872044,-0.02014906,-0.02283128,0.02899907,0.003690665,-0.008107053,-0.01505678,0.01401377,0.00176973,-0.01399825,0.02412886,0.02413576,-0.007402281,-0.008665221,-0.004931974,0.05295375,0.03829454,0.02896384,-0.0006795064,0.002205829,-0.01139674,-0.001862574,0.001173095,-0.01774636,0.03801143,0.0135835,-0.01308393,0.001928334,0.03387731,-0.003287151,0.0507139,-0.009177593,0.03669966,-0.008824484,-0.005291666,-0.01433308,0.03969982,-0.0008395761,0.01074282,-0.01131454,0.009829581,0.0009374632,-0.009948633,0.007888904,-0.0005778707,-0.0004964728,-0.009381558,-0.00566606,-0.003557866,-0.01233886,-0.005528719,-0.004750919,0.05968095,0.02255928,-0.01048342,-0.008733005,0.04636759,-0.01674306,-0.0004000962,0.008911544,-0.004353098,-0.005089486,-0.01070321,0.008642742,0.0008083627,0.04300838,-0.008465853,0.001625979,-0.003376666,pmERC,sub-S20,g,randomWalker6,freq01234
0.01601052,-0.0393168,0.02365176,0.04156524,0.03222355,-0.008968928,0.01083762,0.0189393,-0.03088767,-0.001948111,0.001856585,-0.0220704,0.03621964,0.01113279,-0.0006098197,-0.04132957,0.0170798,-0.008095933,-0.01951589,0.04048973,-0.02638877,0.02238408,-0.01406241,-0.01836846,0.03695417,-0.02006721,-0.006782945,-0.01709336,-0.01925244,-0.03596965,0.005652038,0.02255809,-0.01641196,0.01079025,-0.02588393,-0.01758126,0.00380515,-0.01778169,-0.01672902,-0.02466522,-0.02633671,-0.000104509,-0.023244,-0.01437011,-0.03686999,0.02289184,-0.0302156,-0.005341189,-0.02461532,-0.003469468,0.02154799,-0.01648682,-0.03507246,-0.0005776659,0.00289608,-0.02628252,-0.03541048,-0.009035236,0.01483909,-0.03608584,-0.0209132,0.01917777,0.01337598,-0.01937659,0.006297927,-0.01249041,0.02650031,0.03452224,0.01455162,-0.009715111,-0.001430131,-0.02741014,-0.001635814,-0.01017608,-0.01761389,0.006207596,-0.01898134,-0.02203514,-0.01159934,0.004043549,-0.01344193,0.01225506,-0.004125242,0.03884109,-0.02853976,-0.02936225,-0.02569919,0.03357295,-0.003539346,-0.03431522,-0.02337089,-0.03739757,-0.04124701,-0.03499729,0.009864778,-0.005240078,-0.009834777,-0.01842957,-0.02050367,-0.03639794,-0.03832656,-0.02995287,-0.02805577,0.02842475,-0.04139827,-0.03492679,-0.004588688,0.01788056,-0.03436944,0.03731984,-0.007778725,-0.01134399,-0.02000377,-0.02691972,-0.007454126,-0.02887493,-0.0003926503,-0.02550909,-0.03429273,-0.006746667,alERC,sub-S20,g,randomWalker7,freq01234
0.03849241,0.008855808,0.05770406,0.04616548,0.0350021,0.007292569,0.02583115,0.009411164,0.02166822,0.03643716,0.03023602,0.003595926,0.05325971,0.009532301,-0.01345699,-0.004941764,0.0361865,-0.007763166,0.001359101,0.04355672,-0.006020665,0.03413093,0.005122711,0.003840263,0.0107554,0.005003043,0.007582106,-0.0004803895,-0.002863171,-0.007255451,0.01752039,0.02476767,0.02233072,0.0288544,0.01827291,-0.01039152,0.01640636,0.009675574,-0.002063086,-0.002467511,0.003791745,0.01285189,0.02167581,-0.01559327,-0.02266578,0.05315572,0.01214068,-0.01393993,-0.01368429,0.04083785,0.06839504,0.01596255,-0.01894089,-0.02008537,0.03862293,0.002672529,-0.006136336,0.008819811,0.03313469,-0.02031816,-0.01914586,0.02304369,0.02909338,-0.001117439,-0.002289962,-0.0008357627,0.05459016,0.05091083,0.03530078,0.001680371,0.006552275,-0.01173971,0.002889339,0.008842111,-0.0164552,0.02191757,0.009495231,-0.01114126,-0.0006446608,0.01338946,0.002049724,0.02283292,-0.007856057,0.03995622,-0.008585284,-0.005207839,-0.01112408,0.04845659,0.001609957,0.0135182,-0.01124052,0.003811376,-0.0003161872,-0.009576748,0.009130478,0.006984015,0.001980775,-0.005426636,-0.003831197,-0.00990256,-0.011852,-0.00620377,-0.002357803,0.05787037,0.01489625,-0.01075205,-0.004639754,0.04989631,-0.01660747,0.01875817,0.01016412,-0.001967933,-0.005445099,-0.008851888,0.007666833,-0.000607056,0.04206647,-0.008178321,0.0002353167,0.01017618,pmERC,sub-S20,g,randomWalker7,freq01234
0.009655603,-0.0359029,0.01998237,0.02659382,-0.0317104,-0.0003811593,0.0324919,-0.04041097,-0.02538261,-0.008628482,0.009980395,-0.0103762,0.02252929,0.02286047,0.009285184,-0.03705023,0.02346571,0.01180646,-0.007234476,0.01292666,-0.01991564,0.03640964,-0.005247831,0.01553301,-0.03494272,-0.01389415,0.0152563,-0.05520167,-0.03026142,-0.03754538,-0.03431773,-0.01390016,-0.01296167,0.02038131,-0.0173061,0.007226524,-0.00151976,-0.01134795,-0.02639265,-0.007023122,-0.01391826,0.01532097,-0.02577944,-0.006229606,-0.03285884,0.0743668,-0.02990454,0.003030742,-0.02702376,-0.03170156,0.02371897,-0.005617053,-0.03305614,-0.005828093,-0.001426626,-0.02868986,-0.03572666,0.01093856,0.005001836,-0.02773998,-0.01603042,0.01851985,0.008846241,-0.02387644,0.006189215,-0.009632538,0.02406098,0.029197,0.01179703,-0.008940654,0.007443744,-0.02760031,-0.004420983,-0.01099876,-0.01724086,0.01086175,-0.02146275,-0.01729408,-0.006275329,0.01578544,-0.01343761,-0.002082255,-0.004065031,0.04086012,-0.03003724,-0.02550726,-0.02281824,0.02263147,-0.002032758,-0.03959957,-0.03176276,-0.04169948,-0.04423523,-0.03638112,-0.001046497,-0.01513436,-0.008487346,0.002593534,-0.02330911,-0.03854387,-0.03573444,-0.02744198,-0.03003558,0.0222108,-0.03990691,-0.03493096,-0.00891968,0.02674564,-0.0338725,0.02226823,-0.006462985,-0.009175914,-0.02190824,-0.02750322,-0.01242845,-0.02797705,-0.0008738418,-0.02584556,-0.03233413,-0.005930204,alERC,sub-S20,g,randomWalker8,freq01234
0.02871313,0.01595421,0.05799197,0.03370389,0.03061098,0.003620037,0.04358148,0.003843538,0.0239831,-0.002462945,0.02717535,0.01393451,0.03879265,0.02758101,0.00731666,-0.01075296,0.04356896,0.01417061,0.008091286,0.02441585,0.007799084,0.04509953,-0.01937887,0.0141196,0.02619028,0.01999597,0.02328325,0.008827266,0.001175823,0.008063185,-0.01210308,0.02772678,0.02141478,0.04162927,-0.01733572,0.01963935,0.01008666,0.009090029,-0.008803848,0.01744669,0.03123183,0.03157769,0.02455053,-0.009057754,-0.02954188,0.07775886,0.01180096,0.006336875,-0.01618872,-0.004110157,0.04947177,0.0384643,-0.01783358,-0.01139679,0.03051875,0.008698477,-0.00884812,0.03322361,0.01676151,-0.01512077,-0.01799187,0.01961349,0.02310195,-0.002636573,-0.004804232,-0.002117431,0.05487126,0.04614314,0.03764737,0.003155788,0.01122409,-0.01088105,-0.00292418,0.007903442,-0.01777205,0.02723311,0.01153835,-0.009182979,0.005572547,0.02650848,0.001701362,0.01460085,-0.009632692,0.03938719,-0.01015595,0.001384316,-0.01149779,0.04000676,0.002997408,0.009731269,-0.009384694,0.005907255,0.00235546,-0.01183351,-0.01347825,-0.0005160294,0.001005831,0.01875249,-0.006894034,-0.005310054,-0.01188354,-0.00453006,-0.0001132153,0.05547889,0.01758246,-0.009694506,-0.006652712,0.05106667,-0.01725556,0.01480028,0.01335559,-0.000411614,-0.007350583,-0.01257523,0.003676056,0.002526779,0.04345286,-0.009449183,0.003045507,0.01002723,pmERC,sub-S20,g,randomWalker8,freq01234
0.02065644,-0.04182607,0.02275803,0.003561625,0.003062967,-0.02127276,-0.02486719,0.01789153,-0.01751888,0.008783372,-0.00118841,-0.03496328,0.04310808,-0.02198009,-0.02604681,-0.03406965,0.007880671,-0.03481707,0.007655393,-0.02770028,0.02912854,0.02365229,-0.003295678,-0.02178082,0.01065376,-0.0164458,0.000162478,0.0253248,0.02967175,0.00835331,-0.0338728,-0.02051674,-0.008651293,0.02569861,-0.009898457,0.0009979403,-0.00944421,-0.0293707,-0.02990863,0.006372306,-0.013483,0.02287126,-0.02954012,-0.02003138,-0.01829148,0.02129146,-0.03177224,0.01918093,-0.02965058,-0.03680221,0.01913039,0.006091374,-0.03485171,-0.02238736,-0.009899194,-0.03199468,-0.03429269,0.02333104,0.002199434,-0.02405747,-0.01368778,0.01663288,0.0061826,-0.03025561,-0.001157492,-0.0123751,0.01733733,0.01923571,0.008039688,-0.009513805,0.0001486359,-0.02925683,-0.006682638,-0.01484616,-0.01898471,0.01163302,-0.0111642,-0.0237394,-0.01252433,0.01602515,-0.01667752,0.01704133,-0.01033165,0.03525767,-0.03162066,-0.029508,-0.02233566,0.02798148,-0.005148616,-0.0381636,-0.03585756,-0.04241741,-0.04630101,-0.03500308,0.005288164,-0.001190395,-0.01368354,-0.01606867,-0.02292657,-0.04601255,-0.0389692,-0.03144789,-0.03461273,0.02401556,-0.04084429,-0.03852198,-0.008461853,0.02017081,-0.0370119,0.02265781,-0.008203814,-0.01389366,-0.02294268,-0.02704489,-0.01361442,-0.03224773,0.0001945773,-0.02688459,-0.0356404,-0.007586492,alERC,sub-S20,g,randomWalker9,freq01234
0.03671192,-0.00416378,0.05732315,0.05092636,0.005891219,0.02974201,0.03236099,0.01708713,0.000696881,0.01434501,0.0199289,0.02043699,0.05951774,0.01244508,0.03186452,-0.003098619,0.02519393,0.02108273,0.02251686,0.002811341,0.03761198,0.04834078,0.003136149,0.008661375,0.01460011,0.028848,0.05067602,0.02578376,0.03360692,0.01110563,-0.01449403,0.02465171,0.01799546,0.04018017,-0.001046953,0.02136669,0.002256401,-0.01033095,-0.01206703,0.02665974,0.03293134,0.03582243,0.02675162,-0.01616873,0.005889834,0.02939319,0.005821087,0.02214858,-0.02181361,-0.006464296,0.0436269,0.03593516,-0.02000768,-0.03193822,0.03009891,0.01073728,-0.01329745,0.04350233,0.0124973,-0.01114647,-0.01069691,0.02069088,0.0178352,-0.00968882,-0.01075478,-0.004848382,0.05205346,0.03264093,0.02960315,-0.0005141968,-0.0002941316,-0.01292651,-0.004927019,0.001600699,-0.02174027,0.02423552,0.009761552,-0.01463087,-0.0023972,0.03010983,-0.005076294,0.04179451,-0.009576672,0.02974912,-0.01172302,-0.004627697,-0.01416906,0.0424348,0.0003597111,0.01280168,-0.01559755,0.00138492,0.003746039,-0.01335826,-0.007719316,0.01775612,-0.003846543,0.005367439,-0.006388693,-0.006375236,-0.01522417,-0.01053718,-0.00491706,0.05746488,0.01729265,-0.01267114,-0.008945912,0.04549565,-0.0188455,0.009402013,0.009339936,-0.005417197,-0.008189322,-0.01263171,-0.0001115502,-0.0001695329,0.04195395,-0.01121185,-0.001663268,0.003607726,pmERC,sub-S20,g,randomWalker9,freq01234
0.06272474,0.03099768,-0.01346095,0.03248399,-0.03309976,-0.003155811,-0.01007685,-0.02806508,-0.00796238,-0.02955073,0.05283909,0.004732282,-0.01621595,-0.02637193,0.04964916,0.05685056,0.06667657,0.03807461,0.05278021,0.0004780722,-0.04926639,0.01615687,0.02716519,0.05602575,-0.04432618,0.006947999,0.02322642,-0.03508671,-0.0001025059,0.02660677,0.0316929,0.01952662,0.04522275,0.01678232,0.01471917,0.07719003,0.06174617,0.04615695,0.04218321,0.02259244,0.009373144,0.04356218,0.04238794,0.03778058,0.03700728,-0.003431028,0.0583919,0.02623914,0.06408102,-0.019374,0.01231465,0.02911911,0.04630785,0.0361281,0.05664589,0.07281578,0.05384722,0.07145448,0.04550251,0.06551287,0.0637777,-0.04510913,0.04384294,-0.0432885,-0.03567647,-0.0005234773,0.005507885,0.007007923,0.03492182,0.05013106,0.00365554,0.05093002,-0.06328302,0.06278992,0.05788925,-0.0304071,0.04901306,0.03208473,0.05544677,-0.004972416,0.04601023,0.05745038,0.0264317,-0.01741083,0.06401306,0.04208679,0.04865662,0.04168532,0.05768115,0.04765907,-0.03075164,-0.03898027,0.06794041,0.04484435,0.0594585,0.06894361,0.06416088,0.0771587,0.06174475,0.06399471,0.04750189,0.0688358,0.03343278,-0.02293344,0.01931394,0.05757546,0.0202301,-0.02317661,0.0524688,0.01915226,0.061018,0.02986476,0.05130358,0.04315851,0.06541902,0.06901263,0.02351291,0.05979195,0.05974721,0.04993828,alERC,sub-S21,g,randomWalker0,freq01234
0.04143606,0.03568751,0.05083876,0.03211483,-0.002799274,-0.01609034,0.001953453,-0.03675168,0.01970309,0.04075333,0.02877291,-0.004809433,0.04278779,-0.01300859,0.03335189,0.03831893,0.06048841,0.02554283,0.05629576,0.02427231,-0.04104951,-0.003967076,0.01555543,0.03147354,-0.04572403,0.01511086,-0.000910826,-0.03122588,-0.01425911,0.01877548,0.003098881,0.02606906,0.04036325,0.01582636,-0.004127954,0.03714705,0.03124666,0.03762477,0.01397906,0.04245817,0.02059614,0.05938689,0.03623691,0.01538385,0.03903482,-0.01001376,0.06367064,-0.01849384,0.04857405,0.01117059,0.02760898,0.06503124,0.02518286,0.05166313,0.06447468,0.04368004,0.009808978,0.04397329,0.02456177,0.01948768,0.03717378,-0.02215507,0.02402011,-0.01523108,-0.02645597,0.01806308,0.0565783,0.03024876,0.01147415,0.02386048,0.01586161,0.01622232,-0.02333583,0.01983076,0.028895,-0.01578407,0.03775647,0.0219909,0.01977269,0.02671338,0.01671391,0.05418345,0.03799876,0.008610677,0.02836864,0.000705022,0.03150147,0.01749694,0.02454995,0.04243877,-0.03480709,-0.009438565,0.03960922,0.02812491,0.02895713,0.028437,0.02711887,0.05585309,0.02529797,0.0368088,0.02499442,0.03089695,0.01319958,0.04123906,0.02524401,0.02377209,0.0352139,0.04472679,0.02870565,0.01776005,0.01281962,0.02032631,0.02049458,0.02772025,0.02376023,0.02707777,0.0575636,0.02518672,0.02144872,0.01424858,pmERC,sub-S21,g,randomWalker0,freq01234
0.004952834,0.03166439,-0.004756784,-0.05887901,-0.07099357,0.02154429,-0.06858107,-0.05873124,0.02343904,0.01150485,-0.000827304,0.01897331,0.007396226,-8.184622e-05,0.01358133,0.05748344,0.01546202,-0.01436377,0.04429908,-0.06074298,-0.06671683,0.04698268,0.03276401,0.0443385,-0.04909353,-0.01458598,0.04823025,-0.0762381,-0.0648424,-0.04128594,0.06122731,0.05626767,0.009250955,0.05141165,0.05661944,0.06059782,0.04519923,0.04435695,0.03788345,-0.02806945,0.03009413,0.01778885,0.05268999,0.02390077,0.03039584,-0.01040157,0.06725039,0.03430865,0.06210423,0.04973862,-0.01268925,0.003169963,0.05001098,-0.0274105,0.003769885,0.07199647,0.05432178,0.02032094,0.02495005,0.03850663,0.06567556,-0.01967038,0.03475598,-0.01637773,-0.03401092,-0.008163254,0.02040934,-0.02377634,0.04006312,0.04643526,-0.001972061,0.05556456,-0.0559927,0.06595342,0.05606279,-0.03545544,0.0460288,0.03362354,0.05039565,-0.001142202,0.03768573,0.08457489,-0.01419956,-0.02551141,0.06299028,0.0483992,0.05130148,0.03292834,0.04635998,0.0517233,-0.01988856,0.006799704,0.06620149,0.0433743,-0.02974952,0.06285904,0.05767404,0.04362578,0.06169941,0.05966413,0.04857874,0.06565823,0.04823972,-0.0172956,0.02755617,0.05907178,0.02123079,-0.01857121,0.05313085,-0.008586145,0.05523118,0.03125116,0.04626559,0.03748127,0.06004312,0.07019372,0.02785093,0.05625542,0.0644156,0.04476274,alERC,sub-S21,g,randomWalker1,freq01234
0.04094297,0.05744357,0.05450382,-0.01793692,-0.07781988,0.03587735,-0.06376074,-0.08160836,0.05015428,0.03172045,0.05408971,-0.02314911,0.01518272,-0.02376745,0.01848434,0.04095796,0.05074279,-0.01290759,0.05236569,-0.04660413,-0.08206581,0.009281862,0.02927392,0.02831684,-0.06892199,-0.01021259,0.04190218,-0.09611636,-0.08613791,-0.03758067,0.0584865,0.05826941,0.005624999,0.04515513,0.02663665,0.05602341,0.02139884,0.01581949,0.0137131,0.02188522,0.03561149,-0.000689105,0.05770769,-0.00826694,0.007386745,-0.04344841,0.04972898,0.04030672,0.04896059,0.06073291,0.009020158,0.01467127,0.02292714,0.01904502,0.01599391,0.06139484,0.01428532,0.01794315,0.03137811,0.01538229,0.03032519,0.0001027557,0.02751775,-0.01717044,-0.03619021,0.005851626,0.0468596,0.03972812,0.02219574,0.02572932,0.01713818,0.01989717,-0.02968289,0.03183623,0.02640436,-0.006314718,0.04165342,0.01904087,0.02354698,0.024277,0.01261899,0.05623403,0.0142794,0.004965401,0.03124095,0.01461569,0.03411016,0.02547114,0.02476689,0.04972064,-0.03103129,-0.002691129,0.04749074,0.0283216,-0.01554114,0.02906456,0.03245579,0.04883854,0.02674581,0.04125931,0.02768085,0.03410208,0.02648821,0.04668166,0.02112046,0.02996109,0.03680288,0.04232824,0.03403807,0.01029293,0.01950962,0.02587693,0.02566324,0.03019591,0.03008042,0.03243635,0.06249637,0.02952494,0.0252697,0.02281182,pmERC,sub-S21,g,randomWalker1,freq01234
0.02091964,0.0009512265,-0.004733425,0.02831843,-0.005850639,0.03748535,0.01897935,-0.009745046,0.05362866,0.007478502,-0.002113618,0.02826351,-0.01430306,0.03003636,0.0419013,0.07008664,0.03425212,0.07150761,0.007723329,0.004557337,-0.02011227,-0.005566676,0.01888139,-0.05612001,-0.03308663,0.02427343,0.03274326,-0.02919322,0.02048373,0.01253531,-0.001483292,-0.03932424,0.04393626,0.02933645,0.03756177,0.05344254,0.0310093,0.05131537,0.06389596,0.01769939,-0.01922129,0.03416752,0.07103576,0.04033199,-0.002283865,0.04949528,0.03720033,0.02248963,0.05559301,0.0005467884,0.001629259,0.03620881,0.05738248,0.01456339,0.05366075,0.07338416,0.0618589,0.02522682,0.02005282,0.05148954,0.05820771,-0.02328633,0.03596082,-0.04325193,0.001080183,-0.02351775,0.04764871,0.007528588,0.03346728,0.05264398,-0.001671979,0.05196724,-0.05775004,0.06413898,0.04966623,-0.01793826,0.02715623,0.02321385,0.04526573,-0.01145167,0.04831836,0.0770459,0.02142027,-0.03147883,0.06616749,0.04409975,0.06549378,-0.01814015,0.04986012,0.05277608,-0.04355989,-0.01970128,0.06857686,0.04014748,0.04376445,0.07248968,0.07061877,0.07283766,0.06406262,0.06459185,0.04713688,0.07312786,0.04410337,-0.01567557,0.01384528,0.05556482,0.006577847,-0.002371947,0.0446483,-0.01592926,0.05379637,0.02521024,0.04934405,0.04576767,0.04407443,0.07005547,0.03343244,0.06398688,0.05825761,-0.03197317,alERC,sub-S21,g,randomWalker2,freq01234
0.04440096,-0.002278555,0.05251531,0.04555207,-0.01749601,0.0544894,0.02927861,-0.007636019,0.02176045,0.0190906,0.02357292,-0.001996257,0.03781099,0.006529202,0.03014364,0.04839873,0.06657914,0.0458457,0.02329647,0.001107549,0.02807482,0.03039689,0.04407013,-0.02074358,-0.007834127,0.009317982,0.04894479,0.002411454,0.01621219,-0.005205831,0.03954309,-0.03696069,0.02311383,0.01563392,0.05563141,0.03125196,0.003397194,0.05241347,0.02965816,0.01472685,-0.02007305,0.01192225,0.06293221,0.02041088,0.04004211,0.05705736,0.03162942,0.0243032,0.03718657,0.05165749,0.04696245,0.02417083,0.02852157,0.03899384,0.05950777,0.03823306,0.02675062,0.02930526,0.0159829,0.0439851,0.03446244,-0.01230739,0.02755098,-0.02025459,-0.01979349,0.01059829,0.06967388,0.02517009,0.006400644,0.01990311,0.01590786,0.01884393,-0.02440923,0.02466816,0.02873202,0.009121431,0.03990903,0.02049048,0.01764467,0.01417594,0.0124166,0.05817915,0.03075274,0.004543286,0.02897235,0.005008482,0.03346314,-0.01576184,0.02501799,0.04368639,-0.04838502,-0.00727333,0.03976935,0.02809069,0.03342982,0.0274476,0.02552105,0.0573427,0.02598168,0.04602863,0.02543781,0.0316921,0.01462792,0.04414469,0.02846991,0.02394333,0.03203106,0.04054502,0.02680357,0.003089592,0.008524553,0.01948324,0.01947187,0.02461388,0.007601331,0.02706304,0.0597464,0.0237181,0.02251249,0.0005059411,pmERC,sub-S21,g,randomWalker2,freq01234
-0.004969821,0.04310039,-0.004530683,-0.03995321,-0.06108857,0.0444588,-0.02322056,-0.06104071,0.03753036,-0.0007105278,0.006700939,0.03480168,0.01052582,-0.04673907,0.01326164,0.05236103,0.006459709,-0.01270528,0.01357076,-0.02887228,-0.01528414,-0.03184177,0.02595886,-0.01915087,-0.06239815,0.0043469,0.05463091,-0.03674222,-0.01846636,0.01519916,0.01344878,0.006806028,0.02515664,0.009916331,0.05871131,0.04030776,0.04434909,0.03920767,0.05969703,0.005185188,-0.02641749,0.04120034,0.06136492,0.04033858,0.0155776,0.01601514,0.04077169,0.005101894,0.0479469,-0.0006511958,0.02075053,-0.01609678,0.05426643,0.02371736,0.0164964,0.07517761,0.05780755,0.01012277,0.01900077,0.05951559,0.06019958,-0.04746119,0.04340547,-0.04983163,-0.02197798,-0.02165577,-0.004475488,0.009898941,0.0293375,0.05195438,-0.005742647,0.0519961,-0.06148058,0.06673639,0.05775326,-0.01723084,0.02131507,0.03043396,0.05135062,-0.002741849,0.02180612,0.05126878,0.03158606,-0.02979631,0.06285042,0.04792615,0.04646783,0.03333916,0.04729271,0.04790059,0.00247109,0.01444874,0.06227174,0.03818042,-0.03503016,0.0455741,0.05897843,0.03791945,0.06089916,0.04218314,0.04246349,0.06584816,0.05137746,-0.01306604,0.01339479,0.058966,0.0233241,-0.01185673,0.05190751,-0.01771789,0.05646891,0.0331527,0.04812851,0.02946274,0.06201164,0.06892812,0.0311209,0.05616273,0.06491003,0.04663492,alERC,sub-S21,g,randomWalker3,freq01234
-0.002809463,0.06190581,0.05287713,-0.009315229,-0.05504334,0.0441099,-0.003118342,-0.07196765,0.07892819,-0.006119313,0.03516736,0.01050944,0.0211343,-0.05479934,-0.004147084,0.03429339,0.01473527,-0.0163922,-0.002663679,-0.02117191,-0.003487485,-0.04100005,0.02007588,-0.02695264,-0.07223324,0.05343766,0.03788292,-0.03139792,-0.02047475,0.0206558,0.04057976,-0.0261508,0.02751673,0.01876892,0.0633205,0.009794796,0.01958114,0.05501219,0.03416159,-0.001815796,-0.04172629,0.008065163,0.06715928,0.03603223,0.02628453,0.04617942,0.04788446,-0.00568565,0.04151916,0.04793477,0.0735258,-0.003437391,0.03353732,0.03767912,0.03336916,0.0397858,0.02405144,0.02076495,0.02212843,0.04273105,0.03757912,-0.01754057,0.02569586,-0.01718069,-0.0358444,0.003597226,0.050098,0.02600485,0.006825055,0.02697388,0.01315144,0.01857813,-0.02516651,0.02699602,0.02977798,0.00259481,0.03619578,0.02245494,0.0208222,0.01907821,0.005667001,0.052941,0.03480918,0.002801205,0.02669269,0.01474405,0.03349927,0.02420646,0.01710221,0.04672482,-0.006787757,-0.004707638,0.04172844,0.02342613,-0.02205467,0.0189615,0.02954148,0.04571148,0.02175473,0.0372616,0.02273368,0.03208118,0.0239634,0.0501881,0.01787921,0.02592667,0.03821144,0.04279346,0.02996512,0.009506002,0.01772396,0.02646413,0.02260166,0.02399017,0.02394915,0.02881309,0.06090331,0.02564466,0.02273245,0.02826799,pmERC,sub-S21,g,randomWalker3,freq01234
-0.03868137,0.02243529,-0.005493151,0.01255213,-0.03702716,-0.01602696,0.0389408,-0.04675398,0.0489215,-0.009304046,0.009512076,0.0463534,-0.02462017,0.002414539,-0.001986446,0.0667148,-0.007882548,0.05602615,0.004573497,0.02865264,-0.02439013,0.03596158,0.006304484,0.02835851,-0.07378618,0.01524425,0.01259951,-0.03678808,0.01391712,0.05543974,0.01379317,-0.03597595,0.02043478,0.02868031,0.07788491,0.04023172,0.04925128,0.03935572,0.05947073,0.01825014,-0.03187728,0.04492191,0.06521796,0.02794371,0.03188615,0.02865016,0.04635831,0.04986233,0.05922405,0.00432694,-0.00113868,0.05411336,0.0525353,0.007020586,0.0259724,0.07478113,0.0577388,-0.001701048,0.02879982,0.05173665,0.06266404,-0.02489381,0.04382908,-0.04169992,-0.01112746,-0.01719628,-0.01085744,0.0317781,0.04461666,0.05338514,-0.002725573,0.04953049,-0.05393922,0.06686912,0.0621902,-0.009036583,0.01697131,0.03878544,0.05349513,0.011598,0.04792875,0.02862843,0.04828912,-0.01892771,0.06548585,0.04761393,0.05082241,0.04789483,0.05594916,0.05137456,-0.008455421,-0.01195107,0.06406539,0.04319443,-0.01730908,0.06155214,0.06003365,0.04478795,0.06372029,0.0518174,0.0436902,0.06870136,0.04556033,-0.009350488,0.0130219,0.05908446,0.03198611,-0.006283771,0.05293632,0.00996586,0.06064519,0.03810739,0.04933758,0.03950262,0.06480418,0.06853615,0.02698302,0.05954546,0.06149413,0.05230462,alERC,sub-S21,g,randomWalker4,freq01234
0.02860866,-0.0159149,0.05296665,0.03573798,-0.07117742,0.01190768,0.04196388,-0.06930665,0.04392912,0.009350078,0.04414818,0.02031971,0.02624441,-0.02203173,0.01958468,0.04035971,0.02791298,0.06183131,0.00744553,0.00332219,-0.01849891,0.02320862,0.004090065,-0.01158184,-0.0863235,0.02783692,0.007649899,-0.05838894,-0.004771275,0.01262541,0.02412339,-0.06031752,0.02369965,0.005090905,0.06054243,0.005364316,0.01687024,0.04518452,0.03207726,0.01090001,-0.04978405,0.006033347,0.05800414,0.02541277,0.01713911,0.05275964,0.04619398,0.01046501,0.04098861,0.04829336,0.04889552,0.04887103,0.03538585,0.03440953,0.03096887,0.04262656,0.02209461,0.007763885,0.02289021,0.03564949,0.03754404,-0.01984117,0.02486519,-0.01638576,-0.03114158,0.005402311,0.05086463,0.02735326,0.01409576,0.02574268,0.006588175,0.01670835,-0.02961444,0.02437328,0.02867655,-0.002059057,0.03244201,0.02190583,0.02175808,0.03008677,0.01744864,0.05476644,0.03787669,-0.001825472,0.02771047,0.01112484,0.03124945,0.02114807,0.02175585,0.04760336,-0.01913345,-0.01076953,0.04284802,0.0237646,-0.01911988,0.02937753,0.02790221,0.04220748,0.02554145,0.04657689,0.02213094,0.03011553,0.01966043,0.05899277,0.02321205,0.02380019,0.03521458,0.03515339,0.02765376,0.02298467,0.01783208,0.0235122,0.02092936,0.02598631,0.02536104,0.02809642,0.05978907,0.02516634,0.02212476,0.02305931,pmERC,sub-S21,g,randomWalker4,freq01234
0.05447449,-0.06527428,-0.01299623,0.04670836,0.003044551,-0.04896684,-0.0333545,-0.006549429,0.01592493,-0.05981091,0.03694946,-0.03789144,0.02772861,-0.06570712,-0.01172323,0.05940768,0.04474407,0.03332048,0.02302996,-0.03488875,-0.003340998,0.01102289,0.03695121,-0.04019365,-0.002039265,0.03519758,-0.05926495,-0.001279774,0.008259698,-0.01575997,0.05617098,0.05271078,0.01559658,0.06350257,0.0651365,0.06600646,0.04790323,0.04173544,0.03808323,-0.01913936,0.0257281,-0.02697515,0.05229755,0.005028166,0.0407331,0.003742359,0.06245019,0.07502116,0.05183891,0.04968794,-0.000301559,0.01232412,0.051027,0.02074562,0.02937863,0.07301258,0.05222395,0.02270111,0.03191194,0.01206211,0.05596771,-0.03164452,0.04582541,-0.04131354,-0.01777692,0.005477191,-0.01045378,0.03449689,0.03871352,0.05550301,-0.02369554,0.0530154,-0.05857128,0.06586168,0.06457285,-0.00916457,-0.0004124362,0.04466233,0.05714767,0.02546238,0.04335169,0.01013518,0.04932176,0.002467577,0.06500161,0.04724752,0.04703539,0.04067539,0.0582403,0.04791906,-0.03847667,-0.01381122,0.06568794,0.0432454,0.01962482,0.06049304,0.06442385,0.0663269,0.0634842,0.06239683,0.04271695,0.06995119,0.0437624,-0.02328141,0.03403306,0.05818335,0.01073109,-0.0232025,0.0500492,0.003406384,0.06247103,0.02281883,0.05166337,0.03301463,0.06808678,0.07091808,0.02438313,0.05983311,0.06536583,0.04772056,alERC,sub-S21,g,randomWalker5,freq01234
0.04877234,-0.04247417,0.05241793,0.03831238,0.004754376,-0.04060775,-0.03425477,0.008605381,0.01601256,-0.002645736,0.04240702,-0.01160341,0.05760739,-0.06437714,-0.02522143,0.03226415,0.053928,0.006150596,0.01376531,-0.01308958,0.004631356,-0.01639301,0.03126202,-0.03475994,0.01410663,0.03237187,-0.05520165,0.01616592,0.01789302,-0.005080374,0.04795524,0.07259889,0.003986627,0.04540876,0.03216266,0.05933516,0.01685753,0.01212523,0.009176837,0.008596138,0.0495927,0.02144165,0.05002928,-0.01485704,0.01162338,-0.008027414,0.0562757,0.0562087,0.0433531,0.05772885,0.01074137,0.008257219,0.02604299,0.04780294,0.05743736,0.05857619,0.0114209,0.01588677,0.02179965,-0.002144996,0.0394492,-0.02983457,0.02725697,-0.01157542,-0.03350518,0.01964603,0.05024726,0.02101856,0.008715302,0.02755032,-0.002357599,0.01987572,-0.0341267,0.02087376,0.03018747,-0.01433248,0.01788581,0.02563088,0.02158921,0.03615521,0.01220307,0.04640904,0.03776453,-0.003529167,0.02994426,0.00952818,0.03321216,0.0169186,0.02524389,0.04803519,-0.03686145,-0.007121064,0.04093923,0.0272568,0.01836876,0.03025393,0.03009523,0.05343136,0.02637841,0.04413814,0.02442314,0.03362915,0.01838408,0.05052241,0.02321477,0.02556135,0.03008185,0.04224152,0.02973846,0.01338179,0.01727621,0.02118974,0.02409504,0.02777249,0.02687599,0.02831187,0.06187176,0.02697026,0.02319977,0.01770429,pmERC,sub-S21,g,randomWalker5,freq01234
0.03736139,-0.0436108,-0.006370149,-0.0005096958,0.04669512,-0.05007536,-0.0223996,0.04443601,-0.03134976,-0.05814902,0.04051859,0.01146025,-0.03743748,-0.002127564,-0.02754701,0.05715009,0.001814568,0.01888005,0.01429409,0.01599881,0.005274224,-0.03463953,0.01178485,-0.05275723,0.02836028,-0.02674511,-0.07998649,0.0236272,0.05876041,0.06904516,0.0625646,0.03633941,0.02571103,0.05953714,0.04950239,0.06575644,0.04768322,0.03376612,0.0343302,-0.02201483,0.02069725,-0.002647982,0.05313738,0.01830528,0.032471,-0.0281234,0.06449156,0.02002816,0.05661584,0.02209265,0.001335842,0.01521251,0.04888372,0.008730099,0.06379084,0.06888138,0.04519522,0.03308169,0.02204072,0.04329271,0.0539318,-0.02633423,0.04511298,-0.04959735,-0.0179063,-0.003119508,-0.02308903,0.02919023,0.04292808,0.05224539,-0.02462665,0.05130951,-0.0574481,0.06470863,0.05968087,-0.006926795,0.01501567,0.0416601,0.05646596,0.03807898,0.05359709,-0.007077146,0.04219074,-0.006326986,0.06346198,0.04068459,0.05128253,0.03586708,0.05267438,0.0486088,-0.0351148,-0.0213703,0.06710576,0.04099688,0.008257138,0.06473109,0.0604513,0.07124656,0.0625283,0.06581601,0.04280565,0.06575326,0.04304939,-0.01565854,0.0002606272,0.05567255,0.02196396,-0.01613865,0.04811524,-0.02138787,0.05722473,0.03122232,0.04704443,0.04026478,0.06675701,0.06786414,0.03060572,0.05878115,0.06023465,0.05678282,alERC,sub-S21,g,randomWalker6,freq01234
0.01492752,-0.02741616,0.05218434,0.03274324,0.041668,-0.01638265,0.03055493,0.02431853,0.009024781,-0.04626094,0.04201809,0.01791729,0.02212279,0.007832512,-0.008643214,0.04095454,0.03531998,0.01725545,0.01823877,0.04365987,-0.03195468,-0.04402196,0.007451738,-0.04908606,0.008276845,0.02016883,-0.05456891,-0.002089488,0.02724084,0.04642892,0.04692876,0.04511637,0.01813061,0.04470267,0.01398646,0.05748168,0.02186276,0.009103505,0.0091492,0.01482442,0.03300995,-0.002818679,0.04623836,-0.00559553,0.01080496,-0.03133432,0.05815971,0.01851872,0.0432092,0.04562729,0.01761041,0.04125595,0.02987486,0.04376105,0.06652303,0.04769239,0.00570837,0.02660278,0.01891133,0.0162211,0.04189803,-0.02616373,0.02690298,-0.01293785,-0.02915783,0.01332925,0.03362039,0.02212152,0.008521592,0.02758154,0.002465415,0.02018625,-0.03594537,0.02129434,0.0324739,-0.003506167,0.0296615,0.02645779,0.02204421,0.03650254,0.02090757,0.04334279,0.0326287,-0.001462179,0.02758406,0.009137684,0.03351823,0.01264649,0.02691698,0.04480592,-0.04334192,-0.002948173,0.04281739,0.02678449,0.00500209,0.02912209,0.02696624,0.05188641,0.02476022,0.04485489,0.02160128,0.02943147,0.01930804,0.04793417,0.02575233,0.02387714,0.03270062,0.04021527,0.02640322,0.006490186,0.01491065,0.02360882,0.02071939,0.02387655,0.02049635,0.02746415,0.06009753,0.02480829,0.02468603,0.02810489,pmERC,sub-S21,g,randomWalker6,freq01234
0.002633321,0.0690638,-0.01102188,-0.01770763,-0.04379614,0.01821016,0.01168208,-0.05215731,0.02522284,-0.007543731,0.04722437,0.02723558,0.000559901,-0.03045993,0.006161982,0.06005461,0.01072129,0.009647506,0.01743868,-0.04227129,0.0143664,0.04545667,0.04692305,0.05295794,-0.04154072,-0.01312232,0.05484264,0.004161011,0.004158794,0.0386657,0.01123386,-0.03903782,0.04068968,0.01485321,0.06818908,0.04571218,0.03729934,0.04289096,0.05886554,0.01176716,-0.02306548,0.03235583,0.06633465,0.02389469,0.02282211,0.02669935,0.04924137,0.0152406,0.03308837,0.02103972,0.02119042,0.04792217,0.05045234,0.003597279,0.03453016,0.07535655,0.06078678,0.01256732,0.0187474,0.04922697,0.05698808,-0.04218202,0.0406734,-0.04169428,-0.02736685,-0.02754691,-0.004006268,0.006537918,0.03256173,0.04685133,-0.01465963,0.04852077,-0.06274156,0.06438924,0.05138206,-0.02340251,0.02364009,0.02274845,0.05259522,-0.003837825,0.03403174,0.06838464,0.02973381,-0.01558684,0.06371752,0.0432842,0.04928726,0.02594878,0.04880935,0.05193631,-0.0381896,-0.007011579,0.06962512,0.04333843,0.01192617,0.05756474,0.05733997,0.06376917,0.06258948,0.06532721,0.04428915,0.06610173,0.04445891,-0.02100785,0.03174996,0.05756731,0.009733132,-0.01410923,0.04846775,-0.02117397,0.05655386,0.02410086,0.04572402,0.03152353,0.06332587,0.06935048,0.03180496,0.05705108,0.0658684,0.04499392,alERC,sub-S21,g,randomWalker7,freq01234
0.005178394,0.04459506,0.05091419,0.04036511,-0.005198298,0.02475155,0.02364405,-0.06826349,0.03620708,0.009997704,0.06770051,0.0003734731,0.008916527,-0.04345851,0.0312844,0.03818247,0.03739996,0.02715563,0.02625057,0.005919558,-0.00863567,0.01341676,0.005584888,0.0288919,-0.04260314,0.02182453,0.01280667,-0.01956158,-0.011449,0.01396511,0.04392049,-0.04784784,0.02718051,0.01185739,0.06861745,0.01611044,0.01116985,0.04841238,0.03192398,0.01279505,-0.02976744,-0.001103869,0.06739954,0.01532148,0.02858518,0.05910087,0.03649831,0.002439053,0.03228965,0.05564234,0.0691846,0.03734487,0.02795552,0.03404418,0.04619683,0.04348087,0.02389397,0.01735442,0.0178327,0.03738244,0.02772042,-0.02281804,0.02343441,-0.015594,-0.03574967,0.006519284,0.04764957,0.02903407,0.009644545,0.02257807,0.006643809,0.01925682,-0.029274,0.02214073,0.0279232,0.005890011,0.0322588,0.02317523,0.02022187,0.02251801,0.007524284,0.05823588,0.04054501,-0.001081098,0.02676112,0.008525668,0.03164412,0.0189873,0.02151435,0.04586925,-0.03646023,-0.001464499,0.04251487,0.02906819,0.006157114,0.02588954,0.02489438,0.05070632,0.02365363,0.0358497,0.02411316,0.02793616,0.02197048,0.04429444,0.02436902,0.02592692,0.03572921,0.04692385,0.02999116,0.006522464,0.01318862,0.02125375,0.0216651,0.0246824,0.02104956,0.0266489,0.05970175,0.02407538,0.02341253,0.0192434,pmERC,sub-S21,g,randomWalker7,freq01234
-0.0005455794,0.03264781,-0.005953975,-0.02222045,0.03420536,-0.07950693,-0.04485367,0.03489118,0.03343911,0.02062289,0.0001650151,0.03617927,0.01296575,-0.03272739,-0.06751994,0.05492381,-0.0068354,-0.04455181,0.006037326,-0.02295017,0.06383835,0.01489424,0.01124827,-0.01016618,0.02485513,-0.008592325,-0.0007429248,0.03958828,0.05927928,0.06808739,0.01136503,0.04401137,0.01523989,0.001819422,0.05521626,0.0514226,0.06283213,0.03197691,0.04757395,0.05276807,0.01924315,0.009285809,0.03086417,0.03086044,2.804611e-06,0.00584164,0.05766797,0.03666157,0.05387641,0.02919369,0.002858947,0.002528352,0.04801425,0.005314953,0.04811338,0.0728849,0.05221515,0.03227527,0.04162099,0.05316621,0.05608113,-0.04856868,0.04554557,-0.04082184,-0.002321126,-0.008458893,0.006746104,0.02237771,0.031717,0.05003712,-0.01358271,0.05050175,-0.06339504,0.06561944,0.05443798,-0.02914556,0.03134422,0.03330501,0.0544867,0.007154027,0.03481779,0.05465756,0.03014733,-0.03149064,0.06416734,0.04509198,0.05032805,0.04460282,0.04967899,0.05087659,-0.005946655,-0.001126875,0.0643352,0.04401198,-0.03169262,0.06395452,0.06102786,0.05385158,0.06396757,0.05805532,0.04584182,0.06882583,0.04194349,-0.01148261,0.01918775,0.0549931,0.01791227,-0.01429634,0.04566406,0.00273542,0.05728227,0.02802014,0.04671345,0.03803325,0.06753594,0.06782185,0.02828597,0.05909183,0.06242398,0.05319256,alERC,sub-S21,g,randomWalker8,freq01234
0.03558037,0.008726286,0.05042663,-0.01088298,0.04364711,-0.04065583,-0.001822079,0.02010768,0.02109702,0.004565612,0.01821738,0.003304326,0.0007191007,-0.01820181,-0.05371678,0.03815335,0.0151771,-0.02580138,0.006032867,0.00264717,0.01297431,-0.003292287,0.01278595,-0.01005324,0.03252123,0.00358084,-0.02347927,0.01787237,0.02455414,0.0414746,0.008469395,0.02321635,0.02102559,0.008001263,0.03416082,0.01071314,0.03313398,0.04712554,0.02357163,0.03349674,0.0043497,0.02470832,0.04690492,0.03138145,0.004302942,0.06459441,0.06207353,-0.004279743,0.04177972,0.03309563,0.04185539,0.03213424,0.03409432,0.03460021,0.05963757,0.05005381,0.01489909,0.0237204,0.02733606,0.02875663,0.03605375,-0.01883885,0.02434788,-0.01687144,-0.02826282,0.01265685,0.05740603,0.0233561,0.005433024,0.02447981,0.01082523,0.01886199,-0.02846673,0.02170069,0.02983589,-0.006258712,0.04008442,0.02347979,0.01978794,0.02439721,0.01109426,0.04539048,0.03568524,0.001141705,0.0287648,0.009987799,0.02983806,0.01466519,0.02122998,0.04298327,-0.01748208,-0.001290592,0.04499572,0.0266882,-0.02123469,0.02581336,0.02725577,0.06283407,0.0247097,0.04767979,0.02529538,0.03004748,0.01946696,0.044693,0.02054883,0.02677046,0.03229441,0.03837916,0.02992084,0.00988235,0.01421355,0.02145576,0.02077271,0.02637792,0.02237796,0.02804908,0.05796667,0.02582058,0.02248248,0.02171493,pmERC,sub-S21,g,randomWalker8,freq01234
-0.02239932,0.05729288,-0.004668956,0.01784539,-0.06615622,0.05618207,0.06646447,-0.07205011,0.01330615,-0.004580733,-0.01331521,0.0378499,-0.01341288,0.001277548,0.05178891,0.06900785,0.01435676,0.08105256,-0.00615168,-0.009180631,-0.02922611,0.006529468,0.02118481,0.01554058,-0.05736243,0.04154738,0.03719652,-0.0524224,-0.02184101,0.04593888,0.01836909,0.02748343,0.02562088,-0.001117303,0.02622335,0.06331729,0.06510911,0.03521635,0.04325399,0.03363588,0.002057149,0.03413991,0.02929491,0.03408656,0.06043601,0.0008523573,0.05299309,-0.003576667,0.04719007,0.01695429,0.01027929,0.004342212,0.04728426,0.02646158,0.05826363,0.07117848,0.04894806,0.01223647,0.04566642,0.05820978,0.0524241,-0.04274523,0.04755725,-0.05348439,-0.03112138,-0.007860874,0.0007750983,0.0291,0.02959498,0.05049366,-0.01731526,0.05325039,-0.06391765,0.06641755,0.05835915,-0.02823747,0.02362025,0.03270956,0.05206563,0.0251736,0.04938537,0.04313319,0.04061698,-0.0349704,0.06397022,0.0493009,0.04795463,0.03222141,0.05339519,0.05217609,0.0005046989,0.002788333,0.06545944,0.04313224,-0.02322563,0.05784647,0.05678606,0.05514416,0.06181194,0.05591122,0.04191766,0.06637792,0.04994163,-0.01331895,0.01116696,0.05891416,0.01943092,-0.01561359,0.0493249,-0.01758506,0.05744617,0.03188227,0.04975774,0.03498096,0.06308828,0.07053017,0.03217595,0.05737302,0.06500506,0.04582791,alERC,sub-S21,g,randomWalker9,freq01234
0.02160565,0.04824298,0.053452,0.05635347,-0.08983672,0.06517573,0.06607428,-0.05261107,0.03287709,-0.02140833,0.03290295,0.05303782,0.04150609,-0.01961622,0.06395093,0.04946943,0.01766287,0.05892676,0.01154922,-0.02855365,0.009573827,0.02204349,0.02049609,-0.01093878,-0.04063433,0.04728273,0.06715925,-0.03901194,-0.01930952,0.02025114,0.003702579,0.02992687,0.03208501,0.0008795277,0.004782519,0.02099486,0.03483719,0.03530952,0.01856572,0.04148244,0.007584081,0.06252287,0.04492691,0.02515581,0.04640663,0.04023382,0.06127679,-0.02163379,0.04198751,0.01684796,0.04333984,0.04228824,0.0324722,0.04443461,0.06637861,0.05057639,0.01109193,0.004359579,0.0293655,0.0217777,0.04345807,-0.02110392,0.02704412,-0.01217985,-0.03544687,0.01002102,0.05228382,0.02529155,0.004604112,0.02774654,0.00614943,0.01786534,-0.03227918,0.02455947,0.0322013,-0.02224,0.03487993,0.02497364,0.02367025,0.03423487,0.0203091,0.05729926,0.03292256,-0.0004520797,0.0285486,0.01164634,0.03282043,0.0236531,0.02448674,0.04804801,-0.01322729,0.001331,0.0453473,0.02910162,-0.02080066,0.02561333,0.0293504,0.05528941,0.02519917,0.04768103,0.02288148,0.03146771,0.02192593,0.05060513,0.02114084,0.0252523,0.0317195,0.03911074,0.0280546,0.01247982,0.01610907,0.02215013,0.0209024,0.02717364,0.0275149,0.02864149,0.06128297,0.02560079,0.02365996,0.02294321,pmERC,sub-S21,g,randomWalker9,freq01234
0.04638501,0.06363024,0.065498,0.03563841,0.03632845,0.0349081,0.04064042,0.01260171,0.04113705,0.03501486,0.02978701,0.02068701,0.01624848,0.0001232949,-0.007927248,0.01639528,0.03725677,-0.008211215,-0.002962398,0.009537493,0.02432916,-0.009207835,0.02061485,0.04592835,0.02582172,0.0002308142,-0.007232201,0.02671958,0.004234656,0.02369806,0.02308162,0.007713818,0.02003545,0.01093807,-0.01430117,0.003082416,-0.008223359,0.03455919,-0.002729857,0.01268105,0.008027339,-0.006702867,0.05539153,0.01142313,-0.02575148,-0.002624566,0.03516397,0.03366689,0.002109975,0.05343258,0.002094301,0.03768497,-0.002940279,-0.03901333,0.0005623772,0.0400137,0.008198295,-0.003760898,-0.007561413,-0.003454015,0.01995202,0.007885208,-0.009708604,0.02104562,0.04002601,-0.01938255,0.06198609,0.0149459,-0.006999645,-0.004548368,0.04451631,-0.001810614,0.01769622,-0.001042504,-0.004306037,0.03388181,0.02388181,-0.01335135,-0.01871307,0.005077221,0.01077093,0.02594984,-0.00773473,0.01739882,-0.003242255,0.005802699,-0.002638309,-0.02033066,0.007896667,0.04676842,0.0396753,0.05611389,0.02593664,-0.0001243499,-0.0120259,-0.008207651,-0.005939621,0.005231073,-0.007032212,0.01264787,0.002474467,0.008363367,0.01888873,0.04909037,0.0437059,0.005634471,-0.001693169,0.06752402,0.0002461454,-0.0001547044,-0.005077018,0.005930135,-0.008503521,-0.01032883,-0.008523314,0.01350817,0.06735862,-0.005479284,0.01844685,-0.0005219764,alERC,sub-S23,g,randomWalker0,freq01234
0.01750161,0.04588792,0.05340471,0.03328925,0.01339042,-0.002731422,0.01872359,-0.02105474,0.03554527,0.02573455,0.03264511,0.002337021,0.03541448,-0.01383492,0.0005460396,0.01480175,0.04241042,-0.00467965,0.01539971,-0.005679043,-0.008438718,-0.01322179,-0.01337405,0.0213255,-0.007905809,0.009684339,-0.0083006,-0.001100557,-0.01217528,0.01067747,0.003138973,0.001821784,-0.008604987,0.004698493,-0.01808588,0.003408925,0.002537203,0.02221714,0.001840648,0.01348144,0.001206227,0.02060713,0.03372777,0.001259897,-0.03129715,-0.007929346,0.03248336,-0.005233801,0.01347828,0.04699081,0.001121473,0.03335545,0.001428781,-0.007517233,0.0188577,0.02457614,0.002512617,-0.003998757,0.009079941,0.001450035,0.005098991,-0.006663254,0.02387126,-0.007631705,0.01334227,-0.007541609,0.03808731,0.03859148,0.009790695,0.01056306,0.01253749,-0.001855346,-0.001959062,-0.001068541,0.001829699,0.01230878,0.01431018,-0.005461656,0.005106483,0.001601927,0.01544622,0.00481505,-0.03403843,-0.01622549,0.005853861,-0.003130255,0.00275409,0.01899386,0.000535583,0.03223218,0.009653241,0.03507403,0.01951607,0.006936232,0.01935461,0.0124805,0.003481148,0.01128588,0.006442468,0.01329171,0.006568334,0.008834052,0.004577223,0.04728347,0.02686804,0.001547869,-0.008701523,0.06214608,-0.0003159735,0.0002387754,0.003789582,-0.006896576,-0.002086261,0.003139782,0.008511986,0.006951275,0.05180383,0.002256776,0.0101107,0.0039905,pmERC,sub-S23,g,randomWalker0,freq01234
0.05719722,0.06931121,0.06519835,-0.007902373,0.04679062,0.05655668,0.02721462,0.0271394,0.07059757,0.03875602,0.0563954,0.02098797,0.004608824,-0.001451477,0.02687145,0.03832432,0.04321241,-0.01361172,-0.01716702,0.03388159,0.06502022,0.008993578,-0.0119595,0.01938714,0.03791345,0.06635405,0.04614023,0.05220488,0.03187515,0.05901334,0.009557799,0.03391208,-0.03942186,-0.00673447,-0.006517265,0.001418596,-0.002685162,0.02412922,0.003953236,0.03026034,0.0329679,0.009601678,0.04813256,0.01609345,0.009408586,-0.001893225,0.03210252,-9.41619e-05,-0.001897201,0.04266395,0.007076846,0.0347609,0.001938498,-0.01278478,0.003847575,0.02918425,0.008806824,0.01599449,-0.007089985,0.01140427,0.009649193,0.01578885,-0.007329635,0.01523654,0.03961894,-0.01866392,0.06117682,0.0375834,-0.005918026,-0.002172438,0.04631317,-0.0007336669,0.02332914,0.004541554,-0.005651513,0.03701214,0.02512043,-0.01046577,-0.02051153,0.01122553,0.01146518,0.02857531,-0.03624192,0.02209466,-0.001323709,0.003488289,-0.001034883,-0.00403287,0.01151607,0.04838545,0.01578945,0.03806476,0.03487464,0.00616804,0.01975053,-0.005783306,-0.003068542,0.01963157,-0.003988049,0.0171525,0.007171647,0.005586137,0.01955255,0.0600642,0.03946165,0.00967302,-0.0001815967,0.064041,0.004446397,-0.02307885,-0.002631987,0.004231005,-0.006729162,-0.008236802,-0.009227709,0.01405665,0.06593258,-0.004983475,0.01342256,0.0001514237,alERC,sub-S23,g,randomWalker1,freq01234
0.01386433,0.06256508,0.05359895,-0.0229876,0.02997236,0.0697398,0.003991108,0.002307502,0.05865234,0.02472454,0.04824734,0.01428839,0.003535341,-0.02085915,0.05319289,0.02433171,0.02675384,-0.01643764,-0.005195762,0.008345739,0.04523638,0.000838689,-0.01361592,0.004231983,0.02786483,0.04541418,0.05008252,0.03131375,0.004153175,0.04062526,0.00755462,0.02470844,-0.01718579,0.0304222,-0.0096526,0.01737036,0.008587782,0.005566322,-0.00299005,0.02172511,0.01100698,-0.002768036,0.0228281,-0.01431741,0.02260922,-0.01660358,0.02626128,0.004949463,0.01685354,0.0289376,0.01317193,0.0086023,0.002542105,-0.006901066,0.0047112,0.01863828,-0.001870177,0.01659568,0.03035982,-0.00144197,0.006830144,0.007855567,0.03084116,0.001511804,0.03313577,-0.006057388,0.02062218,0.05134558,0.0103562,0.008939497,0.01104428,-0.001891861,0.0107692,0.003549719,0.004595327,0.02794925,0.01669941,-0.00745113,-0.008309586,0.003449102,0.02143674,0.00991552,-0.05917529,-0.02238699,0.005948671,-0.00544846,0.001295265,0.02634878,0.002637274,0.03169253,-0.00731241,0.01904131,0.0218385,0.007617956,0.02236411,0.01306113,0.004683488,0.01435674,0.008451791,0.01443553,0.006899925,0.004628477,0.00308861,0.05291679,0.01968027,0.002216068,-0.01242306,0.05521549,0.001601584,-0.02641027,0.00546714,-0.009667735,-0.00242671,0.002024192,0.008562721,0.005963241,0.04982758,0.00148225,0.005066283,0.000795313,pmERC,sub-S23,g,randomWalker1,freq01234
0.06892537,0.008087313,0.06570754,0.05824235,0.02984727,0.04603401,0.04274613,0.02440426,0.005437244,-0.004457678,0.05193391,0.01242746,0.05435951,0.01941443,0.03592921,0.02363205,0.03520466,0.03385449,-0.02951845,0.01057986,0.05439884,-0.01116267,0.03099977,-0.004344549,0.03974488,0.01378679,0.04902919,0.03389375,0.01391613,0.0218476,0.04896974,-0.03192253,-0.01088185,0.01045702,0.01371068,0.01030616,0.004997785,0.0157212,0.0006132166,-0.006411247,-0.02082606,-0.001881892,0.04002435,0.01551882,-0.02671481,-0.0002092001,0.04865609,0.04439881,0.008621758,0.04055912,0.04190522,0.01293148,0.01958059,-0.02911521,-0.01039845,0.02398923,0.01116813,-0.006664977,0.01628771,0.01667036,0.01506443,0.006514532,-0.01537949,0.01757684,0.04748354,-0.01069959,0.06333591,0.0166012,-0.004453619,0.00255542,0.04886179,0.003285993,0.02349538,0.002856098,-0.001569143,0.02763731,0.04431188,-0.01165882,-0.008739321,0.01869461,0.009883537,0.019911,4.178046e-05,0.02184169,0.003908318,0.00795179,0.0263989,-0.006323457,0.01308099,0.04272687,0.0237295,0.05059266,0.02626261,0.01081932,-0.01797468,-0.000557454,0.001864071,-0.001244717,-0.001094051,0.03054283,0.0133643,0.02601581,0.01649648,0.05590192,0.05533855,0.009819987,0.006180598,0.06398549,0.001805535,0.01326394,0.003426667,0.008828136,-0.003989876,-0.001714395,0.007017107,0.0193551,0.06555299,0.003195973,0.02914077,0.01781964,alERC,sub-S23,g,randomWalker2,freq01234
0.05021835,-0.01079065,0.0541447,0.03691195,-0.003690252,0.03280896,0.02733204,0.01390049,0.000620171,0.01277331,0.02754059,0.004010248,0.04973306,0.007671383,0.01674643,0.02054973,0.03808191,0.02133416,-0.02580458,-0.004403379,0.0360742,0.02049105,0.01060654,-0.005161002,0.01709987,0.005399381,0.03026612,0.02012319,0.02306462,0.0204147,0.03683876,-0.04729717,-0.001877773,0.04621607,0.01579234,0.01443296,-0.004582252,0.0140755,-0.0003786053,0.02359809,-0.007834928,0.002545315,0.03342948,-0.0165558,-0.01596953,0.0236513,0.0291893,0.0187892,0.01305425,0.03020701,0.02755449,-0.01110808,0.0107283,-0.00364251,0.00417146,0.01496119,0.008811036,-0.004482172,0.02511014,0.006532024,0.0008515595,-0.003568563,0.03065494,-0.003544251,0.02822281,-0.005555157,0.03452251,0.03530029,0.00753441,0.01703491,0.01172119,-0.00138501,0.008249818,0.006010688,-0.001955032,0.02639053,0.02767884,-0.00863871,-0.008437898,0.002256451,0.01235879,0.009089172,-0.02773297,-0.01767516,0.008070394,-0.004751397,0.02221462,-0.00309251,0.005148144,0.03058137,-0.001134505,0.03338938,0.01704344,0.01169489,0.02177816,0.01412764,0.01030611,0.006828769,0.009177365,0.02506836,0.01144215,0.01660606,-0.002503997,0.05180432,0.03073652,0.0006228067,-0.005550251,0.05181385,-0.003165565,-0.02679281,0.005510007,-0.004321625,-0.001175915,0.009043119,0.004939072,0.006074568,0.05072921,0.005173874,0.01302151,0.001731583,pmERC,sub-S23,g,randomWalker2,freq01234
0.01775201,0.04934411,0.06546222,0.05503406,0.05742601,-0.01839383,0.03377787,0.03714281,0.04310324,0.009315782,0.06628583,0.02631813,0.01448626,0.02025333,-0.00604411,0.02610807,0.04094585,0.004627714,-7.432433e-05,0.045795,0.03066295,0.00835676,0.01942985,0.006140652,0.05119586,0.03575326,-0.02018716,0.03883148,0.02104722,0.0305732,0.04735187,-0.02617018,-0.002005959,0.0004910031,0.03548251,-0.0006734106,0.004595234,0.02356704,-0.006308452,0.006198037,-0.008919108,0.003744297,0.06000368,0.008111396,-0.01945876,0.01192471,0.04701181,0.02938606,0.001337353,0.05044236,0.04941926,-0.0009056986,0.005246896,-0.02131059,0.03510701,0.02219777,0.00373194,-0.003086266,0.01685009,0.004870552,0.02331505,0.01274965,-0.01587534,0.02115909,0.05580624,-0.0101606,0.04152387,0.02160302,-0.01066041,-0.004760865,0.04265297,-0.002510097,0.02161038,-0.001416104,-0.005251754,0.01648644,0.03541255,-0.01301249,-0.01769511,0.006981213,0.01841795,0.02472314,-0.004793227,0.0117991,-0.002758044,0.0009727257,-0.003951225,-0.001544163,0.01492953,0.05383633,0.005748693,0.023912,0.03987342,0.002895736,0.02529033,-0.01212228,-0.007426821,0.04746443,-0.008434488,0.033778,0.006209978,0.004205045,0.01328827,0.06124679,0.04413434,0.008096193,-0.003027752,0.06560656,0.002944191,-0.007874603,-0.002289987,0.002041058,-0.009272305,-0.005035353,-0.01356246,0.01482175,0.06476612,-0.006509334,0.01481759,0.002832995,alERC,sub-S23,g,randomWalker3,freq01234
-0.01668435,0.03827946,0.05416705,0.02899006,0.03418267,-0.009707229,0.0132489,0.00592221,0.03913602,-0.01470891,0.04115501,0.008712855,0.01599834,-0.01172553,-0.01638731,0.02374624,0.02319117,-0.01441644,-0.02213682,0.03166803,0.01372706,-0.01588946,0.002680769,-0.02545953,0.02405536,0.0293788,-0.01824762,0.01624424,0.002401665,0.0191787,0.03978636,-0.04851972,0.0003061632,0.02598688,0.03357936,-0.000848445,-0.001548383,0.0204883,0.0005984995,0.02985025,-0.01075974,-0.009413665,0.04499578,-0.0113167,0.007571294,0.02378195,0.02774796,0.00828956,0.01039186,0.03490811,0.03469711,-0.01448909,0.005412894,-0.001495379,0.02021985,0.01338448,0.006156685,-0.01235325,0.02739681,0.007950277,0.005459811,-0.001333218,0.02819446,-0.003030228,0.02468623,-0.004447275,0.02591224,0.04197498,0.008618529,0.01670055,0.005844999,-0.0003473203,0.005343135,0.003295331,0.003615072,0.02298707,0.02160059,-0.001814243,0.008755461,0.006056888,0.01933008,0.00860407,-0.03021159,-0.02426645,0.009776884,-0.005269025,0.002729693,0.03519502,0.004897313,0.03707062,-0.009375886,0.01079547,0.02803898,0.008597931,-0.004547273,0.02146048,0.005824102,0.0276187,0.01257865,0.02456187,0.01066789,0.007941777,0.0005136135,0.05560344,0.02275801,0.004739439,-0.006528989,0.0576898,0.005605134,-0.04073346,0.007978777,-0.006026474,0.0004992028,0.0060297,0.009995065,0.007534234,0.05000848,0.00438789,0.006362609,0.007263449,pmERC,sub-S23,g,randomWalker3,freq01234
0.0669838,0.04979745,0.06636662,0.04060924,0.02224082,0.08672231,0.05490822,0.04780436,0.02950603,0.03756452,0.01352215,0.02463982,0.04728158,0.006763837,0.08880049,0.01572739,0.04830513,0.05671054,-0.02114212,-0.00348114,0.06109935,0.007102325,0.02583045,0.009871804,0.06199064,0.02235482,0.06255376,0.04859183,0.02762699,0.01116236,0.03431951,-0.03468481,-0.008641523,-0.01064077,0.02837857,0.004938632,0.001404896,0.01614484,-0.005645143,-0.01390795,-0.01827047,-0.0008356624,0.0472783,0.007082335,-0.01473907,-0.006214113,0.04086999,0.01340691,0.003981268,0.07702605,0.03389691,-0.02812351,-0.001195222,-0.04420362,0.01692717,0.02878569,0.003841624,0.004554406,0.008853794,0.003689052,0.01843341,0.004388931,-0.01161997,0.02857374,0.04897402,-0.01216211,0.06776144,-0.001197209,-0.009391028,-0.0038261,0.0354092,-0.005694542,0.02524804,-0.0007062522,-0.007079254,0.01574726,0.0460767,-0.01387513,-0.01840136,-7.559625e-05,0.009133001,0.03746241,-0.003537524,0.00930429,-0.00331486,0.0005068454,-0.003028408,-0.01058758,0.007476062,0.05669951,0.01016674,0.03959735,0.04087004,0.001845101,0.0246774,-0.0108698,-0.006555294,0.02635895,-0.008403497,0.03815543,0.005203782,0.006322308,0.01440183,0.07325156,0.0489363,0.00745871,-0.004338215,0.04162403,0.0005301977,-0.01841389,-0.00387642,-0.0009025271,-0.01035795,-0.009841576,-0.01024696,0.01521779,0.06983265,-0.006195755,0.01571612,0.0006628287,alERC,sub-S23,g,randomWalker4,freq01234
0.04003993,0.05516125,0.05373179,0.04363244,-0.0002574481,0.07981716,0.0502697,0.03827775,0.009971743,-0.01352803,-0.01385342,0.02334331,0.05708658,-0.01474872,0.07963169,0.01707472,0.0418286,0.05960478,-0.01749657,-0.03214888,0.06048724,0.04591708,-0.01190277,-0.002921682,0.04442886,0.02808797,0.07034967,0.04239374,0.03496419,0.02026846,0.02385962,-0.03378255,-0.006644176,0.01262051,0.04195464,-0.00110667,-0.003731943,0.01273173,-0.001243807,0.03129251,-0.02046516,-0.007671342,0.0361542,-0.01951479,-0.0009867627,0.02169771,0.02217952,-0.007666671,0.009977813,0.04953858,0.02542262,-0.01145393,0.00321419,-0.008031139,-0.0003796369,0.01594702,0.004581307,-0.01451064,0.02032162,0.003153308,0.00295994,0.00284612,0.02546952,-0.000532717,0.02040182,-0.005799367,0.03988265,0.0323114,0.01048559,0.01234295,0.0001055942,-0.003330594,0.008140088,0.001356285,0.003164578,0.01527772,0.02662824,-0.002897021,0.007534727,0.00366585,0.01971319,0.01042526,-0.01930514,-0.02105004,0.006908847,-0.004676643,0.0006319036,0.01763035,0.004055158,0.03765571,-0.01091913,0.02097291,0.0260887,0.005374916,-0.004201889,0.01404567,0.003303006,0.01551189,0.009339847,0.02713057,0.005732656,0.005315111,0.003318365,0.05917373,0.02604244,0.002671268,-0.007571667,0.04331845,0.0003649045,-0.01440915,0.004157234,-0.005742606,-0.0003606688,0.001429007,0.007758162,0.007512935,0.05258542,0.001766301,0.007185302,0.001521833,pmERC,sub-S23,g,randomWalker4,freq01234
0.03475238,0.02439062,0.06698436,0.01476152,0.02792591,0.005989997,0.009699687,0.03491961,0.01096925,0.04739178,0.01057773,0.004724755,0.0428878,0.04640547,0.006134479,0.02163161,0.04061397,0.01327449,0.007861069,0.03685576,0.01718191,0.0159856,0.004705522,0.03835784,0.02446362,-0.00134425,0.005623896,0.03580028,0.01519835,-0.01383204,0.007353232,0.03885386,-0.01585701,-0.01101944,-0.001963846,0.002304202,0.0001578064,0.01953216,0.006623995,0.01103801,0.02694659,-0.01777205,0.04976352,0.01846502,0.04840771,-0.004390378,0.051841,-0.01001699,-0.01145048,0.05051661,0.0001169891,0.04952322,0.004457806,-0.04484998,0.02016466,0.03090071,0.00519819,-0.005831964,-0.00758704,0.01800737,0.02490267,0.008056381,-0.009580131,0.02196213,0.05115202,-0.01907793,0.06826665,0.002361254,-0.004158511,-0.001391817,0.03314805,-0.002092868,0.02507358,0.003705168,0.0001452652,0.01839208,0.03026936,-0.01171453,-0.01407008,-0.004715248,0.01626712,0.03008863,0.007608728,-0.00230273,0.0002302001,0.002595213,-0.002951968,-0.01416623,0.008038117,0.05291136,0.01280152,0.04463768,0.03236637,0.003597688,0.005519324,-0.003188599,-0.004059548,0.004082412,-0.003253382,0.02468163,0.007962997,0.009804937,0.01549381,0.06603723,0.04093901,0.008951356,0.0008389839,0.06505071,0.002481434,-0.004644292,-0.001617831,0.005667065,-0.006744727,-0.007783079,-0.005731448,0.01531521,0.0682493,-0.004209422,0.01653158,0.000648392,alERC,sub-S23,g,randomWalker5,freq01234
0.0257136,0.002052061,0.05365402,-0.0005363593,-0.002612882,-0.02384009,-0.01707926,0.01428008,0.01392131,0.04649981,0.005567726,-0.02785072,0.03521468,0.02266018,-0.01527275,0.01701275,0.03506261,0.005529819,0.005312466,0.01784584,0.001636695,0.003239103,-0.007957746,0.01729314,0.003189745,-0.001223205,-0.02620233,0.01369674,0.01108755,-0.02456004,0.00787394,0.01752809,-0.01401504,0.02171588,-0.0008645771,0.0161544,0.009940611,0.002571512,-0.002801267,0.007794125,0.007149864,0.004289226,0.02272854,-0.01347087,0.0397299,-0.01868468,0.03973755,-0.001621566,0.01014859,0.02994288,0.004554061,0.01769243,0.004836254,-0.006581569,0.01560324,0.01884544,-0.001687178,0.007780523,0.01752202,0.004858752,0.0002948686,0.003115822,0.02243107,-0.002470998,0.01567747,-0.00338512,0.03960124,0.03011319,0.009852418,0.01315509,0.003101069,-0.001951392,0.008281892,-0.0008670484,0.00215155,0.01539929,0.01825909,-0.001374237,0.008746504,0.009767669,0.02130788,0.006388713,-0.01589825,-0.01265981,0.008870337,-0.005684021,0.004058502,0.02213906,0.006556164,0.03587723,-0.01554785,0.02896353,0.02057778,0.009374363,0.01775309,0.01687752,0.006542607,0.01845595,0.009804785,0.01946272,0.008472362,0.01041055,-0.001001943,0.05853675,0.02173537,0.002762185,-0.008699133,0.05873729,0.00132521,-0.01320273,0.006672182,-0.007788421,0.001955453,0.003511774,0.01244213,0.006866761,0.05209492,0.004342782,0.007633838,0.002592061,pmERC,sub-S23,g,randomWalker5,freq01234
4.190286e-05,0.01557774,0.06655362,0.07619511,0.05411903,0.02906591,0.07052474,0.0221424,0.0003915232,0.01552445,0.05562982,0.04749514,0.04092166,0.06269395,0.02778115,0.0231377,0.04788605,0.03167062,-0.02240631,0.06376981,-0.01903255,0.02680084,-0.01531297,0.06687173,0.01580928,-0.001752364,0.03647541,-0.0006907617,-0.001900679,0.0308098,0.01834277,0.03837821,-0.01216738,-0.00743654,0.001838934,0.007457773,-0.006475772,0.0208306,0.003764558,0.01797059,0.02611011,-0.009520373,0.05257827,0.01487423,0.01985943,0.006674244,0.04231464,-0.0510573,-0.007276952,0.05889812,0.001341457,0.05651625,0.001586826,-0.05025112,0.02325368,0.02321653,0.009547181,-0.02375663,-0.01618073,0.01095742,0.01830216,0.007175908,-0.008674282,0.02663261,0.05797676,-0.0151508,0.04128411,0.005353752,-0.00760528,-0.001963618,0.03487213,-0.002600498,0.02757601,0.0006863595,-0.005347562,0.01988337,0.02992615,-0.01292425,-0.01545365,-0.006019826,0.01166299,0.02571069,-0.0001959556,-0.007663353,-0.0008378933,0.003946648,-0.0007207048,-0.01007045,0.004017428,0.05066494,0.02693342,0.04860121,0.03537085,0.008807084,0.00400882,-0.004962537,-0.005258948,0.002017481,-0.005212411,0.02824589,0.00974487,0.008575716,0.01348737,0.05379051,0.05450672,0.007368475,-0.002586055,0.06545831,0.0003041793,0.004345836,-0.002011252,0.00106578,-0.008636741,-0.006434128,-0.008828708,0.01401074,0.0695115,-0.004447945,0.02211032,0.00990861,alERC,sub-S23,g,randomWalker6,freq01234
0.008448065,-0.01538476,0.05373493,0.05874592,0.0464864,0.01170091,0.06598062,0.0263137,0.007335838,-0.01328718,0.03329552,-0.00850461,0.03486316,0.04852526,0.008852764,0.02061461,0.03455521,0.02521768,-0.01782478,0.06275775,-0.03281027,0.02185816,0.008527203,0.05667203,0.01185159,0.02076419,0.02241171,-0.0005875698,0.009671549,0.02470378,0.01149985,0.01653313,-0.0125695,0.01759769,-0.01287084,0.01618433,0.006390698,0.0003825535,-0.005572987,0.01232138,0.006956419,-0.01246969,0.02567289,-0.01577221,0.02428473,-0.02019831,0.03577138,-0.03286902,0.008773566,0.04107433,0.00831164,0.01836434,0.004841444,-0.01307621,0.0258924,0.01771177,-0.002226836,-0.0005790542,0.01879537,9.296062e-05,0.0006034033,0.003445287,0.02473365,-0.003156833,0.0193335,-0.003822712,0.03020766,0.03384217,0.008527174,0.01032827,0.004772644,-0.001481814,0.006948237,0.0007371265,0.0005766809,0.02199864,0.01441405,-0.002308367,0.006686016,0.01350772,0.01928246,0.007341653,-0.02108872,-0.01666103,0.008098614,-0.006162253,0.002271348,0.02126915,0.001153978,0.03537377,-0.005021187,0.03082249,0.02531843,0.009205809,0.018642,0.01146028,0.00453784,0.01848496,0.009326188,0.02554019,0.007997986,0.00810823,0.0002762964,0.049276,0.02932872,0.002889456,-0.009254813,0.05517772,-8.323909e-05,-0.03375875,0.00339167,-0.006080895,-0.0007013055,0.00398023,0.009011398,0.006629935,0.05288178,0.003769214,0.01105412,0.004190936,pmERC,sub-S23,g,randomWalker6,freq01234
0.02153185,0.03693464,0.06654715,0.02190405,0.07398476,-0.01104949,0.05844581,0.03848581,0.06413674,0.0350436,0.03015601,0.02126275,-0.007830141,0.003434489,0.01752219,0.02691547,0.04075916,0.002587157,-0.01754732,0.06458449,0.007866397,-0.01834629,0.001541845,-0.007048451,0.03216328,0.02905258,-0.02398587,0.02505357,0.007779754,0.03269799,0.04650319,-0.03201735,-0.01151154,0.000278626,0.0137247,-0.003064787,0.001154784,0.01834741,-0.004999757,-0.005678281,-0.005802301,-0.002209805,0.05297383,0.01137855,-0.007114171,0.006926692,0.04080522,0.02708824,0.003534544,0.0771203,0.0464013,-0.01686176,0.004872887,-0.02719372,0.0281816,0.02402586,0.005198236,0.004746187,0.003679477,0.007074095,0.009697438,0.007297698,-0.01028578,0.01984207,0.04215173,-0.008694351,0.05704022,0.01302035,-0.007855427,-0.004292091,0.04345703,-0.003986222,0.02396168,0.0001100084,-0.007241372,0.02732897,0.03820888,-0.01209138,-0.01665875,0.008635433,0.01082442,0.02492576,-0.002397623,0.004734199,-0.004530306,0.006275462,-0.001361193,-0.006568546,0.005489076,0.05393159,0.02597741,0.04893121,0.0326135,0.005903222,0.0003294476,-0.0138528,-0.008261248,0.007813865,-0.007982966,0.01404519,0.006111614,0.005669292,0.0198711,0.05438028,0.0463847,0.007271781,-0.000324981,0.07134013,0.001209439,-0.01244648,-0.004819581,0.002694937,-0.009553632,-0.01075395,-0.01283928,0.0131027,0.0697795,-0.007568332,0.0199017,0.008282965,alERC,sub-S23,g,randomWalker7,freq01234
0.01733127,0.03124038,0.05323312,0.01554973,0.05280447,-0.01573496,0.02598316,0.007335578,0.04539282,0.03153582,0.0252159,0.01008263,0.01716211,-0.02234932,-0.02680349,0.02279691,0.03134351,-0.003338269,-0.01616364,0.04658078,-0.006167397,0.00268606,0.001970259,-0.001814305,0.01441349,0.02137932,-0.01708685,0.0064575,-0.009474459,0.01397446,0.03560255,-0.04545059,0.001073468,0.03000596,0.03058666,0.002187684,-0.0005726263,0.01299788,-0.001250303,0.03058836,-0.003690051,9.628572e-05,0.03978887,-0.0203232,0.004265188,0.02365093,0.02086832,0.003043726,0.00577151,0.04491103,0.03391903,-0.01245371,0.004331086,0.001215447,0.01705751,0.01355949,0.005540591,-0.005118449,0.02079045,0.005576355,-1.124851e-05,-0.006187551,0.02770736,-0.003715876,0.02213825,-0.007552788,0.02963532,0.03738951,0.007769526,0.01219605,0.003344651,-0.003358948,0.005460537,0.00287442,-0.0004914104,0.01471204,0.01859041,-0.007631715,-0.002160005,-0.002623773,0.01519787,0.00335714,-0.02892564,-0.0211509,0.007591986,-0.005185552,0.00485377,0.03328298,0.001506541,0.03733285,-0.0001702846,0.02762203,0.02180216,0.0106452,0.0298281,0.01451385,0.006729153,0.0165382,0.01047513,0.020338,0.00785778,0.006420491,0.003665471,0.04882419,0.02320065,0.002439337,-0.01035026,0.06066617,0.0002161585,-0.03467422,0.005354504,-0.008351757,-0.0006794858,0.003021176,0.01010094,0.005359582,0.05100331,0.002945353,0.00868831,0.009898716,pmERC,sub-S23,g,randomWalker7,freq01234
0.007641674,0.01918245,0.06610651,0.04050935,0.06365133,0.02774601,0.0698256,0.03398757,0.03443813,0.02595058,0.04011575,0.02354115,-0.002535288,0.04772251,0.03787839,0.01753664,0.03148753,0.04873407,-0.02227089,0.06254551,-0.0007690386,0.003437846,-0.02550968,0.03177376,0.04158193,0.04183228,0.01203069,0.02660867,0.01504566,0.03766407,0.01933414,-0.006311022,0.01946354,0.002324092,0.001046936,0.0002292853,-0.00563758,0.04039289,-0.006798644,0.02137219,6.669042e-05,-0.02355065,0.07274022,0.003147191,-0.01899814,0.02219481,0.02997559,0.02081995,-0.0005230527,0.0592557,0.0259205,-0.0122842,-0.007376397,-0.04354673,0.01013827,0.04095024,0.01347565,0.004413633,0.00240125,-0.004984543,0.01013644,0.01201136,-0.01298101,0.02215325,0.05228737,-0.0126962,0.05507949,0.009438636,-0.009615409,-0.005127835,0.04239959,-0.003108257,0.02514431,-0.002562281,-0.008926029,0.03183039,0.03701545,-0.01345072,-0.01715969,0.01002951,0.01539323,0.02440997,-0.005901453,0.01017878,-0.00253771,-0.001916795,-0.002203258,-0.01014934,0.005612556,0.05161666,0.01130101,0.03892415,0.03692002,0.001367466,0.03234523,-0.01304964,-0.006277729,0.01539148,-0.007662444,0.03236914,0.003177647,0.006841182,0.01593028,0.05692047,0.04614563,0.009830137,-0.002200376,0.05358518,0.002332171,-0.003323391,-0.005411117,0.003249147,-0.008723509,-0.007923718,-0.01097338,0.01543383,0.06962007,-0.00483292,0.01650584,-0.000716482,alERC,sub-S23,g,randomWalker8,freq01234
0.01218092,-0.005040282,0.05256912,0.0402624,0.0401318,-0.005627229,0.06410163,0.01268882,0.008497124,0.02064143,0.0315455,0.002872047,0.01567973,0.0328174,0.006247767,0.01508266,0.03175446,0.02220024,-0.01616398,0.05514176,0.001847852,0.01969574,0.03198453,0.03374453,0.02661306,0.004377634,0.01442751,0.01449868,0.007399318,0.02008922,0.01188175,0.001114459,0.00332161,0.001565884,0.01347152,-0.007163528,0.0003018647,0.02711532,0.002562165,0.0353844,0.001294216,-0.02358547,0.04787235,-0.002170794,-0.009396442,0.02742288,0.02482281,-0.01622901,0.006694689,0.0417788,0.01237,-0.0008241475,0.004296529,-0.001264751,0.02867377,0.02145645,0.003111222,-0.01914612,0.01321724,0.00461368,0.0001682878,-0.003895749,0.02402835,-0.003263697,0.03117726,-0.005745249,0.03199543,0.03904188,0.005084555,0.01314484,0.00340778,-0.002762249,0.003365371,0.002319326,-0.0001079674,0.01940098,0.01740048,-0.002525505,0.00416276,0.006517128,0.01901076,0.006666253,-0.03154854,-0.02282303,0.006343308,-0.005218757,0.000883238,0.02424948,0.0009370259,0.03366688,-0.009769747,0.02082964,0.02606392,0.005766731,0.0143427,0.01497035,0.005814721,0.01472614,0.007887593,0.02602716,0.005942397,0.005689829,0.003564679,0.04966197,0.02445278,0.003201935,-0.009794688,0.05273729,0.0001366613,-0.02359207,0.006054796,-0.007167605,-0.002945972,0.001590847,0.007585091,0.006806728,0.05166212,0.001718083,0.007892346,0.009837558,pmERC,sub-S23,g,randomWalker8,freq01234
0.04975699,0.02738177,0.0672984,0.05212881,0.03813355,0.06527788,0.03735444,0.06538386,0.01766347,0.01196158,0.01934668,0.06216927,0.04092987,0.01022456,0.06830537,0.02055703,0.01776269,0.03232646,-0.03245733,0.001748915,0.07832273,-0.002976209,0.009735352,-0.002466755,0.06972834,0.01820496,0.05978971,0.06330677,0.05250999,0.01071207,0.02050521,0.002467766,0.02872464,0.009048596,-0.01156453,0.004516293,-0.00479306,0.03356326,-0.003321282,0.01244576,0.01115951,-0.03191513,0.07063583,0.003611326,0.002619979,-0.02165703,0.0302248,0.037642,-0.006137685,0.0529802,0.02438421,-0.02112412,-0.007046559,-0.03995878,0.02148396,0.0442372,0.009085198,0.007866891,-0.0004934719,-0.002141052,0.02335959,0.01381806,-0.01608968,0.02253979,0.05580894,-0.0113923,0.06995822,0.002379428,-0.001871548,-0.003040863,0.03320522,-0.002038167,0.03017924,2.18475e-05,-0.007273931,0.02551557,0.02937847,-0.0139375,-0.01407714,-0.001530791,0.01223746,0.05246676,0.007682232,0.007184587,-0.003727325,0.002509663,-0.003723593,-0.00944159,0.006872175,0.05393747,0.008102912,0.04118111,0.04286705,0.0008423402,0.02844779,-0.01691493,-0.007190297,0.01003355,-0.008448464,0.02879907,0.006591649,0.004495322,0.01744333,0.06481389,0.04858639,0.009164194,-1.321018e-05,0.06355782,0.003215282,-0.009016208,-0.003074603,0.002439051,-0.008378143,-0.01077143,-0.01320656,0.01577737,0.06829602,-0.006880035,0.01720459,0.00631217,alERC,sub-S23,g,randomWalker9,freq01234
0.04673178,0.01547469,0.05350522,0.04419905,0.01589017,0.05123666,0.02821065,0.04823294,0.005185824,-0.006521326,0.009303706,0.03841525,0.0550473,-0.01175935,0.05305089,0.01928872,0.02466819,0.02577317,-0.01992242,-0.01292114,0.07457437,0.01539194,-0.005019233,-0.01640406,0.05045914,0.002565237,0.05043097,0.05482363,0.0527786,0.03571648,0.003709096,-0.003128215,0.002392596,0.00106872,-0.0100877,-0.003806513,0.005815578,0.02152037,0.004762801,0.02110169,-0.002160085,-0.01447107,0.03863877,-0.001236262,0.006425406,0.007534739,0.02716366,-0.00705878,0.007117271,0.03682225,0.01816409,-0.01195891,0.0041646,-0.007552645,0.02898912,0.02254405,0.003885486,-0.03213184,0.01935925,0.005475539,0.00496715,0.001602909,0.02488007,-0.004045686,0.01850989,-0.002679883,0.04179659,0.03378922,0.0125722,0.01477389,0.001567686,-0.0002643055,0.009483397,0.005691783,0.002325205,0.01396939,0.01544776,-0.002021583,0.004104537,0.01326244,0.0230191,0.01879347,-0.0219919,-0.01661531,0.009195196,-0.00273858,0.002419693,0.0327019,0.002531004,0.03569223,-0.009853142,0.02389185,0.02752399,0.00708365,-0.002918842,0.01550054,0.007880972,0.01666967,0.01226197,0.02453637,0.009137584,0.007929711,0.005231815,0.05372222,0.02452081,0.0046953,-0.009277848,0.05167221,0.00205195,-0.03223047,0.00733483,-0.005831586,0.001339621,0.003352503,0.01281704,0.009139932,0.04956084,0.004899101,0.009597041,0.009603875,pmERC,sub-S23,g,randomWalker9,freq01234
0.03433402,0.008068078,0.03359513,-0.02006398,-0.0257392,0.01438538,-0.009311073,-0.01097624,0.0368344,0.01599567,-0.002917161,0.05072016,0.01760744,-0.04784502,0.03718316,0.01349255,0.02741578,-0.01200861,-0.003443976,-0.0402469,-0.04636811,0.0003416421,0.02666186,0.0320227,-0.01814397,0.01141889,0.005212701,-0.02924179,-0.00987316,-0.0003711028,0.0274318,0.006278093,0.039168,-0.001604042,-0.02802126,0.01891219,0.0211591,0.02383003,0.01971529,0.008479913,0.01863898,-0.00970483,0.0278971,0.03048989,0.02768674,0.007940969,0.02906919,0.02323854,0.00119699,0.01999277,0.004883958,0.01401413,0.0009432159,-0.002470374,0.03838592,0.04512957,0.01796476,0.04217717,0.008608088,0.04241753,0.02427371,-0.01644387,0.002080885,-0.0004861839,-0.02923111,-0.04145793,0.04243422,0.01540058,0.02045403,0.01104856,0.03934645,0.01574648,-0.02278274,0.0190582,0.01295577,0.0355976,0.002034927,0.0008287557,0.02490835,-0.02020815,0.02440161,5.885054e-05,0.02008198,0.0386286,0.01814847,0.04023232,-0.01793446,0.01657617,0.03377534,0.01661789,0.004448243,0.02703496,0.03393671,-0.01143163,0.02496313,0.01900905,0.01980289,0.03263183,0.01556085,0.01134288,0.002041121,0.02148607,0.04923174,0.02970651,0.04357314,0.0293133,-0.008819879,0.04367206,0.01522832,-0.008061456,0.03153392,0.01419834,0.01543333,-0.01075317,0.01368439,0.04464475,0.03129038,0.01617171,0.04155227,0.002244759,alERC,sub-S24,g,randomWalker0,freq01234
0.0276724,0.004168241,0.03471004,-0.03361649,-0.02637779,0.006614633,0.01474169,-0.02753599,0.05648262,0.01779529,-0.009095202,0.0582039,0.02911804,-0.04745838,0.04328296,0.005043205,0.01071655,-0.02030393,0.003305597,-0.02210559,-0.03251541,0.02029299,0.007917508,0.04545614,-0.01943556,0.0366536,0.00807984,-0.03374126,-0.02399643,-0.01952228,0.02749856,0.02971176,0.04385217,0.04903524,0.01223468,0.02767177,0.03027538,0.01682266,0.025483,0.01698705,0.04059072,-0.008807465,0.01450256,0.01840792,0.05695638,-0.002114623,0.01887351,0.05564274,0.004201192,0.01338239,0.01108149,0.02667299,0.003828374,0.0004240099,0.02466871,0.04508243,0.02765481,0.03773003,0.02952726,0.04225091,0.02742814,0.01664679,0.03634141,-0.007666559,-0.008102537,-0.05316598,0.02081042,0.05689236,0.05830104,0.03913682,0.01913346,0.01606977,-0.01461629,0.04199754,0.02973116,0.02751844,-0.007643207,0.008939194,0.05089783,-0.01007272,0.05347526,-0.01106782,0.01146266,0.02931982,0.02653542,0.03527908,-0.01649601,0.05150906,0.06251787,0.005354266,0.01041938,0.02722715,0.03195443,-0.01344852,0.05404575,0.04275421,0.03938809,0.04010009,0.03007353,0.02056074,-0.004069337,0.0249843,0.03182672,0.04258471,0.036103,0.02363912,-0.00544149,0.04592856,0.008471997,0.007184768,0.05588817,0.02507572,0.0252322,-0.01157658,0.03294795,0.04864747,0.01669624,0.02373148,0.04148488,0.02925949,pmERC,sub-S24,g,randomWalker0,freq01234
0.05578249,0.03508208,0.03778699,-0.04025821,-0.02559699,0.00919173,-0.03737309,-0.00993182,0.03890271,0.0459214,0.02840933,0.03139093,0.01098086,0.01299597,0.01872007,0.01413693,0.04169968,-0.008199908,0.007578255,-0.04542614,-0.02243747,0.01812841,0.01362974,0.04043278,-0.005536904,0.01015545,0.03111026,-0.02730411,-0.02202459,-0.0394132,0.02066311,0.04826678,-0.04394184,0.01579675,0.007976674,0.02501257,0.0258086,0.01719356,0.01056518,-0.006534754,0.03969565,-0.0158846,0.02890601,0.02919742,0.02554193,0.008233148,0.03010266,-0.00776825,0.009750577,0.03530793,0.02987105,-0.01306383,0.0153154,0.01807118,0.04527592,0.03305907,0.01061131,0.04499057,0.01219076,0.004677159,0.02449338,-0.04642801,0.01439568,0.009164056,-0.01158132,-0.03984967,0.044353,0.02120217,0.02318441,0.01745979,0.0337503,0.02186498,-0.01350631,0.01761033,0.0228807,0.03896977,-0.005230397,0.01004466,0.02849538,-0.006527196,0.02840338,0.004071524,0.04008252,0.0368791,0.01672127,0.03307291,-0.005033938,0.01976786,0.03377418,0.02169418,0.005008989,0.03041011,0.03615356,-0.009845821,-0.004541777,0.01585224,0.01792786,0.04621925,0.01890843,0.006185772,0.00356567,0.01742718,0.04243381,0.03879502,0.03567149,0.02669724,-0.007315042,0.03877993,0.01278023,0.006233493,0.02982209,0.01253782,0.01184097,-0.01569151,0.01280956,0.04116498,0.03430032,0.01296659,0.03702652,0.01325313,alERC,sub-S24,g,randomWalker1,freq01234
0.04898937,0.0222444,0.03715616,-0.03497604,0.01232581,0.01116292,-0.006060027,0.01578402,0.0352953,0.02704467,0.010604,0.05329381,0.02902392,0.0268484,0.03495049,0.007863281,0.0235836,-0.004318367,0.02297894,0.01504853,0.01242062,0.03887924,-0.02226024,0.04514735,0.02372846,0.04060647,0.02490646,-0.002907106,-0.01556144,-0.03188476,0.01086336,0.04845557,-0.02430911,0.03647601,0.01343948,0.03350232,0.03746926,0.02020149,0.03959221,0.02678211,0.04911978,-0.003301812,0.01622482,0.02699211,0.03773036,0.01109722,0.02364622,0.02478391,0.01038334,0.01931692,0.01971973,0.006590635,0.02462533,0.01440573,0.04625434,0.03121267,0.02899958,0.03145009,0.03667874,-0.003101173,0.03904703,-0.05067639,0.04737214,0.01196378,0.007091425,-0.03835192,0.02308064,0.05005218,0.05922181,0.04127938,0.009336295,0.0269653,-0.02563039,0.04425513,0.04179655,0.0289346,-0.01194986,0.01857421,0.04562787,-0.007488252,0.05775174,0.02226424,0.02995342,0.02408912,0.02999345,0.0336289,-0.0004808684,0.05797094,0.06493258,0.01186307,-0.02205318,0.01501625,0.03607273,-0.009939034,0.007024073,0.04684532,0.03930799,0.0377756,0.04127614,0.0238097,-0.0003284631,0.02507644,0.03081157,0.04404631,0.03818571,0.0237565,-0.007090845,0.04514412,0.005831254,0.01727684,0.05762067,0.02241823,0.02256817,-0.0190333,0.03719221,0.05085799,0.02006638,0.02275826,0.04466927,0.03034172,pmERC,sub-S24,g,randomWalker1,freq01234
0.02183487,-0.01072536,0.03563824,0.01919626,0.03091028,0.04514721,0.03127441,0.01008679,0.01231381,0.01745556,0.002944772,0.01676269,0.008213223,0.02996084,0.02702489,0.02758582,0.01426878,0.03225717,-0.01932724,-0.04825798,-0.007061668,-0.003087435,0.05315924,-0.02656326,-0.01249331,-0.05063134,0.03054193,-0.02054582,0.02491026,0.02074687,0.01333955,-0.037233,0.01910747,0.03680276,0.01973532,-0.01276773,0.002490633,0.01351684,0.01877742,-0.003769365,-0.006449345,0.02791077,0.03904951,0.0008552953,-0.008013462,0.03784407,0.007637575,-0.004633444,-0.02189283,-0.02110127,0.0428303,0.02710495,-0.006037417,0.01431499,0.02609568,0.03740594,0.02244955,-0.03120747,0.01300038,-0.003220494,0.009924842,-0.02151833,-0.003276994,0.007970559,0.0009235628,-0.05264264,0.03828971,0.01359892,0.02448147,0.01620712,0.02817892,0.01417828,-0.02219435,0.01134231,0.00605438,0.03584737,-0.02007085,-0.001694228,0.02602761,-0.002280825,0.02864158,-0.02109973,0.01159648,0.02967747,0.01539217,0.03507209,-0.002905577,0.02416891,0.02359031,0.01663405,0.01305425,0.03315558,0.02533545,-0.0102944,0.01033539,0.0177855,0.02004931,0.02178898,0.01386236,0.01115594,0.0002253588,0.0274538,0.03336868,0.03265277,0.04116446,0.02057325,-0.006891273,0.03531085,0.006016585,0.01295072,0.03213943,0.01119281,0.01385889,-0.01238535,0.02384958,0.03683733,0.03030628,0.01710585,0.04002308,0.007863632,alERC,sub-S24,g,randomWalker2,freq01234
0.01195347,0.01023454,0.03582583,0.01914323,0.04818837,0.0342962,0.02590668,0.05696267,0.01336416,0.02406435,0.0171134,0.04518635,0.02332984,0.03590883,0.02080165,0.02774167,0.007905936,0.03535888,0.01638495,-0.04993531,0.01549179,0.03145374,0.02686673,-0.01057172,0.01664084,-0.01838125,0.02419059,0.02208656,0.06970012,0.06103731,-0.006564314,-0.02963477,0.01407933,0.05726203,0.0437953,0.02850978,0.05096183,0.009032718,0.03966587,0.02419199,-0.0150842,0.06152854,0.03150031,0.001011908,-0.02902555,0.03962935,-0.001137228,0.04001967,-0.0172534,0.01162335,0.03458805,0.03736114,0.005399711,0.00682573,0.009232956,0.05522212,0.03185337,0.001166132,0.05889946,0.004027336,0.02329652,0.01952727,0.04123976,-0.003081391,0.05240691,-0.04816755,0.01744054,0.05770946,0.06081707,0.05526539,0.01290048,0.0258639,-0.01395367,0.04867707,0.02574744,0.03968682,-0.01244258,0.008701345,0.04942775,0.001625745,0.05789832,-0.003891605,0.01348151,0.02307348,0.03145272,0.0398131,0.0116083,0.03138011,0.06307732,0.008706946,-0.001804694,0.02648408,0.02781424,-0.01173406,0.04450896,0.05019568,0.05481877,0.03269858,0.03741077,0.02417664,-0.002328728,0.0376687,0.02830794,0.04487348,0.03401843,0.02233025,0.005379669,0.02662379,0.006188831,-0.002357375,0.06213251,0.03406155,0.03231703,-0.005508984,0.0371077,0.04739683,0.01644391,0.03265039,0.04413089,0.007351358,pmERC,sub-S24,g,randomWalker2,freq01234
-0.002722536,0.05611736,0.04267374,-0.029716,-0.04531738,0.009738495,0.001089758,-0.02581547,0.08364956,0.03234128,0.01258553,0.05110997,0.005609677,-0.01266857,0.0181546,0.004709842,0.0113867,-0.02236343,0.0210041,-0.006680857,-0.03440994,-0.001525819,0.04604695,0.01514264,-0.0345171,0.06221133,0.03059504,-0.03630258,-0.0265255,-0.02456004,0.01413021,-0.007325269,0.007569571,0.01479156,0.0245711,-0.01675092,0.005533712,0.0218645,0.01637416,0.01133217,0.02015927,0.02630336,0.05289717,0.01047057,-0.0169514,0.01953502,0.006364878,-0.01239376,-0.03325845,0.01271149,0.04542802,-0.0001468297,-0.006512892,0.02873222,0.06529367,0.038139,0.01319804,-0.04472671,0.0186368,0.008810031,0.01799284,-0.0302681,0.004398713,-0.002598458,-0.009139205,-0.04859561,0.04722759,0.01955688,0.01889714,0.01132893,0.03011146,0.01298883,-0.02005765,0.01689764,0.007782836,0.04149966,-0.02780427,-0.001428828,0.02298002,-0.01114616,0.02049239,-0.00760354,0.01414298,0.03348251,0.01396191,0.02366266,-0.02112326,0.02245153,0.03142868,0.02173072,-0.001448025,0.02352923,0.04125388,-0.02202024,-0.01257377,0.01519614,0.01102587,0.05274547,0.01442876,0.00428535,-0.002499493,0.007566761,0.04428318,0.04589174,0.04190061,0.02966245,-0.01092137,0.05663777,0.01386039,-0.0007484002,0.0239928,0.008094077,0.01048118,-0.02711009,0.005349179,0.04435344,0.03800937,0.006668275,0.0343333,-0.004305108,alERC,sub-S24,g,randomWalker3,freq01234
0.001567678,0.02994765,0.0364323,0.006751863,-0.02837011,0.01749901,-0.0199921,-0.02445615,0.06190091,0.02538009,0.01380577,0.08250688,0.03350464,-0.00484599,0.01146778,-0.005420399,0.04256937,-0.01438689,0.0282095,-0.01819098,-0.05511443,-0.009240923,0.0388766,0.01109185,-0.02212354,0.04477968,0.04470899,-0.05462244,-0.0372924,-0.04262645,-0.004322725,-0.02189362,0.03115504,0.05458026,0.04760426,0.03025155,0.04779505,0.01226137,0.02762679,0.02530626,-0.02057798,0.06029922,0.03533648,0.006792479,-0.02586512,0.02963907,-0.001259443,0.0485209,-0.03511717,0.03483497,0.04064608,0.00917009,0.009487295,0.02867162,0.04742564,0.05050994,0.01755425,0.008210069,0.05544123,0.01900522,0.02179764,-0.004531558,0.03539528,-0.01287623,0.02754635,-0.04227075,0.01747344,0.06067449,0.05727661,0.04316621,0.01096349,0.01922793,-0.01671279,0.04812856,0.02944754,0.03485371,-0.02630528,0.01110417,0.05565329,-0.01136319,0.04985039,-0.01941786,0.02085481,0.03010295,0.02456916,0.03135689,-0.01374363,0.06159149,0.07342393,0.009533815,-0.01473207,0.005558799,0.03532778,-0.02265889,-0.02399554,0.04951613,0.03542247,0.03218112,0.03573056,0.01412023,-0.007389705,0.01525629,0.04011887,0.04170419,0.03392929,0.02605834,-0.002894693,0.0462924,0.007935796,0.018749,0.05761112,0.02870004,0.02378622,-0.03199811,0.02671114,0.05019931,0.01743454,0.01616142,0.03944911,0.02007724,pmERC,sub-S24,g,randomWalker3,freq01234
-0.005726803,0.01913197,0.03583815,0.03254441,-0.00405601,0.02094361,0.05977799,-0.01697498,0.07980178,0.01085449,0.01635492,0.04744908,0.01434915,0.02228749,0.009717933,0.01672988,0.0110829,0.02096314,-0.0195816,0.03602648,0.005394379,0.02496387,0.01753879,0.01387931,-0.02095842,0.05976675,0.03071617,-0.00910932,0.01822941,0.038413,0.02284185,-0.003748331,0.02487363,0.01767721,0.04220908,-0.005940574,0.0143251,0.01982382,0.01802525,0.02382618,0.01359497,0.041616,0.04182905,0.008235773,0.02131958,0.04160006,-0.00419585,0.01842383,-0.01450053,0.02327894,0.02951289,0.007196011,-0.01190719,0.007016363,0.0599691,0.03850759,0.02086554,-0.03364371,0.022997,0.01337233,0.01659959,0.001496446,0.00834848,-0.006650367,-0.002611157,-0.05498655,0.03078624,0.0222294,0.02475477,0.01568504,0.02999349,0.01644166,-0.01865144,0.02234746,0.01360446,0.03951444,-0.01990404,0.003363872,0.0236649,-0.01172086,0.02401798,-0.002678216,0.01032925,0.02887478,0.01687492,0.03407796,-0.008349779,0.02141139,0.03134722,0.02057974,0.007992806,0.03353717,0.03695485,-0.0118476,-0.01371831,0.01402328,0.01734773,0.03253398,0.01798932,0.006379027,0.001029085,0.01678235,0.04724016,0.03962088,0.03546716,0.03043476,-0.005978773,0.02662577,0.01465858,-0.01816405,0.03053605,0.0146892,0.01691545,-0.01449117,0.01436588,0.04357861,0.0284471,0.01436715,0.03753941,0.01045566,alERC,sub-S24,g,randomWalker4,freq01234
0.004452997,0.0428244,0.0360576,0.04038451,0.006646923,0.04809033,0.0511311,0.02201428,0.06234356,-0.007766157,0.008635578,0.04376056,0.03640432,0.01256448,0.01855991,0.01218172,0.03606209,0.01675393,0.02237452,0.02089508,0.04966128,0.04412496,0.009221864,0.01344027,0.007971977,0.06082099,0.05529471,0.03221365,0.062806,0.06878605,0.006011121,-0.0524034,0.02964022,0.05873683,0.05108311,0.0263965,0.04696969,0.009313514,0.02598583,0.03413138,-0.01379806,0.05195403,0.03143134,0.002163142,0.01532393,0.04329768,-0.01162695,0.03931554,-0.02081531,0.0274916,0.04265978,0.01757056,0.004757303,0.008739497,0.03911435,0.04622999,0.02255273,0.01296166,0.05692165,0.02434319,0.0201126,0.03833871,0.03644853,-0.009593661,0.02635317,-0.03825778,0.01532495,0.06039913,0.05765577,0.04262128,0.008336699,0.01941066,0.00251847,0.04150751,0.03283796,0.03271437,-0.02085261,0.01561923,0.04714113,-0.007581346,0.05096981,-0.01582891,0.0202269,0.02666923,0.02623345,0.03451269,-0.0009437709,0.05311633,0.06708129,0.0103358,-0.01292747,0.01677515,0.03181434,-0.01439631,-0.03955167,0.03813519,0.03699399,0.02107608,0.03505738,0.01490041,-0.006308153,0.02206899,0.0354103,0.03469562,0.03113592,0.02416323,0.006478678,0.05258559,0.007399298,0.008147793,0.05335454,0.03136458,0.0295115,-0.01347283,0.03329457,0.04634879,0.0155473,0.02264654,0.03859898,0.02613491,pmERC,sub-S24,g,randomWalker4,freq01234
0.05251731,-0.05086973,0.03958053,0.05254644,0.01264034,-0.01556514,-0.008469702,0.008310393,0.012161,-0.01808335,0.008330687,-0.01790172,0.07179826,-0.02132295,0.00655321,0.004308065,0.03178949,0.02536321,-0.03294968,0.006756443,0.02268109,-0.01608394,0.05153162,-0.03534347,0.003629835,-0.00447737,-0.01346607,0.007964226,0.016348,-0.0001306938,0.01263129,0.03780379,-0.04163306,0.008706288,0.006562286,0.01839832,0.02077478,0.007703227,0.001242469,-0.01911312,0.02552125,-0.03725476,0.02497823,0.02608047,0.02226974,0.0205838,0.04121507,-0.0309613,0.003088512,0.05040231,0.02595225,-0.004186158,0.007014829,0.003304222,0.0554928,0.02229502,0.002526794,0.0189395,0.002001559,-0.001291422,0.02070672,0.009189296,-0.002376635,0.001589794,-0.001609091,-0.04410099,0.03931927,0.01434273,0.02262302,0.0102959,0.02448345,0.0107482,-0.008369364,0.01456361,0.010982,0.03475844,-0.03840203,0.001100163,0.01943436,-0.007069661,0.02316959,-0.009013185,0.008046958,0.0289796,0.01390304,0.02894531,-0.01993001,0.0225856,0.02725729,0.02226413,-0.01098922,0.03100573,0.03246944,-0.01454986,0.01154498,0.01190699,0.0150813,0.02649071,0.01379623,0.0107179,-0.003314545,0.01418654,0.04012385,0.04228508,0.04536287,0.02356642,-0.01306429,0.0461671,0.006398831,-0.001216755,0.02931566,0.00343722,0.008444828,-0.02855255,0.01285805,0.04085198,0.03823048,0.00935698,0.03786157,0.007272231,alERC,sub-S24,g,randomWalker5,freq01234
0.03333725,-0.04738981,0.03582007,0.04964661,0.02578173,-0.0176579,-0.02777098,0.03125001,0.05990257,0.00959754,-0.002818173,-0.05129668,0.05152167,0.01922413,0.01033156,0.009362455,0.01711707,0.05826419,0.00711171,0.007856895,-0.0003443435,-0.008813664,0.03085546,-0.03502066,0.0154425,0.01332252,-0.01164326,0.007762187,0.03444862,-0.02166748,0.0008047766,0.05309611,-0.01993045,0.0348436,0.02308125,0.02897612,0.03436204,0.02031756,0.03757103,0.0372,0.04684398,-0.03767635,0.01389144,0.0261075,0.03231551,0.0307672,0.02927512,0.001641662,-0.002574265,0.0284621,0.01823661,0.02004172,0.02052784,-0.004348495,0.03986529,0.02296746,0.02623985,0.02280372,0.02288467,-0.006606239,0.0215513,0.03973553,0.03141688,-0.0159242,0.02042983,-0.05264787,0.01650858,0.06091231,0.05703733,0.04291091,0.01238403,0.01920604,-0.001825313,0.04155118,0.03432589,0.03871178,-0.03232384,0.01922998,0.04951625,-0.002213888,0.05533518,-0.01521656,0.01977941,0.02569183,0.02908551,0.03719457,-0.01040649,0.05892111,0.06282514,0.01271012,-0.02576569,0.01897226,0.03452177,-0.01177172,0.03456479,0.04404696,0.03974699,0.03150733,0.0354052,0.02571293,-0.00805889,0.0259921,0.03387159,0.04095636,0.04081598,0.02405214,-0.01170793,0.0479251,0.003496148,0.01737301,0.05939456,0.01861543,0.0274385,-0.02989255,0.04081433,0.05070731,0.02017519,0.02379159,0.04638385,0.03274016,pmERC,sub-S24,g,randomWalker5,freq01234
-0.004717801,-0.00909011,0.03864146,0.000151036,0.03198703,-0.05521587,0.02688128,-0.001172824,0.01616754,-0.04377511,0.04537931,0.02241565,-0.03941166,-0.02874243,-0.04818678,0.0055632,-0.004129574,-0.03197803,0.003955539,0.04287487,-0.002710124,-0.008166949,-0.0006393535,-0.02006817,0.01586237,0.02651713,-0.05767902,0.02164944,0.00757657,0.03376262,0.01635672,0.0338876,-0.03791267,0.005123893,-0.008477182,0.02656956,0.02216,0.01264548,0.01252068,-0.01607785,0.02748636,-0.01342797,0.02354973,0.02787197,0.03683006,0.02009251,0.04234327,-0.0107366,-8.683865e-05,0.04379859,0.01721697,0.006677832,0.002006244,-0.006163792,0.05674371,0.03249646,0.008762013,0.004112164,0.001608856,0.01402766,0.01252219,0.003635566,-0.0009063042,-0.005003898,-0.01046164,-0.05567757,0.03142858,0.01748444,0.02389247,0.008784442,0.02558499,0.01596562,-0.01703526,0.01959322,0.007359813,0.0290245,-0.03412355,-0.0004539884,0.02301362,-0.001181673,0.01811446,-0.005694181,0.01257428,0.03006697,0.01724779,0.02921596,-0.01188286,0.0200587,0.0273423,0.0166175,-0.001112973,0.03009412,0.03376006,-0.01646242,0.01496698,0.01682921,0.01989749,0.03055695,0.01614354,0.0179007,0.0006547379,0.01916181,0.0395987,0.04080909,0.0379815,0.0269806,-0.009936379,0.03735857,0.01104557,0.01162145,0.02826102,0.009899567,0.01501557,-0.01070918,0.02067318,0.04150988,0.03631637,0.01553238,0.03941946,0.003217037,alERC,sub-S24,g,randomWalker6,freq01234
-0.005738538,-0.008204331,0.03637986,0.00758084,0.008368846,-0.06266434,0.0288875,-0.01546807,0.02053142,-0.06505387,0.04838346,0.01133143,-0.03797053,-0.03315112,-0.07026166,-0.001148404,0.0205809,-0.04714444,0.02504189,0.03494211,-0.0203756,0.02185027,0.02596664,0.0159089,-0.004653722,0.02671313,-0.03676559,0.0006478998,0.01560102,0.02234886,0.003678412,0.04928396,-0.02008645,0.03543343,0.01099409,0.02983351,0.02938447,0.02077124,0.03676829,0.03579344,0.05001015,-0.001771685,0.01288825,0.02606353,0.061763,0.03481783,0.02909809,0.01431672,-0.001353668,0.02579505,0.01440536,0.009930891,0.00814421,0.0003619504,0.04205007,0.02537208,0.02080794,-0.001139396,0.01646099,0.006215346,0.01287728,0.04459037,0.03206354,-0.01448609,0.01747991,-0.04760999,0.02431509,0.06158171,0.05650404,0.0368786,0.01187532,0.0182208,0.005001473,0.04288846,0.02613863,0.04319142,-0.031307,0.01180311,0.04785385,0.01061274,0.04836893,-0.005198701,0.02225084,0.02565786,0.02581822,0.02908941,-0.005577181,0.05741354,0.05876553,0.005254178,-0.02157896,0.02047547,0.02950613,-0.01774515,0.0365133,0.03807459,0.04496946,0.03825957,0.03249829,0.02782939,-0.006761057,0.02371188,0.02824494,0.04344442,0.02740301,0.02149338,-0.001769202,0.04615564,0.005418248,-0.001080461,0.05527333,0.02499699,0.02562733,-0.01140204,0.04094985,0.04504651,0.01928582,0.02363333,0.03859426,0.02640361,pmERC,sub-S24,g,randomWalker6,freq01234
0.05866943,0.04420533,0.03783794,-0.02687081,-0.02189958,0.02820689,0.00503371,-0.01559575,0.04444346,0.04668362,0.01969943,0.03123006,0.03772384,-0.01110008,-0.04024326,0.0161485,0.0263685,-0.06836308,0.02340808,-0.01188084,0.02995993,0.0130095,0.03784997,0.03391242,0.00269618,0.01700709,0.03727809,0.02696047,0.007667395,0.02605188,0.02076675,-0.007979312,0.01090009,0.01440068,0.03377846,-0.01715505,0.008266021,0.01893884,0.01770207,0.008399886,0.01866241,0.0295516,0.04901571,0.01549314,-0.003029168,0.04394541,0.003591624,-0.005556459,-0.03089057,0.01636368,0.04692348,0.00845678,-0.0004747552,0.01306811,0.0621617,0.03683679,0.02295314,-0.03332048,0.0165947,0.01325439,0.01384594,-0.01762393,0.009525017,0.002576643,-0.007727883,-0.04821244,0.03996127,0.01977182,0.02106672,0.01381242,0.03243289,0.0158572,-0.01795157,0.02001417,0.009676429,0.03570657,-0.01404645,-0.0002311841,0.02602591,-0.003701708,0.02709405,-0.01257661,0.01780582,0.03443009,0.01831855,0.03304565,-0.0140633,0.02511745,0.0293281,0.02129858,-0.0006241585,0.0316164,0.03695301,-0.01905085,0.02193008,0.0110655,0.01945504,0.03987667,0.01846304,0.0139541,-0.0001593424,0.01950918,0.04320344,0.03515453,0.04050514,0.02858577,-0.01451069,0.04910293,0.01433705,0.01708888,0.03010063,0.01062158,0.01529702,-0.0152194,0.01591346,0.04253319,0.03642964,0.01559275,0.03940424,0.00249461,alERC,sub-S24,g,randomWalker7,freq01234
0.04349688,0.03045572,0.03472201,0.001785151,-0.001596042,0.01965225,-0.01504405,-0.01949281,0.0288874,0.02152984,0.01545373,0.05356487,0.05254387,0.01648113,-0.03549196,0.008783461,0.02402759,-0.07183503,0.03199104,0.03152263,0.01395218,0.04313193,0.04296366,0.04462147,-0.02622877,0.02140853,0.04778538,0.006988857,-0.008567324,0.01205404,0.002622535,-0.06243658,0.01829293,0.05292901,0.04605565,0.02702758,0.05106349,0.006998116,0.02741256,0.02817518,-0.009760438,0.06809884,0.03543743,0.003067363,-0.01250342,0.04148943,-0.004676359,0.03667087,-0.04406245,0.01098408,0.04031984,0.01813623,0.009429159,0.01892304,0.03447758,0.05018771,0.02753365,0.011373,0.05495348,0.01279589,0.02542208,0.02011089,0.04221178,-0.001639172,0.02626416,-0.04419241,0.02020098,0.05993632,0.05835264,0.04357138,0.01464227,0.0209148,0.0002595428,0.04949804,0.02820906,0.03008971,-0.01806488,0.009420116,0.04858877,-0.00296435,0.05461027,-0.01040943,0.0145746,0.02572754,0.03128804,0.03077333,-0.003690439,0.06091655,0.06254084,0.01020065,-0.02689806,0.01610951,0.03403802,-0.01849486,0.04638842,0.04253313,0.0465397,0.04389363,0.03973361,0.02962909,-0.004905954,0.02905445,0.03016314,0.04264919,0.03371079,0.02556623,-0.00740505,0.04220128,0.008927911,0.01237172,0.05800095,0.02524959,0.03107946,-0.01511692,0.04236998,0.04888361,0.0174673,0.02833452,0.04299187,0.03514298,pmERC,sub-S24,g,randomWalker7,freq01234
-0.01629783,0.03440173,0.03678157,-0.004318485,0.0236497,-0.03984133,0.01107786,0.001018956,0.05094997,0.03803115,0.01181602,0.04148738,0.009911244,-0.01575414,-0.03517241,0.01309268,0.01372065,-0.03650133,0.01145002,0.01936867,0.02035333,0.01073503,0.01394341,0.02019746,0.01313485,0.0284625,0.008936322,0.02357839,0.02096823,0.03169278,0.0005571119,0.02033764,0.009559199,-0.01382585,-0.006219093,-0.00535385,0.01961892,0.03364047,0.02009064,0.03204996,0.03169262,-0.01492288,0.04019469,0.02005716,0.02648907,0.01741437,0.01398685,0.01776457,-0.02185821,0.01260675,0.007702434,-0.02299592,-0.01475159,-0.01198389,0.0422211,0.05419547,0.02092692,-0.01329645,0.008739174,0.03134482,0.005846604,-0.02282373,0.002545954,0.004610767,0.005840273,-0.05189733,0.04140586,0.0227557,0.02410421,0.01329496,0.02910176,0.01627108,-0.02178024,0.0230877,0.006527259,0.0366272,-0.01727988,0.0003675872,0.02534313,-0.004324243,0.02312069,-0.001646324,0.01700386,0.03471458,0.01639901,0.03458213,-0.008202364,0.02370344,0.03270153,0.02220656,0.009578149,0.03512031,0.03913158,-0.01032239,-0.01588065,0.02248419,0.01801003,0.03467508,0.01755461,0.004930875,-0.001177113,0.01927083,0.04694309,0.03812256,0.04043331,0.02791116,-0.009519739,0.03425219,0.01011332,-0.005252942,0.03099815,0.01174668,0.0145403,-0.01573239,0.01515333,0.04483789,0.03243073,0.01342416,0.04015461,0.01249659,alERC,sub-S24,g,randomWalker8,freq01234
-0.0008621094,0.04056528,0.03640001,0.04900596,0.01025348,-0.006149144,0.02918181,-0.006882925,0.04996076,0.03671634,0.05167627,0.06199249,0.05513247,0.02797713,-0.01215876,0.003707164,0.04597371,-0.01920781,0.02645737,0.04512618,0.04790594,0.04616681,0.01432574,0.0473973,0.005547937,0.02990284,0.04964336,0.02546879,0.02400084,0.03885439,0.01650478,0.01463162,0.03840839,0.04299258,0.03160485,0.02868961,0.04156039,0.01613042,0.02505123,0.02749765,0.03349357,0.02000852,0.02277403,0.0114181,0.01228298,0.01835052,0.01195636,0.04921269,-0.02031684,0.006337784,0.02524758,0.01281053,-0.0008749898,-0.006459977,0.02693781,0.05588698,0.02592318,0.007562463,0.03853785,0.04126639,0.01667557,0.007770903,0.0360347,0.0008035009,0.04333339,-0.04855787,0.0210206,0.06295166,0.05689176,0.04323187,0.01397338,0.02232417,-0.008915765,0.05103684,0.02419076,0.02854741,-0.01861729,0.0155114,0.05168021,-0.0009539405,0.05334297,-0.008484795,0.02007535,0.02826361,0.02741182,0.04241801,0.002223687,0.06034921,0.06438618,0.01140222,-0.004877155,0.02169062,0.03505452,-0.009362241,-0.02417669,0.04787249,0.04463097,0.01966253,0.03609292,0.0133982,-0.002229362,0.02979049,0.03866338,0.04309064,0.03437454,0.02411357,-0.002017222,0.05005844,0.004088466,-0.0009526791,0.06065205,0.02780207,0.02796796,-0.01422718,0.03717262,0.05189657,0.01664774,0.02502214,0.04711363,0.04568262,pmERC,sub-S24,g,randomWalker8,freq01234
0.008222861,0.003931719,0.0397878,0.05175682,-0.01530741,0.03435052,0.08478918,-0.02780463,-0.01652322,-0.00339674,-0.01755369,0.06089473,0.02088703,0.02027478,0.05937451,0.006346125,0.02155325,0.04868044,0.001419718,0.02186259,0.006065073,0.03969351,0.05333894,0.02380357,-0.03058798,0.06831833,0.0586662,-0.01262189,0.002289735,0.02356709,0.01007652,0.009189761,0.02263496,-0.01568559,-0.02504376,0.004174255,0.0199826,0.02467737,0.01760761,0.01126382,0.02561412,0.006727598,0.0346044,0.02748766,-0.02630201,0.0365943,0.01782965,0.007950031,-0.0194605,0.008337117,0.01256401,-0.03453374,-0.01365132,-0.01907231,0.0582108,0.05513046,0.01184942,-0.01737128,0.008415326,0.04520858,0.01489887,-0.02022954,-0.005085928,0.002179135,-0.008490346,-0.05301914,0.04495041,0.01660015,0.02316312,0.01000987,0.02961619,0.01520351,-0.02141179,0.01710161,0.00570576,0.03042915,-0.03800002,-0.00187076,0.0193353,-0.003325688,0.01595084,-0.0006522372,0.02154003,0.03473578,0.01406479,0.03336415,-0.01064191,0.01876358,0.03060706,0.02155215,0.01128048,0.033646,0.03620737,-0.02072157,-0.01220711,0.003586933,0.01428623,0.03777495,0.01408141,-0.0002287821,-0.004023559,0.01437769,0.0438728,0.04103566,0.03839609,0.02750822,-0.005530815,0.03597593,0.01178018,0.01023098,0.02941084,0.01269796,0.01612659,-0.0212389,0.007406342,0.0427941,0.03153988,0.01159666,0.03754532,0.008203275,alERC,sub-S24,g,randomWalker9,freq01234
0.03177302,0.01315468,0.03681638,0.03249915,-0.005648828,0.02143512,0.07263637,-5.160831e-05,-0.020143,0.05197389,-0.02016808,0.05762462,0.04890366,0.02829359,0.04078242,0.002713377,0.05301024,0.04610515,0.02841939,0.02381014,0.03048348,0.06071402,0.06674429,0.03731227,-0.0002859134,0.0409173,0.04211038,0.0252673,0.050704,0.06736261,0.01870232,0.02152442,0.04428907,0.04569257,0.01935129,0.02958883,0.04151046,0.005819148,0.0249867,0.02042519,0.03656985,0.0254077,0.01446163,0.01403336,-0.01133815,0.01676616,0.01353301,0.04342705,-0.0194494,-0.003183324,0.02807428,0.008863668,-0.0009696814,-0.0149556,0.03881834,0.05742199,0.02330832,0.01261573,0.03804912,0.05077793,0.01179901,0.02221751,0.03273929,-0.0173946,0.007966855,-0.05073581,0.02032641,0.06193591,0.06070729,0.04285142,0.01034027,0.02130498,-0.006947528,0.04811829,0.02471943,0.02938272,-0.03091034,0.00869863,0.04542818,0.006371824,0.05084608,-0.009672198,0.03244665,0.02434443,0.02888922,0.03874682,0.001757368,0.06149709,0.06403924,0.01104522,-0.00474215,0.01902526,0.03200578,-0.01511526,-0.03242341,0.03620522,0.04167926,0.02859889,0.03843419,0.01589969,-0.007358652,0.02562931,0.03351201,0.03889001,0.02770179,0.02476041,0.001230013,0.04393807,0.006862921,0.01027791,0.06076377,0.02826786,0.03130234,-0.01627488,0.03536476,0.04816264,0.01537498,0.02671862,0.04258817,0.04179224,pmERC,sub-S24,g,randomWalker9,freq01234
0.04968913,0.06769185,0.082682,0.03008336,0.02152205,-0.02611002,0.0464252,0.01912059,0.07896876,0.0618144,0.04029499,0.03015399,0.03844221,0.0095238,0.02343085,0.0339072,0.04358969,0.02239627,0.03363055,0.03205992,0.01506393,0.05849035,0.02732829,0.07214862,0.003542741,0.04781541,0.03607685,0.01548699,0.01485157,0.02765592,0.03308709,0.05241593,0.04861301,0.03706774,0.02070937,0.04135575,0.03696209,0.05439607,0.04936553,0.02275117,0.05689884,0.014896,0.06347162,0.05639645,-0.01101715,0.01016077,0.04829769,0.03519248,0.03049016,0.05773052,0.04209154,0.04678161,0.03781896,-0.004276133,0.03241282,0.06379451,0.05325212,0.01805645,0.04444889,0.04151171,0.05336639,0.03635829,0.04552741,0.05240177,0.007080304,-0.0003421661,0.05607384,0.05400593,0.03840495,0.05112984,0.05464217,0.03670591,0.02257342,0.04420411,0.04486583,0.04208472,0.03380286,0.03032379,0.04104511,0.02122858,0.07530589,0.03748714,0.001231632,0.06252933,0.0409621,0.04127249,0.02589566,0.04396779,0.04486852,0.05439726,0.01948964,0.03641023,0.0556312,0.02739005,0.04951442,0.04911524,0.04284744,0.03155779,0.04439105,0.05327588,0.02747723,0.04297211,0.03683355,0.08118647,0.07608111,0.03505711,0.04150202,0.07412187,0.02673997,0.06435359,0.05188972,0.05087197,0.03690305,0.01905676,0.04782164,0.04817005,0.06553923,0.0375254,0.05383979,0.05580046,alERC,sub-S27,g,randomWalker0,freq01234
0.04551677,0.04590865,0.09571092,0.007859077,-0.01001063,0.01174681,0.05059037,-0.004640356,0.08785615,0.07208835,0.001943468,0.06400994,0.0579,-0.04094407,0.01415856,0.0009031174,0.05111056,-0.0194187,0.04044413,-0.006219254,-0.006564464,0.03078555,0.04092253,0.05520328,-0.02544998,0.04608255,-0.009483688,-0.02577632,-0.02529773,-0.01387285,0.01992485,0.05741843,0.06240385,0.04573829,-0.005623597,0.004138786,0.009205739,0.0366227,0.02944362,0.0302403,0.06627227,0.02135508,0.03919357,0.03624523,0.01206967,-0.03767804,0.04323525,0.04450199,-0.00295927,0.03689355,0.03564277,0.07045741,-0.004177134,-0.01632321,0.05561974,0.04146773,0.01726234,0.005297832,0.02068414,0.005601315,0.03725661,0.02437655,0.0221694,0.04844205,0.01169993,-0.04523556,0.07452762,0.05496234,0.03786349,0.02688975,0.05481558,-0.001170263,0.01570013,0.02666475,0.0203743,0.03233344,-0.006306179,-0.001882278,0.01766067,0.01074762,0.04978293,0.005072707,0.0103123,0.05832957,0.002719612,0.02347668,-0.01982557,0.02588413,0.04361713,0.02823655,0.03516119,0.008254823,0.02644631,-0.02493561,0.02820059,0.01498147,0.01630149,0.02280774,0.005718775,0.02055015,-0.02121406,0.006096846,0.02710929,0.0898381,0.05746663,0.004982693,0.03331146,0.08491594,-0.005264827,0.05428445,0.03251397,0.04970227,0.008841882,-0.03109289,0.007565706,0.02470104,0.07028949,0.001036505,0.02429135,0.02989403,pmERC,sub-S27,g,randomWalker0,freq01234
0.03648185,0.07177086,0.08543278,0.002306422,0.005939268,0.03704353,-0.006910232,-0.02457933,0.09116908,0.07382119,0.05499432,0.02556969,0.02531931,0.001148357,0.05360794,0.04164338,0.06664854,0.01635395,0.04837661,0.03136686,0.01620664,0.04833431,0.0006911342,0.03918334,-0.01498155,0.08457314,0.06198706,0.0004528521,-0.008372329,0.03038939,0.02239121,0.06076253,-0.009670696,0.02548629,0.04426826,0.03988991,0.04750177,0.0268409,0.04841991,0.03780708,0.062251,0.03201377,0.05159477,0.0452521,0.009994023,0.03560898,0.04473436,0.00150427,0.02083634,0.05503803,0.04336052,0.05091953,0.0447485,0.004386759,0.04965081,0.04581492,0.04475906,0.01324779,0.04290132,0.02236177,0.05134613,0.02259507,0.04142698,0.04993048,0.01844604,-0.02227342,0.07360478,0.05384518,0.03568817,0.04622625,0.04320227,0.03639477,0.005785208,0.04579678,0.04084247,0.02102378,0.03177929,0.02743587,0.02374208,0.01611095,0.07406951,0.05487021,0.01166553,0.05797856,0.03917215,0.03464257,0.02419937,0.0466257,0.04364458,0.05807838,0.01019301,0.03604409,0.05778649,0.02886838,0.03817567,0.0456174,0.03874677,0.0006380971,0.04678737,0.05821898,0.02673297,0.03601454,0.0321035,0.08539309,0.07806087,0.03171857,0.03993639,0.0813504,0.02061733,0.07238492,0.04861083,0.043677,0.0307706,0.008289794,0.04045667,0.04418163,0.07065681,0.03135566,0.04706501,0.0422148,alERC,sub-S27,g,randomWalker1,freq01234
0.07671455,0.05375966,0.09645996,0.009811725,0.02645984,0.002273579,0.006972906,0.007895177,0.07863342,0.08105341,0.05204071,0.04590629,0.006705076,0.02683848,0.03756864,0.01465422,0.09939817,0.008483077,0.04427769,0.04601651,0.01963799,0.03974626,-0.01639895,0.04783467,0.01682822,0.07402674,0.02439456,0.005153124,-0.01456244,0.01377343,0.00759944,0.0856186,-0.05061203,0.004434185,0.01426385,0.03870248,0.02848204,0.009145156,0.04212471,0.05508405,0.08131748,0.06484859,0.03907885,0.03877888,0.04048276,-0.01430393,0.02227219,-0.003418471,-0.005881302,0.04804646,0.03470591,0.04247101,0.01427511,0.01326811,0.06852017,0.02777309,0.01241701,0.03208409,0.02493889,-0.02580197,0.02699652,-0.01214789,0.02037675,0.04077689,0.01574947,-0.04736821,0.08956163,0.05497489,0.03486396,0.02524611,0.04071695,0.003772843,-0.01059024,0.02520216,0.01986563,0.02624695,-0.004319027,0.003056302,0.005842542,0.01234479,0.04899878,0.02411944,0.0005365079,0.05048392,0.003215892,0.01646283,-0.0105219,0.04037197,0.04744947,0.03488816,-0.01393168,-0.004681875,0.03669944,-0.02207569,0.04872506,0.01507477,0.0180151,0.05368684,0.01338659,0.03038814,-0.0184528,0.002393194,0.01760996,0.09415829,0.05320454,0.003270496,0.03126898,0.09150983,-0.009641424,0.05130955,0.03504108,0.04061415,0.007367467,-0.03683959,0.009423298,0.02228803,0.07175743,-0.001528623,0.01882797,0.02455421,pmERC,sub-S27,g,randomWalker1,freq01234
0.07147945,0.0344293,0.08926293,0.08754468,0.03821237,0.05742613,0.0855204,0.05214037,0.04228473,0.02662734,0.09570723,0.04641615,0.06383459,0.0636178,0.05508478,0.03786982,0.05445278,0.0619172,0.02015134,0.02352866,0.06802867,0.01815626,0.02162643,0.0163701,0.0305178,0.01578946,0.0638651,0.04134385,0.05010766,0.05877802,0.05129371,0.006600347,0.06632017,0.04689272,0.0580658,0.04043939,0.04570477,0.03352686,0.03250735,0.01886906,0.009192337,0.0555772,0.05377253,0.02560351,0.004660658,0.02795338,0.07454251,0.06750289,0.02863664,0.06412037,0.07406134,-0.0005900003,0.04218573,-0.01183747,0.01336423,0.05411154,0.05109174,0.0375066,0.0610432,0.02816674,0.04059721,0.0364829,0.03562892,0.04942859,0.05446443,-0.00267801,0.06167008,0.05637616,0.03936803,0.05593095,0.05105656,0.03598463,0.01840185,0.04622745,0.03179203,0.03365844,0.05874012,0.01844496,0.03263686,0.02746354,0.06920522,0.04112674,0.0137702,0.05607648,0.04077449,0.03889021,0.05955306,0.0523702,0.04389361,0.05254925,0.008414958,0.0435317,0.04795743,0.02642182,0.01939354,0.05403757,0.04773381,0.009139167,0.04498376,0.07767725,0.02988749,0.05674262,0.03277907,0.08637824,0.08979005,0.03007928,0.04497859,0.05775568,0.01803171,0.08123007,0.0553928,0.04797975,0.03276309,0.0232658,0.07273068,0.0457206,0.07341055,0.03991288,0.05963876,0.07395036,alERC,sub-S27,g,randomWalker2,freq01234
0.05079293,0.06457725,0.09463757,0.05600649,0.04674184,0.03164581,0.06349207,0.04033381,0.01936634,0.04005467,0.07892907,0.05278191,0.04760622,0.04738895,0.0146768,0.01740873,0.0545749,0.02446995,-0.0001353563,-0.02925645,0.03434721,0.004366714,0.04212363,0.01289736,0.002038342,-0.01486013,0.02853047,0.01568123,0.0448378,0.05245576,0.0520679,-0.03083205,0.06001276,0.05004335,0.06634492,0.03424069,0.04731124,0.01329665,0.01685989,0.004680678,-0.05077662,0.05711012,0.0390462,0.01825425,-0.001487556,0.05374148,0.03872304,0.06842545,-0.02368292,0.05535051,0.09714116,0.005851538,-0.005370255,-0.001011514,0.02610609,0.03997276,0.01219828,0.009249951,0.06882241,0.02240933,0.02457863,0.02196475,0.01606403,0.04491067,0.05570414,-0.02853692,0.07694062,0.05685763,0.04040483,0.03767738,0.05207447,0.009528367,0.01136386,0.0310666,0.01570044,0.03337793,0.02558902,-0.004071468,0.02433805,0.02948343,0.04741072,0.0008208118,0.01582162,0.04814759,0.007091205,0.02455232,0.0132614,0.03349731,0.04641194,0.02145639,-0.003204065,0.006273885,0.01744063,-0.02199076,0.0007838965,0.02477216,0.02819091,0.01009653,0.01188788,0.04978998,-0.0167275,0.02385006,0.01884933,0.09170626,0.06950083,0.004409828,0.04387512,0.05325401,-0.006412547,0.07812427,0.04210806,0.05051759,0.01326901,-0.02677269,0.03998846,0.02478587,0.06648692,0.007362311,0.03187915,0.05154843,pmERC,sub-S27,g,randomWalker2,freq01234
0.07548308,0.07563144,0.08670173,0.03221197,0.01561065,-0.01171349,0.02424414,-0.002369607,0.04354467,0.03844625,0.0990425,0.04036633,0.05481954,-0.01746361,0.007229462,0.02537705,0.08429996,-0.01398613,0.04073507,0.01068911,0.01686566,0.02427683,0.05503458,-0.006973193,0.007717818,0.03386734,-0.02421151,0.01381859,0.009199465,0.02538218,0.05294091,0.02879255,0.04787433,0.04790929,0.06653699,0.03297089,0.0394785,0.02948146,0.02591884,0.01820588,0.04691568,0.04964413,0.0731176,0.02491513,-0.001468498,0.007922722,0.05970976,0.06093046,0.01042412,0.08839226,0.06313543,0.01385923,0.0362217,0.001690544,0.06503191,0.04998033,0.04026451,0.0287272,0.05907686,0.03222567,0.04861958,0.02839383,0.03795076,0.04996056,0.02430197,-0.00381893,0.03359216,0.05717061,0.0361551,0.04702643,0.05244664,0.03077709,0.02065547,0.03826854,0.0367861,0.0214022,0.0284168,0.02432635,0.03556364,0.009976892,0.08083374,0.02772588,0.006920265,0.06206809,0.03685668,0.03176803,0.0169501,0.04663593,0.04295523,0.05955736,0.01366349,0.02427515,0.06505951,0.01616407,0.05392177,0.05229006,0.03384702,0.03539222,0.04616374,0.08009171,0.0187167,0.03077365,0.03247523,0.08467246,0.08130208,0.02963447,0.03317085,0.07896098,0.01701361,0.07345667,0.04843276,0.04120827,0.02750035,0.002699907,0.03637549,0.04439221,0.06723753,0.02648383,0.04620093,0.0393837,alERC,sub-S27,g,randomWalker3,freq01234
0.07291973,0.06720396,0.09396217,0.03479246,0.001839008,0.006280195,0.01091438,-0.006947971,0.06245196,0.04225146,0.08022008,0.06164903,0.07596866,-0.01296189,-0.004895393,-0.008553258,0.09732825,-0.04166744,0.04554236,-0.01415335,-0.004617478,0.03233562,0.05661624,0.01910148,-0.005657858,0.05876768,0.0172676,-0.009372026,-0.01506097,-0.005531718,0.04832023,-0.00233618,0.05546949,0.06279287,0.08112781,0.01754631,0.04198993,0.03112568,0.01194056,0.003676282,0.02162412,0.05064901,0.06564616,0.02569168,-0.0103809,0.05292469,0.04561988,0.06160953,-0.02700014,0.0910757,0.08653016,0.03478524,0.00598483,0.01700432,0.08762196,0.03417917,0.002080364,0.01299283,0.06537376,0.02141453,0.03624567,0.01510177,0.01454496,0.04536075,0.0332276,-0.02481104,0.05715784,0.05816888,0.03697776,0.03045809,0.05431839,0.004400151,0.01475269,0.02703877,0.01961406,0.03364775,0.003582866,0.003116485,0.02367589,0.003616582,0.05959222,2.927546e-05,0.01564647,0.0491193,0.002346708,0.02262538,-0.01095238,0.04479918,0.05252818,0.03736901,0.00140511,-0.01279347,0.04307551,-0.03314672,0.06726291,0.02853251,0.01809993,0.07993758,0.01273553,0.06076447,-0.02298758,0.001395625,0.02496173,0.09131704,0.05918499,0.006660036,0.02863656,0.08392262,-0.008819119,0.06061723,0.04122642,0.04233577,0.008744015,-0.03952175,0.001542216,0.02838198,0.06781939,-0.003606367,0.02248069,0.02905709,pmERC,sub-S27,g,randomWalker3,freq01234
0.05122571,0.02014711,0.08180319,0.07438324,-0.03537076,0.08012314,0.07496897,0.012286,0.02744209,0.00680513,0.03640312,0.04111438,0.05475458,0.04187667,0.06244196,0.03018681,0.07124619,0.06256982,0.02884229,0.0255987,0.05237785,0.04384088,0.01086352,0.03974123,0.008438082,0.05310241,0.0747107,0.01261918,0.03605728,0.02499513,0.05281818,0.05584593,0.04654558,0.0561584,0.05785567,0.03491246,0.03997684,0.02941753,0.03246155,0.01392505,0.04501488,0.05126055,0.06119904,0.03969187,0.03411,0.004691643,0.05177265,0.0543244,0.01194621,0.08072049,0.05982517,-0.005314423,0.03437251,-0.02768214,0.04972302,0.05106688,0.04363194,0.02871645,0.05642854,0.04319566,0.04574827,0.04968606,0.04380113,0.05182792,0.04019377,-0.002318879,0.05964887,0.05013851,0.04161754,0.05145118,0.05184188,0.03227697,0.03176801,0.04213338,0.04082716,0.01590052,0.03065951,0.03027373,0.03882229,0.01373998,0.07031287,0.03975046,0.004856825,0.06127958,0.03735307,0.03693143,0.02703646,0.04725052,0.04396325,0.05713031,0.01898669,0.02595692,0.05998684,0.01878035,0.03922452,0.04522371,0.03965112,0.009522141,0.04305927,0.07194056,0.01929839,0.03594647,0.0342036,0.07779668,0.07244041,0.03132885,0.03795075,0.07728579,0.02039055,0.06203661,0.04864039,0.04548695,0.03561924,0.01298804,0.04051467,0.04432661,0.06408303,0.03272538,0.04656444,0.04284968,alERC,sub-S27,g,randomWalker4,freq01234
0.05080605,0.02825058,0.09412321,0.07696261,-0.004088643,0.08995194,0.08868084,0.03674867,0.0537531,0.02939012,0.0222764,0.02973196,0.06615203,0.04524467,0.05888885,-0.002546972,0.0884394,0.0630629,0.01317788,0.04737703,0.06341723,0.03236205,0.0195643,0.02171926,0.02803585,0.05012732,0.07856643,0.03439976,0.05195584,0.03507211,0.0353017,0.01333596,0.05371326,0.05505604,0.07167264,0.009597628,0.03487969,0.02148717,0.01172092,0.004982418,0.01431976,0.04087776,0.04788809,0.03319942,0.007451509,0.05370349,0.03971354,0.04180793,-0.02881201,0.09103173,0.0861171,-0.004220981,-0.005305532,-0.005661979,0.07703719,0.03145512,0.007219557,0.02321688,0.05450352,0.02765055,0.02841851,0.03858401,0.0160344,0.04727037,0.04414631,-0.02788515,0.07255536,0.04356854,0.03600842,0.02812404,0.04191635,4.950645e-05,0.02723377,0.02218964,0.01605547,0.02693987,0.00130912,-0.001695296,0.01341837,0.002863236,0.04638603,0.01108503,0.009550297,0.04857963,-0.0002387259,0.01893199,-0.004464542,0.0331764,0.04556328,0.03557625,9.826943e-05,-0.009437491,0.03757301,-0.03289445,0.04639358,0.01168146,0.01832797,0.05926705,0.007373172,0.05383902,-0.02559245,0.003625826,0.01753803,0.08849283,0.05413556,0.0009232483,0.02695585,0.0845853,-0.01290024,0.04951508,0.03228771,0.03822901,0.009892057,-0.03284478,0.005488812,0.02303211,0.06825171,-0.001205157,0.01894157,0.02213617,pmERC,sub-S27,g,randomWalker4,freq01234
0.03802407,0.001476756,0.08340432,0.03183581,0.03881295,0.0194844,0.01200364,0.07209212,0.02764883,0.02482615,0.0173932,0.03203942,0.05037445,0.002766885,0.02285825,0.04468563,0.06260399,0.0263545,0.02816433,0.03014812,0.06424626,0.03070803,0.009862351,0.00969524,0.07269426,0.02583414,-0.0004742116,0.07230489,0.07119318,0.04191758,0.009002759,0.05965873,-0.003827477,0.02727458,0.0450865,0.04137385,0.05279809,0.03135645,0.05546198,0.02835459,0.05587106,-0.02799407,0.05313379,0.05513852,0.01719976,-0.01849088,0.06368493,0.0299221,0.01241422,0.05336028,0.03682674,0.04832741,0.04938785,-0.007274773,0.05185281,0.04973722,0.04680835,-0.004854303,0.04772987,0.02616259,0.04408148,0.05018271,0.04503077,0.04543974,0.03055401,-0.005515219,0.05655789,0.05224523,0.04640099,0.05281219,0.05064217,0.0352384,0.02924704,0.0467646,0.04272159,0.0005332242,0.01653449,0.03291332,0.04326632,0.01087938,0.07595769,0.03742081,0.01355554,0.06155599,0.04430119,0.03849718,0.02616518,0.04795485,0.04286652,0.06075337,0.02532695,0.03382195,0.05998844,0.02674472,0.06016552,0.05740254,0.04312023,0.03082652,0.04945636,0.06544755,0.02350424,0.0456408,0.03233404,0.08203648,0.07483993,0.03432199,0.04493413,0.07626746,0.02251774,0.07908933,0.05302773,0.05073795,0.03915647,0.009149405,0.05323083,0.04782564,0.06907391,0.03763619,0.05244591,0.04805639,alERC,sub-S27,g,randomWalker5,freq01234
0.03264896,-0.009737917,0.09518311,0.06368521,0.03822181,0.01766288,0.01138559,0.06302147,0.04562371,0.03222218,0.009731697,0.02217481,0.06648598,0.007607721,0.03809848,0.002777528,0.07334392,0.0467827,0.01855936,0.02473255,0.05408959,-0.02243735,0.0268178,-0.01624796,0.05821555,0.0182922,0.004033754,0.05668455,0.06328265,0.02787921,-0.01095437,0.07970035,-0.03497037,-0.004034535,0.01308218,0.03394054,0.0318014,0.01498735,0.05184096,0.03787529,0.07051779,0.01349278,0.04061897,0.05820487,0.04993067,-0.02323171,0.04774478,-0.006016942,-0.0164134,0.04857716,0.02407308,0.04897691,0.01944836,-0.01114382,0.08321745,0.0291317,0.01675246,-0.01340168,0.02157222,-0.00520372,0.03669786,0.03894897,0.01930066,0.03878452,0.04103893,-0.04701671,0.07099167,0.04537704,0.03979314,0.03126351,0.04662107,0.004218939,0.02602326,0.02674076,0.02241418,0.01894453,-0.009107078,0.006053293,0.01926141,-0.003146263,0.05143524,0.01236918,0.01851958,0.05046057,0.005685674,0.02457492,-0.009995133,0.03317015,0.0404954,0.04009835,0.01871043,0.001157532,0.0328445,-0.02410133,0.04949069,0.02341085,0.0181716,0.0340113,0.01117651,0.03560089,-0.02073345,0.008904452,0.02238016,0.09066337,0.05232372,0.005741348,0.03915743,0.08802122,-0.008903584,0.06115967,0.0373046,0.04900247,0.01327563,-0.03839382,0.01652065,0.02564126,0.07558258,0.001473922,0.02525946,0.03426883,pmERC,sub-S27,g,randomWalker5,freq01234
0.02759258,0.02617959,0.08367483,0.06791104,0.07172947,0.01585647,0.07333871,0.03477613,0.04083124,0.007059043,0.07853109,0.02536885,0.02888649,0.04882056,0.02073215,0.03255713,0.06820717,0.02656975,0.02983958,0.054373,-0.00593232,0.02660188,0.02546273,0.03638979,0.05846477,0.05038567,0.01567215,0.04054416,0.03567892,0.05363848,0.01423441,0.05781952,-0.01265519,0.03016262,0.04102424,0.04498574,0.04048204,0.03678703,0.05293545,0.0331044,0.05589432,0.01250711,0.05373486,0.05876613,0.02089154,-0.004098236,0.05456339,-0.03025855,0.01662251,0.064201,0.03843561,0.04581813,0.03963501,-0.009701983,0.04891344,0.03834855,0.04455969,0.000213316,0.03121358,0.01577302,0.04302594,0.05166825,0.03938932,0.0475368,0.01577018,-0.000743234,0.05375372,0.04961637,0.04381891,0.04761304,0.04576057,0.03210652,0.0356762,0.04239061,0.0379127,0.006834927,0.02383736,0.02759029,0.03839172,0.0216929,0.06902155,0.03795969,0.014777,0.05555389,0.03848099,0.03541185,0.02603644,0.0454802,0.04179954,0.05318257,0.01679081,0.035819,0.05529884,0.02498973,0.05826024,0.0424231,0.04050904,0.02718411,0.04343308,0.06476809,0.02504945,0.03979132,0.03144724,0.08069789,0.07902353,0.0314186,0.03963037,0.08319632,0.02239922,0.07816485,0.04828604,0.0448644,0.03320114,0.01457862,0.04552687,0.04249087,0.06640832,0.03437201,0.0498399,0.05038146,alERC,sub-S27,g,randomWalker6,freq01234
-0.01058055,0.02914991,0.0948592,0.07395442,0.04689914,-0.005680312,0.08171594,-0.02442024,0.03885328,0.0119632,0.09025723,0.05327082,0.0417768,0.02524733,-0.003840477,-0.00174228,0.08728576,-0.010065,0.02211474,0.05289787,0.005431569,0.02378678,0.008649668,0.03502834,0.03211166,0.05320812,0.02011585,0.01762573,-0.0092379,0.02318956,-0.00492221,0.0805176,-0.04551821,0.0108933,0.01180138,0.04516644,0.01792387,0.01880624,0.044979,0.04621514,0.07051773,0.04240512,0.03485329,0.04685332,0.0508168,-0.01577455,0.04061531,-0.05060122,-0.01903163,0.0578661,0.02439302,0.05621137,0.001176855,-0.008821003,0.07721363,0.01586773,0.01251849,-0.0301465,-0.002242813,-0.03776712,0.02590845,0.04061874,0.01668,0.04436971,0.02163306,-0.03348399,0.06591763,0.04365473,0.03460675,0.02380906,0.03803182,-0.001828828,0.03122015,0.02413169,0.01271238,0.01978491,-0.01048836,-0.006060931,0.01353095,0.002210999,0.04230091,0.0181179,0.01457093,0.04144623,-0.0004663584,0.01885089,-0.01287868,0.03414872,0.03860329,0.02602357,0.003490507,0.001384488,0.02743811,-0.03001879,0.05355985,0.009947912,0.02127057,0.02968973,0.005484358,0.04045597,-0.02339585,0.00335363,0.01471596,0.08994684,0.06669373,0.0001170029,0.02854904,0.09155323,-0.01130121,0.07678879,0.03364665,0.03749312,0.00622064,-0.03721055,0.0110782,0.01953647,0.06940821,-0.002354986,0.02167545,0.02773097,pmERC,sub-S27,g,randomWalker6,freq01234
0.06241027,0.03574862,0.08612993,0.04260237,0.04807228,0.02517883,0.04288686,0.007672739,0.06742695,0.0797761,0.03816136,0.07592783,0.03351736,0.01868804,0.04266393,0.03725544,0.06779782,0.02604219,0.01950578,0.04550305,0.01203173,0.02868117,0.05130251,0.006684692,0.007248196,0.04605789,0.01417383,0.02776455,0.02133507,0.04405663,0.05608146,0.03845351,0.05149636,0.05480671,0.04575332,0.03307502,0.04679344,0.0272746,0.03182832,0.01138704,0.0455842,0.05696508,0.0641012,0.03604929,0.02453412,0.008887772,0.05447922,0.06807648,0.003296387,0.07895606,0.06403454,0.001370747,0.03566965,0.003601513,0.05760053,0.05117353,0.04521142,0.04045928,0.05562584,0.03138977,0.04695266,0.04109582,0.04000098,0.05024818,0.0392592,-0.007875129,0.06179523,0.05244451,0.03799493,0.05018672,0.05106629,0.03310858,0.02856387,0.04581216,0.03715737,0.02810597,0.03410898,0.02491602,0.03345078,0.01336995,0.07621352,0.04166723,-0.004420617,0.0539998,0.0386538,0.03741828,0.02758447,0.04433186,0.04624006,0.06048993,0.01483647,0.03879398,0.05527111,0.02246349,0.04484561,0.04431031,0.04240593,0.02684111,0.04537493,0.06030861,0.02204907,0.04107979,0.03427419,0.0845905,0.07835031,0.03161399,0.04359854,0.07746081,0.02050526,0.06880789,0.05174432,0.04894155,0.03590268,0.007446275,0.04438768,0.04479728,0.07053549,0.03464178,0.05261545,0.05767661,alERC,sub-S27,g,randomWalker7,freq01234
0.08442646,0.005327118,0.09429323,0.03979562,0.01897616,0.03945655,0.01044191,-0.01369173,0.04056562,0.08841102,0.0411782,0.06291667,0.04873783,0.01291188,0.03858491,0.005116746,0.09336947,-0.01718125,0.03859132,0.03627416,-0.02894312,0.01215356,0.04726162,0.01427675,-0.005263177,0.02522398,-0.01559156,-0.01732469,6.876088e-05,-0.0009659175,0.0461697,-0.0005145562,0.04960275,0.06558874,0.06372619,0.01852792,0.04350624,0.009434268,0.008508779,-0.008879306,0.0215863,0.05775046,0.05732555,0.03017671,-0.001873551,0.0620356,0.02258642,0.06429218,-0.04179731,0.06847323,0.09161711,-0.0009256686,-0.006640348,0.01871043,0.08486687,0.03348505,0.00397499,0.01959741,0.05825237,0.01060553,0.02180949,0.02626325,0.01929545,0.04470712,0.03974902,-0.03277988,0.07439147,0.05185927,0.03600102,0.02765174,0.04835012,0.001956677,0.02416855,0.02782773,0.01329506,0.03136234,-0.002042189,-0.001837216,0.01413673,0.01692069,0.0515795,0.002317873,0.006767818,0.0478493,0.00157681,0.01833947,-0.01371685,0.03795892,0.0448927,0.03425423,-0.005358831,-0.002972454,0.02944436,-0.03091997,0.05130733,0.01244566,0.02235569,0.0426325,0.01011109,0.03199231,-0.0271803,0.005832343,0.01726657,0.09043633,0.05219847,0.001506922,0.03744502,0.0853437,-0.009930206,0.06196063,0.03585675,0.04588603,0.01354652,-0.04087929,0.01243651,0.02096074,0.06954492,0.0009763954,0.02222556,0.04206085,pmERC,sub-S27,g,randomWalker7,freq01234
0.02721087,0.04117051,0.08687685,0.04965772,0.07580829,0.009238224,0.06076964,0.05578091,0.04882937,-0.006206574,0.08335286,0.05149242,0.04700962,0.0407362,0.005491131,0.02383359,0.06770223,0.01940825,0.02833304,0.07521804,0.04023278,0.01110003,0.03269516,-0.0006788325,0.07342814,0.05112357,0.006629749,0.07045014,0.04763064,0.06617085,0.04265946,0.06125417,0.05281283,0.04196407,0.03150503,0.02846156,0.03269492,0.05611752,0.0352564,0.023036,0.06850318,0.02459042,0.07214881,0.04342529,0.0443368,0.02597641,0.04145988,0.05265706,0.01479195,0.06067915,0.04858128,0.008977599,0.02685986,-0.01413452,0.03116454,0.05673507,0.05242277,0.006773844,0.04950872,0.04108102,0.04348408,0.03507555,0.04024221,0.05484682,0.04075564,-0.005671755,0.05104754,0.05253837,0.03834584,0.04901734,0.05330937,0.0335797,0.02501602,0.04321551,0.0350147,0.03517471,0.03573698,0.02792424,0.03673827,0.01765166,0.07512612,0.03042755,0.005713751,0.05634054,0.03612877,0.03838673,0.02613512,0.04555644,0.04465349,0.05467316,0.02000357,0.04183647,0.05779681,0.02175517,0.02035072,0.04094987,0.04101432,0.000103139,0.04111097,0.06356663,0.02213747,0.03959704,0.03517307,0.08763988,0.07960748,0.03094086,0.03751707,0.08407361,0.01731174,0.06843804,0.05036155,0.04930833,0.03426006,0.01098414,0.04099923,0.04570703,0.06699847,0.03392837,0.0517641,0.05371513,alERC,sub-S27,g,randomWalker8,freq01234
0.03880898,0.06061003,0.09516142,0.04956516,0.03866345,0.01207326,0.05247881,-0.004856396,0.06342503,0.05422567,0.07903893,0.05588942,0.04839594,0.02769915,0.007920947,-0.009125344,0.07886284,-0.006097144,0.0292389,0.06274945,0.03164613,0.02069616,0.03274735,0.01750927,0.03599905,0.05766783,0.02838729,0.04356739,0.004559382,0.03936315,0.02620901,0.05885971,0.06085746,0.04657285,0.02858382,0.0001384078,0.01620695,0.04946839,0.00995475,0.01648231,0.07134966,0.01777256,0.05905222,0.03138318,0.02117939,0.05729896,0.03402632,0.05048643,-0.02542088,0.03132853,0.06368455,0.0248289,-0.01667473,-0.02497921,0.06485119,0.04934455,0.01451774,0.0009178179,0.0371368,0.02112543,0.02161619,0.02030689,0.01412844,0.04980856,0.04483008,-0.03844817,0.06623559,0.0491967,0.0319436,0.02532375,0.04991173,0.00151943,0.01857803,0.02507208,0.01022648,0.0345732,0.002229185,-0.000207318,0.0156664,0.01154281,0.05040851,-0.002877011,0.0150655,0.04623496,-0.0002236207,0.0212192,-0.007675304,0.03329002,0.04552896,0.026132,0.002560042,0.003167918,0.03633552,-0.0278317,0.05635393,0.00918162,0.02193012,0.0421491,0.005611691,0.04872059,-0.02377867,0.00608017,0.01963447,0.09342055,0.05901627,0.002904994,0.03099917,0.09115951,-0.01185115,0.06278033,0.03552935,0.04673301,0.01095765,-0.03397666,0.005856857,0.02401957,0.06682342,0.0007281218,0.0230968,0.03827465,pmERC,sub-S27,g,randomWalker8,freq01234
0.05293762,0.003043565,0.0839651,0.06160909,-0.01331244,0.07031996,0.04726743,0.02451875,0.02123966,0.031903,0.04508408,0.08083461,0.06210954,-0.003501472,0.07016428,0.03051727,0.07265987,0.04478347,0.005718518,0.02091115,0.05359735,0.02844772,0.034052,-0.00592794,0.03496305,0.04515524,0.06725097,0.02486744,0.0406458,0.03692627,0.03568317,0.05754659,0.06251508,0.03931854,0.02805026,0.03908559,0.0372386,0.05025735,0.04372094,0.01729026,0.06214149,0.007364883,0.07413446,0.042043,0.03771031,-0.008569994,0.04059719,0.04343672,0.01139916,0.04207656,0.05789668,0.01431308,0.03015715,-0.01275312,0.03966033,0.05977976,0.05492543,0.01194828,0.05048284,0.04782102,0.0399222,0.03822583,0.04213317,0.0432291,0.01040352,-0.002757649,0.06485625,0.05298859,0.04774873,0.05153791,0.04741582,0.03582877,0.02149458,0.04800037,0.03508465,0.02201113,0.02645419,0.02523811,0.03737372,0.0237335,0.07274376,0.0492053,0.01881034,0.05462181,0.04113748,0.03995938,0.02828746,0.04799134,0.04405259,0.05871015,0.0228398,0.04226279,0.06478836,0.0246392,0.03377776,0.04979309,0.04177406,0.01077458,0.04832989,0.0706592,0.02336106,0.03999592,0.03555045,0.08501426,0.0811331,0.03449865,0.03957528,0.08310372,0.02260574,0.06250372,0.05317102,0.0452086,0.03760429,0.01341779,0.04488507,0.04787945,0.06551359,0.03712834,0.05333577,0.05602396,alERC,sub-S27,g,randomWalker9,freq01234
0.04203244,0.001611278,0.09299143,0.06329241,-0.002755009,0.05507499,0.07570524,0.03003137,0.03980904,0.0427283,0.03445744,0.0821505,0.06875344,0.03231881,0.05952861,0.001198989,0.07763896,0.04398867,-0.007683248,0.007942724,0.04100048,0.03412282,0.05336251,0.03081857,0.02912575,0.08033764,0.06582747,0.02813538,0.04886082,0.03826874,0.02464871,0.06000062,0.07396493,0.04664337,0.01393746,0.01178365,0.01995749,0.03415122,0.02081744,0.02114869,0.07113957,0.01964193,0.05845686,0.02464388,0.01471711,0.01973773,0.03626117,0.050347,-0.02273013,0.009977854,0.06835935,0.01939474,-0.01105726,-0.0353574,0.07107624,0.05267342,0.02132833,-0.007600139,0.0332134,0.02724051,0.03038626,0.02801739,0.01375952,0.04120075,0.02091784,-0.03464108,0.0808027,0.0479182,0.04434209,0.0327098,0.04027921,0.0046507,0.01878766,0.03003065,0.01126315,0.02430364,-0.01063697,-0.003151671,0.01857463,0.005390402,0.04763764,0.01676641,0.02818282,0.04132249,0.005358585,0.02457914,0.0002181879,0.03910173,0.04453597,0.03241644,0.005034681,0.0006439127,0.04117041,-0.02618242,0.04932482,0.005278221,0.02346499,0.04899747,0.01455671,0.04869142,-0.02164829,0.008377883,0.01929597,0.09025222,0.06046989,0.006057455,0.03612006,0.0891875,-0.006509217,0.05551817,0.0415535,0.04231585,0.01493252,-0.03073728,0.01042841,0.02657611,0.06500476,0.006307763,0.02616732,0.05028406,pmERC,sub-S27,g,randomWalker9,freq01234
0.07134726,0.01536307,0.02010828,0.02068423,0.05914523,0.003385184,-0.00695701,0.05431642,-0.002966505,0.03648065,0.03075889,0.07876984,0.04395647,0.05493575,0.04455279,0.04450519,0.03347919,0.03717409,0.005216104,0.03777164,0.0446966,0.05208464,0.01429907,0.07833973,0.05310334,0.0005879204,0.01636527,0.05811463,0.03681154,0.04756125,0.05063017,0.01717729,-0.02367051,0.01046696,0.07212513,0.0666861,0.05498688,0.07823574,0.04108993,0.02501493,-0.008666582,0.01492165,0.06330124,0.04923107,-0.01517337,0.04925836,0.04484227,0.02413708,0.04285135,0.07625962,0.02348589,0.03038262,0.03668823,0.02560405,0.01962922,0.06682872,0.04156136,0.04770144,0.03921362,0.04142687,0.06851409,0.04470801,0.04304997,0.04975835,0.04071339,0.03352791,0.06994657,0.03650471,0.05855926,0.03699775,0.06547614,0.03837055,0.04942799,0.04725752,0.03854488,0.04204084,0.04041503,0.02380034,0.02836343,0.04853837,0.06428485,0.07607831,0.02630601,0.04686367,0.04572065,0.04223803,0.03869417,0.04866961,0.04262734,0.03912365,0.04803085,0.03694655,0.05796874,0.03406081,0.05685343,0.05840079,0.04397328,0.05758127,0.04554438,0.04999269,0.03792891,0.05218421,0.06179898,0.02411592,0.05921197,0.04489706,0.01920215,0.04260476,0.04028631,0.0181688,0.0444296,0.01257445,0.03174134,0.03543381,0.05090219,0.0596531,0.0362776,0.04126503,0.06060374,0.03991964,alERC,sub-S28,g,randomWalker0,freq01234
0.04212898,0.03405414,0.04042729,0.05094031,0.08420493,0.05112064,0.04907238,0.08463845,0.03100607,0.03449452,0.03456181,0.08005445,0.04735318,0.08101063,0.02690398,0.03604237,0.034725,0.04451487,0.02343568,0.0579023,0.07981618,0.0199169,0.03336732,0.03698218,0.08998161,0.02018026,0.005685225,0.09008407,0.06978491,0.06513977,0.05463774,0.03894051,0.03008485,0.03922724,0.04333586,0.0351545,0.0479226,0.04547096,0.03782587,0.04495654,0.02717811,0.02528133,0.03352845,0.04234924,0.01494185,0.0679593,0.02962557,0.05791948,0.02446116,0.05251716,0.03484037,0.01789271,0.03369782,0.01039872,0.03071918,0.03132996,0.0328256,0.0309841,0.04321853,0.04914524,0.03840319,0.06086926,0.03708964,0.04108169,0.06593918,0.05910834,0.05314783,0.04609535,0.05687898,0.03227893,0.05371684,0.04376456,0.07144615,0.03981619,0.02949862,0.05723587,0.04218763,0.03500203,0.03072111,0.05146481,0.03311485,0.05646368,0.02880558,0.0377715,0.03285537,0.0507466,0.03767187,0.04208728,0.04522786,0.03834452,0.06611205,0.06269135,0.03152448,0.04586292,0.03438545,0.03622316,0.03357468,0.02300741,0.03175559,0.02255661,0.04520398,0.03483005,0.0593966,0.043001,0.02616644,0.03984092,0.02295432,0.05192149,0.03795756,0.02914379,0.04159979,0.0325612,0.03578766,0.04309996,0.03448767,0.0415193,0.04306946,0.03463248,0.04039973,0.03107881,pmERC,sub-S28,g,randomWalker0,freq01234
0.07022821,0.05821013,0.02422352,0.03746096,0.03932659,0.08250128,0.04353555,0.03955918,0.04002738,0.03128232,0.06596125,0.0823859,0.03636178,0.05319595,0.06701175,0.05014399,-0.01968965,0.02843329,0.001702687,0.0276555,0.0362963,0.07001876,0.02824244,0.06615435,0.04793046,0.02964165,0.0671288,0.03400851,0.02467227,0.03319023,0.0472005,-0.004386968,0.05249906,0.09073728,0.07042465,0.05408271,0.04535842,0.05294126,0.01618822,0.02590307,-0.01713523,0.03252656,0.05879568,0.01819087,0.01940875,0.0302087,0.06648757,0.03816396,0.03899588,0.03397695,0.04371208,0.0657662,0.03603999,0.006086155,-0.02323662,0.06785973,0.03923223,0.04817639,0.05625912,0.04536301,0.05850113,0.03837151,0.05166819,0.05267963,0.0431294,0.04281695,0.04928709,0.05151125,0.05415819,0.03108911,0.07725997,0.03927962,0.04369183,0.05431128,0.03373804,0.05807706,0.04047012,0.01611875,0.001434874,0.0559547,0.0576361,0.08041071,0.0110601,0.0500048,0.04661886,0.04474419,0.03710391,0.04008918,0.03802297,0.04853684,0.03326549,0.05363652,0.06187531,0.03485095,0.04420948,0.05103106,0.03987024,0.03648226,0.04854866,0.05265227,0.04006105,0.05077353,0.0659941,0.02930041,0.06381917,0.04910059,0.009043091,0.03160106,0.04162874,0.03049425,0.03998077,0.01241562,0.02829016,0.02937554,0.04970792,0.06120323,0.04213549,0.03873711,0.06034933,0.02898442,alERC,sub-S28,g,randomWalker1,freq01234
0.05985124,0.04385827,0.0405325,0.04582009,0.06594747,0.06543196,0.07691204,0.0669167,0.03462926,0.03160677,0.05358914,0.07867289,0.0566343,0.05691326,0.06516466,0.03175072,0.02637811,0.04717593,0.01991797,0.06923953,0.07267289,0.04085284,0.05587278,0.04665739,0.06519305,0.03586089,0.03120335,0.06769578,0.06747479,0.06197365,0.0434043,0.004827991,0.0535128,0.06982538,0.03183975,0.05259055,0.04213141,0.04702069,0.03531898,0.04741123,0.03245645,0.05668661,0.0300573,0.05072684,0.03213593,0.06186045,0.03611005,0.03106643,0.03105193,0.02327578,0.05283244,0.05526207,0.0265662,0.005872559,0.03508251,0.03721897,0.03237801,0.05144559,0.04918849,0.06343214,0.03570442,0.06579743,0.04596464,0.05137959,0.06135321,0.07389035,0.03653968,0.05592967,0.0559146,0.03420553,0.05983966,0.04357123,0.07720008,0.03932723,0.03239698,0.06444543,0.04031025,0.03719196,0.02782532,0.05231408,0.03466003,0.03743762,0.04179059,0.03160147,0.03287743,0.04875223,0.03795141,0.04751224,0.04672416,0.03604444,0.06841557,0.06065378,0.02817048,0.04528636,0.03656799,0.03607416,0.03469537,0.02653893,0.03350035,0.01485009,0.0453617,0.03737587,0.05534222,0.04292876,0.02535248,0.04093426,0.01891647,0.04954976,0.04069497,0.0375517,0.04381844,0.03120517,0.0360653,0.04448492,0.03890044,0.04173736,0.04130138,0.03605442,0.04213766,0.03654618,pmERC,sub-S28,g,randomWalker1,freq01234
0.05474105,0.04253032,0.02947873,0.02626005,0.06293371,0.09825877,0.03189837,0.0392044,0.03009664,0.02769823,0.004396365,0.08216564,0.04481582,0.05741591,0.07145671,0.05210283,0.02969009,0.06361257,0.02380993,0.03444027,0.04100646,0.08768192,0.08563355,0.03932754,0.06505439,0.04624589,0.06761095,0.04593071,0.0431825,0.03061277,0.06405367,0.05364306,0.03366785,0.02226369,0.02668597,0.0763566,0.02262597,0.05147664,0.04201177,0.08167186,0.0604228,0.01897469,0.06542177,0.04423441,0.01389213,0.04985183,0.03293969,0.06825086,0.04948205,0.02642152,-0.002884674,0.03773081,0.04096961,0.007514315,0.02464759,0.0731232,0.0530862,0.06004145,0.01043079,0.04591115,0.05243494,0.03343749,0.04760695,0.04607681,0.05478114,0.03997717,0.05981512,0.03295427,0.04770879,0.03988451,0.06881637,0.03536743,0.0461213,0.05076646,0.03150445,0.06268092,0.02593553,0.02014762,0.008412198,0.05262263,0.05652088,0.05897835,0.02395999,0.05197975,0.04695651,0.03548463,0.05466554,0.04246233,0.0390423,0.04793288,0.0251368,0.04235987,0.0547542,0.03641088,0.06151912,0.06325825,0.05706834,0.05211823,0.04703281,0.05467197,0.04076675,0.05953454,0.04340388,0.03325648,0.06115312,0.04057659,0.01410947,0.04769754,0.03314251,-0.006376427,0.05367537,0.01286937,0.03009704,0.04286075,0.06200156,0.05650103,0.04581111,0.04421131,0.06094303,0.0440974,alERC,sub-S28,g,randomWalker2,freq01234
0.047856,0.05215614,0.04196052,0.02658221,0.0740042,0.06326265,0.004038732,0.0711105,0.04903343,0.04869431,0.02585659,0.06550796,0.05755185,0.03620461,0.05026393,0.03287667,0.04351237,0.03650039,0.03962168,0.05905304,0.05350672,0.06938205,0.0699321,0.04485691,0.07897795,0.06529464,0.04297812,0.06937833,0.05813118,0.04700122,0.03886368,0.0526626,0.03318035,0.04221694,0.0429466,0.04016158,0.04329481,0.04957882,0.04050682,0.07192548,0.06754084,0.03790494,0.03988941,0.04328819,0.01417916,0.05421553,0.03061794,0.07742369,0.05906507,0.05009921,0.02355014,0.02160338,0.03026751,0.0005292775,0.02824937,0.0437072,0.04433664,0.07012469,0.0347163,0.02285521,0.03428508,0.06101535,0.04058693,0.04947092,0.06834074,0.0696101,0.03910078,0.04515382,0.05635074,0.03819558,0.05518734,0.04249873,0.0793055,0.04043212,0.03180963,0.06168478,0.04248933,0.03807713,0.03311497,0.05599785,0.04130541,0.03234934,0.02786878,0.04147891,0.035917,0.04839627,0.03275231,0.03663947,0.04445686,0.04013085,0.06086596,0.05700274,0.03399878,0.05112233,0.03785092,0.04347092,0.0444328,0.02362451,0.03532673,0.01930465,0.05003252,0.03549426,0.04835663,0.04441399,0.02273312,0.04140735,0.01893897,0.06044779,0.03998822,0.01186346,0.05051226,0.03319187,0.03990424,0.05171958,0.03504553,0.04316943,0.04169907,0.03886473,0.04049597,0.02779029,pmERC,sub-S28,g,randomWalker2,freq01234
0.01268661,0.06132267,0.02370937,0.03166471,0.02770383,0.08067103,0.04263085,0.02011896,0.1004435,0.003571555,0.02183674,0.07552619,-0.006923686,0.03721117,0.01048036,0.0331024,-0.003785619,0.03899073,-0.006643469,0.03456993,0.03233432,0.04752288,0.06603234,0.02836834,0.02893597,0.09756628,0.07550401,0.02404519,0.01657378,0.03576019,0.08321337,0.04702239,0.02465302,0.003865009,0.02453211,0.06694215,0.01559382,0.03974919,0.04126175,0.07991099,0.03188556,0.02259453,0.06226764,0.04067802,0.02473988,0.01933384,0.01825214,0.03586954,0.03061152,0.0157926,0.02512441,-0.01253387,0.03321658,0.00999059,-0.002191096,0.07084303,0.04640632,0.03273567,0.01497697,0.0400209,0.0618748,0.04109689,0.04583413,0.04427215,0.04954198,0.04054863,0.06090659,0.03653869,0.05617364,0.03679266,0.06265768,0.03322954,0.04688682,0.04714153,0.03328539,0.05376131,0.01681695,0.02124901,0.02586656,0.05205323,0.06581379,0.06609216,0.02213366,0.04434293,0.04084094,0.03438268,0.03104434,0.04319669,0.04553054,0.03895392,0.02511471,0.03908817,0.05425041,0.02859596,0.01064109,0.06726708,0.03463047,0.03307301,0.04500179,0.03648296,0.0288539,0.04401477,0.05426621,0.03416357,0.05972018,0.03999959,0.01502872,0.04083356,0.03227973,0.02378783,0.03768037,0.01528283,0.0277814,0.02800686,0.04724709,0.05724997,0.03572574,0.0347724,0.05414304,0.02919608,alERC,sub-S28,g,randomWalker3,freq01234
0.01696773,0.03408622,0.04154612,0.07046098,0.06566814,0.05416572,0.05307193,0.06080749,0.06791981,0.03576532,0.02722993,0.08123259,0.02096597,0.07009334,0.04705215,0.04406919,0.04151763,0.06958276,0.03507542,0.06944503,0.04281413,0.0434893,0.05432719,0.04975939,0.0655667,0.0636536,0.05809169,0.0496189,0.05032748,0.04364931,0.04789094,0.02432129,0.03689612,0.03378437,0.03262774,0.03954478,0.03015301,0.04245993,0.03718923,0.07447763,0.0428833,0.04375343,0.03491406,0.0285455,0.04381917,0.03578357,0.0255964,0.05230951,0.04371283,0.02397981,0.02788688,0.01389427,0.01900974,-0.005196768,0.03602501,0.04227233,0.04399087,0.05296724,0.03090187,0.021578,0.03580161,0.06747296,0.03908262,0.04426489,0.07277013,0.07234669,0.06114383,0.04738881,0.05455452,0.03061298,0.05087153,0.04102553,0.07511191,0.03652374,0.02734815,0.05531481,0.04800297,0.03282623,0.03107655,0.05688964,0.03974659,0.05257488,0.02634967,0.03372116,0.0335078,0.0405403,0.03617173,0.04855213,0.05633783,0.03813573,0.04830065,0.05643024,0.02670055,0.05204204,0.02007032,0.04411219,0.03070882,0.03605414,0.03322912,0.005902671,0.04517929,0.03460046,0.04854997,0.04537395,0.02596135,0.03691299,0.01507998,0.0469225,0.03602863,0.0460738,0.04192817,0.02543465,0.03530117,0.05029285,0.04083725,0.04221096,0.0435461,0.03637383,0.04009055,0.03154297,pmERC,sub-S28,g,randomWalker3,freq01234
0.0458631,0.04692831,0.02261214,0.00202591,0.02975315,0.01779623,0.004069151,0.02563008,0.06129613,0.04152782,0.005244671,0.03708994,0.03070955,0.003521399,0.01809429,0.04505456,0.003178162,0.006425252,0.02339879,-0.01363571,0.02626719,0.05714259,0.04652566,0.0400506,0.02281607,0.03789553,0.01852063,0.03643152,0.03502992,0.05611875,0.06979151,0.01986055,0.01730429,0.0130236,0.05572081,0.06767567,0.01500399,0.04547275,0.04340855,0.07862086,0.02083496,0.02235653,0.0603198,0.04581634,0.02542558,0.03262158,0.02051461,0.03615382,0.04154105,0.02525045,-0.004386589,0.03760487,0.03173368,0.007908421,-0.006291188,0.07638806,0.04819789,0.0364216,0.01157349,0.04027567,0.06570367,0.04831333,0.04222479,0.049021,0.05371941,0.0447786,0.06628929,0.04082182,0.05516491,0.03573136,0.05921386,0.03412852,0.05471734,0.04716855,0.03602987,0.05525627,0.03115296,0.02513905,0.0304886,0.05464375,0.05723967,0.07576697,0.03151438,0.04364748,0.04301967,0.03883483,0.03641813,0.03594029,0.04155205,0.04499315,0.02291013,0.04332447,0.05959235,0.0355787,0.02638089,0.05384268,0.03537368,0.01987493,0.04316815,0.04076286,0.03630869,0.04925477,0.0561859,0.04384709,0.06176019,0.04369601,0.02152194,0.02559453,0.03721344,0.01879438,0.03853758,0.01923672,0.02882373,0.03412901,0.04482621,0.05983973,0.03672611,0.03745918,0.05709019,0.03485797,alERC,sub-S28,g,randomWalker4,freq01234
0.05609787,0.05465822,0.03908137,0.03806807,0.05558592,0.04990493,0.03213864,0.05372779,0.04575568,0.04798858,0.008358642,0.02184779,0.05287932,0.0323105,0.04224787,0.03550845,0.05163286,0.02115187,0.03707457,2.023062e-05,0.05793781,0.05654137,0.05268314,0.06131937,0.05434643,0.02940829,0.05688363,0.06566186,0.05245599,0.05680988,0.04730606,0.01660526,0.03757986,0.0315157,0.0343814,0.0415112,0.03409006,0.04371241,0.0425241,0.07572319,0.03977868,0.04407634,0.03536427,0.0343834,0.03376044,0.05290034,0.03051405,0.04340705,0.04775357,0.03073264,0.02122957,0.02146489,0.01960277,-0.003702268,0.03740047,0.04408359,0.04408136,0.06230289,0.03311066,0.0274253,0.04158157,0.05738757,0.03837673,0.04214954,0.06226997,0.07017347,0.04721282,0.04368301,0.05095704,0.03259543,0.05156247,0.04491355,0.07550019,0.03851243,0.03177229,0.06429502,0.05021844,0.03715068,0.0326545,0.05004813,0.03269361,0.05389458,0.03004129,0.02923651,0.03523648,0.0457816,0.03698299,0.04165073,0.04911088,0.03588469,0.05478381,0.0580425,0.02883813,0.05087465,0.03953081,0.03379634,0.03449037,0.02772636,0.03229814,0.01154395,0.04941174,0.03865251,0.05075274,0.0420479,0.02262955,0.04191603,0.02388118,0.04267931,0.04228409,0.04483149,0.04025587,0.03296955,0.03822763,0.04675477,0.03743649,0.04141076,0.0433647,0.03798519,0.04020224,0.03586887,pmERC,sub-S28,g,randomWalker4,freq01234
0.06790039,0.03388853,0.02186321,0.04496941,0.007351505,0.03107982,0.0247561,-0.00429376,0.05491807,0.06455684,0.02847764,0.01970182,0.0523542,0.05106904,0.04745701,0.04300842,0.008099055,0.07771733,0.01013338,0.08796597,0.02397786,0.03739678,0.06814057,0.03805384,-0.01033425,0.02934237,0.03720457,-0.01403839,0.008876057,0.01100805,0.04135585,0.00840003,0.0726067,0.09004632,0.07116938,0.05563036,0.04894072,0.04448396,0.02135339,0.03129172,-0.005877042,0.0351786,0.05624699,0.02653182,0.03673512,0.02333264,0.07725958,0.04755073,0.03578135,0.04498454,0.04048051,0.07535671,0.03766494,0.0136286,-0.003780755,0.06300643,0.03549321,0.06680436,0.04517347,0.03257808,0.07436781,0.05210868,0.04191926,0.04288125,0.05231768,0.03446845,0.07137973,0.04322999,0.06369292,0.04111698,0.05369038,0.03871367,0.0514374,0.05080032,0.04273928,0.05710633,0.02133752,0.02594875,0.03774995,0.05661496,0.06837556,0.06991918,0.03815561,0.04351235,0.04862483,0.04304086,0.03609922,0.05220577,0.04819576,0.04086434,0.02051885,0.04669481,0.05771348,0.03354891,0.05330862,0.06528418,0.0463381,0.05169694,0.04981379,0.05440434,0.03519687,0.05524763,0.05833723,0.03904987,0.06395797,0.04480024,0.01208702,0.0353995,0.03720324,0.02319036,0.04932807,0.01038612,0.03518422,0.03324898,0.05814965,0.06076867,0.03349431,0.04293541,0.06127568,0.03321147,alERC,sub-S28,g,randomWalker5,freq01234
0.04249515,0.06205169,0.04186939,0.03802034,0.05080531,0.04580918,0.04562506,0.03968671,0.061822,0.06970136,0.02185566,0.01047111,0.04699717,0.08434902,0.0455969,0.03504525,0.03565324,0.06783413,0.04399966,0.0777622,0.011685,0.06482963,0.06221658,0.07233313,0.02383547,0.01984451,0.05785599,0.01706744,0.03050974,0.01172105,0.05026969,0.01789504,0.06401606,0.06332704,0.03360448,0.05138332,0.04305645,0.0421829,0.0373159,0.0498977,0.02808139,0.05700326,0.0238107,0.055014,0.04690987,0.04620404,0.03942764,0.02602937,0.03748062,0.03297337,0.04804594,0.05709657,0.02467607,0.001232845,0.03251338,0.0319076,0.03162267,0.06813832,0.04454661,0.05975911,0.04784691,0.0605649,0.03797992,0.03765808,0.06510634,0.0592183,0.05176378,0.04657841,0.05802099,0.03348666,0.0538097,0.0420877,0.07247354,0.04220752,0.03163694,0.07658065,0.05818596,0.03127191,0.03404946,0.04717976,0.04109909,0.0522809,0.02972974,0.02998517,0.03451502,0.04797557,0.03410067,0.05042433,0.04666477,0.03612228,0.04550556,0.0569142,0.02930002,0.04609875,0.03139012,0.03887627,0.03564596,0.02243311,0.03471312,0.01930598,0.04598701,0.03561812,0.05360654,0.04690453,0.03092962,0.03878653,0.01539626,0.04939962,0.03771986,0.0313621,0.04657604,0.02717612,0.03591866,0.04727435,0.03850385,0.04273311,0.04185611,0.03651257,0.04269634,0.0377433,pmERC,sub-S28,g,randomWalker5,freq01234
0.01839823,0.01856386,0.02344605,0.02401707,0.04044258,0.03261117,0.04813292,0.02532082,0.02828372,0.007638054,0.01037657,0.05464978,0.02771169,0.02681932,0.03336937,0.04057888,-0.00298249,0.02827545,0.01935143,0.04702135,0.006574184,0.06114656,0.01528129,0.0491289,0.033454,0.03355408,0.03224984,0.04857581,0.03886141,0.06439542,0.0357053,-0.007274091,0.06997851,0.08216582,0.06444547,0.05452886,0.05055197,0.04370038,0.01711671,0.02279594,-0.01075118,0.03065152,0.05713669,0.02278264,0.07286333,0.03251542,0.0672635,0.004234544,0.03552455,0.0319682,0.04683318,0.07261108,0.03578527,0.0142335,0.02550216,0.05629087,0.03074273,0.06111648,0.05699798,0.05001967,0.06052377,0.04859409,0.04009408,0.04694017,0.04938558,0.03839709,0.04916862,0.04365532,0.05456027,0.03589746,0.05687143,0.03509717,0.05369627,0.04843911,0.03576959,0.06610858,0.0228306,0.02816551,0.03183784,0.06977087,0.05920621,0.06892313,0.02868995,0.04325292,0.04286614,0.03998952,0.03734884,0.04571379,0.03592107,0.04081576,0.03223004,0.04728998,0.05563347,0.0319126,0.05854732,0.04848116,0.0394222,0.04935116,0.04480973,0.053927,0.03553008,0.04919731,0.05194778,0.03245348,0.05879486,0.04107439,0.01733797,0.02885146,0.03373501,0.0001102002,0.04099727,0.01735788,0.02861417,0.03457382,0.05074586,0.05672054,0.04030084,0.0386675,0.06199159,0.04640407,alERC,sub-S28,g,randomWalker6,freq01234
0.03301942,0.02475914,0.04074899,0.04536978,0.02934293,0.05014535,0.05355318,0.03794286,0.03820318,0.003512379,-0.0006170552,0.05206591,0.04321426,0.05507419,0.0461919,0.03472779,0.04597636,0.04734528,0.03536282,0.07012884,0.003689535,0.06305814,0.03295563,0.06066767,0.001289355,0.03578467,0.04313145,0.01991646,0.02227765,0.03610863,0.03930126,0.01854398,0.06004417,0.05113934,0.02336007,0.0494328,0.04597992,0.0436463,0.03475746,0.04676344,0.0260834,0.0333673,0.0272848,0.04632469,0.07085968,0.05976383,0.03665282,-0.01660309,0.03650311,0.0320981,0.04941522,0.04270454,0.03070386,0.004882808,0.03465695,0.03786788,0.03045961,0.06171939,0.05603201,0.07833049,0.03717005,0.05606814,0.03447272,0.04145348,0.06811324,0.06625208,0.04715203,0.04393354,0.04619957,0.03062419,0.05494382,0.0421266,0.07310921,0.03761583,0.0281381,0.07712196,0.0509698,0.0365808,0.02927755,0.0529424,0.02653204,0.0505752,0.03135632,0.02223323,0.0338124,0.04498011,0.03836676,0.04282389,0.03800105,0.04207631,0.06340223,0.05728072,0.03137122,0.05399065,0.03690685,0.03159779,0.03217785,0.02337153,0.03239231,0.0213776,0.05019569,0.03482272,0.04737105,0.04299253,0.0209143,0.03924325,0.02135367,0.04230825,0.03912264,0.01975573,0.03895971,0.02967335,0.03590721,0.05170246,0.03458416,0.038243,0.04447171,0.03591118,0.03835501,0.03387899,pmERC,sub-S28,g,randomWalker6,freq01234
-0.02062078,0.0516829,0.02647364,0.02360183,0.05116503,-0.006131644,0.0653728,0.03209623,0.06647945,0.0009427174,0.03039507,0.07910777,0.01131883,0.03477857,0.02931894,0.04705241,-0.01007821,0.04171657,0.008620302,0.04347553,0.03219892,0.06375827,0.02117115,0.03303727,0.03919617,0.07036608,0.01401882,0.03948748,0.02857711,0.05722826,0.0844842,0.04040527,0.03908888,0.0128085,0.04549583,0.07415993,0.02030936,0.05272194,0.0460307,0.08805914,0.03840671,0.03554866,0.06843184,0.03959858,0.03442877,0.0327969,0.03824174,0.05631121,0.03990447,0.04437693,0.02020548,0.03930194,0.03749868,0.007253728,0.0007344238,0.08080236,0.05332658,0.05052007,0.01054069,0.04418934,0.05559532,0.04167498,0.04268202,0.05419789,0.04955198,0.04439612,0.06005038,0.0395155,0.06244215,0.03487837,0.06254678,0.03682266,0.0543487,0.05724698,0.0336155,0.04019903,0.0269863,0.02204826,0.01856591,0.05040199,0.05946004,0.06700576,0.0337931,0.04292534,0.04668531,0.04420407,0.04054379,0.04458907,0.04022112,0.04630551,0.03250848,0.04764234,0.06240998,0.03599563,0.04869328,0.05293139,0.04178991,0.05243876,0.04831348,0.05493598,0.03833956,0.05227042,0.05970094,0.02909355,0.06304194,0.04630295,0.012411,0.04445671,0.03926493,0.01854452,0.04193326,0.01447532,0.0306174,0.03294292,0.0510499,0.05915865,0.04460816,0.04052903,0.06317288,0.03053463,alERC,sub-S28,g,randomWalker7,freq01234
0.03202054,0.03767772,0.04039628,0.03712098,0.06926084,0.0221035,0.05646926,0.06940137,0.0425683,0.02610827,0.03377312,0.0522327,0.04186771,0.05115415,-0.01762319,0.03470112,0.04126734,0.04188015,0.03801157,0.06055417,0.07195795,0.04067531,0.04257332,0.01743726,0.07067646,0.05566731,0.02776336,0.07198235,0.05714709,0.06041408,0.04777224,0.03141896,0.04262911,0.03491147,0.04547084,0.04061108,0.03545704,0.04859776,0.04174583,0.07898979,0.05076827,0.05022004,0.03315699,0.04051409,0.03509894,0.04767626,0.03122169,0.05661761,0.05647744,0.03057643,0.02816271,0.01094796,0.02699119,-0.01254697,0.03270129,0.04215965,0.04446061,0.064856,0.02927033,0.02515043,0.0369599,0.06025203,0.03772781,0.04812549,0.06403449,0.07118883,0.04727074,0.04726003,0.05834235,0.03078802,0.05413597,0.0415322,0.07660486,0.04201171,0.03032162,0.05356403,0.04444573,0.03450792,0.0291786,0.04671085,0.03648068,0.04367721,0.03142405,0.02983807,0.03370364,0.04702618,0.03509503,0.04810051,0.04462689,0.03699694,0.06102179,0.05930066,0.03061342,0.04901648,0.03623887,0.03478179,0.03578185,0.02386476,0.0340718,0.01991417,0.04564027,0.03469507,0.04955272,0.04111888,0.0265988,0.03844164,0.0126953,0.04813069,0.03600588,0.03365556,0.04347885,0.02885067,0.03432424,0.04579054,0.04022074,0.0417945,0.04037291,0.03499267,0.04185286,0.02973069,pmERC,sub-S28,g,randomWalker7,freq01234
-0.0003418109,0.04286768,0.02241818,0.03420197,0.05217744,0.03904412,0.0400428,0.03934406,0.08394219,0.03829826,-0.0009260596,0.06053869,0.03229238,0.03221035,0.0335838,0.04606529,0.006989264,0.04089809,-0.00024984,0.02682451,0.07384047,0.065368,-0.004228889,0.04863297,0.02718402,0.07873737,0.06057251,0.0654543,0.05193949,0.08221412,0.07197808,0.03344633,0.006100456,0.01621306,0.07741468,0.05457266,0.03700018,0.06473046,0.04876292,0.01100879,-0.006982661,0.004448641,0.0702026,0.05107094,0.01213475,0.04800148,0.03876017,0.02655977,0.04011815,0.08061647,0.007224164,0.0156008,0.03511196,0.02407223,0.0005720839,0.077429,0.04708816,-0.02639221,0.0288958,0.03578914,0.05731746,0.04200127,0.0425559,0.05443089,0.05728175,0.03960258,0.07103147,0.04250159,0.0561939,0.03687646,0.0652815,0.03593055,0.04735842,0.05316127,0.03606071,0.05530233,0.02539653,0.02703576,0.02733695,0.06228722,0.06414994,0.07495651,0.03051218,0.04279869,0.0448362,0.03677856,0.03883745,0.04407331,0.03760167,0.04725743,0.02457261,0.04307548,0.05691623,0.03430611,0.005632994,0.04550097,0.04292069,0.03668664,0.04493717,0.04427696,0.03650237,0.05376218,0.05381826,0.02689317,0.0607889,0.04561781,0.01436678,0.02951971,0.03674956,0.007884622,0.04315052,0.01398501,0.02956208,0.03288951,0.0507837,0.0609327,0.03993809,0.04152368,0.06176591,0.04053871,alERC,sub-S28,g,randomWalker8,freq01234
0.05043503,0.04061584,0.03943239,0.06658054,0.03653296,0.06350768,0.055579,0.04177696,0.06739959,0.05744672,0.03163876,0.05773014,0.04843751,0.07525349,0.06401582,0.04363319,0.05199898,0.07979603,0.02904155,0.04983902,0.0463359,0.05681041,-0.02085567,0.07124087,0.01833224,0.06813093,0.06980061,0.02798478,0.04448852,0.03397566,0.06249231,0.03498081,0.03660666,0.04300087,0.03792856,0.03046397,0.03566006,0.03550786,0.04684661,0.0311803,0.02099548,0.03977773,0.03808783,0.03623273,0.02774688,0.0379067,0.03535434,0.05114684,0.04337172,0.03906382,0.01940859,0.0227245,0.03522176,0.02318482,0.03139576,0.04018386,0.04046727,0.009003979,0.03778921,0.03014081,0.03582141,0.06548551,0.03561606,0.04854801,0.06554868,0.07317802,0.05588054,0.04738754,0.055606,0.03188134,0.05291478,0.04289285,0.07697716,0.04207915,0.0321719,0.05953772,0.04480962,0.03888166,0.031391,0.05861497,0.03394081,0.05807201,0.03454963,0.02858499,0.0352991,0.04354701,0.03959116,0.04710828,0.04411129,0.04023314,0.05207721,0.04606234,0.0295825,0.04939498,0.01697126,0.03011383,0.03576197,0.02179203,0.03368687,0.01360915,0.0478342,0.03731133,0.04822891,0.03943674,0.02274354,0.04012885,0.02043667,0.04390963,0.04026942,0.02938432,0.04399425,0.02996927,0.03656521,0.04943039,0.03972704,0.0424281,0.04541492,0.03758497,0.04126582,0.0377792,pmERC,sub-S28,g,randomWalker8,freq01234
0.04392443,0.05021328,0.02578088,0.07743089,0.02995017,0.04039436,0.08349647,0.03158957,0.03245918,0.03852922,0.03177062,0.0731314,0.04831374,0.0517327,0.07619219,0.05462375,0.01388267,0.0863945,0.02147435,0.002670171,0.05496832,0.04196844,0.03675247,0.06718121,0.02409964,0.03203049,0.0780619,0.04447707,0.04135736,0.07105469,0.05755984,0.02459858,-0.01033671,0.02399171,0.07228439,0.06448226,0.0491624,0.06203691,0.04439396,0.02293353,-0.01465623,0.005739745,0.06574839,0.04662345,0.05053604,0.005636451,0.03694926,0.008462808,0.03317898,0.06607337,0.0177211,0.01626568,0.03737228,0.03157888,0.01294374,0.07921474,0.03970806,0.0006082184,0.0409503,0.03234111,0.06766129,0.04145158,0.04344045,0.04252108,0.0427728,0.03968988,0.05861036,0.04133727,0.06128932,0.03633278,0.06001242,0.03837321,0.0492328,0.05316929,0.03773697,0.05699679,0.02440838,0.02604847,0.02474309,0.06485044,0.05930013,0.075338,0.03586968,0.04343151,0.04523572,0.04160001,0.03663611,0.04726996,0.0377061,0.04746588,0.02983459,0.04875071,0.06246759,0.03429783,0.02951424,0.06195013,0.03863855,0.03502449,0.04674437,0.04487088,0.03598931,0.04931387,0.05656328,0.0368122,0.05750545,0.04525649,0.01576956,0.02713165,0.03856156,0.0291008,0.0403063,0.0173548,0.03159156,0.03466836,0.0512811,0.05976573,0.04076035,0.03927074,0.06020319,0.02985356,alERC,sub-S28,g,randomWalker9,freq01234
0.06326377,0.02106892,0.04180668,0.05033612,0.05656978,0.02800214,0.05438829,0.06090244,0.03481066,0.07102595,0.0276693,0.02345981,0.05559283,0.05872355,0.03767494,0.03983301,0.04085881,0.04314397,0.02091891,0.04614824,0.06639761,0.05798864,0.04877661,0.06549412,0.06307619,0.03456753,0.04621757,0.07298756,0.07084747,0.06075412,0.05804,0.03968503,0.0319224,0.05169175,0.04536154,0.03039073,0.04132527,0.03593716,0.04079174,0.04601878,0.02256075,0.02373143,0.03370146,0.03962286,0.02124833,0.0238908,0.03366284,0.05931533,0.03356104,0.05350516,0.0247516,0.02591826,0.03549021,0.02684448,0.03124597,0.04117328,0.03395305,0.02394233,0.04232072,0.03685659,0.04004556,0.06719504,0.03637673,0.04508614,0.06431346,0.07111362,0.0436529,0.04421984,0.06097001,0.03050996,0.05376456,0.04338378,0.08155163,0.03775017,0.03082075,0.0697409,0.05014711,0.0350165,0.02922098,0.05319015,0.02995869,0.05108446,0.04040971,0.03029235,0.03332765,0.04377459,0.03408009,0.04659992,0.0430675,0.03959145,0.05287141,0.05284458,0.02786085,0.04650938,0.03501022,0.04245725,0.03202035,0.02374764,0.03267439,0.01329187,0.04675775,0.03386336,0.04774058,0.0415649,0.01992163,0.03876146,0.01861607,0.04390088,0.03864067,0.05071315,0.04280976,0.02932291,0.0363316,0.04635727,0.03711098,0.0401779,0.04509143,0.03503468,0.03951027,0.03251223,pmERC,sub-S28,g,randomWalker9,freq01234
0.06341796,0.02736346,0.02779406,0.03913523,0.0492177,0.0195097,0.0254356,0.04253156,0.01336705,0.04809954,0.02963782,0.02488882,-0.00666355,0.05293587,-0.02563726,0.02372855,0.0294859,0.02749732,0.008126604,0.03002642,0.04494879,-0.02214625,0.05787143,0.03411824,0.05093401,0.0279265,-0.01264518,0.04508316,0.03936194,0.03436199,0.06371696,0.03418875,0.01951536,0.002880232,0.03295881,-0.006582403,-0.007112338,0.07431112,0.009241715,0.02538771,0.02931559,0.02398147,0.03954685,0.05332541,0.01993279,0.002897178,0.02775991,0.05041041,0.01873508,0.05125323,0.01068372,0.00790835,0.01515345,0.0005408119,-0.002871037,0.0363053,0.01603582,0.01327365,-0.004636458,0.02172013,0.02849826,0.0271814,-0.01269552,0.03139887,0.04252901,0.05346952,0.0413597,-0.01306079,-0.01571555,-0.009325398,0.07916679,0.01815643,0.04772642,-0.009074822,0.001082489,0.05520794,0.03397854,0.02156241,-0.01963929,0.05386481,-0.01876481,0.03163971,-0.01706108,0.03119114,-0.001626258,0.04062392,0.01925039,-0.04955899,0.0006871165,0.0295916,0.006248577,0.02880107,0.02165413,0.01818325,-0.04070798,-0.03048226,-0.01162332,-0.005291857,-0.01255123,-0.006421763,0.02082254,0.01197281,0.0596646,0.0248036,0.03298681,0.02515716,0.02778129,0.04882251,0.02359417,-0.03373769,-0.005196388,0.01613493,0.004324007,0.01766595,-0.02277978,0.02944728,0.03518675,0.00219554,0.03069723,-0.01714927,alERC,sub-S30,g,randomWalker0,freq01234
0.03879706,0.03241392,0.03404142,0.04410096,0.06286153,0.009053727,0.04873126,0.04957569,0.04694526,0.03510235,0.02813155,0.02332158,0.0009869654,0.0583382,0.03006317,0.03892797,0.03060007,0.04884857,0.02208121,0.04444332,0.05538036,0.010146,0.03475069,0.03633068,0.06160479,0.04632077,0.006601416,0.06314772,0.05088798,0.0474964,0.05504568,0.03739864,0.0491372,0.05149446,0.04766802,0.01548646,0.04488316,0.04778284,0.04956276,0.03788367,0.03558033,0.0404169,0.02108256,0.06274837,0.02048549,0.02756219,0.03195226,0.07800406,0.04472596,0.0253119,0.03879033,0.01156035,0.04212055,0.04316076,0.01614032,0.03374122,0.03522604,0.03975526,0.04823888,0.04577582,0.03863908,0.03684464,0.04106017,0.02671931,0.05259216,0.05620583,-0.002340334,0.0384238,0.03283279,0.0473085,0.05104876,0.04802447,0.05070961,0.0423157,0.04830921,0.03896667,0.04142824,0.05037424,0.0295714,0.04370427,0.01863826,0.02888806,0.02843759,0.02235863,0.03445798,0.05022774,0.04483507,0.00683741,0.05362568,0.02819849,0.02872137,0.0459578,0.02578028,0.03570921,0.00844641,0.01362763,0.04119653,0.03209669,0.02916673,0.01328905,0.04172945,0.03681192,0.05306352,0.03773054,0.0154272,0.04723946,0.05224168,0.05297577,0.05046176,-0.02552733,0.03525854,0.05479541,0.04660305,0.04328952,0.01759114,0.03857852,0.03342242,0.04084183,0.02919865,0.02958785,pmERC,sub-S30,g,randomWalker0,freq01234
0.01118676,0.04282858,0.02784246,0.03059168,0.03284746,0.0530895,0.03700015,0.03119657,0.02783605,0.01209849,0.04846611,0.02421018,-0.01459605,0.01927043,0.01427447,0.03058179,0.004060737,0.01468296,0.01043024,0.03955321,0.03792692,0.004561119,0.04092701,0.01351646,0.02935357,0.001247247,0.04135599,0.03732878,0.03764255,0.04077664,0.02269598,0.01753354,0.03125206,0.01255123,-0.0148183,-0.0003173796,-0.007953399,0.05482325,0.02346287,0.02517203,0.02034459,0.04722449,0.02397939,0.05243007,-0.001636016,0.004698251,0.04386223,0.06102018,0.02160207,0.01822908,0.01268188,0.04724877,0.008581793,-0.02764781,0.002819582,0.02784589,0.01155698,0.03026833,-0.004184176,0.002446766,0.003533046,0.04357228,-0.01986752,0.01647107,0.02317554,0.05588526,0.01029674,0.01120127,-0.020446,-0.006377188,0.07273217,0.01409534,0.04349192,-0.01131568,-0.007538776,0.04772494,0.0270042,0.01662065,0.002578517,0.04756094,-0.02731006,0.003533939,-0.09224955,0.02835116,-0.008723113,0.02975636,0.01524565,-0.03182984,-0.002920315,0.0256807,0.02499803,0.03455811,0.01930252,0.01517407,-0.02139665,-0.03179312,-0.01283204,-0.0361267,-0.02232737,-0.01952199,0.02033432,0.006604513,0.05125396,0.02874271,0.02686903,0.02304581,0.02410476,0.03417485,0.02272322,-0.04041806,-0.00576757,0.0156332,0.002262914,0.01825273,-0.02892634,0.02398005,0.03238877,-0.001138327,0.0246035,0.003600276,alERC,sub-S30,g,randomWalker1,freq01234
-0.001455727,0.04965863,0.03716134,0.04385927,0.06254397,0.06261621,0.05986011,0.05389269,0.04767173,0.02128628,0.04724116,0.04485783,-0.004732913,0.03507518,0.05369436,0.02968918,0.009629197,0.04008374,0.01225583,0.06461015,0.06538836,0.02762459,0.05417919,0.02096502,0.05822968,0.05109656,0.04464287,0.06037322,0.05377743,0.05678241,0.03606597,0.03908842,0.04671186,0.03777918,0.006576593,0.01754755,0.04140099,0.05438247,0.05064488,0.05611076,0.05066451,0.05501636,0.01271853,0.06008324,-0.008808007,0.02073277,0.0427086,0.03938174,0.04856848,0.009062668,0.02559552,0.03732276,0.03993164,0.01976196,0.01895836,0.03858292,0.03922608,0.04568025,0.0440289,0.0284142,0.03462285,0.05817945,0.03230505,0.03543962,0.05660968,0.0601986,-0.01616885,0.04123197,0.03801826,0.04705801,0.0539997,0.04555185,0.06174537,0.04172176,0.04209831,0.04897533,0.03875269,0.04951506,0.03499186,0.04047594,0.02102185,0.01620991,-0.01525112,0.02251216,0.03216925,0.04778207,0.04805675,0.03060376,0.05261313,0.02353643,0.04784778,0.04124394,0.01859591,0.03257649,0.01382259,0.02920024,0.04367498,0.0002411056,0.02689689,0.007467452,0.04266909,0.04017513,0.05078033,0.03859005,0.01594946,0.04444864,0.05169106,0.04985625,0.04881949,-0.0152648,0.04061444,0.05295455,0.04586514,0.0452054,0.02877456,0.03673785,0.0334959,0.04111615,0.03188338,0.04567775,pmERC,sub-S30,g,randomWalker1,freq01234
0.03644067,0.02079463,0.026271,0.02087591,0.02310115,0.05274364,0.01330358,0.01259485,0.01071094,-0.012131,0.005161891,0.05011058,0.02403692,0.02547265,0.03192417,0.02541497,0.0237647,0.02684176,0.04744304,0.03351968,0.01255833,0.02182313,0.06859472,0.04013349,0.02141174,0.04094341,0.03994561,0.01179753,-0.0183216,-0.02497924,0.06406067,0.03269372,0.0232928,-0.008483355,0.02217344,0.0399409,0.01986367,0.0221116,-0.004655233,0.06321534,0.02353934,0.01096779,0.03806334,0.02449296,0.02027853,0.01256215,0.005575095,0.03284809,0.01933193,0.02679415,0.01725022,0.001104781,0.01513336,-0.02500701,-0.0118509,0.02535023,0.003423726,0.04132798,-0.0003612446,0.02629084,0.01840134,0.0313233,-0.01231257,0.02412118,0.004309227,0.05978879,0.008590433,-0.0102874,-0.01011011,-0.0203401,0.07237045,0.0161424,0.04532467,-0.02039366,0.007639667,0.04286684,0.02385676,0.02494323,0.00383602,0.06211016,-0.01081527,0.01209027,-0.003973618,0.0382021,-0.003009975,0.03731982,0.01029124,-0.01060482,-0.007245339,0.03046289,0.02155973,0.03652029,0.02024457,0.02590529,-0.02243923,-0.03003497,-0.02243663,-0.0120692,-0.01422482,-0.01048504,0.02176287,0.01525479,0.04132735,0.02624637,0.03547018,0.02142989,0.02188524,0.03732217,0.02018894,0.008439891,0.003176197,0.01126399,0.0007976682,0.01011738,-0.02456516,0.02624936,0.03190599,-0.001027541,0.03511092,0.03128771,alERC,sub-S30,g,randomWalker2,freq01234
0.04160666,0.03082952,0.03585682,0.02899642,0.03133697,0.04116477,0.01557286,0.0519789,0.0361228,0.01764987,0.01680634,0.04573977,0.04449774,0.03083108,0.02836074,0.04301308,0.04056014,0.0293106,0.04907947,0.04270805,0.04321677,0.02844677,0.04323073,0.04400383,0.04735436,0.04275633,0.0367559,0.04191467,0.04324946,0.02409293,0.04771009,0.04239612,0.01281935,0.0115119,0.02684363,0.02728154,0.05423576,0.03598812,0.04573174,0.04249836,0.0341684,0.03978639,0.03845782,0.04758567,0.04391093,0.02067355,0.003382848,0.04479428,0.03375724,0.04652626,0.02133536,0.03496682,0.03065086,0.02937271,0.01636716,0.02736956,0.02782763,0.0331075,0.04839347,0.03974249,0.0442089,0.04524435,0.02811284,0.02959048,0.05082509,0.05811593,-0.02487154,0.03841493,0.03679705,0.03840287,0.04595334,0.04870139,0.05766878,0.0337261,0.04896678,0.04134139,0.03054867,0.04906499,0.04122852,0.04336249,0.02410056,0.02417064,0.03700823,0.02946282,0.03201331,0.04651957,0.02399361,0.01163593,0.0531664,0.03336818,0.04655651,0.04678948,0.03028097,0.04086502,0.03476675,0.01626416,0.02592159,0.03278572,0.02884608,-0.004563273,0.04033666,0.02305013,0.05191308,0.03809088,0.01722597,0.04612399,0.04565924,0.04860469,0.0496438,0.02684979,0.03387201,0.05180736,0.04395201,0.03345119,-0.01028824,0.03591672,0.03308519,0.03412455,0.02670429,0.02685693,pmERC,sub-S30,g,randomWalker2,freq01234
0.01195043,0.0006562173,0.02259461,0.02930248,0.03832724,-0.02019036,0.04207433,0.0373349,0.02621767,0.006726549,0.01199775,0.02079656,0.002848938,0.02824092,0.01070678,0.03010917,0.01640216,0.02867699,0.02468701,0.03771836,0.04248518,0.01257306,0.05609491,0.008903136,0.03845001,0.04421534,-0.02423529,0.03818413,0.03664674,0.04009702,0.08698903,0.01253987,0.04029305,-0.003192299,0.009929157,0.03432103,0.002388906,0.02957785,-0.00179029,0.06091548,0.0209354,0.02592297,0.03981923,0.0202898,0.03334635,0.004402,0.00586652,0.02852458,0.02887531,0.01970324,0.02447035,0.02201777,0.01129068,-0.04113425,0.007226224,0.02836178,0.003230192,0.04957389,0.01093733,0.01790034,0.02436559,0.03356297,-0.00131873,0.0297391,0.022294,0.06131783,0.02730367,-0.01050985,-0.01390381,-0.0124988,0.06913426,0.01131337,0.04142109,-0.01280311,-0.002208251,0.03500311,0.02980627,0.01957389,-0.02359598,0.05485945,-0.01520015,0.03047838,-0.01363489,0.01676289,-0.005444451,0.01763229,0.02348724,-0.02872302,-0.001169899,0.02516813,0.02128829,0.02258841,0.02119129,0.02470167,0.01039357,-0.04297141,-0.01021159,-0.006118652,-0.02160707,-0.01823334,0.02032543,0.007276142,0.04141514,0.02376593,0.03095114,0.0191307,0.02519204,0.03916553,0.01871772,-0.006481876,-0.01022168,0.007884832,0.00142327,0.02861745,-0.02016753,0.02735453,0.02629244,0.002341021,0.0219768,0.008737194,alERC,sub-S30,g,randomWalker3,freq01234
0.03094281,0.008606924,0.03513306,0.0494746,0.05491085,-0.004671995,0.0575612,0.04394997,0.01150904,0.02845066,0.0286975,0.04156025,0.01605493,0.04160737,0.04277888,0.04365234,0.05286204,0.04442872,0.04389788,0.06056952,0.04619689,0.02738001,0.05620089,0.02502578,0.05201845,0.02944438,-0.004868102,0.04872247,0.0469187,0.04962134,0.0433512,0.02264471,0.02857436,0.02610705,0.01261973,0.04400837,0.05384561,0.03797505,0.04830063,0.0419746,0.02818763,0.05477821,0.02847359,0.04949323,0.04498244,0.01023488,0.006818795,0.05392218,0.04404479,0.04024049,0.01545277,0.01512616,0.04740446,0.03237895,0.01287803,0.03452708,0.03204456,0.04593064,0.05302022,0.04701442,0.03137628,0.04428881,0.04274177,0.02903615,0.04457675,0.05947089,-0.0193039,0.04643308,0.03424778,0.04759539,0.04671282,0.0468865,0.0505462,0.0415914,0.04744821,0.03757056,0.04061193,0.0510071,0.03302152,0.04043457,0.02131801,0.03315616,0.03064844,0.02080576,0.03069769,0.04744325,0.04951561,0.03145802,0.05236687,0.0251553,0.04493054,0.04122782,0.01544893,0.04085058,0.01853398,0.007167504,0.04525142,-0.01351289,0.0228004,-0.01515475,0.04264145,0.04018968,0.0438067,0.03466358,0.01704288,0.04103731,0.05176615,0.05019542,0.04679378,0.00834424,0.04253361,0.05242282,0.04587689,0.04521084,0.02845536,0.03300852,0.03018733,0.0419907,0.03098733,0.05054668,pmERC,sub-S30,g,randomWalker3,freq01234
0.03485401,0.01532586,0.02731671,0.009281604,0.01589553,0.03664194,0.01720971,0.01606381,0.02754632,0.03171534,-0.01227925,0.03937032,0.01693287,0.009200969,0.04153087,0.02187559,0.01883892,0.02502839,0.03442341,0.02248544,0.01235471,-0.02926659,0.05485445,0.01140662,0.02895707,0.04803577,0.01686433,0.01978843,-0.006858164,-0.01526337,0.08087434,0.01949159,0.03458667,0.003266552,0.00147148,0.04384056,0.009836974,0.0261238,0.001652025,0.01932894,0.01876573,0.04289065,0.03376574,0.02615942,0.02256894,0.005066308,0.0003523622,0.03668975,0.02692495,0.02867226,0.02050935,-0.002908336,0.011198,-0.01206793,-0.002484622,0.04323371,0.00951205,0.03856723,0.00643956,0.02878217,0.02480588,0.01013866,-0.005097805,0.03478653,0.02404769,0.06263753,0.04159733,-0.02457,-0.01872134,-0.006952152,0.06060363,0.01448016,0.04080965,-0.005499084,-0.002803659,0.02424699,0.03624393,0.01581323,-0.02148324,0.0408195,-0.02331783,0.02354365,-0.01345533,0.01417128,-0.001699335,0.02488458,0.0197229,-0.02646104,-0.003454152,0.02663007,0.02297533,0.02776629,0.02469777,0.0251339,0.02023031,-0.03347949,-0.004955239,-0.03509211,-0.01508597,-0.01003841,0.02521748,0.01278356,0.0457488,0.03658726,0.03590947,0.02403541,0.02065846,0.02610582,0.02281927,-0.02437546,-0.0009782697,0.01104952,0.003005955,0.02264746,-0.01585494,0.03258392,0.03086419,0.004986088,0.02803627,0.009406799,alERC,sub-S30,g,randomWalker4,freq01234
0.0386087,0.06554776,0.03620595,0.03410171,0.03594109,0.07258681,0.04003782,0.05387485,0.0003159131,0.009093324,-0.01534981,0.04451116,0.04247966,0.03154479,0.06072116,0.03850473,0.05056557,0.03979957,0.04332154,0.02020429,0.06168549,0.03241318,0.02653771,0.0466435,0.05814351,0.04862029,0.05992711,0.0574895,0.05642863,0.03387314,0.05117099,0.02562103,0.03239911,0.03328404,0.003458278,0.05221567,0.05796419,0.04153601,0.05126715,0.03584051,0.03432604,0.05718316,0.02992321,0.05036606,0.04901516,0.01968965,0.004135746,0.0568161,0.04532364,0.04023302,0.02748643,0.02442537,0.04787377,0.03088294,0.007167362,0.04276747,0.04101409,0.05114001,0.05182608,0.05178412,0.03216211,0.03512479,0.0455397,0.03139956,0.04633896,0.05890203,0.0009921609,0.04153054,0.0333284,0.05234155,0.04875957,0.04727268,0.05123618,0.04266775,0.04669292,0.03727663,0.04590119,0.05048689,0.03487084,0.03824643,0.02454207,0.01040716,0.03867869,0.01757617,0.035409,0.04579448,0.0516011,0.03538653,0.05331439,0.02505659,0.04196134,0.04220566,0.01815235,0.04433754,0.03388407,0.02206567,0.04849464,-0.01341473,0.03147688,-0.002276149,0.04648465,0.04215228,0.0454194,0.03541448,0.0223551,0.04270397,0.05559558,0.06138548,0.048309,-0.01353666,0.04266973,0.05476478,0.04711143,0.04773563,0.03449187,0.03455701,0.03525027,0.04427209,0.03234096,0.05147289,pmERC,sub-S30,g,randomWalker4,freq01234
0.02540637,0.03864271,0.02366236,-0.01550252,-0.01571177,0.02991789,0.01955516,-0.01093416,-0.01164462,0.03276629,-0.00473098,0.01150601,0.00372559,0.02828667,0.01341896,0.01430667,0.006031203,-0.0009250627,0.0369074,0.04178799,0.001516169,0.01684063,0.05626089,0.0379195,-0.01521345,-0.01146964,0.03026386,-0.01897572,-0.0007376969,0.01766656,0.01794362,0.01842557,0.03549033,-0.005628082,-0.02448783,0.006724636,-0.0001110786,0.04740868,0.02946936,0.009763002,0.01716585,0.05622973,0.01808189,0.05416192,0.01508098,-0.01771546,0.06062827,0.02358426,0.02709274,0.03896872,0.01031707,0.03105435,0.01747993,0.006640893,-0.003155303,0.01275495,0.008236981,0.01697955,0.01225984,-0.01117314,0.03617639,0.0101095,0.003704195,0.03621718,0.03655197,0.05082988,0.04503918,-0.02885972,-0.01519471,-0.008256073,0.06014795,0.01318814,0.04058605,-0.00155451,-0.001071484,0.01900926,0.03522226,0.01028506,-0.02143566,0.02754716,-0.01891255,0.02378358,-0.00445021,-0.008235988,-0.002972869,0.028182,0.02102073,-0.04170188,-0.01151367,0.0252717,0.01905609,0.03278308,0.01936753,0.02402491,-0.03659132,-0.03385095,-0.009792345,-0.01637958,-0.01236455,-0.003543351,0.02575954,0.005497432,0.0449759,0.03043021,0.03072566,0.01958614,0.02938949,0.03388985,0.02116471,-0.0327821,-0.005817719,0.01560387,0.001057235,0.02828449,-0.02558998,0.02323262,0.02743377,0.0007632178,0.02385256,0.00605749,alERC,sub-S30,g,randomWalker5,freq01234
0.03189087,0.05514679,0.03372489,-0.003195691,0.02245732,0.03798795,0.04189492,0.03742408,0.04438704,0.06375019,0.01805301,0.02997694,-0.004477386,0.05964865,0.02632454,0.02894222,0.01956537,0.03326989,0.04256977,0.02652089,0.0107234,0.0395233,0.04836599,0.05805577,0.03438561,0.03731173,0.04255657,0.01755804,0.0475234,0.0332118,0.03868016,0.0320069,0.04400369,0.02969181,0.002542494,0.01835983,0.04614686,0.05440861,0.05364702,0.0546898,0.03719429,0.05925953,0.00468739,0.05312124,0.01307682,0.02487363,0.0478722,0.06532447,0.05075624,0.02180384,0.02768198,0.03561506,0.05136916,0.04391114,0.005546232,0.01863158,0.04135513,0.03197641,0.05163362,0.01413314,0.03498004,0.03797045,0.04507676,0.03539269,0.05229517,0.05708766,-0.003841819,0.0400678,0.03396223,0.04975688,0.05033856,0.04876969,0.05488163,0.04217465,0.04808514,0.03809967,0.05181884,0.05047197,0.03239203,0.03024177,0.0271159,0.02361835,0.04292625,0.006430738,0.03385682,0.04642257,0.0501278,0.01713816,0.04952448,0.02555767,0.03751289,0.04521041,0.02225648,0.04313012,-0.01284043,0.01163508,0.04442152,0.01413997,0.02968845,0.01167343,0.04848718,0.03484731,0.04503101,0.0372788,0.01741757,0.04421228,0.04957619,0.04589421,0.05048897,-0.01291434,0.03768671,0.05275733,0.04757112,0.04789146,0.02039926,0.03224091,0.03085625,0.04180666,0.0284472,0.0474492,pmERC,sub-S30,g,randomWalker5,freq01234
0.02195804,0.03140218,0.026395,0.02989975,0.008695571,0.04416988,0.02573892,0.01505263,0.02626882,0.009424611,0.002544862,0.07531465,0.03799849,0.03724262,0.04052904,0.02817287,0.02400765,0.04063394,0.03986938,0.04115248,-0.003560574,0.02847196,0.02977615,0.03046362,-0.0081499,0.02742587,0.03727771,-0.003285415,-0.006414958,0.01260491,0.02128749,0.02331757,0.03664216,-0.003577904,-0.01410108,0.003265703,-0.0005098464,0.05698463,0.03127148,0.02045529,0.02160983,-0.01253455,0.02388014,0.0570012,0.007375355,-0.001610353,0.05053363,0.04049963,0.02827664,0.03240932,0.01698055,0.009800061,0.02040493,0.004401964,-0.006072835,0.019149,0.01652386,0.0169555,0.02297584,0.007812743,0.03217875,0.01140195,0.002103174,0.04007255,0.02862673,0.06099703,0.03953863,-0.02684564,-0.01785692,-0.001922297,0.05615918,0.02007396,0.04504839,-0.005977946,0.002239001,0.01982547,0.03658074,0.01776534,-0.01891696,0.01553349,-0.02322676,0.01567304,-0.001801606,-0.01957373,0.0004773443,0.03093311,0.02240248,-0.0368095,-0.007212858,0.02897477,0.02390139,0.02836201,0.02564532,0.02774082,-0.03388627,-0.01600302,-0.01255534,-0.01678235,-0.01154298,-0.003998241,0.0260694,0.009332546,0.04256267,0.02475304,0.03434139,0.02446087,0.02647615,0.03661918,0.02437697,-0.002237301,-0.0004629083,0.01471681,0.006582966,0.02302328,-0.02334304,0.02739484,0.03255304,0.003848712,0.03112491,0.00749161,alERC,sub-S30,g,randomWalker6,freq01234
0.03204142,0.03431884,0.03551462,0.04484173,0.02377669,0.05088127,0.04930603,0.02760144,0.03201979,0.02637025,0.01488224,0.03366137,0.04886627,0.04879616,0.04957238,0.04097384,0.04571743,0.04801458,0.03469103,0.07296898,0.01251937,0.05558678,0.04413664,0.06302612,0.01813649,0.03196554,0.05411943,0.0132574,0.01882976,0.01014303,0.0345004,0.04571266,0.04628127,0.03719666,0.02327325,0.01398311,0.04541301,0.05526994,0.05298072,0.05763242,0.04467664,0.02506096,0.01158754,0.05888063,0.00732091,0.03330984,0.04401598,0.04927018,0.05084274,0.02010567,0.03493992,0.009227961,0.04640862,0.04260897,0.005171677,0.03026201,0.04094745,0.04269505,0.05001696,0.0363436,0.04024817,0.03975864,0.04496703,0.03337541,0.04424345,0.06022424,0.007856308,0.04056142,0.0326569,0.05168284,0.05002154,0.04976844,0.05355517,0.04081624,0.04829023,0.04047059,0.04714623,0.05143684,0.03381989,0.01669784,0.02420301,0.01308014,0.04215131,0.0009731784,0.03431005,0.04829379,0.04952588,0.02443256,0.05135871,0.02998771,0.04052582,0.04089418,0.02690375,0.04160754,-0.009871046,0.03405733,0.04325937,0.0173947,0.03029354,0.006991672,0.04493595,0.03493693,0.04814868,0.03390851,0.0192678,0.04486471,0.05397619,0.05466421,0.05075431,0.0208134,0.04178243,0.05365918,0.04685684,0.04601583,0.01592532,0.03446101,0.03288304,0.0407563,0.02991216,0.04711567,pmERC,sub-S30,g,randomWalker6,freq01234
0.007222668,0.03463523,0.02201241,0.01523795,0.03850514,0.006657302,0.06310504,0.03181646,0.0530062,0.0180371,0.01438142,0.0215619,-0.0247582,0.02711874,-0.0006982703,0.02260698,0.01492615,0.0303649,0.02640767,0.02434333,0.04026157,-0.02540844,0.03664383,-0.02033894,0.02858185,0.0612526,0.01026644,0.03574602,0.02977808,0.04977138,0.08660281,0.01663345,0.03370311,-0.004385286,0.00583742,0.03127669,0.006345986,0.03137479,0.002212947,0.04657354,0.01669524,0.01935534,0.03986239,0.03206342,0.02735345,0.005295533,0.006205443,0.04209601,0.0338236,0.03364452,0.02727143,0.004488829,0.01740416,-0.03418266,-0.01505614,0.02316432,0.006294433,0.03893904,0.001956652,0.03808129,0.01874701,0.02620983,-0.01405822,0.02851247,0.02546389,0.06140069,0.02207594,-0.01596627,-0.01296335,-0.007414132,0.0688149,0.01856161,0.04326432,-0.01091631,0.006310485,0.03898158,0.02739147,0.02481982,-0.006038245,0.04831178,-0.01427827,0.02095816,-0.01828443,0.01277774,-0.004895297,0.03360374,0.01752162,-0.03614822,-0.003107318,0.02633107,0.02446529,0.03430055,0.02442304,0.02358791,-0.03380487,-0.03420488,-0.01516676,-0.01910516,-0.0165059,-0.01454676,0.02141299,0.006404049,0.04789573,0.02084486,0.03004469,0.0240888,0.02575142,0.04086328,0.02292858,-0.02568353,-0.00427803,0.01410042,0.002637548,0.02043295,-0.02669415,0.02754307,0.02899912,-7.810071e-05,0.03081288,-0.001679011,alERC,sub-S30,g,randomWalker7,freq01234
0.02057169,0.03470946,0.03545942,0.03452388,0.06600346,0.02643995,0.05701822,0.05003884,0.04161104,0.0309312,0.03020726,0.03669139,0.009357773,0.0412429,-0.001434324,0.03140805,0.04129206,0.03982893,0.03263952,0.06458933,0.05466414,0.01960978,0.05064153,0.0009869043,0.05271342,0.05249458,0.02891874,0.05610881,0.04778095,0.05387693,0.04467475,0.02604298,0.02669671,0.02562605,0.01641788,0.03894452,0.0530502,0.04396341,0.04720312,0.04657247,0.02985198,0.05073645,0.03224359,0.0531759,0.04550401,0.01324354,0.006850994,0.04584943,0.04855766,0.02760285,0.02352198,0.0212016,0.0433805,0.0320931,-0.003240134,0.02683928,0.03330229,0.04354511,0.0439354,0.05097708,0.04112494,0.04143599,0.03519903,0.03146833,0.05413746,0.05795617,-0.01557135,0.03817529,0.03415591,0.04672297,0.04570441,0.04904011,0.05327508,0.0360541,0.04777024,0.04022969,0.03771226,0.04934663,0.03702233,0.04015233,0.02349025,0.02212326,0.02485331,0.01223548,0.03151909,0.04979627,0.04502642,0.02324601,0.05188723,0.02710854,0.04519815,0.04498525,0.02388723,0.03700623,-0.004044562,0.02210105,0.04045326,0.01281795,0.02744655,0.006030327,0.04121926,0.03570119,0.05039125,0.03721244,0.01638614,0.04443461,0.04950309,0.05046909,0.04829076,-0.003592671,0.04046099,0.05189153,0.04569399,0.04241343,0.02281507,0.03664995,0.03087022,0.03950379,0.03139561,0.04207618,pmERC,sub-S30,g,randomWalker7,freq01234
0.02304477,0.008519306,0.02296776,0.004229848,0.02410047,0.03078543,0.02103216,0.01470476,0.02732399,-0.02291646,0.01074868,0.04097545,-0.01000209,0.01015988,0.02316691,0.03245166,0.007922307,0.03650339,0.02114221,0.001380823,0.004258182,-0.006616318,-0.04296519,-0.005262098,0.01661982,0.06400086,0.004910407,0.01253726,0.02024562,0.02164089,0.07495761,0.03181121,0.03543742,0.0185939,0.02906273,0.009882296,-0.007553263,0.0560572,0.004196648,0.008056895,0.03220124,0.02587579,0.05264876,0.03854809,0.03609666,-0.01990222,0.01687227,0.04901737,0.02521461,0.06181534,0.01896618,0.02807164,0.01537608,0.01257168,0.007738733,0.04041782,0.01588867,0.01333474,0.004820757,0.0178859,0.02027236,0.02436603,-0.0121057,0.02694045,0.0111511,0.05744015,0.03000085,-0.0196197,-0.01388641,-0.008695764,0.06741926,0.01670666,0.04345154,-0.01071094,0.004550431,0.04616266,0.02639432,0.01896431,-0.01788895,0.04629985,-0.02217103,0.03061773,-0.006595463,0.01192516,0.0006717076,0.01952018,0.01887367,-0.03552838,-0.002245019,0.03053171,0.02311736,0.02455434,0.02517446,0.01919985,-0.01662748,-0.02039216,-0.01323727,0.003527889,-0.01084422,-0.009241655,0.02020699,0.008014136,0.04598965,0.02301456,0.02437447,0.02629709,0.02411109,0.02860277,0.0261574,-0.03222093,-0.007142108,0.013382,0.00715557,0.02297048,-0.02179787,0.02987667,0.02999895,0.003819837,0.02556919,-0.011204,alERC,sub-S30,g,randomWalker8,freq01234
0.0440254,0.01750999,0.0337992,0.05459908,0.02567914,0.04579508,0.05907498,0.01643987,0.0190626,0.002965953,0.05347462,0.04337996,0.04309852,0.05096871,0.04558131,0.04523703,0.04846297,0.05625768,0.02865237,0.06459675,0.03313638,0.03807684,0.02845442,0.04231082,0.03246076,0.04421752,0.04547125,0.01921351,0.03674518,0.01731072,0.04872343,0.01572698,0.04513875,0.05070252,0.02435215,0.04283236,0.04865509,0.0438346,0.04737365,0.01310402,0.02066127,0.04425526,0.03130139,0.05906735,0.04984426,-0.002148773,0.02401923,0.07531531,0.04551267,0.0394754,0.02614552,0.02434516,0.04360626,0.04418624,0.02390342,0.03087462,0.03528639,0.0313818,0.05589775,0.04900429,0.04217991,0.04086531,0.03880526,0.03109151,0.04938805,0.05906538,-0.01056846,0.04209214,0.03187729,0.04843858,0.0479374,0.04906254,0.05474777,0.03764426,0.04928797,0.03958615,0.03423894,0.05154918,0.03595703,0.03453809,0.02502756,0.03394904,0.03089716,0.01769455,0.03555287,0.04430141,0.04976038,0.02789406,0.05412153,0.02836948,0.04300484,0.03043744,0.02257667,0.03901378,0.005684901,0.02785219,0.04538069,0.009321542,0.0324634,-0.0003295254,0.04299955,0.03701161,0.05005982,0.03702763,0.01297991,0.04532081,0.05143256,0.05242568,0.05057862,-0.01062913,0.03980348,0.05351806,0.04843285,0.04715345,0.02514897,0.03631925,0.03239539,0.04244247,0.02894426,0.04245565,pmERC,sub-S30,g,randomWalker8,freq01234
0.02265809,-0.005473736,0.02508573,0.05115906,0.02699755,0.02043788,0.01994555,0.03184965,0.000424938,0.02931754,0.04203159,0.02979102,0.01724395,0.01456616,0.0439836,0.01810562,0.001923853,0.02655628,0.01936807,0.04044951,0.03323402,-0.009932212,0.0001407819,0.01401521,0.02987353,-0.01238452,0.03307639,0.02586061,0.01194181,-0.03615332,0.06832405,0.03386043,0.02750714,0.01680703,0.03144079,-0.004204917,-0.009014041,0.06338808,0.005665462,0.01440396,0.03607782,0.004311654,0.03675699,0.04039212,-0.02447162,-0.06046572,0.01805737,0.04312198,0.02593414,0.04652689,0.01770104,0.019258,0.01400656,0.01624982,0.006112213,0.03929674,0.01464387,0.01298184,0.00559459,0.02393956,0.02439128,0.02421867,-0.001801226,0.03232271,0.02219662,0.05864968,0.03546588,-0.02404151,-0.006779493,-0.005241959,0.05482537,0.01601247,0.04762754,-0.01416259,3.579366e-05,0.0313514,0.03326774,0.01973939,-0.01306559,0.02848659,-0.02574124,0.02808614,0.004809181,0.01041215,-0.004988132,0.02632919,0.0191744,-0.03700578,-0.005850241,0.02685471,0.02668266,0.0306304,0.02530329,0.02376412,0.01652858,-0.03965983,-0.01290207,-0.02401632,-0.01882843,-0.01815667,0.02373464,0.006440068,0.04387064,0.02860397,0.02869652,0.02192324,0.02273209,0.03167303,0.02223159,0.01197003,-0.004670009,0.01254611,0.003326939,0.02400086,-0.02513495,0.02750321,0.02823238,0.0003696095,0.02605539,0.002775179,alERC,sub-S30,g,randomWalker9,freq01234
0.04719738,0.01022848,0.03538934,0.03963887,0.04825391,0.02860872,0.006034152,0.05998176,0.01297403,0.05794954,0.0452222,0.0198866,0.04619265,0.02754839,0.03660824,0.03092161,0.04773036,0.01603582,0.03171039,0.04938685,0.06543844,0.01668076,0.0263556,0.02838408,0.0557841,-0.008699792,0.03017589,0.0605558,0.05935181,0.04220437,0.05388444,0.02381978,0.0468727,0.05918292,0.04552146,0.03385577,0.04859884,0.05109274,0.04749444,0.03097838,0.02589234,0.02471315,0.01524156,0.05710899,0.003793298,-0.003928386,0.02617948,0.07012615,0.04726753,0.03219131,0.03527382,0.02794206,0.04430484,0.04654776,0.01423799,0.03442737,0.03980543,0.02607773,0.05820075,0.05048475,0.02558825,0.04386666,0.04469824,0.0302045,0.0377632,0.05758234,-0.0008942219,0.04256684,0.03943944,0.0527945,0.05043516,0.04743916,0.05803952,0.03674836,0.0461676,0.04533137,0.04349432,0.04991585,0.04054874,0.02568251,0.02789768,0.01503566,0.04141502,0.01789216,0.0346836,0.0459995,0.05068933,0.02455891,0.05144587,0.02593208,0.04623845,0.039753,0.01829427,0.04169341,0.02835448,0.001917182,0.04569536,0.001900701,0.03102303,-0.005576334,0.04495031,0.04037158,0.04717742,0.03403273,0.01718648,0.0427206,0.05199641,0.05269756,0.04879316,0.01955918,0.04250105,0.05276627,0.0470208,0.04642083,0.02975074,0.03290438,0.0309798,0.04341037,0.03007703,0.05239234,pmERC,sub-S30,g,randomWalker9,freq01234
0.03792905,0.0007211268,0.03408759,-0.03306982,-0.0251213,0.04227914,-0.01777903,0.01247541,0.04109708,0.0658792,-0.005034997,0.019233,0.05772518,-0.01568087,-0.002660978,0.009413087,0.00228972,-0.007409255,0.03280975,-0.06176985,-0.01181861,-0.002903234,0.04384756,0.03780029,0.004012876,0.04922285,0.008081404,-0.00404546,0.02367357,-0.003076988,0.01945475,0.03081856,0.02929813,0.02188641,-0.03994923,-0.003721233,0.02126171,0.03597356,0.03969163,-0.008755162,0.05877842,-0.01563103,0.02553027,0.02922259,0.02538693,0.04054704,0.01096881,0.02538303,-0.003195671,0.00505634,0.02637199,0.05048211,0.01404751,-0.01685951,0.03181299,0.03820291,0.05636596,-0.01238467,0.03894583,0.02281993,0.01858856,-0.0410674,0.04454856,-0.004793297,-0.004328385,-0.01829149,0.045341,0.02537605,0.01216949,0.03559858,0.03553466,0.03021996,-0.03127166,0.0518645,0.01441704,0.05662981,0.002846932,0.0106411,0.02653371,0.0146141,0.0345649,0.006856682,-0.02274194,-0.004971197,0.0214637,0.06480368,0.007366742,0.03450805,0.01865916,0.01064909,0.04595714,0.05361131,0.02888181,0.0006341096,0.006240159,0.02274632,0.02685891,-0.002692276,0.02669731,0.01922752,0.008647415,0.02452093,0.04891322,0.03301337,0.05583763,0.02590168,0.001959879,0.03441416,0.009868214,0.005804989,0.05153537,0.02376172,0.03141313,0.003007114,0.02857889,0.04649629,0.0138997,0.02476193,0.05667207,0.06329394,alERC,sub-S31,g,randomWalker0,freq01234
0.01183864,-0.01417682,0.03852329,-0.03672587,-0.03740818,0.0392994,-0.004488117,0.02609096,0.05569461,0.06506281,-0.02663469,0.03218807,0.05495028,-0.006196412,-0.005134376,-0.00027802,-0.01458851,-0.000916452,0.009888051,-0.07793821,-0.01105224,-0.02477078,0.01686853,0.02507302,0.01295381,0.05920135,-0.01246926,-0.007445876,0.03368298,-0.01089337,0.009032737,0.02607052,0.03843259,0.03131118,-0.02323024,-0.01715737,0.01949254,0.03465845,0.03819883,-0.0349706,0.05886789,-0.02717514,0.00796363,0.02904664,0.03003594,0.03523281,0.006434852,0.04281105,-0.01047229,0.009892127,0.03830376,0.04111458,0.002189324,-0.04037897,0.02598645,0.01323535,0.03505032,-0.02303,0.03985339,0.004581839,0.01022769,-0.05109669,0.03517132,0.001642047,0.0007381407,-0.02242695,0.04120116,0.03240307,0.01337856,0.02869429,0.02079295,0.02309294,-0.02732444,0.0424725,0.01479368,0.009304187,-0.01132831,0.01941556,0.01765502,0.002197201,0.01193058,0.004041544,-0.01514851,-0.006281283,0.006326479,0.04829198,0.005105093,0.02596806,0.02756871,-0.007743276,0.04934812,0.009628049,0.003345395,-0.01276194,-0.01765674,0.005116274,0.02197474,-0.01157598,0.009290366,-0.004959506,-0.000646552,0.01026289,0.03572118,0.04275457,0.01709387,0.01575169,0.009688984,0.0263864,0.007735751,-0.02983347,0.03778622,0.03479457,0.0289014,-5.867133e-06,0.01028752,0.02617238,0.01198872,0.01538747,0.02538756,0.0464288,pmERC,sub-S31,g,randomWalker0,freq01234
0.0713348,0.01018941,0.03797778,-0.06011212,-0.01207901,-0.01381954,-0.008390087,0.01340296,0.02956917,0.04336581,-0.0002307934,-0.006137544,0.07485645,0.01268508,0.00214986,0.02576661,0.05494187,0.01803594,0.05654455,-0.02283245,0.003109973,-0.005732434,-0.001624371,0.03384509,-0.001360553,0.02191932,0.009404206,0.005347773,0.02527412,-0.008590132,-0.003023575,0.006078143,-0.05610798,0.001300503,-0.006454949,0.01424889,0.04001843,0.02650383,0.05880671,0.01743013,0.05840224,0.06494886,0.02433292,0.05321093,-0.02095486,0.06570535,0.02025215,0.05378902,-0.01310777,0.01973336,0.02446302,-0.0274737,0.0333393,0.06305595,0.08473159,0.02634034,0.06121209,0.01824612,0.03071707,0.03286896,0.03247293,-0.05226669,0.04348022,-0.009799891,-0.01735657,-0.008210429,0.05794028,0.02020033,0.0198385,0.04067903,0.03322874,0.03976407,-0.03134139,0.05074046,0.02303367,0.03831548,0.004096524,0.02198508,0.02142584,0.01321352,0.02566489,0.04242421,0.02652914,-0.01754413,0.02891135,0.06042422,0.02050517,0.04378939,0.01634147,0.01936481,0.0473677,0.06108467,0.03702597,0.01231697,0.008710861,0.03170281,0.03279413,0.06332858,0.03742346,0.02138645,0.01799781,0.0312679,0.04684521,0.03596909,0.06080693,0.03029023,-0.003037246,0.03487073,0.01011218,-0.00412986,0.05266911,0.02268477,0.03252638,0.002517018,0.03561547,0.05020722,0.02299987,0.02893322,0.05992881,0.05154267,alERC,sub-S31,g,randomWalker1,freq01234
0.08833317,0.00401844,0.03618701,-0.04899495,-0.00820267,-0.01990748,0.007101236,0.02579603,0.02191726,0.06281397,-0.006696783,0.006106384,0.07014846,0.03854442,0.007698404,0.00502084,0.05085895,0.05492071,0.04353556,-0.0097226,0.002778343,0.006060465,0.01037079,0.04892056,0.003130715,0.009390287,-0.0003498273,0.008761844,0.04041072,-0.00689427,-0.0265588,0.01992589,-0.06407405,-0.009239085,-0.01483595,-0.004811966,0.0352637,0.01504102,0.05388349,0.006480246,0.06524514,0.05911693,0.01243877,0.05096092,-0.02299397,0.04091132,0.0006809924,0.06220315,-0.01840046,0.02083343,0.04298817,-0.004938576,0.01645279,0.01407753,0.08042858,0.009289861,0.03953275,-0.01834149,0.0275035,0.007108709,0.01581786,-0.04656781,0.03622076,0.01319923,0.005199521,0.003173724,0.05904153,0.01667221,0.01897473,0.03327864,0.01754866,0.02867738,-0.01166193,0.03982759,0.01850292,-0.00912272,-0.009780766,0.02889423,0.02099158,0.01462585,0.007233548,0.02717194,-0.005529514,-0.004997533,0.01050356,0.046146,0.01429642,0.04191525,0.02423614,-0.006457814,0.0503135,0.02160166,0.007719482,-0.005615119,-0.008408763,0.02202789,0.02629152,0.0428721,0.01922275,-0.004110687,0.004098484,0.01692816,0.02921838,0.04082293,0.02200474,0.01403567,0.004005783,0.02473143,0.001869401,-0.02764522,0.04409494,0.02961924,0.02882394,-0.0007104069,0.02538616,0.02906014,0.01129982,0.01805823,0.03212294,0.04190614,pmERC,sub-S31,g,randomWalker1,freq01234
0.01824155,0.03378325,0.03241071,0.02012381,-0.002028508,0.03816389,0.03148832,-0.02769166,0.05738784,0.01645515,0.01262462,0.02801365,0.0002262853,0.008817847,0.04313441,0.01366185,0.003472118,0.03484705,0.01682448,0.009332923,0.009517032,0.02363111,0.02084239,-0.02174538,-0.03959531,-0.01796572,0.02765703,-0.0401062,-0.00494375,-0.01221895,0.01687256,-0.04018749,0.03732397,0.005923984,0.03399045,-0.006255648,0.04078044,0.004662252,0.02708294,-0.005277577,0.006517909,0.02459028,0.02357879,0.01801341,-0.02931489,0.04287374,0.004516911,0.00225462,-0.005765293,0.002371053,0.0690474,0.05163174,0.01860815,0.01221456,0.01149535,0.03947117,0.03588245,-0.02572377,0.04714082,0.01817448,0.01207697,-0.02545223,0.03715933,-0.009844412,0.02660902,-0.02136544,0.04093775,0.01944286,0.01912895,0.03885547,0.03031269,0.03351135,-0.02270073,0.04629632,0.01159403,0.03679091,-0.005344804,0.007584582,0.02388266,0.02667511,0.03764113,0.02173351,-0.02455443,-0.0286575,0.02538964,0.06511839,0.03236922,-0.02109257,0.01566171,0.01466056,0.06093227,0.06683149,0.0246912,0.003254527,-0.001399039,0.02345646,0.03231557,-0.004635661,0.02779868,0.0225349,0.01475632,0.04283569,0.04160692,0.03061213,0.05622443,0.02715578,0.008138856,0.01186254,0.01042815,-0.0044786,0.04857918,0.02695465,0.03584749,0.01246359,0.0295553,0.04671847,0.01691295,0.03322249,0.06251527,0.0003074424,alERC,sub-S31,g,randomWalker2,freq01234
0.001090249,0.03853918,0.03391153,-0.0008464403,-0.01484746,0.02594085,0.01946902,-0.03222833,0.03375257,0.009791744,-0.003121664,0.02764292,-0.01300919,0.006992639,0.0163557,0.002990078,-0.00822012,0.008059179,-0.02485115,0.006115493,-0.01817117,0.03926718,0.0244364,-0.004604784,-0.05470064,-0.01963167,0.01127032,-0.06462135,0.001017378,-0.0323767,0.01860593,-0.04203638,0.02687414,0.003886339,0.01873938,0.0009040819,0.03753152,-0.01982249,0.02650131,-0.02107602,0.00991985,0.02629776,0.004258294,0.01988129,-0.03107194,0.01419101,-0.01880077,-0.0003112033,-0.02437815,-0.01472773,0.06675241,0.06044148,-0.001617762,-0.03291944,-0.008189925,0.0203927,0.01264927,-0.06002126,0.05403815,0.02632998,0.00758059,-0.04961454,0.02739039,-0.004695091,0.02754884,-0.03889304,0.04271638,0.02739107,0.01706075,0.03437866,0.01724232,0.02845261,-0.02658728,0.03929053,0.01510247,-0.01345039,-0.02584424,0.01885365,0.02625119,0.004195705,0.01843422,0.004086509,-0.0109506,-0.004394674,0.01075163,0.04613652,0.01795373,-0.03701178,0.02547866,-0.007848429,0.06405231,0.0181518,0.0019329,-0.01192379,-0.02663909,0.01540831,0.02884418,-0.02042068,0.01428443,-0.0008527679,0.001275697,0.01804388,0.03080094,0.04031705,0.020185,0.01793273,0.01671705,-0.007721888,0.01013965,0.004607192,0.03368496,0.04002509,0.03484432,0.004421245,0.0002201817,0.02618611,0.006558833,0.02124268,0.02522082,-0.02543421,pmERC,sub-S31,g,randomWalker2,freq01234
0.01156039,0.03446079,0.04010075,-0.0001518035,-0.005627367,-0.01662651,-0.004215659,0.03121832,0.04688829,0.04279863,0.02943371,0.0309605,0.07212849,0.02377467,0.03361932,0.004130466,0.04365651,0.009584849,0.05859867,-0.003829496,-0.008418424,-0.02176246,0.03222952,0.03271538,0.005468179,0.0129085,-0.007154376,0.01181291,0.02752328,-0.008521677,0.03002733,-0.02098617,0.04357883,0.04038928,0.02090599,0.01143975,0.04235927,0.008726962,0.02285924,-0.01734325,0.0352321,0.03292359,0.04315478,0.007326946,-0.01384233,0.08128218,0.001831417,0.01861654,-0.01754623,0.02928721,0.08234876,0.09205364,0.01635513,0.01451629,0.08779512,0.04135873,0.03458266,-0.03110338,0.06285856,0.02359353,0.02070514,-0.04974758,0.04424376,-0.00170228,0.01888962,-0.01600516,0.04100095,0.02873799,0.009252964,0.04293561,0.02330988,0.03630362,-0.02528319,0.04384511,0.01852177,0.03310091,-0.02443212,0.02000558,0.02834827,0.0127592,0.02347072,-0.005471005,-0.02350586,-0.03450173,0.02746419,0.05298668,0.01208789,0.04868629,0.01508411,0.02036321,0.03998116,0.05708323,0.04055999,0.008304696,0.00442369,0.007131382,0.03129396,0.07107307,0.03483228,0.01960028,0.01692729,0.02575378,0.04831368,0.04065363,0.05841197,0.03246456,0.006639547,0.04576635,0.01318093,-0.00914037,0.05067015,0.02578253,0.03690844,0.002995301,0.03381013,0.05128131,0.01835535,0.02772413,0.0558641,0.04534619,alERC,sub-S31,g,randomWalker3,freq01234
0.01962083,0.03772131,0.03513085,-0.03566009,-0.002471777,0.005696774,-0.0002746901,0.04229439,0.05751279,0.06545589,-0.0030291,0.03555923,0.05866349,0.04614035,0.04514825,-0.007576346,0.04392742,0.0340021,0.0596334,-0.003352111,-0.004677084,0.006555567,0.02699652,0.05808758,0.01018608,0.03721301,0.01625025,0.02216596,0.04048891,0.002534153,0.03014614,-0.01312654,0.03986457,0.03455412,0.01676957,0.01602084,0.03965933,0.0008798768,0.0216828,-0.01257215,0.04844564,0.03607741,0.02053645,0.01505559,-0.006985158,0.05489108,-0.006977176,0.02113446,-0.02061201,0.03028383,0.06373326,0.09615054,0.00850193,-0.02663063,0.09050913,0.02793068,0.0190106,-0.03480922,0.06338253,0.0238397,0.01189987,-0.05159058,0.03260621,0.01279069,0.02833302,-0.01564667,0.03135185,0.02715875,0.006678647,0.0342892,0.02033398,0.03224969,-0.01319512,0.03702078,0.01754549,-0.01822539,-0.03158764,0.02887821,0.02148197,0.008913305,0.01315915,-0.008238126,-0.02233461,-0.02094999,0.01161966,0.04826995,0.01342116,0.0502288,0.02206175,-0.005141164,0.04791144,0.03569297,0.00979125,-0.0006674603,0.008361275,-0.005471989,0.02907404,0.06067902,0.01803231,-0.0005836069,0.008455456,0.01838585,0.0363747,0.03895086,0.02150687,0.01902518,0.006884996,0.0233904,0.007988335,-0.01489457,0.04535699,0.03142015,0.03554687,0.001752667,0.02515668,0.03168394,0.006912186,0.02190268,0.03382108,0.04388251,pmERC,sub-S31,g,randomWalker3,freq01234
0.01365633,0.01889151,0.0375335,0.0328161,0.02337659,0.01625397,0.05834915,-0.006940994,0.05842844,0.05722859,0.04639658,0.05942025,0.005471763,0.05614636,0.002509907,0.01020261,0.02218624,0.004118245,0.01120544,0.03472095,-0.005006985,0.03763468,0.08355834,0.04438626,0.009007981,0.02963154,0.02630224,-0.009722145,-0.007524278,0.000287032,0.0554107,0.02867764,0.05346518,0.04638038,0.03050765,0.01824231,0.04478098,0.009764484,0.02558836,-0.006391589,0.03746796,0.05313445,0.03277911,0.004983891,0.01428957,0.06884121,-0.008417374,0.04812898,-0.01753437,0.0366352,0.07993708,0.01891359,0.01211233,0.03733441,0.08494896,0.04423482,0.03797492,-0.02330997,0.05447292,0.0312681,0.01642271,-0.008510134,0.04045978,0.01164817,0.03186506,-0.01135871,0.04673693,0.02996003,0.02484422,0.03878493,0.03157211,0.03527852,-0.01459834,0.05301494,0.01811611,0.03800616,-0.01475363,0.01713111,0.03092165,0.01008254,0.03522087,0.01427117,-0.009019922,-0.039799,0.02587209,0.06448127,0.01814506,0.0481348,0.01722568,0.02268795,0.0596423,0.0753625,0.04063045,0.008145285,0.03604348,0.02198046,0.0319018,0.06001196,0.03010279,0.0188628,0.01461641,0.03240864,0.06068851,0.0370524,0.06360988,0.03582722,0.008170894,0.03662346,0.01364816,-0.005337976,0.05400347,0.02798001,0.03729265,0.004707327,0.03386354,0.0568609,0.01644931,0.02896957,0.0628474,0.0449078,alERC,sub-S31,g,randomWalker4,freq01234
-0.01467946,0.03586832,0.04148016,0.04877942,0.03847638,0.02802767,0.07385569,0.00158191,0.03169429,-0.00267983,0.0488636,0.0339809,0.01841814,0.07340858,0.008422256,-0.003317845,0.02989285,0.0177386,-0.004433926,0.04533619,-0.0008551372,0.0501275,0.02843338,0.05527775,0.01633289,0.02050455,0.04218977,-0.003468964,0.0007289196,-0.001074289,0.04061742,0.02890722,0.05178622,0.047634,0.01717399,0.01768804,0.04180177,0.001721029,0.02319247,-0.005815797,0.04801372,0.04484441,0.004947712,0.0124111,0.01554408,0.04599061,-0.01034632,0.04333819,-0.01982785,0.01448224,0.07893944,0.02418255,0.001624568,-9.275308e-05,0.08984426,0.02781636,0.02235136,-0.02475195,0.06047906,0.03320174,0.002992162,-0.02232397,0.03376107,0.01763221,0.04089633,-0.01565161,0.04225437,0.03510372,0.02016492,0.03196502,0.01966931,0.0314802,-0.008688353,0.04137036,0.01584713,-0.00867946,-0.02560455,0.0241323,0.02433181,-0.00111732,0.01695163,0.0001273299,-0.002851806,-0.02746511,0.01158282,0.04956108,0.0188051,0.04843765,0.02485276,-0.003158652,0.06186104,0.03534325,0.005116259,0.002591201,0.03770225,0.007792426,0.03071853,0.05300064,0.0148446,-0.001539982,0.009940432,0.02255793,0.03610629,0.0407517,0.0211683,0.01921313,0.01318529,0.03521887,0.009363904,-0.01807327,0.04368696,0.03391637,0.03629914,0.007698646,0.02592697,0.02899256,0.01110131,0.02280991,0.03216663,0.03966751,pmERC,sub-S31,g,randomWalker4,freq01234
0.01472078,-0.02423393,0.03468397,0.03070012,-0.002178462,0.01660004,0.01728394,-0.005437491,-0.007586086,-0.01097822,-0.008021662,-0.0375475,0.03826143,0.001325833,0.005921255,0.02566537,0.01027804,-0.002901067,-0.0003619588,0.0285709,0.01315802,0.03269531,0.007870012,-0.005780394,-0.004055175,0.0222608,0.01243249,-0.002809493,0.01261614,-0.006210899,-0.0214246,0.02155097,-0.06195464,-0.006200645,-0.01529017,0.01300849,0.04204105,0.02017252,0.05603177,0.002525687,0.04671877,0.003553132,0.02651245,0.06721363,0.004581579,0.02171869,0.03593291,0.02440206,-0.02096223,0.03768411,0.0152116,-0.007687658,0.02531155,-0.001650181,0.08039474,0.02646124,0.05594915,-0.0196163,0.02560444,0.0474838,0.01604386,-0.01189349,0.03984736,0.01041801,0.03776931,-0.01370768,0.0452263,0.02448727,0.02270469,0.0351272,0.02298427,0.03110173,-0.0111715,0.05614089,0.01474243,0.02780704,-0.03485665,0.01070034,0.02346563,0.0093879,0.03113386,0.001548312,-0.002980331,-0.04588423,0.02512343,0.06205069,0.01367191,0.02733262,0.01804035,0.02326083,0.04522681,0.06790122,0.03703528,0.008247952,-0.003770765,0.02024366,0.02646825,0.007470998,0.03005875,0.02372564,0.01162019,0.02970378,0.04987188,0.0338538,0.06251881,0.02906906,0.003104627,0.03530201,0.009016956,-0.009390252,0.04914499,0.0203813,0.03246493,-0.00171105,0.02945044,0.05020533,0.02266693,0.02644021,0.05939474,0.05210409,alERC,sub-S31,g,randomWalker5,freq01234
0.009316921,-0.006835236,0.03803798,0.04620717,-0.02038334,0.04236813,0.04006209,-0.002314246,-0.005823824,-0.03782097,-0.01580714,-0.01621901,0.06084961,-0.007629558,0.02946508,0.00165189,0.003903819,0.006115656,-0.01672099,0.008609935,0.03148834,0.0266328,0.007854302,-0.002553394,0.002774704,0.01265496,0.03916698,0.0003064669,0.02915632,0.02810518,-0.05510426,0.04083807,-0.06011117,-0.01089266,-0.0262224,-0.01295096,0.04036487,0.0145222,0.05455873,0.01063482,0.06436233,-0.005170201,0.01506271,0.05953544,-0.005921704,-0.001637272,0.01679947,0.01626283,-0.02927327,0.0241427,0.0347495,-0.002071744,0.01572733,-0.04501647,0.08047551,0.007373934,0.03934157,-0.03950979,0.03370493,0.01731006,0.006243494,-0.0220561,0.03352975,0.01284251,0.0388707,-0.02426002,0.04000121,0.03391484,0.02112606,0.03109524,0.009997441,0.02574465,-0.008734664,0.04557008,0.0150741,-0.007744048,-0.04556721,0.01862426,0.01952231,-0.01412718,0.019804,-0.007456816,0.00291325,-0.04151939,0.007582352,0.04985281,0.008739427,0.03224192,0.02438943,-0.004456189,0.05355474,0.02836536,0.006541324,-0.00629522,-0.03717207,0.006851128,0.02342371,-0.01865735,0.01316311,-0.00239378,0.001720699,0.0131548,0.03349906,0.04040355,0.0209519,0.01435727,0.007262083,0.03032278,0.002844043,-0.03353832,0.04186364,0.03215552,0.02968121,-0.007645961,0.01761852,0.02668797,0.01515579,0.01650073,0.03061116,0.04889716,pmERC,sub-S31,g,randomWalker5,freq01234
0.02183293,0.02358834,0.03955136,0.004461916,0.003428687,-0.0437907,0.01745064,-0.01491557,0.05921775,0.01615685,0.0370621,0.05615684,-0.03256774,-0.01938311,-0.02591272,0.001596283,0.02313907,-0.01466791,0.06764827,0.01666952,-0.006248268,-0.04638936,0.0512684,-0.02888249,-0.00974861,0.06136218,-0.04375155,-0.003774021,0.01182798,0.009728134,-0.01629655,0.04251469,-0.06716674,-0.0004019119,-0.01810332,0.01529437,0.02543596,0.03034089,0.05260702,0.01712088,0.06485634,0.05855044,0.02851663,0.04987739,-0.001489076,0.04289879,0.02280914,0.03971551,-0.01724119,0.03261985,0.01443199,-0.002718017,0.0134787,0.008579948,0.05295295,0.01702253,0.05583103,-0.03100712,0.02255923,0.0278002,0.001804189,-0.006269171,0.03939586,0.0108862,0.02200713,-0.01335205,0.04165044,0.02233907,0.03025038,0.03381883,0.008421608,0.0272757,-0.008202022,0.04838571,0.01077467,0.01306421,-0.02929037,0.01018873,0.02424817,0.003170251,0.0321932,-0.005731461,-0.01061102,-0.05648922,0.02309069,0.05335342,0.008427774,0.03140246,0.01222785,0.0135733,0.05168562,0.06485498,0.03186071,0.0002716556,-0.01714117,0.02662728,0.02683769,-0.002788167,0.02758993,0.02221232,0.01382602,0.02772874,0.04127539,0.03994424,0.05329502,0.0281893,0.003697324,0.03956646,0.01228142,-0.006462113,0.0487648,0.02348576,0.03317949,0.004458455,0.03448674,0.04616245,0.02335134,0.02625304,0.05522839,0.0451669,alERC,sub-S31,g,randomWalker6,freq01234
0.01456941,0.04808053,0.04020488,0.01328047,-0.005506814,-0.01118737,0.01923357,-0.03741386,0.07024531,0.04388618,0.02887401,0.04743465,-0.01041124,-0.0124241,0.003308581,-0.005318697,0.02564687,-0.0005080604,0.0541571,-0.007387883,0.02114269,-0.03480132,0.04816476,-0.02049248,0.003886468,0.06377371,-0.0142305,0.01206535,-0.008341813,-0.01342046,-0.03320933,0.04161137,-0.05836702,-0.0001838737,-0.01520573,-0.002411868,0.02726473,0.02669102,0.05542343,0.0161488,0.06876741,0.04554054,0.01457923,0.05346679,0.00496463,0.006426611,0.009412895,0.04832946,-0.01805896,0.03018143,0.03304156,-0.0003971292,0.002990424,-0.02962368,0.04865825,0.001595692,0.03934921,-0.03902775,0.02848098,0.01868731,-0.0003874595,-0.01594168,0.02736926,0.02040736,0.03594563,-0.02210501,0.03978552,0.02914394,0.02632941,0.02942765,0.004043305,0.02625459,-0.002963218,0.04191518,0.01296001,-0.01855249,-0.03658558,0.01947375,0.02017921,-0.002100719,0.01744768,-0.01215576,0.004169834,-0.0571923,0.008971903,0.04635131,0.005864058,0.03150368,0.02276964,-0.008284731,0.05717427,0.0213718,0.005183875,-0.01221474,-0.04868441,0.02047369,0.02699546,-0.02426508,0.01312905,-0.004345727,0.006778871,0.01378484,0.0322743,0.04829463,0.02463568,0.01840346,0.01393831,0.02949805,0.01267962,-0.001882956,0.04288805,0.03444243,0.03440079,0.004610665,0.02063848,0.02711323,0.01265644,0.01874096,0.02848673,0.03536282,pmERC,sub-S31,g,randomWalker6,freq01234
0.06147075,0.0231607,0.03567607,-0.003048217,0.005442508,0.0293873,0.03704717,0.01908205,0.04592586,0.04775613,0.01112488,0.04393592,0.05468586,-0.0233292,0.01676423,0.01230304,0.03677491,-0.01662968,0.07821696,0.009733385,0.04604565,-0.01592567,0.0550462,-0.02257711,0.02400385,0.04396469,0.02058092,0.0539648,0.04507353,0.03902737,0.03623635,0.0009850849,0.03049115,0.02287004,0.02090524,-0.0136648,0.04297335,0.01069575,0.02523037,-0.0162773,0.03019004,0.02894344,0.03676993,0.02431821,0.0004390386,0.07236008,0.007770058,0.02101036,-0.0216556,0.03693733,0.07846772,0.03546999,0.01698096,0.02579254,0.07199125,0.03869377,0.03596875,-0.03186132,0.05297235,0.02012357,0.01920329,-0.02470914,0.04139443,0.00124756,0.02420896,-0.008320387,0.0474739,0.0196698,0.006400449,0.03806527,0.03901849,0.02867438,-0.01511098,0.05098422,0.01385499,0.05072035,-0.0006774399,0.01366072,0.01984698,0.02599719,0.03562406,0.02221489,-0.01945084,-0.03081999,0.02376464,0.05720595,0.02001193,0.03222821,0.01627233,0.01925698,0.04093738,0.05616409,0.03318586,0.001178483,-0.0109861,0.02435557,0.03099196,0.006868131,0.02851848,0.01985156,0.01362018,0.03245053,0.04217349,0.03489881,0.05867895,0.02709268,0.004080657,0.04036766,0.01048597,-0.01790616,0.05004375,0.02511136,0.03151429,0.007441419,0.03385401,0.0464621,0.02464236,0.02801873,0.05752676,0.06923863,alERC,sub-S31,g,randomWalker7,freq01234
0.07364602,-0.00860286,0.03813064,-0.003882534,-0.02198502,0.05458046,0.01963372,0.02789992,0.01062132,0.0639648,0.001961422,0.02698662,0.06026993,-0.01765,0.02751206,-0.007882686,0.03787102,-0.003883201,0.04929715,-0.008375533,0.05063709,-0.02194575,0.06342517,-0.03201539,0.02711785,0.01717856,0.01130897,0.04610729,0.05525481,0.01692182,0.03309203,0.005908373,0.01395312,0.02093654,0.004955392,-0.004212999,0.04377669,-0.01044892,0.02190697,-0.0216664,0.04428099,0.03204874,0.01553161,0.02519603,0.001480694,0.04794889,-0.0169218,0.01878379,-0.03181953,0.00940151,0.05973421,0.03823944,0.001168107,-0.01667242,0.07995968,0.02435915,0.01474578,-0.05327379,0.06017722,0.02357968,0.01073044,-0.04579058,0.03336778,0.001549947,0.0197051,-0.01990979,0.04403942,0.02986957,0.009309947,0.03168848,0.0201075,0.02676173,-0.01905718,0.04182828,0.0160708,-0.006302032,-0.02100453,0.02540748,0.02066421,-0.006066148,0.01445297,0.006093305,-0.007953801,-0.0269075,0.007300198,0.04639697,0.01174251,0.03719585,0.02749079,-0.008466182,0.04771554,0.02096079,0.004505835,-0.01853463,-0.04667068,0.01407761,0.0298917,-0.01038509,0.01314347,-0.009708567,-0.0002635866,0.01838627,0.02979847,0.04435861,0.0145495,0.01516167,0.004944719,0.02390119,0.005325926,-0.03437717,0.04309526,0.0359545,0.03182415,-0.002153119,0.02563424,0.02607807,0.01268564,0.01956659,0.02891757,0.05587987,pmERC,sub-S31,g,randomWalker7,freq01234
-0.02230091,0.03404735,0.03723419,-0.006234978,0.02595183,-0.03191178,0.02278898,0.03118637,0.03549333,0.0360127,0.03398422,0.05590378,0.01948293,-0.01612381,-0.004077428,0.003048855,0.029558,-0.01753785,0.0690361,0.02232938,-0.00648547,-0.04551157,0.03502359,0.009430036,0.02060143,0.04245443,-0.03322193,0.02677713,0.04504015,0.03800907,0.02897074,0.03388115,0.04200676,0.02598584,-0.02467966,-0.003073653,0.02577302,0.03754611,0.0257799,-0.03361163,0.06925599,-0.00453849,0.04410397,0.01070384,0.01874565,0.05851132,0.005893071,0.02821711,-0.01045657,0.02362853,0.05889434,0.0536628,0.005568244,0.005949952,0.04189155,0.04716131,0.05138952,-0.003738446,0.04883246,0.02241404,0.007534213,-0.04250001,0.04081035,0.003180485,0.02703964,-0.01855564,0.04176161,0.02136263,0.01134207,0.03735095,0.0276894,0.03205606,-0.01903482,0.05056124,0.01075367,0.04220953,-0.005259679,0.01502191,0.02310687,0.01132045,0.02756945,0.01973142,-0.02201804,-0.04075275,0.02181779,0.06265397,0.02143597,0.03448338,0.01253535,0.02253599,0.06565319,0.07573371,0.03264697,0.01009123,0.0543304,0.01475039,0.02853062,0.02779115,0.02708319,0.01583304,0.01461837,0.03240927,0.05111522,0.03572575,0.05551713,0.02759242,0.009148489,0.0372743,0.007093763,-0.007866197,0.04774972,0.02634677,0.03254406,0.004613801,0.03161457,0.04966722,0.01701002,0.02723937,0.0600822,0.05719148,alERC,sub-S31,g,randomWalker8,freq01234
-0.01372908,0.05278629,0.0416078,-0.01141899,-0.0003522722,-0.01807021,-0.01470557,-0.01019576,0.04796847,0.04605068,0.03614333,0.04901244,0.02540964,-0.04478047,-0.001680366,-0.005261667,0.03702676,-0.0235569,0.04418147,-0.002380992,0.004377436,-0.04820109,-0.04141599,-0.01598203,-0.0007882778,0.04960104,-0.02896935,0.01813436,0.01982291,0.01999113,0.02448826,0.02611769,0.03799354,0.02778644,0.0007762394,-0.00433541,0.02755112,0.03090574,0.02567175,-0.02399571,0.06978125,-0.009117591,0.02016733,0.01631439,0.02142509,0.05715079,-0.00206528,0.03609478,-0.01234758,0.01366002,0.06880583,0.04949855,-0.004130752,-0.0319538,0.03755196,0.03041939,0.03332895,-0.03774345,0.05328804,0.02006189,0.001397706,-0.047529,0.03392703,0.01314807,0.04154389,-0.01946071,0.03844423,0.03240207,0.01151814,0.03263478,0.01718737,0.02981254,-0.009914456,0.04358073,0.0127971,-0.00533245,-0.01913153,0.02706473,0.02171174,0.01092718,0.01577112,0.0121098,-0.01327193,-0.03030355,0.009135718,0.05146103,0.02066298,0.04127985,0.02202149,-0.002200613,0.06587679,0.03407632,0.006902188,-2.843953e-05,0.04523715,0.005449474,0.02973037,0.01114163,0.01419166,-0.00432243,0.00827674,0.02129249,0.03592744,0.04756968,0.02177978,0.01707461,0.01662445,0.03834605,0.006928923,-0.03275995,0.04338931,0.03568529,0.0342366,0.00704563,0.02386055,0.03119388,0.009972009,0.02146406,0.03499715,0.0522037,pmERC,sub-S31,g,randomWalker8,freq01234
0.005955503,-0.01089364,0.03798158,0.05212376,0.008970375,0.01127044,0.04977133,-0.01290282,-0.009665535,-0.01989111,0.03255307,0.06134448,0.0234319,0.02136694,0.03827683,0.00180121,0.04621622,0.02846671,0.04056919,0.05608943,0.001841559,0.05993055,0.01106182,-0.001367525,-0.01320836,0.04986401,0.04207488,-0.0152029,-0.0147336,0.002005571,0.02944797,0.03756399,0.03670451,0.01673857,-0.02949786,-0.001742784,0.0240766,0.03297053,0.03344893,-0.03104968,0.08121461,0.0219714,0.04324237,0.01573915,0.02693163,0.04214215,0.003568246,0.01777569,-0.01276758,0.00817971,0.05195463,0.02850784,0.007321162,-0.01931737,0.04251384,0.04869135,0.05141217,0.01757313,0.04176002,0.0310993,0.004057694,-0.03047414,0.03679376,0.001959155,0.02371474,-0.01534939,0.04666932,0.02708137,0.0160933,0.03562469,0.009598981,0.03302555,-0.01056705,0.04817685,0.008712744,0.02340399,-0.02579017,0.01116567,0.02363513,0.01246425,0.02957666,0.01994224,-0.002818503,-0.05941407,0.02392316,0.06040917,0.01436767,0.03272558,0.01723236,0.02081708,0.05109714,0.06925653,0.03902508,0.004646194,0.0272369,0.01337955,0.02797035,0.03708531,0.02974373,0.01854127,0.01258307,0.02844004,0.04913956,0.0374648,0.05421993,0.03098251,0.006325368,0.03803442,0.01245376,0.004099026,0.04884351,0.02686123,0.03414676,0.003463796,0.02707986,0.05046693,0.01653995,0.0280099,0.05760102,0.0512046,alERC,sub-S31,g,randomWalker9,freq01234
-0.01383999,-0.006948139,0.03694574,0.05638367,0.02218903,0.007331309,0.05233602,-0.007066657,0.01390307,-0.001503319,0.03200757,0.05231486,0.02436541,0.04213914,0.02720299,-0.009949333,0.04776641,0.02590759,0.01423573,0.07470517,-0.01638268,0.08027671,0.02605991,0.02689409,-0.009994403,0.06146285,0.05148233,-0.02136115,-0.009251639,-0.002182904,0.02094529,0.03277556,0.03965658,0.0218604,-0.009309417,-0.00542322,0.02493101,0.03184573,0.03423847,-0.04571267,0.07972038,-0.005779559,0.01739642,0.01976157,0.008658236,0.00593041,-0.003451281,0.03399599,-0.01636356,-0.01113759,0.06334075,0.024501,0.001362724,-0.04301297,0.04073265,0.03491993,0.03906392,-0.003174276,0.04745496,0.02458048,-0.01023914,-0.03923217,0.02865411,0.01720309,0.040853,-0.02062477,0.04039757,0.03156305,0.01732765,0.03229012,0.007802155,0.03160026,-0.002041258,0.04091423,0.008957618,-0.007169659,-0.03604923,0.02154906,0.02428582,0.008374197,0.01952489,0.007478268,0.008743148,-0.0442258,0.01179376,0.04945073,0.01434285,0.03710848,0.0252638,-0.006110904,0.05490493,0.02702345,0.01013433,-0.005814051,0.02663456,0.007742211,0.02793051,0.01271055,0.01843654,-0.001876726,0.007870967,0.01938829,0.03286955,0.04136058,0.0175532,0.01877656,0.01343042,0.0253654,0.0104277,0.002337531,0.04434937,0.03611188,0.03524841,0.004865234,0.02049033,0.02896389,0.005101659,0.02386859,0.03229242,0.04792098,pmERC,sub-S31,g,randomWalker9,freq01234
-0.01310288,0.04642382,0.03366748,0.03346818,0.02311603,-0.006698321,0.01597991,0.02986663,0.02495904,0.01264614,0.02222503,0.03998644,-0.007533766,0.03454457,0.03671676,0.03686008,0.03028092,0.03649143,0.02097012,0.04312651,0.01526829,0.02301322,-0.04732157,0.02339585,0.01473833,0.01470796,0.006801135,0.01295317,0.02135699,0.032244,-0.01849565,0.002585007,-0.000408867,0.01263098,0.005660539,0.02734094,0.0299428,0.01127323,0.03216868,0.02011007,-0.001878583,0.03259405,0.02227634,0.02049146,-0.01450243,0.007819368,0.04869474,-0.00306969,0.03805754,-0.004261185,0.03356953,0.01941578,0.02530949,0.04596854,0.03670832,0.02251282,0.005801432,0.01713385,0.02833023,-0.01378295,0.01726942,0.02963764,0.01967148,0.04510809,-0.01521504,0.03875547,0.00885143,0.0267013,0.02139089,0.01486906,-0.02072309,0.0144475,0.03504089,0.02456141,0.02342625,-0.03316735,0.04380288,0.02212629,0.002393859,0.003106806,0.01723419,0.05278012,0.09367214,0.006304476,0.02031696,-0.009256339,0.03971517,0.00152649,0.0396685,0.0403335,-0.003336895,-0.003399322,0.02685106,0.02963154,0.01946584,0.01947704,0.01976621,0.03866474,0.01730772,0.0319204,0.02602954,0.02198055,0.0004850122,0.03014459,0.01697614,0.02106273,0.0648244,0.01908381,0.03372981,0.0238761,0.003954796,0.05067051,0.02098021,0.0265044,0.01245494,0.01185004,0.04128403,0.019675,0.004977292,0.01148839,alERC,sub-S22,g,randomWalker0,freq01234
-0.01221819,0.03408087,0.05055958,0.01470939,0.007417373,-0.01871221,-0.01284166,0.03744406,0.06285923,0.04864606,0.01399383,0.04638768,0.01631302,0.0318346,0.03736047,0.02792181,0.0319029,0.04077937,0.02417477,0.02139011,0.01701184,0.06281646,-0.06790254,0.04996984,-0.0006059945,0.06319183,0.04493897,-0.00850414,0.015722,0.003866861,-0.03873472,-0.005085151,0.02671341,0.002953276,-0.008950822,0.01475739,0.0281715,0.0004958138,0.04019498,0.001076956,0.01194789,0.04395747,0.0181289,0.02137689,0.001192205,-0.004862991,0.04441044,-0.001069366,0.04587892,-0.006052315,0.0422888,0.058353,0.03101709,0.07353996,0.04143322,0.03170241,0.01793146,0.01622816,0.04524044,-0.01404585,0.0300258,0.03950278,0.05350655,0.08417002,-0.0005311905,0.04770439,0.02321039,0.03952825,0.02012987,0.04318597,-0.04012271,0.0152424,0.06084493,0.03141021,0.04252825,-0.06993406,0.02398995,0.04423922,0.02464628,-0.01977816,0.05409139,0.04179541,0.06405351,0.02605023,0.02778952,-0.02058807,0.03714045,0.02857126,0.03594718,0.02444348,0.02941873,0.002709435,0.02951395,0.01658812,0.04262153,0.03553322,0.03106618,0.0502938,0.03091865,0.04344137,0.01559332,0.02366127,-0.02162192,0.05170744,0.03249117,0.01548924,0.07495467,0.04072648,0.02832575,0.03795338,0.01882954,0.05290426,0.02913526,0.02471859,0.02804488,0.01128483,0.03511292,0.02567852,0.00855632,0.03085575,pmERC,sub-S22,g,randomWalker0,freq01234
0.01761791,0.03888444,0.03013216,0.004906707,-0.009967751,0.01534322,-0.003002392,-0.01912417,0.03749499,0.0297995,0.03552639,0.01717401,-0.03296309,-0.003425711,0.04913089,0.03205166,0.003387358,0.005418021,0.004410873,0.0009719562,-0.011957,0.01626904,0.03993279,0.02192192,-0.01167329,0.0005816634,0.01682056,-0.01868138,-0.01883822,-0.001472519,0.04165088,0.01360484,0.01913931,0.02468415,0.01966419,0.03497563,0.02812352,0.00282208,0.01236392,0.01022264,0.006073815,-0.04110441,0.04413468,-0.01262168,0.02440821,-0.007800055,0.02243588,0.02564242,0.01803529,0.03954222,0.01049147,-0.007096562,0.01469863,0.01318981,-0.02272283,0.0453276,0.004706449,0.004404955,0.02916138,0.01814743,0.01555055,0.03322255,-0.00256112,0.02748717,-0.01202244,0.003470603,0.02091254,0.02352976,0.01788336,0.01180741,-0.003515813,0.01209454,0.0290534,0.02799092,0.01549578,-0.01239343,0.04387829,0.0175503,-0.0001480468,-0.000693375,0.007779284,0.05442446,0.08044376,-0.003659622,0.01928495,0.01413629,0.04146609,0.001228593,0.04111397,0.03839543,0.02216769,0.003361072,0.02961643,0.029983,-0.008164635,0.01034744,0.02313955,0.01718641,0.01395515,0.03057351,0.02641736,0.02555296,0.02032249,0.02751992,0.01867447,0.0247562,0.07078601,0.02062717,0.03743727,0.01969645,0.008194143,0.05521074,0.02874236,0.03516723,0.01345971,0.01528787,0.03840948,0.02231902,0.008959932,0.01781261,alERC,sub-S22,g,randomWalker1,freq01234
0.05767709,0.03452102,0.05243346,0.02879986,-0.04139974,-0.01728852,0.00972803,-0.02097155,0.06247103,0.07241536,0.01763086,0.03108672,-0.009868772,0.03064054,0.04636134,0.0350924,0.0359646,0.04526331,0.02399125,-0.01177496,-0.03985706,0.05508315,0.03769454,0.05979747,-0.02754055,0.05480643,0.02889352,-0.04950619,-0.02393986,-0.03849519,0.02095496,0.04572139,-0.003630431,0.0009082317,0.0131732,0.03346053,0.04369564,-0.007663344,0.02518623,0.01069645,0.04132376,-0.02640778,0.04192027,-0.01175315,0.03395069,-0.01152686,0.02658805,0.03327122,0.0324708,0.04307122,0.03285455,-0.01400293,0.0363169,0.0741518,0.02293875,0.05052538,0.02628034,0.0001140688,0.05565245,-0.01415097,0.04027569,0.02504371,0.04498943,0.08039109,0.02895837,0.02345503,0.05888518,0.03578872,0.02077273,0.0429166,-0.01346001,0.02074681,0.05565146,0.04709029,0.03938881,-0.04987894,0.02820176,0.03836226,0.02448816,-0.02210283,0.06197859,0.06702705,0.06734594,0.02758661,0.03744968,0.006374901,0.04298497,0.03398653,0.04586815,0.03512698,0.01563124,-0.01189586,0.04367968,0.02176802,0.03493593,0.0453495,0.0404802,0.05914827,0.04281632,0.06314742,0.02066082,0.03215801,0.004283561,0.0534529,0.04217586,0.02381127,0.07391868,0.04397025,0.03280038,0.05024621,0.02915789,0.05450317,0.03775616,0.03100707,0.03472549,0.02414766,0.04161561,0.03280602,0.01850808,0.02885055,pmERC,sub-S22,g,randomWalker1,freq01234
0.0354323,-0.02013925,0.03457517,0.05270535,0.02859654,0.02842633,0.05284664,0.02923833,0.00580252,-0.0008313861,0.05257396,-0.008459081,0.03529567,0.04048069,0.0264724,0.03251909,0.03933338,0.04316917,0.005533212,0.03095503,0.03957365,-0.00680441,0.02638852,0.03041868,0.0253848,0.002593215,0.03866733,0.03035521,0.02714842,0.01841208,0.01725803,-0.004592637,0.00496842,0.01910028,0.02300499,0.01273889,0.00331639,0.03750855,0.02179274,-0.001395675,0.004916932,0.01531542,0.03795612,0.04507003,0.05630327,0.01008874,0.03820521,0.0132706,0.03328273,0.03304955,0.01853979,-0.005182312,0.02342133,0.04305174,0.05523121,0.018577,0.02014536,0.02468155,0.01253552,0.05170565,0.02896553,0.0191091,0.005261226,0.03887286,-0.0007662249,0.03176722,0.0409634,0.03365118,0.01425682,0.005700218,-0.01629708,0.01602887,0.02464828,0.02695217,0.03367963,0.00581248,0.04561973,0.0303144,0.01259901,-0.01185902,0.0066028,0.06011301,0.092313,0.02617871,0.01947641,-0.007502693,0.02466072,0.02998406,0.04080031,0.03461452,-0.01700953,-0.0156169,0.02690317,0.02568174,0.02274237,0.01704662,0.01752919,0.04325301,0.01519624,0.03718596,0.02523369,0.01848722,0.01296487,0.03008928,0.02228414,0.02236659,0.06615096,0.02784928,0.03647766,0.07186367,0.0036328,0.04500301,0.01759404,0.02135992,0.02012813,0.01124023,0.04256552,0.01503831,0.002180065,0.0490196,alERC,sub-S22,g,randomWalker2,freq01234
0.02956155,-0.04135292,0.05607572,0.05903079,0.03151245,0.01794663,0.07818132,0.01111892,-0.003598901,0.03920313,0.06076908,-0.01808604,0.02918045,0.08271305,0.004650145,0.03332578,0.04075119,0.04295577,-2.846328e-05,0.008519081,0.02873707,-0.007931768,0.01443963,0.06343117,0.01194509,-0.05382334,0.03674509,0.008378751,0.02658934,0.02544532,0.01409699,0.000774184,0.00440505,0.03817661,0.03760112,0.01191017,0.01002736,0.02044599,0.01923363,-0.03551601,0.01444438,0.02010464,0.04064335,0.03378626,0.06819089,0.03174813,0.03106927,0.02894028,0.01658886,0.02767933,0.06131715,0.03688275,0.02895204,0.08442181,0.05025861,0.02909575,0.0260458,-0.01943532,0.04953782,0.05331463,0.04452655,0.01297999,0.04086611,0.08120453,0.03332177,0.04329527,0.05255281,0.04167449,0.01362313,0.04016239,-0.02656472,0.02033601,0.05172248,0.03963223,0.04641518,-0.03841284,0.02702084,0.04828092,0.02116795,-0.03748203,0.03910086,0.06414261,0.06788752,0.04890217,0.02782631,-0.0114705,0.03146943,0.05157707,0.04228804,0.02558303,0.005634631,-0.009346885,0.02887398,0.0118865,0.0462876,0.03521095,0.02955735,0.06089197,0.03101869,0.06062024,0.01324576,0.02691249,0.0005932025,0.05393032,0.04443054,0.01799631,0.07285351,0.02572815,0.03117673,0.07567354,0.01971732,0.0475947,0.02395968,0.01456413,0.04266999,0.01433678,0.04297724,0.02149301,0.01283403,0.07767528,pmERC,sub-S22,g,randomWalker2,freq01234
0.0535992,0.03351722,0.03325881,0.01128415,0.003741499,-0.02447832,0.006179803,-0.0131554,0.03943619,-0.01325603,0.04820033,0.03908019,-0.01518984,-0.01716927,-0.0142781,0.02730592,0.02525143,-0.01521921,0.002497494,-0.006357152,0.02974899,0.00111985,0.01182922,-0.0220254,-0.005168438,0.04285309,0.008549334,0.005417622,0.004408824,0.03544569,-0.005089149,-0.02532779,-0.00898913,0.008781465,0.02772319,-0.001455102,0.01642453,0.04131911,0.04002332,-0.01408099,0.01180436,0.008510928,0.03689208,0.06477159,0.01093437,-0.02212889,0.0483752,0.003933401,0.0428467,0.04456019,0.01666778,-0.01890129,0.02696214,0.03710657,0.002092505,0.02114584,0.02215536,0.02561556,0.01748042,0.04547694,0.01913239,0.03116576,0.0104562,0.03699305,-0.01916869,0.03021898,0.002732075,0.03330599,0.0150353,0.01220585,-0.008985916,0.01672194,0.03145093,0.02607918,0.02742002,0.007659432,0.04542549,0.02912155,0.005679766,-0.006101822,0.01328206,0.05947461,0.09448534,0.03536658,0.01480564,0.01959712,0.04581215,-0.001330164,0.04277419,0.04062221,0.03678436,0.006473204,0.0259322,0.02791375,0.03795648,0.006075393,0.0215801,-0.004554688,0.007772719,0.02850924,0.02481092,0.02688432,0.01650495,0.02663557,0.007903997,0.0197829,0.06170955,0.01369025,0.03329225,0.04727025,0.00841733,0.05407229,0.02296531,0.02786644,0.007964998,0.009593978,0.0435415,0.01988257,0.005701396,0.02975761,alERC,sub-S22,g,randomWalker3,freq01234
0.06186074,0.06381575,0.05172815,-0.0279286,-0.03212576,0.02365415,-0.0198398,-0.01050592,0.05122664,0.03461543,0.05494855,0.03603368,0.01422679,-0.002862014,0.01846466,0.009836776,0.03604253,-0.006450801,0.006940658,-0.04970381,0.01621326,0.05144621,0.002221943,0.03074433,-0.04211557,0.03554586,0.03725857,-0.01875158,-0.004663161,0.008857717,-0.02358448,-0.01207937,-0.002356509,0.02689034,0.05054893,-0.001950569,0.02363514,0.02363335,0.03545183,-0.03544882,0.0537597,0.002819446,0.0435678,0.05804255,0.02110733,0.02694991,0.03078646,0.0203751,0.02770264,0.05362997,0.05593892,0.02806414,0.04737099,0.08803214,0.05748283,0.02977138,0.02415147,-0.01742155,0.06042748,0.05244751,0.03545208,0.04178219,0.05291962,0.08559774,0.01056043,0.04251207,0.0111294,0.04665915,0.02104703,0.04872651,-0.01808678,0.01797261,0.06408913,0.03552111,0.04725102,-0.02296749,0.01448475,0.05061961,0.02954439,-0.01940715,0.0662237,0.04950089,0.06676878,0.05625529,0.02649442,0.01037436,0.04511425,0.03195349,0.04036752,0.02816902,0.0288292,-0.01504145,0.0382895,0.008846535,0.06434699,0.05311445,0.035111,0.04701293,0.0368209,0.06669541,0.008865057,0.02611071,-0.0007409239,0.05017428,0.03525627,0.01213136,0.0711793,0.0387218,0.02151001,0.04545118,0.02602504,0.05378473,0.02867768,0.01655977,0.02467022,0.01296896,0.03742657,0.02378644,0.01050808,0.04326019,pmERC,sub-S22,g,randomWalker3,freq01234
0.02840214,0.002873283,0.03337414,0.03871921,-0.03206015,0.02880029,0.02652719,6.050404e-05,0.02585627,-0.03843507,0.03211141,0.003534942,0.02359053,-0.002439102,0.01860764,0.03050661,0.02206973,0.03437556,0.005071464,-0.03252294,0.04044709,0.00140835,-0.05429658,0.01843745,-0.02076983,0.03471405,0.03344528,0.006626664,0.03922062,0.04597866,-0.01322575,-0.004629411,-0.009738443,0.001969241,0.04602332,-0.003643493,0.009092622,0.04336523,0.03832942,0.01296688,0.01697793,-0.01152509,0.03303963,0.06344746,0.02316054,0.005605363,0.05215771,0.009275627,0.04228574,0.04259434,0.01724457,0.0229386,0.03516151,0.0232459,-0.004325352,0.01661852,0.02129777,0.02691265,0.01039937,0.04440769,0.02118877,0.01982639,0.01519809,0.02988124,-0.01815949,0.02602932,-0.002767908,0.01637893,0.01346477,0.01831557,-0.009869046,0.01740857,0.02528582,0.02220027,0.02315756,-0.0005582656,0.04422467,0.02452013,0.002783393,0.008456501,0.01393394,0.0375879,0.08136542,0.01799473,0.01591785,0.005256525,0.04451135,0.0003330467,0.03914351,0.04009282,0.01838811,-0.01420625,0.02378984,0.03268736,0.01935975,0.01411658,0.0229445,0.001145363,0.01177731,0.03275579,0.02847801,0.02328195,0.001474903,0.03390604,0.01121963,0.01457676,0.06352711,0.02929759,0.03150966,0.01279641,0.006287421,0.04726645,0.01919301,0.03136809,0.01018373,0.004411092,0.04229167,0.01913264,0.001907395,0.02664078,alERC,sub-S22,g,randomWalker4,freq01234
-0.006138974,0.02973908,0.04802562,0.04519074,-0.02586289,0.03712773,0.05921056,-0.03603225,0.0141597,-0.04356057,0.0530582,0.01484688,0.01676551,0.03628113,0.0128639,0.02715398,0.01996846,0.03870237,-0.01790574,-0.02910375,0.0164514,0.03432035,-0.0653545,0.03344513,-0.04148849,0.04773203,0.03472865,-0.02589705,0.02709537,0.0390609,-0.02636437,0.01674103,-0.01041705,0.01654362,0.06203871,-0.0078674,0.01611454,0.02814611,0.03722129,0.01564477,0.04309666,-0.02213493,0.03357049,0.064702,0.03225428,0.04810468,0.02558961,0.01872348,0.03175148,0.03975142,0.04679987,0.03845163,0.05177724,0.07180478,0.02907703,0.02327424,0.02641459,-0.02446457,0.04575604,0.05154948,0.03838295,0.03387731,0.0489896,0.07887678,0.02041916,0.0331651,0.02060181,0.04006809,0.02545092,0.04815044,-0.01073647,0.02044182,0.05832025,0.03445899,0.04452381,-0.04327611,0.00589001,0.04423599,0.03028535,-0.01015711,0.05811328,0.03283243,0.05903194,0.04762491,0.02818406,0.0001025126,0.04616859,0.02932577,0.03984759,0.02900892,0.01141292,-0.01815465,0.03252795,0.01739426,0.02746612,0.0437833,0.03715597,0.03764471,0.03402045,0.06056276,0.01436791,0.02646735,-0.01108269,0.04537631,0.03210993,0.01137326,0.07011115,0.05480028,0.02600163,0.03064395,0.02285518,0.05051216,0.03049062,0.02873596,0.02890657,0.009502555,0.03403389,0.02737823,0.008301831,0.03518955,pmERC,sub-S22,g,randomWalker4,freq01234
0.03979888,0.0104506,0.03406999,0.0430614,0.06029564,0.008103785,0.008046712,0.06487964,0.04058737,0.002063435,0.05239252,0.04291391,0.03262351,0.01102853,0.00695801,0.02975621,0.0358487,0.02814274,0.01423111,-0.03084579,0.03546807,-0.003541386,0.0276896,0.00939561,0.0643902,0.04528723,-0.001161259,0.04837053,0.05126927,0.01765154,0.03819469,0.0212201,0.01068219,0.02641088,0.02647822,0.03782454,0.03202054,0.0009663701,0.01176041,0.01102865,0.02202125,-0.03385251,0.0437925,-0.04005789,0.008990264,0.05975923,0.02090043,0.04301093,0.02649119,0.03067094,0.01068892,-0.01258248,0.02268178,0.04552487,0.008799968,0.05096864,0.006201026,0.006387324,0.0333298,0.008569001,0.02471194,0.01854895,0.02339736,0.03336105,-0.0326373,0.03329375,0.0006293836,0.01836533,0.01509131,0.01988902,-0.01822447,0.0230562,0.02335574,0.02220816,0.02515429,0.01378568,0.03670039,0.02447088,0.005729003,0.01866516,0.007820876,0.04238816,0.07262465,0.02421393,0.0196869,0.009472899,0.04133546,0.001210731,0.03948066,0.04154655,0.02856222,-0.01575899,0.02746066,0.0265758,0.009793736,0.01850497,0.02180342,0.02698511,0.01522575,0.03291103,0.0286606,0.02625981,0.01463061,0.03067605,0.0105334,0.02298275,0.06655955,0.01734978,0.03708117,0.03803462,0.007155103,0.06175749,0.0237635,0.03031698,0.0124767,0.01117066,0.04346535,0.02092384,0.005947949,0.01649008,alERC,sub-S22,g,randomWalker5,freq01234
0.01887857,-0.0004791279,0.05297569,0.06106522,0.03993917,0.05087572,0.02748593,0.05400303,0.0151744,0.007549132,0.02475222,0.06947841,0.04679769,-0.01950513,0.05327563,0.027308,0.02936517,0.04428468,-0.03949296,-0.03958444,0.07959254,-0.03027154,0.0030491,-0.01793404,0.06245985,0.03263608,0.03874526,0.05491949,0.06453321,0.06127812,0.006115914,0.05660694,-0.002045915,0.001889086,0.01871567,0.02598165,0.03974544,-0.01012894,0.01835373,-0.0002670682,0.05378475,-0.04657678,0.04001835,-0.02491763,0.01535581,0.0283134,0.021731,0.05267044,0.0297679,0.03193466,0.02787252,0.02144221,0.0378497,0.08575858,0.04936361,0.04882119,0.01857785,-0.00707832,0.05569524,-0.008175958,0.0368318,0.03589154,0.05085455,0.0829227,-0.006361422,0.04352133,0.01385237,0.04050375,0.02912783,0.04649763,-0.0202701,0.02001995,0.05990461,0.03118239,0.0419287,-0.02769221,-0.0003484006,0.04438046,0.0300659,-0.005710453,0.05585153,0.04172454,0.05595975,0.05703579,0.02907077,-0.002680164,0.04050861,0.02981212,0.04091588,0.03032288,0.0465174,-0.02308685,0.03523752,0.009048219,0.05285093,0.05035516,0.03335128,0.05259105,0.03374152,0.05545626,0.01001277,0.02866433,-0.006881303,0.05232832,0.03030134,0.01500028,0.08020488,0.04322163,0.02687897,0.05876664,0.02250716,0.06229783,0.03105067,0.01872631,0.03360907,0.01443961,0.04134057,0.02508437,0.0114309,0.02159316,pmERC,sub-S22,g,randomWalker5,freq01234
0.01637476,0.01398278,0.03197841,0.02829009,0.03038465,0.01939874,0.02142519,0.01370247,-0.01511147,-0.03188745,0.0559102,-0.0392363,0.01541948,0.01537689,0.01676548,0.034886,0.01237667,0.02033666,-0.01833602,0.02388593,-0.04318694,0.01012624,0.007643846,-0.008789963,0.01240119,0.002263522,-0.003156188,-0.008807338,0.01537816,0.03238894,0.04070514,0.003582023,0.01172502,0.02137705,0.01467366,0.03590005,0.03508731,-0.001483765,0.01594057,0.008749031,0.007024711,0.01020676,0.0412892,-0.003111824,0.03125009,0.03774298,0.02762685,-0.003082879,0.02921971,0.03036032,0.02109772,-0.004146679,0.02722543,0.04504202,0.03788708,0.03816411,0.000594908,0.03189575,0.02215315,0.008953245,0.03378704,0.01801118,0.0192009,0.03717949,-0.03131793,0.02814375,-0.02610895,0.02104822,0.009645472,0.01866467,0.0002839714,0.01773955,0.02583673,0.02298687,0.02790708,0.01986079,0.04601875,0.02762909,0.003906316,0.01162191,0.01298652,0.03106455,0.07401551,0.02542485,0.01543367,0.01054624,0.04416415,0.001640284,0.03959164,0.0399751,0.009274303,-0.01228379,0.02611147,0.03227228,0.004599186,0.012165,0.02053852,0.02376064,0.01101112,0.03008367,0.02712885,0.02063367,0.0172217,0.0236304,0.02023993,0.01938221,0.0662155,0.02656819,0.03267252,0.06376137,0.005031593,0.04903909,0.01799509,0.02463365,0.003692991,0.0091035,0.04093307,0.01608455,0.006291244,0.02937226,alERC,sub-S22,g,randomWalker6,freq01234
0.03349695,0.05072417,0.05311096,0.01673808,0.03141483,-0.002584193,0.02863657,-0.02472032,0.03584665,-0.02205229,0.08590849,-0.03796325,0.02262746,-0.03179066,-0.0116425,0.02409,0.01798493,-0.005892415,-0.003060141,0.02863437,-0.004232569,0.01106249,0.04370169,-0.04371756,0.0483703,0.04894851,-0.0239557,0.02630726,0.005100238,0.02758266,0.005561705,0.04445719,-0.01955168,0.005101145,0.02021173,0.02472665,0.036723,-0.01264483,0.02156604,0.004541229,0.04164711,-0.01073846,0.03699977,-0.001624603,0.02638564,0.01894463,0.02750226,0.007955333,0.03083038,0.03937977,0.0315857,0.05236198,0.03374029,0.08345599,0.04921303,0.03083986,0.01176659,0.01682479,0.04225316,-0.02177298,0.0454176,0.02860302,0.05221643,0.08238301,-0.001813679,0.03130169,0.008301918,0.03730923,0.02345156,0.0443989,-0.00438871,0.0167025,0.05700133,0.03195457,0.04384031,-0.03577458,0.008679067,0.04318647,0.02660479,-0.02100081,0.05850409,0.03957175,0.04737123,0.05910694,0.02529355,-0.003198652,0.03694426,0.02498764,0.03798299,0.02541871,0.007095482,-0.01302229,0.03179119,0.008750622,0.05261123,0.03166604,0.03109985,0.04761336,0.03122373,0.05474218,0.00954085,0.0218923,-0.00175932,0.05228464,0.0422819,0.01267144,0.06947885,0.05351228,0.02478203,0.06775384,0.01745646,0.04923963,0.02458266,0.01436694,0.0252568,0.009417241,0.03846655,0.02167205,0.009087571,0.0375712,pmERC,sub-S22,g,randomWalker6,freq01234
-0.01158384,0.03474901,0.0340376,0.01880139,0.01634414,0.02129061,0.01252689,-0.01830888,0.01090933,0.02794077,0.054251,0.009812237,-0.01843832,-0.004172196,0.02161707,0.02997258,0.008848643,0.02655915,-0.02408777,0.03419006,-0.01391256,0.01241294,0.01756906,0.0259047,-0.02568907,0.0006153621,-0.02715119,-0.0144767,0.007257939,0.0018836,0.0057736,-0.008048811,0.001842835,0.01744264,0.03797208,0.01134559,0.01147213,0.03892766,0.03068647,-0.003101698,0.02057716,0.008586222,0.03789264,0.0447367,0.0273447,-0.003093347,0.04391829,0.00132701,0.04119736,0.04326512,0.01782099,0.002583052,0.02276781,0.01934911,0.01692199,0.02857181,0.01996626,0.03600741,0.01088574,0.04170478,0.01925152,0.01914698,0.01016104,0.03146807,-0.0153174,0.02428165,0.007306176,0.02508507,0.02210988,0.01292793,-0.02625698,0.01894743,0.02356496,0.02531431,0.02569047,-0.008399062,0.04673284,0.02817768,0.003040717,0.0003172133,0.008814602,0.06111131,0.0909467,0.007161861,0.01682111,0.009485332,0.03529894,0.0009708125,0.03861782,0.03952475,0.006904406,-0.003536054,0.02638032,0.02993049,0.00141996,0.01189019,0.01921311,0.02543936,0.0122146,0.02718701,0.02754061,0.02222414,0.01689731,0.03102827,0.01490092,0.02177415,0.0667937,0.017725,0.03518987,0.03755497,0.005284897,0.05150443,0.0237889,0.02598673,0.009623602,0.01129937,0.04238832,0.01783903,0.006862809,0.01200077,alERC,sub-S22,g,randomWalker7,freq01234
0.01850508,0.02774359,0.05239747,0.03181758,-0.01589544,0.02691648,-0.001417722,-0.04793302,0.01595576,0.05890563,0.05302163,0.0367288,0.01819413,-0.02739438,0.04135821,0.02552759,0.02440059,0.02024574,-0.001910584,0.003532983,-0.02271124,0.02381251,0.02892576,0.01972726,-0.02258982,0.009083078,-0.02101878,-0.04242828,0.008108339,-0.0161965,-0.00903963,0.02232457,-0.02009026,0.03492223,0.05566171,0.005712761,0.02208427,0.02380962,0.02680764,-0.03181965,0.05585625,0.002913567,0.04470866,0.03890628,0.03597925,0.0420745,0.02563212,-0.001125908,0.02759616,0.03934911,0.05335431,0.02472488,0.03438221,0.07988171,0.04971021,0.03560039,0.02554787,-0.001970602,0.04811272,0.04384475,0.03582853,0.02661721,0.04556453,0.07461075,0.01796396,0.04010197,0.02619205,0.03858679,0.02290138,0.04371306,-0.0362654,0.0239694,0.05461504,0.03690973,0.0442408,-0.04152334,0.01839594,0.05094463,0.02185255,-0.02234777,0.04853934,0.05115411,0.05667337,0.0379289,0.02893275,-0.0003400782,0.03990418,0.0289731,0.03793069,0.03076117,0.01353621,-0.0139116,0.03292369,0.01577002,0.03599161,0.03955115,0.0338378,0.04959556,0.03374661,0.0528815,0.01615588,0.02718683,0.0003330796,0.0542067,0.03207083,0.01813392,0.07565559,0.03922728,0.03073538,0.04881747,0.02235301,0.05241776,0.03425801,0.02469799,0.02888897,0.01299098,0.04038212,0.02756943,0.01162045,0.03538441,pmERC,sub-S22,g,randomWalker7,freq01234
0.03473325,0.01610411,0.03332721,0.02968647,0.04587265,0.009473532,0.02765254,0.03849676,0.02275056,0.007689678,0.04234205,0.01504283,0.002923256,0.04321515,-0.0006756996,0.0360311,0.006816813,0.01957227,-0.02547704,0.04774049,0.01443251,0.02164691,0.04151206,0.03821295,0.05564759,-0.001392496,0.02006468,0.0327889,0.02474809,0.03316707,-0.009203752,-0.0009193309,0.005184408,0.01014512,0.02129989,0.008514347,0.02070355,0.03248581,0.0357091,0.01749847,-0.002804467,0.0107747,0.01798484,0.04678458,0.01664579,0.003625487,0.05128423,-0.003577893,0.04551185,0.005021533,0.01022202,-0.006881779,0.0307165,0.03326423,0.02141023,0.02492728,0.01367023,0.02038787,0.03091148,0.02101284,0.02997027,0.03001844,0.01861872,0.03818538,-0.01596662,0.03672797,0.007532797,0.02484397,0.01875232,0.01336795,-0.009465643,0.01671637,0.02740193,0.02264625,0.02976356,-0.01398762,0.05189241,0.02775243,0.003504512,-0.004264418,0.01355472,0.05818399,0.09182394,0.02830975,0.01975141,0.004079253,0.04007953,0.003960444,0.03965461,0.03618842,0.007921094,-0.009654862,0.02886147,0.03360764,-0.0356509,0.002634573,0.02340642,0.0167943,0.01448634,0.03021012,0.02752238,0.02349445,0.009690398,0.03250528,0.01851448,0.0225719,0.06134387,0.02264944,0.03665197,0.02791169,0.00728554,0.04859171,0.02471371,0.03221072,0.0115826,0.01118199,0.04153715,0.02186923,0.006950063,0.01654284,alERC,sub-S22,g,randomWalker8,freq01234
0.02674448,0.05869666,0.05367293,0.01549943,0.03611537,-0.02641278,0.02984714,0.005363041,0.03676757,0.04417044,0.05968117,0.004952875,0.01226816,-0.000645613,-0.02304199,0.01986596,0.02061129,-0.03236229,-0.0179032,0.06346942,0.03488934,-0.001489119,0.08539707,0.02076523,0.06762894,0.009241365,0.001506593,0.06292489,0.005542756,0.04361743,-0.04273648,-0.007249605,0.01558733,0.001899102,0.01080581,0.001207738,0.01896172,0.022826,0.03133233,0.006954715,0.02319026,0.0178079,0.01473609,0.04575861,0.02167382,0.0450558,0.03986406,-0.006543644,0.03815136,-0.0134282,0.03628869,0.009337649,0.03293251,0.06219787,0.03355939,0.03231642,0.01610001,-0.003140978,0.04880223,0.02419879,0.04431685,0.04019495,0.04711499,0.07838894,0.02874369,0.04100632,0.01924646,0.03923662,0.02129185,0.04016227,-0.01672818,0.01644574,0.05576547,0.02893898,0.04389018,-0.07596208,0.01862681,0.04699665,0.02437204,-0.03742777,0.05724319,0.03811532,0.05767294,0.05326346,0.02410785,-0.003709949,0.0356711,0.02346871,0.03552541,0.02145758,-0.004196724,-0.01467684,0.03008948,0.01666121,0.01712168,0.02885509,0.03282906,0.04597467,0.02761242,0.05501314,0.01240773,0.02189609,-0.01105754,0.05790075,0.03402047,0.01154076,0.06443353,0.05174826,0.02408765,0.03720936,0.01916534,0.048301,0.02922552,0.02280873,0.0224377,0.008415824,0.03563507,0.02391961,0.00841017,0.03247022,pmERC,sub-S22,g,randomWalker8,freq01234
0.04507628,-0.005930708,0.03375518,0.005494633,-0.0287499,0.05107062,0.04442942,-0.00110173,0.02815906,0.02343432,0.02752966,0.04091565,0.01992266,-0.006277851,0.0390451,0.0450973,0.02353192,0.03005391,-0.006444529,-0.03791255,0.02957621,-0.01654428,0.05317906,0.005250828,0.009015517,0.03011844,0.03050784,0.01249745,0.02408802,0.04908251,-0.005118501,0.008371416,0.01452105,0.009944358,0.00714697,0.01431505,0.02798037,0.02243129,0.03337037,0.02656119,0.006875424,0.003473734,0.01897023,0.03862,0.06308704,0.01400243,0.0500704,0.005389364,0.04819643,0.005043066,0.02542179,-0.00103685,0.03414587,0.04608839,0.0338631,0.0291946,0.009622278,0.03041486,0.03281172,-0.001832484,0.02516415,0.02284091,0.0225106,0.03804043,-0.03312584,0.0332565,0.005356887,0.02570184,0.01702882,0.02104219,0.01120289,0.01585295,0.02106512,0.02404283,0.03232312,-0.007531445,0.04635387,0.03319943,0.01072407,0.009126386,0.01234643,0.04934797,0.07535831,0.03440319,0.01724774,0.0062946,0.04504243,-0.002266925,0.03825636,0.04001155,0.02676019,-0.005294425,0.02625222,0.03619241,0.02067477,-0.004312425,0.0235276,0.01540438,0.01212596,0.03052485,0.02841014,0.0256961,0.01177676,0.03278578,0.01595557,0.01946351,0.06844856,0.02726965,0.03552023,0.03840955,0.005496124,0.04949073,0.02136138,0.032291,0.01295617,0.007626946,0.0436372,0.02005623,0.004752383,0.02327271,alERC,sub-S22,g,randomWalker9,freq01234
0.02418635,-0.000902988,0.05096322,0.0405337,-0.03987997,0.04820875,0.0565335,-0.0447408,0.00106494,-0.02270458,0.03721182,0.06175306,0.03002692,0.02824231,0.04398527,0.03270463,0.03900164,0.04747301,0.002032765,0.003954816,0.01014438,0.03620554,0.02615395,0.01812279,-0.0425872,0.02636358,0.06047835,-0.02016015,-0.00284918,0.0581838,-0.02905271,-0.0006393474,0.02808237,-0.003519639,0.001327996,0.01538112,0.02746215,0.01572835,0.03604853,0.008706246,0.03524786,0.04881756,0.0242345,0.03860654,0.03615736,0.08188499,0.04134565,-0.0003923997,0.04542845,-0.02046888,0.0458237,0.01064048,0.03832871,0.06015128,0.03736595,0.04393721,0.02380554,-0.008428005,0.05388463,0.005060493,0.04435505,0.02677389,0.05472976,0.08546974,0.004867753,0.03731,0.02613398,0.04274287,0.02743672,0.04956978,0.009228404,0.01809628,0.0512407,0.037962,0.0490908,-0.0312052,0.01181399,0.04902063,0.02977817,-0.02008163,0.0624961,0.03566688,0.04634545,0.05672201,0.02985277,-0.002089368,0.04615482,0.03059191,0.03657034,0.02785691,0.01423418,-0.01404525,0.03591742,0.0210664,0.02728238,0.02754178,0.03704502,0.04882831,0.03619438,0.06464782,0.01355243,0.02915688,-0.004106778,0.05445581,0.0392963,0.0145317,0.071398,0.04957479,0.02727336,0.03877508,0.02161188,0.04893494,0.03012047,0.02841303,0.03304972,0.01191893,0.03595618,0.02922622,0.0116075,0.03995409,pmERC,sub-S22,g,randomWalker9,freq01234
0.06379205,0.02849962,0.04373816,0.03214939,0.0254889,-0.002007609,0.03944886,0.01197971,0.03909117,0.02137174,0.02751372,0.01084435,0.02378094,0.008506204,0.04912276,0.05079308,0.0532051,0.03208664,0.04084879,0.02047988,0.003691013,-0.02093394,0.05180057,0.03746563,0.0009939282,0.01950876,-0.02976122,0.01518646,0.01653747,0.04226374,0.06781626,0.04826922,0.05329653,0.02674798,0.00849086,0.02838006,0.0338636,0.08234217,0.04637541,0.02997244,0.04450551,0.03642104,0.05221492,0.07045335,0.01698346,-0.004387732,0.06014659,0.05469172,0.04615989,0.02555066,0.01508221,0.02590864,0.03676155,0.02567892,0.05128193,0.05614902,0.04463422,0.05845146,0.02031606,0.05691995,0.07136606,-0.003943202,0.01180595,-0.01939935,0.01128437,0.008056296,0.05210698,0.02329976,0.009848744,0.03128221,0.0860653,0.04511518,-1.934011e-05,0.04352721,0.04630481,0.0408037,0.03956225,0.02672605,0.02648,0.02503293,0.01892083,0.04547743,0.04331011,0.05744871,0.04237901,0.07284211,0.0299527,0.003028644,0.06117425,0.04389583,0.01894999,0.02518178,0.05547991,0.02571658,0.01838475,0.02147679,0.04336457,0.05897691,0.03284935,0.03359679,0.03614509,0.05251927,0.0907639,0.0327484,0.03175492,0.06448312,0.01785008,0.04467613,0.05485908,0.009569473,0.04265707,0.04455788,0.0403237,0.02455161,0.0235943,0.07037964,0.05388173,0.04331567,0.05962216,0.03149685,alERC,sub-S25,g,randomWalker0,freq01234
0.07615769,0.03792632,0.05842939,0.0439863,0.02738322,0.02109553,0.05391818,0.02513366,0.06095053,0.04075326,0.0365072,0.02490907,0.03026937,0.0309423,0.05254517,0.05880543,0.06848855,0.0465349,0.05479368,0.02802183,0.01291207,-0.0278649,0.05408416,0.05190028,0.01063874,0.04553732,-0.04889826,0.01548821,0.03082385,0.05028823,0.08421377,0.07747732,0.06430996,0.0414745,0.02609382,0.03730569,0.03570291,0.09375874,0.04759628,0.04192439,0.07018696,0.05794396,0.0662737,0.07221997,0.01927654,0.002843784,0.07618549,0.05977189,0.05844203,0.04951325,0.02737173,0.05892945,0.04313371,0.04667621,0.07313576,0.0645923,0.04193208,0.05787211,0.03136351,0.04605854,0.07983821,-0.003750152,0.02625189,-0.006277425,0.01802431,0.03455259,0.06944645,0.02931665,0.003239922,0.03474132,0.09600474,0.04552793,0.01325909,0.04153104,0.05047482,0.04857389,0.04937571,0.03784658,0.01966205,0.04623232,0.0171645,0.05841932,0.0573646,0.07528229,0.04399849,0.06758799,0.04448719,0.001167758,0.05846372,0.05420255,0.02486235,0.02890627,0.06214651,0.03694225,0.0212175,0.02203496,0.04168754,0.07185511,0.03317577,0.04252484,0.04322821,0.05474874,0.09223236,0.04723261,0.04346124,0.06438749,0.04146488,0.06106298,0.05930037,0.02642609,0.03516885,0.05306051,0.04160808,0.03731793,0.02335314,0.0694269,0.06773033,0.0440793,0.05967339,0.03229399,pmERC,sub-S25,g,randomWalker0,freq01234
0.04668519,0.05899065,0.04624892,-0.01720007,-0.00155518,0.05503175,-0.002914666,-0.01510858,0.04687583,0.02587595,0.06215345,-0.007483602,-0.01359122,-0.001954122,0.01135935,0.04953958,0.0411883,-0.004862467,0.032045,0.009662746,0.009007624,0.01221601,0.01182539,0.03232791,-0.008350227,0.03924904,0.04627159,0.003665859,0.00515436,0.02673571,0.04596013,0.03103871,-0.008044049,0.006528742,-0.006364093,0.02592538,0.03588107,0.0682337,0.0545041,0.02536806,0.04779586,0.04906398,0.05443357,0.07275496,-0.009003988,0.001405895,0.07091681,-0.01476349,0.04711393,0.04366033,0.001064108,0.04490782,0.04826537,-0.005532566,0.04086408,0.06451442,0.03885753,0.03395093,0.006341584,0.01184429,0.05355649,0.01891633,0.009694853,-0.01275067,0.01645635,-0.000293816,0.02595909,0.04136978,0.01700009,0.03136277,0.0790083,0.04702858,0.01350474,0.04214182,0.04146361,0.0346253,0.0395847,0.0300366,0.02382169,0.01408453,0.0132424,0.03501686,0.00119499,0.04371807,0.0379583,0.06687171,0.03382715,0.01566745,0.05387994,0.04598141,0.04075477,0.04992229,0.05414351,0.02303359,0.01606969,0.0199865,0.03932536,0.03552697,0.02788951,0.02463566,0.03841675,0.05070448,0.08314123,0.03966242,0.02317121,0.06300672,0.02073535,0.04000447,0.05457393,0.0217622,0.04267055,0.04442585,0.03653067,0.01922098,0.02267506,0.06578966,0.05356856,0.03961229,0.05895183,0.04256754,alERC,sub-S25,g,randomWalker1,freq01234
0.0740688,0.07045676,0.0598051,-0.01649695,-0.005888193,0.06598444,-0.002120351,-0.01144832,0.05876149,0.04970894,0.07769198,-0.001327186,0.00807478,0.01132678,0.02459545,0.05749913,0.06023828,0.01503594,0.04640332,0.01588069,0.008701826,0.01822793,0.02649588,0.05087436,-0.008950879,0.04899054,0.05684604,-0.001190589,0.00626347,0.02194947,0.06073552,0.0524746,0.01336517,0.03031692,0.0007403945,0.06166695,0.03786484,0.07730792,0.05592582,0.04636996,0.06452797,0.04491524,0.07134344,0.07295704,0.001191422,-0.004811604,0.0793447,0.0338854,0.05733045,0.05994921,0.01755017,0.06191855,0.0475455,0.004858748,0.04651562,0.07812238,0.03635907,0.05247819,0.02857183,0.01106883,0.0568957,0.02902125,0.02573216,-0.002183557,0.01923691,0.02900422,0.05167343,0.049371,0.01281299,0.03411747,0.08530819,0.04445312,0.02610295,0.0409429,0.04087118,0.03563217,0.04942083,0.03556479,0.01761494,0.03919846,0.01360986,0.05135152,0.02414984,0.06131205,0.03978067,0.06127594,0.04604737,0.02066521,0.05098275,0.05793411,0.04078123,0.04821632,0.0647497,0.03320313,0.02052316,0.02039257,0.03972553,0.05514324,0.02704453,0.03611316,0.04375808,0.05219635,0.08480787,0.0546607,0.032761,0.06363457,0.04111679,0.05425089,0.05982986,0.04176841,0.03618041,0.04984472,0.04026296,0.03754725,0.02593041,0.0649365,0.06785712,0.0418851,0.05687989,0.04307547,pmERC,sub-S25,g,randomWalker1,freq01234
0.05379949,0.05172566,0.04335864,0.02311777,-0.006670646,0.07404736,0.01096721,0.007836835,0.006795514,-0.003141572,0.008204328,0.0500788,0.03988553,-0.003778807,0.05758119,0.06663985,0.05236132,0.04631439,0.02431604,0.003294426,0.02629555,0.05288906,0.09873142,-0.0106872,0.01506751,-0.0005069055,0.0503054,0.01055887,0.0117595,0.0008911823,0.0553509,-0.02441773,0.03013958,-0.007408973,0.03987184,0.0334119,0.04196606,0.0426475,0.04164471,0.03393709,-0.01120961,0.04790707,0.07063287,0.05830633,0.02310631,0.03923329,0.01462049,0.06274296,0.01807111,0.03470614,0.03769663,0.02281219,0.02847698,0.01487042,0.04264081,0.06707078,0.03808044,0.03076429,0.02711399,0.06857184,0.06055407,0.004495467,0.01275034,-0.01457823,0.02757423,0.005515444,0.0476278,0.01704093,0.01422923,0.02440923,0.07971675,0.04586442,0.002585306,0.03155302,0.04277387,0.01841172,0.0216007,0.02253617,0.03521137,0.03080493,0.02404515,0.02861298,0.04645715,0.05457234,0.04071997,0.06633491,0.03801466,-0.01287364,0.04794523,0.05050988,0.04490288,0.04072433,0.05710738,0.02983598,0.01531315,0.01868325,0.03242412,0.04894037,0.03141446,0.02169793,0.03768578,0.0498063,0.07768651,0.03501409,0.02697991,0.05903098,0.01563245,0.05053154,0.04793229,0.04146302,0.03147668,0.04060752,0.03662026,0.02039259,-0.007047454,0.06500232,0.05385103,0.04131765,0.05288038,-0.01080755,alERC,sub-S25,g,randomWalker2,freq01234
0.06380741,0.04918611,0.05867428,0.03542278,-3.241535e-05,0.08318759,0.02679911,0.006931751,-0.0002008437,-0.001401233,0.02777281,0.0569895,0.04705155,0.004147449,0.06029234,0.07242986,0.06869261,0.05094277,0.03616622,0.01799259,0.03013735,0.06477436,0.1113311,-0.006046311,0.0202298,0.008881693,0.05766144,0.009468695,0.00958041,-0.005382708,0.067813,-0.006990407,0.05333581,-0.006372455,0.07290062,0.04286621,0.05050487,0.05702977,0.04045402,0.06605376,0.01078387,0.04593377,0.08319926,0.06216124,0.04697711,0.07858276,0.0263267,0.07362726,0.03295142,0.04730937,0.06065005,0.04243222,0.03383702,0.03331092,0.06662219,0.07247139,0.0374516,0.05419131,0.04365364,0.07980858,0.0676589,0.006538562,0.02784584,-6.237387e-05,0.0376333,0.02877197,0.07004023,0.0249445,0.01218086,0.02592007,0.08784432,0.04553504,0.01746655,0.03164284,0.04927826,0.0298645,0.03246576,0.0358493,0.03145168,0.04764006,0.02311331,0.04633985,0.05852727,0.06888225,0.04238602,0.06072192,0.04500693,-0.007470849,0.04940036,0.05933158,0.0471759,0.04363542,0.06255809,0.03911183,0.03478265,0.02021617,0.0321271,0.06750638,0.03224225,0.03870297,0.044303,0.05231565,0.07517531,0.05056944,0.04124963,0.0583778,0.03869442,0.06346127,0.05277331,0.05602503,0.0281727,0.04703107,0.036651,0.03345719,-0.006043508,0.06360118,0.06850128,0.0402157,0.05389023,-0.00237364,pmERC,sub-S25,g,randomWalker2,freq01234
0.05134395,0.04642296,0.04110989,0.004160802,0.006617216,0.03126575,0.05861061,-0.00593574,0.08387405,0.03253241,0.02132568,0.05001453,0.01517479,-0.008211986,0.02805555,0.0414746,0.04158853,-0.002925331,0.06304993,0.04296038,0.03900313,-0.01923985,0.0958363,0.002639931,0.0006517562,0.101478,0.0271059,0.03270693,0.02130791,0.04856897,0.07013299,-0.03829036,0.04471564,0.0135042,0.03507959,0.0354083,0.0442181,0.04660949,0.0385056,0.03537854,-0.01323484,0.06019409,0.06270345,0.0636909,0.01447108,0.02105228,0.02809604,0.04506427,0.02339248,0.02486004,0.04025754,0.01986251,0.03650415,0.01960452,0.04203597,0.07164918,0.03200714,0.03235387,0.02874145,0.0599818,0.06526455,0.0005515796,0.008574525,-0.01685549,0.0147371,0.006338067,0.043775,0.02140224,0.006290432,0.02317816,0.0861413,0.04354154,0.0008294302,0.04238658,0.04076325,0.01039575,0.02531652,0.02004223,0.0204353,0.01944058,0.006613122,0.0448897,0.04563683,0.05132636,0.03379263,0.06392044,0.02309422,0.0193589,0.0486278,0.04389836,0.04247978,0.05076462,0.04895026,0.01687143,0.02310129,-0.002710491,0.03566185,0.03043084,0.01930444,0.01101675,0.03211771,0.0466808,0.08304239,0.03932036,0.02297653,0.06281164,0.01260243,0.03818388,0.05249533,0.05325223,0.03991542,0.03982658,0.03350439,0.01501593,0.01917252,0.0655989,0.05119761,0.03563369,0.05960181,0.02996616,alERC,sub-S25,g,randomWalker3,freq01234
0.06144717,0.06576505,0.0598604,0.001219696,0.01472627,0.03923553,0.05726799,0.00898745,0.1050911,0.03831327,0.03663548,0.05855299,0.02829016,0.0007981119,0.02087203,0.04730257,0.05532658,0.003942523,0.06032749,0.04036869,0.05469209,-0.01217501,0.09414421,0.01232356,0.007309874,0.1217672,0.0354683,0.03982804,0.03043622,0.06016133,0.08488987,-0.02574584,0.07082675,0.0262574,0.06685012,0.04944147,0.04880781,0.0668279,0.04230989,0.07026901,0.01424103,0.05776874,0.0807346,0.07244682,0.04007838,0.05726851,0.04475009,0.06394981,0.04275611,0.04040451,0.06741709,0.03503997,0.04471969,0.03907242,0.06027645,0.07499186,0.0335823,0.05812925,0.04910262,0.06814564,0.07517571,0.009645132,0.02736396,0.000349428,0.0265133,0.03016881,0.06251729,0.03247292,5.288289e-05,0.02920021,0.09415738,0.04316446,0.01660035,0.04120809,0.04705856,0.02686105,0.03905126,0.03482916,0.01570546,0.04041178,0.008974629,0.06213225,0.05865091,0.06622376,0.03457674,0.0588253,0.04240096,0.02894283,0.04930446,0.05644217,0.04840578,0.04876304,0.05756409,0.03030763,0.03444814,-0.002874087,0.03778117,0.05128281,0.01714777,0.02835282,0.038553,0.05049482,0.08239168,0.05811748,0.0330211,0.06152785,0.03691679,0.06076747,0.05638856,0.06376936,0.03490505,0.04781372,0.03634763,0.03378225,0.02307708,0.06473954,0.06914639,0.03862797,0.05685299,0.04298579,pmERC,sub-S25,g,randomWalker3,freq01234
0.022486,0.0007006076,0.04312202,0.03956276,-0.02065506,0.04368935,0.05447619,-0.003016785,0.04759884,0.009472738,-0.0001354475,0.0646036,0.03040526,0.02485846,0.04829919,0.05346959,0.03480647,0.05304483,0.02320442,0.03245958,0.0155759,0.01481705,0.003627492,0.02571721,0.004800283,0.02803336,0.03955624,-0.001734814,0.01373477,0.02825202,0.07319079,-0.03257894,0.04529494,0.02494568,0.03680431,0.03393188,0.04572229,0.0493026,0.04130988,0.003185668,-0.002920674,0.06907906,0.06226287,0.06229173,0.0433053,0.01830032,0.02580674,0.06931122,0.03196337,0.04291692,0.03406251,0.01577334,0.03146146,0.01439602,0.04215244,0.07779448,0.04209047,0.03225558,0.02785902,0.06325041,0.06241246,0.0002214468,0.006270647,-0.01627029,0.01930179,0.01306466,0.04168107,0.01688416,0.01311748,0.03132753,0.08130341,0.04373071,0.001142721,0.04401284,0.0410316,0.02095115,0.02986323,0.02507706,0.02329693,0.0153814,0.01630585,0.03691029,0.04974762,0.04130331,0.03808682,0.06604104,0.0324076,0.01815471,0.05246795,0.04593739,0.04325702,0.04855198,0.05113945,0.02578106,0.05089993,0.01301392,0.04075811,0.02507786,0.02856118,0.02148601,0.03716895,0.05289491,0.08132299,0.0479207,0.0302214,0.06257983,0.02465122,0.02397766,0.05146188,0.0227975,0.046859,0.04387403,0.03457953,0.01948458,0.02642327,0.06554382,0.05165869,0.04062542,0.06077583,0.04755331,alERC,sub-S25,g,randomWalker4,freq01234
0.03058304,0.03688504,0.06163538,0.04844498,-0.007151737,0.05908617,0.06687362,0.009179362,0.07185891,0.02012965,0.02537449,0.06216317,0.04061106,0.0313082,0.05707752,0.05930893,0.04722799,0.06427149,0.02418396,0.02757466,0.02969055,0.02986276,0.004212179,0.03399042,0.01475532,0.05416099,0.05221627,0.009749309,0.02878532,0.04421674,0.08112271,-0.01558217,0.07080548,0.03045049,0.06539141,0.04755899,0.05184549,0.06637079,0.04487685,0.04388729,0.01199285,0.06282836,0.07497255,0.07408195,0.04750776,0.06661748,0.04240581,0.07154159,0.04749784,0.0591766,0.05977662,0.04289522,0.04266589,0.02381057,0.05609106,0.08122493,0.04147041,0.05814752,0.0462796,0.06967093,0.07437412,-0.00223349,0.02723294,-0.003157713,0.03085896,0.03665755,0.06161875,0.02500564,0.008476437,0.03709918,0.08778888,0.04450786,0.01257629,0.04189084,0.04644744,0.02763316,0.03950596,0.03612227,0.01921877,0.04000009,0.01768598,0.04775711,0.05947888,0.05829117,0.0387384,0.05924671,0.04656226,0.02199661,0.05317806,0.05692488,0.04493606,0.04466757,0.05880985,0.03757617,0.05615338,0.01516112,0.04180613,0.04190041,0.02794616,0.03755085,0.04366739,0.05388764,0.07926794,0.06757382,0.03901964,0.06032456,0.04434026,0.0459635,0.05526662,0.0397205,0.0405724,0.05028327,0.03689206,0.03587594,0.02742062,0.06382487,0.06837437,0.04189447,0.05669823,0.05038602,pmERC,sub-S25,g,randomWalker4,freq01234
0.07957349,0.006900076,0.04275647,0.02332024,0.01219934,-0.009693083,0.04111775,0.01416054,0.01352722,0.03031426,0.04297921,-0.00236996,0.05895855,-0.005667689,-0.01004947,0.03025154,0.0403062,0.008161671,0.02325918,0.06500189,-0.007431477,0.0142161,0.08713822,0.02033954,0.01452407,0.03685158,-0.005327572,0.006843365,0.02322361,-0.002245709,0.03604693,0.033338,-0.001743088,0.008117794,0.003250137,0.02445709,0.0359342,0.06748156,0.05816778,0.01296754,0.03831069,0.02310339,0.04740029,0.07114743,-0.001195764,-0.004709942,0.07733494,0.002706426,0.04027373,0.04669814,0.006245427,0.04755108,0.048716,0.01793019,0.04384854,0.05058232,0.03851474,0.01537084,0.01297679,-0.007772936,0.07082752,-0.001037953,0.01320935,-0.01752817,0.03149101,0.0102635,0.04712892,0.01987353,0.01094097,0.0320242,0.07964055,0.0461202,0.002967443,0.04331497,0.04692149,0.002015142,0.01548377,0.02845044,0.02516585,0.01749361,0.01469377,0.04139683,0.0613065,0.02367277,0.03547233,0.06878934,0.02910545,0.00823613,0.04903251,0.04200905,0.04213525,0.05178477,0.04822289,0.02498658,-0.003939542,0.006874737,0.0396426,0.03598773,0.02679217,0.02445013,0.03649465,0.04536541,0.08422339,0.04277973,0.02983784,0.06049135,0.01213934,0.03972152,0.05013534,0.02196174,0.04023108,0.03787576,0.03532713,0.0171913,0.02073117,0.06168022,0.05129665,0.03761351,0.05609199,0.04527334,alERC,sub-S25,g,randomWalker5,freq01234
0.09348013,0.01537238,0.06096929,0.04859741,0.02181104,0.008077631,0.04063703,0.02348238,0.01687955,0.02874959,0.06391409,0.009373402,0.07950766,-0.006016821,0.001055153,0.03728214,0.06152899,0.0157777,0.02536258,0.07212809,0.01680557,0.01395784,0.08955014,0.02412737,0.02234783,0.04630921,0.007878709,0.01956755,0.03166027,0.01528349,0.04547625,0.05195534,0.01028463,0.02569714,0.01158786,0.05821319,0.03650598,0.07688146,0.06270456,0.03309829,0.05493262,0.025871,0.06727494,0.07697938,0.01045096,-0.002004431,0.08763493,0.02261716,0.05423877,0.06599735,0.01492505,0.06449411,0.05163487,0.03963128,0.06336611,0.06876048,0.03928534,0.04250708,0.03100199,-0.009662618,0.08349109,-0.0001749961,0.02883204,-0.004797108,0.04329899,0.03556376,0.06784903,0.02490506,0.007750663,0.03630862,0.08419202,0.04670903,0.01468382,0.04142048,0.05045936,0.00917084,0.02650863,0.03632428,0.02138522,0.04235961,0.01980336,0.05075937,0.06833688,0.03678813,0.03792658,0.0627628,0.04459062,0.007898727,0.04873966,0.05655858,0.04912715,0.05379137,0.05716747,0.03575603,0.007127739,0.009349287,0.03984538,0.05850124,0.02726923,0.03855452,0.04387703,0.04976481,0.08468336,0.06114206,0.0407204,0.06072534,0.03567287,0.06017786,0.05548484,0.03922182,0.03449642,0.04745134,0.03746987,0.0358808,0.02166529,0.061825,0.06999051,0.03970283,0.05544833,0.04645188,pmERC,sub-S25,g,randomWalker5,freq01234
0.01208222,-0.01030251,0.04251223,0.05235109,0.03947755,0.02261397,0.05576762,0.02567815,0.002879822,-0.007132432,0.02374216,0.05589604,0.02997977,0.04158682,0.03641387,0.05352236,0.04291099,0.03869582,0.04256177,0.0575451,-0.02608033,0.0014171,0.0006498084,0.0287915,-0.006095893,0.005633089,0.00383338,-0.00150792,0.0311687,0.04976428,0.04441318,0.03951812,-0.002669352,0.004840575,-0.002135516,0.02765763,0.03382759,0.06955863,0.05451787,0.02429163,0.04117728,0.03395938,0.05235546,0.07325916,0.0073397,-0.002076509,0.08035728,-0.04652843,0.03905841,0.03585505,0.001808893,0.04037914,0.04081141,0.007311143,0.04789655,0.06265337,0.03910629,0.01916794,0.005531136,0.01397837,0.06440009,0.003261963,0.008453664,-0.01446897,0.01728891,0.01327477,0.02690439,0.01635974,0.01391812,0.02777003,0.07844617,0.043713,0.00420184,0.04248539,0.03960693,0.0046655,0.02300379,0.02018416,0.02370629,0.0168175,0.01915976,0.03933129,0.05400738,0.01421672,0.03669294,0.06960598,0.03384462,0.009294578,0.04842287,0.04609469,0.04498892,0.04310941,0.05521284,0.02120737,0.01219277,0.02862354,0.03957194,0.03824949,0.02662346,0.02900284,0.03525215,0.04983085,0.08254031,0.0364655,0.02254411,0.0600597,0.01810832,0.0335042,0.04746207,0.04424435,0.04512319,0.03716298,0.03246057,0.01893459,0.01969541,0.06630082,0.05550421,0.03789124,0.06284002,0.04895847,alERC,sub-S25,g,randomWalker6,freq01234
0.02280754,0.01409434,0.06006653,0.06588478,0.05393834,0.02907574,0.06693162,0.03501469,0.02612288,0.001226089,0.04730258,0.05993345,0.04271266,0.05173572,0.04205831,0.06249394,0.05815538,0.04925054,0.05423812,0.06653742,-0.01995672,0.000246662,0.02736606,0.03238004,0.005314989,0.0240615,0.008747553,0.007456607,0.03477393,0.06445849,0.051642,0.0673298,0.008773157,0.01591565,0.004037078,0.05923492,0.04083229,0.07947947,0.06100515,0.04932836,0.0624712,0.03925673,0.06662451,0.07592809,0.015711,-0.001262689,0.08957689,-0.005550868,0.05331889,0.05479095,0.02017719,0.05602045,0.04962852,0.03026905,0.0736968,0.07232232,0.04020711,0.04215527,0.03215944,0.01138695,0.07702269,-0.0006785934,0.02959809,-0.001224259,0.02976856,0.03751259,0.04491356,0.02411279,0.009672852,0.03713451,0.08131384,0.04590213,0.0130251,0.04241235,0.04820338,0.01113964,0.03417739,0.03616165,0.02137792,0.03838713,0.02201693,0.04335259,0.0615107,0.02438182,0.03860707,0.06486898,0.04980156,0.00998163,0.04924964,0.05663038,0.04448657,0.04072601,0.0615012,0.03434235,0.01394836,0.02885264,0.04039244,0.05678007,0.02762994,0.04251324,0.04249146,0.05201593,0.07977946,0.05408968,0.03739772,0.05894141,0.04201234,0.05427796,0.05259476,0.05848148,0.04058505,0.04795054,0.03638183,0.03434565,0.01691123,0.06413271,0.07103123,0.03969868,0.06145383,0.05534052,pmERC,sub-S25,g,randomWalker6,freq01234
0.0358933,0.04499963,0.04481862,0.0263487,0.03407015,0.008929166,0.04452554,0.007039238,0.04256255,0.01750973,0.04496834,0.03519877,0.01284374,-0.01331868,0.01679337,0.04775626,0.04984175,0.01002207,0.04651116,0.01955133,0.02783906,-0.01293947,0.03083335,0.007008433,0.02051202,0.02811848,0.00989926,0.03719574,0.02831796,0.05746538,0.07377105,-0.03851909,0.03867551,0.006685383,0.03520518,0.03025103,0.042608,0.05039221,0.03835636,0.02323702,-0.004449842,0.05086505,0.0711727,0.06975321,0.03280098,0.02988483,0.02356262,0.06524736,0.02063339,0.03889217,0.04662303,0.01518943,0.03496986,0.0157315,0.04210156,0.07090063,0.03612007,0.03266078,0.0231391,0.06401162,0.05783936,0.0009705662,0.008097535,-0.01576138,0.01724416,0.006671176,0.04011009,0.02286871,0.008692451,0.02807841,0.082142,0.04402066,0.001104474,0.03565295,0.03855771,0.02307902,0.0260552,0.01972297,0.02946981,0.02145019,0.01482071,0.03321914,0.04970814,0.03872968,0.03477408,0.0706092,0.02745507,0.0145698,0.05290253,0.04491866,0.0438725,0.0495231,0.05761107,0.01931708,0.001126819,0.0107041,0.03376939,0.04619179,0.02444918,0.02149497,0.03262924,0.04797727,0.0863151,0.03671277,0.02764162,0.06235228,0.01443364,0.04977326,0.05339206,0.04537991,0.0394608,0.04112843,0.03520117,0.01518594,0.01746956,0.06680314,0.0562455,0.03676722,0.05998008,0.03158512,alERC,sub-S25,g,randomWalker7,freq01234
0.05527118,0.05410606,0.05990115,0.03926602,0.03103675,0.01448177,0.0463328,0.004928312,0.05663249,0.04040482,0.06338563,0.04548984,0.02591747,-0.009008172,0.03123271,0.0558834,0.06544495,0.03037045,0.05723739,0.02050756,0.03168684,-0.01662474,0.04179526,0.01550529,0.01348002,0.04520735,0.008756608,0.03030854,0.03436806,0.0573534,0.086549,-0.0218403,0.06367959,0.0174042,0.07024916,0.04528866,0.05149535,0.06110947,0.0413539,0.05626507,0.01718776,0.05192339,0.08647209,0.07072698,0.04776476,0.07006724,0.03623859,0.07396164,0.03805323,0.05151104,0.07232247,0.03583258,0.04266432,0.03445562,0.05842657,0.08066685,0.03775523,0.05794042,0.04157272,0.07269742,0.0655028,0.003811349,0.02271064,-0.004568934,0.0282478,0.03267165,0.0582901,0.02900803,0.00729572,0.03455691,0.08740318,0.04710226,0.01259626,0.0368921,0.04678764,0.03062977,0.03589562,0.0355331,0.02582311,0.04327569,0.01845393,0.04697537,0.06362732,0.05028507,0.03851194,0.06756188,0.04302094,0.02226107,0.05392477,0.05597106,0.04583698,0.05136992,0.06644484,0.03454283,0.003609943,0.01616195,0.03585488,0.06478613,0.02733147,0.03378247,0.04148891,0.051027,0.08698303,0.0520006,0.03985783,0.0631213,0.03890761,0.06640617,0.05842987,0.06014181,0.03752426,0.04998763,0.0395759,0.03383718,0.02165212,0.06728657,0.07060623,0.03990469,0.06133005,0.03973395,pmERC,sub-S25,g,randomWalker7,freq01234
0.02791612,0.009220868,0.04171351,0.01388187,0.03263372,-0.01712111,0.0257769,0.01680173,0.03097683,0.007902274,0.03592726,0.05303311,0.01537329,-0.005453864,-0.002007294,0.05556289,0.03431115,0.005237211,0.04099637,0.01957661,0.01954264,-0.005828683,0.008344539,-0.007286801,0.0009133006,0.03958131,-0.00703887,0.01012185,0.04003041,0.05116895,0.06720416,0.03555733,0.04911963,0.02727097,0.02098943,0.0240125,0.03459004,0.07300725,0.03833365,0.01801912,0.02794243,0.021417,0.05723824,0.06256644,0.04655751,0.02473911,0.04711528,0.06792799,0.03050614,0.06684497,0.01559596,0.02229396,0.02426618,0.0141809,0.05385666,0.07197616,0.04286073,0.008441181,0.0235184,0.05971786,0.05469756,-0.0001262929,0.00766454,-0.01633729,0.01935756,0.006298244,0.04852711,0.02145567,0.007392662,0.02715431,0.08363103,0.04433549,0.001686595,0.0382866,0.03701772,0.02914604,0.0273185,0.01983869,0.02459,0.02467549,0.01060239,0.04897454,0.05144142,0.04041266,0.03922326,0.06168782,0.03375127,0.01375395,0.05254832,0.04612325,0.04807278,0.04393556,0.05642248,0.02445669,0.03398326,0.01957598,0.03835564,0.05322439,0.03003165,0.0245092,0.03299496,0.0503679,0.085138,0.0361503,0.02144593,0.06503779,0.0204307,0.03257946,0.05301825,0.03467504,0.03884951,0.04162228,0.03891598,0.02159607,0.02358283,0.06817409,0.05224865,0.04138019,0.05736652,0.03458134,alERC,sub-S25,g,randomWalker8,freq01234
0.04132347,0.02700069,0.0581471,0.01984969,0.04377308,-0.01551276,0.0315005,0.01768438,0.04871875,0.02297602,0.04843298,0.05377204,0.01790386,-0.005365655,-0.002273286,0.06373728,0.04273718,0.006357029,0.03694392,0.03449219,0.02356914,-0.01295276,0.03323912,-0.005522275,0.008347639,0.05268519,-0.009984992,0.01578778,0.03742879,0.06318704,0.08627819,0.05578892,0.07535582,0.04792126,0.02625026,0.0328691,0.03533176,0.08366187,0.042566,0.01962049,0.04522382,0.03056086,0.0716491,0.06953859,0.04628918,0.05004181,0.06736122,0.07337748,0.04908547,0.07938575,0.03272174,0.04874079,0.03817159,0.03406568,0.06799044,0.08302824,0.04063639,0.0141484,0.03954959,0.05717243,0.0670713,0.006465625,0.02288222,-0.004221534,0.03347592,0.03205333,0.06646894,0.02818804,2.702033e-05,0.03223262,0.08901615,0.04464995,0.01623126,0.03623486,0.04589506,0.03735766,0.04001794,0.03441368,0.01944339,0.04348589,0.01482996,0.06160089,0.06266753,0.05654214,0.04261687,0.05353437,0.04678541,0.01669754,0.05090081,0.05612319,0.04752238,0.0448895,0.06590415,0.0374691,0.03285531,0.01811931,0.03977456,0.07185153,0.03183893,0.04573591,0.04132145,0.05256919,0.08181195,0.0536557,0.03417915,0.06477026,0.04033285,0.05205765,0.05798331,0.04675431,0.03346818,0.04806319,0.04112216,0.03763008,0.0263318,0.06699359,0.06743038,0.04391166,0.05558655,0.03709133,pmERC,sub-S25,g,randomWalker8,freq01234
0.0007138691,0.03874556,0.04192318,0.04619071,-0.01349414,0.05203636,0.06798211,0.01327667,0.02511231,0.02108356,-0.0001865077,0.06469966,0.03345435,-0.003801299,0.06882878,0.04955917,0.03082117,0.05571758,0.01922157,0.01697094,0.03523159,0.03205647,0.06042761,0.007021477,0.01608281,0.03318048,0.05863834,0.008750701,0.01173789,0.0140159,0.06532917,0.04171669,0.05221044,0.02574502,0.01401566,0.0234329,0.0341291,0.0741309,0.04039142,0.0238475,0.03150621,0.0227803,0.04294433,0.06211635,0.01201049,0.007405692,0.0498316,0.04743464,0.03213091,0.04237571,0.02073975,0.01820714,0.02774031,0.01622198,0.05324149,0.07037932,0.04043591,-0.0175408,0.02095231,0.06208733,0.05565064,0.004864563,0.01074854,-0.01455356,0.006351573,0.01283064,0.04197779,0.01845204,0.01100153,0.02979156,0.08078542,0.04377891,0.006182512,0.03761708,0.03674487,0.02747619,0.01829972,0.0211572,0.0297818,0.01740789,0.0197479,0.04105603,0.06493618,0.03834477,0.0354074,0.06688193,0.0325511,0.01554966,0.05109541,0.04434226,0.05005393,0.04623172,0.05178739,0.02214171,0.05762314,0.003148507,0.03529423,0.03699491,0.02580293,0.0147966,0.03404322,0.04837888,0.08118268,0.03812834,0.01962648,0.06029582,0.02392843,0.02956342,0.05147671,0.06728972,0.04174012,0.04227284,0.03624405,0.01684567,0.0210052,0.0629157,0.05046934,0.0367276,0.05745919,0.04350252,alERC,sub-S25,g,randomWalker9,freq01234
0.01215357,0.04543347,0.06085002,0.06527841,-0.005584819,0.06837565,0.08954702,0.02407484,0.05334427,0.02334021,0.01841469,0.07888598,0.04587878,0.007967454,0.08487616,0.06432628,0.03882015,0.07233787,0.02374017,0.03111517,0.04498324,0.04374769,0.06212667,0.01489304,0.02789226,0.06593791,0.07739554,0.01620368,0.02213505,0.03089178,0.08252467,0.06791308,0.07346259,0.04582788,0.02486343,0.03013689,0.03644596,0.08142977,0.04321193,0.03088955,0.05581531,0.03686978,0.06080591,0.06611423,0.03345569,0.02482615,0.0710984,0.05945193,0.05146837,0.05815418,0.03680283,0.04682495,0.04073183,0.03878465,0.0756128,0.08090696,0.03889038,-0.02847305,0.03707622,0.05124097,0.07389597,0.006998918,0.02906162,0.0008051296,0.01849427,0.03501141,0.06368265,0.0257513,0.007157947,0.0373162,0.08725282,0.04431787,0.01923968,0.03695696,0.04689709,0.03129189,0.03248186,0.03481706,0.02766578,0.03755328,0.02537409,0.05493445,0.07089084,0.0543384,0.03790862,0.05954909,0.04722489,0.02150488,0.04893222,0.05739111,0.05182355,0.04509111,0.06198685,0.03669769,0.06108749,0.005524941,0.03753632,0.06139484,0.02677371,0.03536364,0.04253305,0.05111139,0.07865172,0.05758214,0.03049502,0.05934108,0.04235837,0.05066635,0.05580281,0.07583717,0.03608695,0.04796046,0.03760631,0.03438179,0.02610899,0.06147141,0.06898135,0.03912217,0.05495562,0.04887866,pmERC,sub-S25,g,randomWalker9,freq01234
0.04969309,-0.01231235,-0.02776461,-0.01002159,0.002099398,0.02057582,-0.02624406,0.01656496,-0.02092269,-0.005067396,-0.005855269,-0.02986093,-0.008424823,0.002103267,0.02425062,0.01821002,-0.001232391,0.02426827,-0.0198818,-0.003945284,-0.01710204,-0.006544536,0.06285597,0.01171896,0.0005033878,-0.009783791,0.01802403,0.0004993379,0.01760604,0.01466969,0.04020851,-0.02955349,0.004145465,-0.03182298,-0.01310109,0.006988657,0.01082213,0.05021745,0.02906057,-0.01516813,-0.02083987,-0.01400569,0.01559823,0.06633016,0.00526838,0.007221537,0.003594289,0.02108825,0.01474024,0.01853194,0.004281972,-0.008919074,0.01292613,0.01447884,-0.01720585,0.02595966,0.009496072,0.04586589,-0.01082392,0.03561235,0.04293261,-0.01863685,-0.04003762,-0.003823956,-0.01039316,0.001662893,-0.01300395,-0.02380454,-0.02837696,-0.009104663,0.07451163,0.02312145,-0.01105644,-0.002141945,0.01951106,0.04558403,0.008525874,0.0187273,0.007563275,0.003507209,-0.01465065,0.01399965,0.03786951,0.08117981,0.009406388,0.03911506,0.008615679,-0.02355826,0.02420947,-0.00220401,-0.02348392,0.005033589,0.01315226,-0.005224831,-0.01720523,-0.01487261,0.00909511,0.02174676,-0.002179056,-0.01183883,0.01266026,0.01813343,0.05966297,-0.02770087,0.006678348,0.03850131,0.02346617,-0.02060279,0.0369691,0.002226255,0.003370953,0.02376091,0.01736151,0.00694403,-0.01136435,0.03476435,-0.0108911,0.01521977,0.02348002,-0.02346607,alERC,sub-S26,g,randomWalker0,freq01234
0.05195457,-0.03671071,-0.04596146,-0.01038937,0.01167381,0.04817309,0.01004275,0.01342177,-0.02715202,-0.007682977,-0.01893481,0.01188785,-0.01826577,0.01716619,0.03410384,0.02637326,-0.002541009,0.0277704,-0.002470755,0.01093307,0.006811892,-0.002568885,0.07572994,0.02606549,0.008352632,-0.007539101,-0.001258364,0.007846323,0.00686786,0.01598694,0.05157598,-0.005916271,0.01061945,0.001763198,0.01883206,0.0186796,0.02635678,0.06240386,0.03981346,-0.003359216,-0.01662054,0.01029637,0.01234713,0.07525863,-0.005108584,0.002922196,0.01546583,0.06530064,0.02576804,-0.008979077,-0.01804543,0.0003625057,0.02452237,0.02821779,-0.01089175,0.04271506,0.02813224,0.05293557,0.001412045,0.04791417,0.05770699,0.00727064,-0.01678379,-0.007212034,0.008904793,0.02365187,0.003050066,-0.02839807,0.004716416,0.0115518,0.07940457,0.03260095,0.008909444,0.0248131,0.03195445,0.03863059,0.01111047,0.01982498,0.02022834,0.02752905,0.00644942,0.03095457,0.02512901,0.07952564,0.02686967,0.05910039,0.01625632,-0.01052448,0.04551282,-0.006079987,-0.01338105,0.008202637,0.02849334,0.003816923,0.008395975,0.01093878,0.02704481,0.03722528,0.01845624,0.005000107,0.01772751,0.03536949,0.07707458,-0.05020225,0.01597826,0.0490787,0.01945976,-0.02072508,0.04012962,0.007891412,0.0289944,0.02148353,0.02561818,0.01309559,0.01104222,0.05855905,-0.02080728,0.02921615,0.04605973,-0.0005777997,pmERC,sub-S26,g,randomWalker0,freq01234
0.007794047,0.006299054,-0.02298458,0.009618259,-0.02813485,0.01924688,-0.01752172,-0.02703165,0.000197452,-0.003908679,0.02052012,-0.04260704,-0.009271993,-0.02836901,0.006458845,0.01044585,-0.03798121,0.01596303,-0.0009683133,-0.0429472,-0.01696204,-0.02922087,0.01938748,-0.01839812,-0.03278486,0.01545891,0.01640445,-0.009060533,0.008192632,0.006606072,0.01480894,-0.02027349,-0.004338258,-0.04121416,-0.004458954,-0.0338588,0.0146035,0.0346669,0.008533889,-0.02459781,-0.01782246,-0.000156191,0.001703658,0.04562161,-0.008408739,-0.001592776,0.03018258,0.001658591,0.02197826,-0.0009542204,0.006888614,0.02786055,0.01697229,0.01158135,-0.008172787,0.02165833,-0.001482668,0.01971991,-0.02247106,0.01258123,0.01740095,-0.005269647,-0.03978298,-0.01268067,-0.009147231,0.005277169,-0.02997337,-0.007035559,-0.03098763,-0.006227047,0.06701042,0.02249491,0.004370478,-0.009806653,0.01435205,0.02719921,0.006602196,0.02401087,0.02617429,0.01201388,-0.02187605,-0.0230439,0.01631767,0.0766908,0.0006890402,0.03738217,0.01554319,-0.03239238,0.0152797,-0.003196874,0.03015672,0.01804774,0.004926984,-0.0056333,-0.02174462,-0.01810913,0.001519458,-0.0104172,-0.01218906,-0.02655456,0.01533008,0.01531975,0.05526363,-0.02250408,0.0004139287,0.03454343,0.03228503,-0.02938277,0.0358946,0.03798248,-0.002704633,0.03031385,0.01630018,0.01200484,-0.01800791,0.02768898,-0.009744272,0.01140705,0.02002223,0.005500328,alERC,sub-S26,g,randomWalker1,freq01234
0.03285808,-0.02198457,-0.04300199,0.0258308,-0.009005189,-0.0006024086,0.008247426,0.0008135241,-0.02787598,-0.0203396,0.008776852,0.002593465,0.008255687,0.001869957,-0.0228504,0.01510638,-0.03414633,0.01378478,-0.02029747,0.001410262,0.0006576034,-0.005136431,0.01038146,0.002926995,-0.005238879,0.00905403,0.002998516,-0.0001356269,0.007245523,-0.004054552,0.0122383,-0.01189546,0.02522174,-0.01445152,0.01572685,-0.01560074,0.02679349,0.04757607,0.02041773,0.01807966,-0.01317513,0.03141942,0.002496665,0.055138,0.01750472,0.007650922,0.03702897,-0.04577772,0.02845027,-0.02385477,-0.01419437,0.05238917,0.03231889,0.03678789,-0.009733369,0.03563382,0.0203252,0.03837403,-0.006961764,0.01280565,0.03809224,0.007430861,-0.01324412,-0.01520207,-0.009155238,0.03787298,-0.02341147,-0.0102934,0.0001598213,0.01180638,0.07132082,0.03479305,0.005666737,0.01814112,0.02777898,0.02900159,0.00423489,0.02442553,0.02816814,0.02606017,-0.0006020628,-0.001757656,0.02060858,0.08124698,0.02143759,0.04930849,0.02127235,-0.01516648,0.03409555,-0.008942807,0.006724392,0.01980991,0.0211728,0.0007475488,-0.003569954,0.008923079,0.01909231,0.01247763,0.01322656,-0.009930271,0.01907324,0.03173911,0.06772306,-0.0414837,0.01636863,0.04528539,0.02515556,-0.03290598,0.03719208,0.04055193,0.02069929,0.0236084,0.02092273,0.01417994,0.005639419,0.05284301,-0.02452134,0.024522,0.04431776,0.01763338,pmERC,sub-S26,g,randomWalker1,freq01234
0.01073149,0.02881902,-0.02159604,-0.00303616,-0.02589754,0.03181594,-0.006711136,-0.02922554,-0.009171857,-0.02655271,0.005829372,0.007656684,-0.005612243,-0.003504839,0.01489565,0.03812676,-0.009985634,0.009085423,0.006400752,0.00706873,-0.01144467,0.02885169,0.07157463,0.01054065,-0.02395964,0.0008167417,0.01639297,-0.02339947,-0.02103368,-0.01618529,0.03616323,0.006885917,0.006904747,0.0008723248,-0.0352968,-0.01188685,-0.006203969,0.01380669,0.01954423,-0.005323433,0.01733431,0.02609418,0.03023201,0.04670974,0.04074098,-0.01877277,0.008676548,0.03540036,0.001246668,-0.02379383,-0.02298548,0.0119733,0.008515404,0.02098574,-0.002900316,0.02532991,0.01260339,-3.643786e-05,-0.0231165,0.03767002,0.04037452,-0.02250428,-0.03749378,-0.01047795,-0.02094789,-0.006234049,-0.02588238,-0.01578492,-0.01794751,-0.01801551,0.06980858,0.03016624,-0.01893292,-0.01118001,0.02972304,0.01390922,-0.01660622,0.03037214,0.03070204,0.01487541,-0.007110483,-0.001473929,0.04530605,0.07057502,0.01336114,0.04276965,0.003866616,-0.0009420722,0.0139171,0.01545857,0.02968857,0.02202564,0.02362055,0.01308387,-0.02669171,-0.01974322,-0.003847854,0.02098519,0.00116041,-0.02300742,0.02089875,0.01577792,0.05844033,-0.02304658,0.00400542,0.0426325,0.02418175,-0.004528874,0.04336833,0.03920361,-0.001872263,0.02376081,0.02166603,0.008187949,-0.01354553,0.03524874,-0.003515169,0.01739063,0.02500432,-0.004867364,alERC,sub-S26,g,randomWalker2,freq01234
-0.002705512,0.04812162,-0.04403165,-0.04411484,0.008128635,0.04107832,-0.04376582,-0.001127675,0.004855266,-0.009628748,-0.02634454,0.03162438,-0.02138373,0.004768062,0.01959794,0.04262861,-0.01126407,0.01030078,0.02908269,0.009585387,-0.02173051,0.0592406,0.08175831,0.02182405,0.00136999,0.0212315,0.01240129,-0.006347172,-0.007269638,-0.00230662,0.05059109,0.04276073,-0.002208586,-0.02117446,-0.02402518,0.00904476,0.009262941,0.01453452,0.02814509,0.003092805,0.02596334,0.02641248,0.03357049,0.04522234,0.02992985,0.003696467,-0.02038634,0.06431441,0.003142328,-0.0160917,-0.04720838,0.0236028,0.005713465,0.03415304,0.0002999082,0.04549402,0.02361969,0.01547618,-0.01836633,0.04302069,0.04703853,0.01130782,-0.01404323,-0.01034294,0.004080136,0.02775561,-0.01812405,-0.03248303,0.007172371,0.002062743,0.07005633,0.03373904,0.009468468,0.01087125,0.0297756,0.005980003,-0.02535508,0.02094587,0.02028241,0.0327575,0.01182679,0.004736568,0.02120463,0.06893633,0.02504707,0.05270104,0.009524213,-0.003613387,0.02534666,0.007830899,0.01808074,0.02305324,0.02956427,0.01038636,0.001063611,0.003585809,0.01718437,0.03100632,0.0163078,-0.02901384,0.01763386,0.03196887,0.06134562,-0.04761914,0.005735025,0.04403697,0.006042206,-0.006846425,0.03484398,0.007986651,0.02192503,0.01106099,0.02301774,0.009226589,-0.007887384,0.05193065,-0.01769315,0.02852857,0.04185193,0.007494996,pmERC,sub-S26,g,randomWalker2,freq01234
0.0501366,-0.01037595,-0.02393113,-0.007747289,-0.006869963,-0.009816905,0.04517348,-0.001257949,0.02025437,0.01263975,-0.007192379,0.004848719,-0.03514472,-0.001198319,0.03581556,0.02119687,-0.01890731,0.009188898,0.03197826,0.02564864,0.01913897,-0.009368001,0.08094221,-0.004301597,-0.001284446,0.05582652,-0.03559912,0.0184009,0.0195294,0.02637895,0.04542157,0.02427241,-0.01555195,-0.02857922,-0.04333485,-0.01169074,-0.004369878,0.01011894,0.02405843,0.002583999,0.02669143,0.02212885,0.01637677,0.05490014,-0.0001917176,-0.0006596762,-0.008152805,-0.01432914,0.003585741,-0.0214669,-0.01091557,-0.004145421,0.01335871,0.02510626,-0.01066341,0.02938332,0.008738898,-0.01587802,-0.02306885,0.03452853,0.03815282,-0.02269753,-0.03851556,-0.005235571,-0.01398195,-0.01346299,-0.009065801,-0.02386345,-0.02579981,-0.01634852,0.07309314,0.02479544,-0.01352654,0.002001482,0.01780644,0.007762514,-0.0163695,0.01602447,0.004314326,-0.0007654947,-0.02406115,0.01697641,0.03827071,0.06957807,0.005788488,0.03712723,0.01477606,-0.02864608,0.01124891,0.0005107945,0.03477908,0.02452278,0.01011428,-0.00229427,0.00788522,-0.03298416,0.007141174,-0.01820199,-0.01179236,-0.02441493,0.01488477,0.01980024,0.05349877,-0.02312407,0.005623963,0.03887411,0.01873461,-0.01823143,0.03649374,0.04344728,-0.001171734,0.02359395,0.01725878,0.005849376,-0.01167961,0.03423185,-0.009765083,0.01532523,0.02587284,0.002882039,alERC,sub-S26,g,randomWalker3,freq01234
0.04066539,-0.02855446,-0.04652197,-0.005310675,0.001963369,0.02975237,0.04409306,0.006598356,0.04346659,0.001316817,-0.05440459,0.04715448,-0.03390644,0.01354502,0.03112298,0.0185743,-0.0128066,0.02576773,0.02512031,0.01097039,0.003212041,-0.004207238,0.09044722,-0.006237918,0.0009945275,0.07609393,0.008743091,0.00456276,0.008544045,0.02278836,0.05341532,0.04639216,-0.008000507,-0.029913,-0.02671302,0.01139043,0.007904431,0.02745938,0.03094715,0.0143177,0.01806604,0.03710411,0.01740197,0.06134462,0.02105497,0.0236668,-0.02761049,0.002065844,0.01264353,-0.06199985,-0.01311533,-0.03971291,0.02572516,0.04402724,-0.03564418,0.05303174,0.02390487,0.01638908,-0.02266704,0.04670245,0.05216932,0.00903269,-0.010819,-0.008530442,0.01043911,0.03116185,0.005561496,-0.03334307,0.005513023,0.004344096,0.08054566,0.03153263,0.006179125,0.02369046,0.02825757,0.005726157,-0.008185172,0.01456001,0.0117925,0.02308932,-0.009082416,0.03258235,0.02506859,0.07178497,0.02169066,0.04425051,0.01700457,-0.019856,0.0347335,-0.007137827,0.01243755,0.02580519,0.01996735,0.004997857,-0.01437098,-0.01065806,0.01839206,-0.0002229618,0.008684924,-0.0385786,0.01596298,0.03143774,0.0675584,-0.04388447,0.01500387,0.04807397,0.01278157,-0.01850542,0.03679013,0.04141197,0.01932273,0.01522144,0.01906865,0.01018368,0.006401475,0.05616925,-0.02108686,0.02390314,0.04729044,0.009538198,pmERC,sub-S26,g,randomWalker3,freq01234
-0.009814397,-0.03138653,-0.02602841,-0.009136764,-0.02515541,-0.01510561,-0.0005166545,-0.03325459,0.008013072,-0.01012672,-0.005940284,0.03640787,-0.02094639,0.01907211,0.004460898,0.01973489,-0.04045099,-0.009342444,-0.002407886,0.01369841,-0.02888482,-0.03938849,0.01659913,0.01848379,-0.02088519,0.0190074,-0.01107546,-0.03661805,-0.04469585,-0.01120813,0.05681871,0.05263453,-0.009353402,-0.01535945,-0.02869261,-0.000347232,-0.004290439,0.0203211,0.02058594,-0.01828045,0.03955251,0.038863,0.01141117,0.05761776,0.04070732,-0.003778761,-0.01854335,0.03135009,0.01359752,-0.0325461,-0.01723091,-0.01698338,0.004953055,0.003245699,-0.01195282,0.03223044,0.01417304,-0.02410681,-0.02305685,0.03946929,0.03400771,-0.02524419,-0.04066281,-0.007258569,-0.01369265,-0.00782474,-0.01587279,-0.0280525,-0.0274816,-0.009752216,0.07095491,0.02391727,-0.02189147,-0.000250294,0.01179614,0.009996695,-0.006063325,0.01562959,-0.0003327401,-0.0009508888,-0.02443793,0.007276311,0.03164057,0.06281126,0.004960929,0.03350979,0.01808711,-0.02475712,0.01184132,-0.003349051,0.03173764,0.02068692,0.007420317,0.00745299,0.03252575,-0.02522373,0.008272923,-0.02718428,-0.007859883,-0.028523,0.02121046,0.01885328,0.04946985,-0.01579672,0.008145355,0.03577274,0.02376593,-0.03212253,0.03611152,0.01326037,0.004612256,0.02369927,0.01282757,0.0117426,-0.009624368,0.03027897,-0.01384452,0.01474592,0.02286469,0.01397765,alERC,sub-S26,g,randomWalker4,freq01234
-0.02535401,0.0209645,-0.04174408,-0.05031856,0.01075859,-0.0100501,-0.03253068,-0.004676674,0.04748661,0.01486098,-0.04370746,0.06309005,-0.03385349,0.001382627,-0.004540552,0.02869762,-0.0270495,-0.03585033,0.01944489,0.02165298,-0.0213625,-0.02198863,0.008786335,0.02232748,0.00963016,0.03609384,-0.02425339,-0.002383686,-0.01568152,0.01784099,0.06280493,0.0527558,0.0008407384,-0.007199114,0.006087463,0.02256468,0.01370195,0.03693139,0.03028119,-0.004314647,0.02620727,0.05498052,0.02298519,0.06574243,0.04222211,0.03085524,-0.02627579,0.04680553,0.01825122,-0.03277912,-0.0279824,-0.005316918,0.01920054,0.03066637,-0.01472691,0.05981323,0.03209636,0.01438582,-0.01564402,0.05272912,0.05297646,0.005351969,-0.01644648,-0.000492982,0.009318338,0.03713992,-0.003049477,-0.0157806,0.007116434,0.01141171,0.07963593,0.02903856,0.01136817,0.02532758,0.02606982,0.02757186,-0.004029125,0.01851284,0.01483122,0.02219788,0.001722199,0.02326289,0.02619742,0.06407713,0.02382275,0.04691737,0.0238554,-0.005736742,0.03234065,-0.006792721,0.0131959,0.02398667,0.02261088,0.01215832,0.02400518,0.003234091,0.0220011,-0.00330511,0.01531759,-0.02719996,0.02168893,0.03597679,0.06629162,-0.02867114,0.02066539,0.04685982,0.02193635,-0.02703056,0.03717735,0.02309749,0.02729825,0.02103502,0.01874298,0.01501333,0.01211881,0.05475065,-0.02142166,0.0268732,0.04655739,0.02705536,pmERC,sub-S26,g,randomWalker4,freq01234
0.03592999,0.01121286,-0.02299844,-0.048226,0.0401184,0.006320753,0.04378418,0.01423205,-0.04892343,-0.005300645,0.00700765,0.02707904,-0.009551711,-0.02260341,-0.02154364,0.003089757,-0.01571113,-0.05183547,-0.005954319,0.01908377,0.008515161,0.01225606,0.06795443,0.01906656,0.02319139,0.01153746,0.005688614,0.01658973,0.01350824,0.05201067,0.02149768,-0.005369253,-0.01416566,-0.03126302,-0.007574491,-0.0316162,0.02137303,0.03487087,0.01114691,-0.0322201,-0.002687033,-0.00971862,0.002124533,0.03742248,0.01099179,-0.04179373,0.04522363,0.003972483,0.02656463,0.01728296,0.01165234,0.02845256,0.02597464,0.02002275,-0.01754828,0.001162873,1.453365e-05,-0.0002324395,-0.001282972,0.01381723,0.05424231,-0.02667714,-0.03541211,-0.003449111,-0.001056075,0.004789752,-0.007192601,-0.02778611,-0.0307678,-0.009707853,0.07128723,0.02715679,-0.01901428,0.001356857,0.02203666,-0.002014786,-0.01199164,0.01700328,0.0005024759,-0.01061402,-0.02371622,0.01805285,0.03780025,0.0377445,0.003381677,0.0376541,0.01597684,-0.03090466,0.01189715,0.00103388,0.02979621,0.02033242,0.009483167,0.004862512,-0.03194297,-0.0305709,0.006456143,-0.008277109,-0.008099681,-0.01651173,0.02274141,0.01033223,0.05562556,-0.01720398,0.007065232,0.03674751,0.02607312,-0.02543751,0.03773716,0.01674285,-0.001969114,0.0261678,0.01158337,0.009640468,-0.01851861,0.02825413,-0.008939029,0.0113524,0.0202027,0.006258141,alERC,sub-S26,g,randomWalker5,freq01234
0.04223653,0.01216467,-0.04381274,-0.01839386,0.03554165,-0.005392236,0.003567072,-0.00839706,-0.01051401,0.003403807,0.005219521,-0.01795809,-0.009976788,0.0002654919,-0.01560552,0.008932912,-0.02384081,0.0005746864,0.007127621,0.03246946,-0.008262844,0.01151437,0.07530326,0.009576003,-0.01078369,0.007185371,0.0009060749,-0.01448962,-0.008410217,0.04945591,0.01499323,-0.0145049,0.02342601,-0.01071995,0.01061221,-0.0182048,0.03176879,0.04443219,0.0233193,0.01469753,-0.02612485,0.01418757,0.002873691,0.04386713,0.03273631,-0.001961313,0.04980112,0.01646459,0.02741189,0.005265077,-0.01610309,0.04976451,0.03687794,0.03487344,-0.03048826,0.01279319,0.01795349,0.01563941,0.004995871,0.01652796,0.06432509,0.002006983,-0.01198623,-0.008397688,0.02010315,0.02652095,0.005833342,-0.01418417,0.005267393,0.01006504,0.07313005,0.03199985,0.005789899,0.02485919,0.03273961,0.008060607,-0.001011046,0.01848075,0.01695807,0.008525365,-0.002059126,0.0369629,0.03663192,0.02635485,0.02021696,0.04976859,0.01863782,-0.01209631,0.02902629,-0.007630591,-0.004529116,0.02760691,0.02258651,0.008261112,-0.01756128,-0.006743844,0.02244972,0.008267536,0.01199321,-0.01082679,0.02133196,0.02694777,0.06816404,-0.03758028,0.02162592,0.04531806,0.01132807,-0.02590132,0.03631402,-0.005737517,0.02340843,0.007555131,0.01970107,0.01180247,0.005329947,0.05150295,-0.0225272,0.02367153,0.04391607,0.01697484,pmERC,sub-S26,g,randomWalker5,freq01234
0.003075102,0.009607456,-0.02299462,-0.01758454,-0.003835288,0.02374448,-0.001718802,-0.01241709,-0.003139758,0.01811668,-0.01184524,0.04123192,-0.006087587,0.0005158138,0.02646316,0.02097772,-0.0371806,0.01674383,0.0183151,-0.008829137,-0.01610869,-0.01506189,-0.0124789,-0.0076218,0.01393833,0.0008506561,0.0002628639,-0.005318731,-0.01945585,-0.001467553,0.02488735,-0.02591874,-0.008931004,-0.03674639,0.002856688,-0.03299176,0.02157948,0.03450979,0.02084175,-0.03351653,-0.008144329,-0.02940865,0.005490108,0.05717742,-0.02779863,-0.02316043,0.03898183,0.02594446,0.02445659,0.008654703,0.005270057,0.05926263,0.01810345,0.01204805,-0.02688817,0.02114561,0.004429671,0.01207386,-0.01127688,0.01759184,0.04629339,-0.02556917,-0.04128351,-0.00201494,0.01400299,-0.008960575,-0.02609062,-0.02683428,-0.0227879,-0.007508152,0.06727333,0.02608251,-0.02027352,0.0005263981,0.01733384,-0.007896313,-0.008894746,0.01435445,0.004086921,-0.01790318,-0.02030571,0.01389242,0.03600205,0.04544846,0.006979679,0.03730723,0.01568457,-0.02669161,0.01706419,0.002096745,0.01789863,0.01031172,0.01406822,-0.002667476,-0.01627899,-0.004108581,0.005676609,-0.0001425759,-0.00556877,-0.01676249,0.01588127,0.01419332,0.0521369,-0.02127985,0.003262832,0.03557489,0.02490882,-0.02541206,0.03481418,0.04195546,0.003544337,0.02321589,0.01549989,0.008660565,-0.01061512,0.03180283,-0.006875462,0.01283688,0.02350624,0.002363893,alERC,sub-S26,g,randomWalker6,freq01234
0.01932579,-0.01345451,-0.04597747,-0.01309295,-0.0351652,0.0146773,-0.01691199,-0.02650884,-0.01000112,-0.02805952,-0.03221869,0.07069524,0.01307817,-0.008818033,0.02105869,0.0237675,-0.009182618,0.01153186,0.006381298,-0.012522,-0.006141902,0.0007819193,0.004602783,-0.009635615,-0.0078485,-0.00936169,0.00242944,-0.007810674,-0.008218977,-0.002279237,0.01549367,-0.01494813,0.01688394,-0.005808002,0.02638529,-0.02229601,0.03183087,0.0454641,0.0255147,0.01373338,-0.01810809,0.009442636,0.008409989,0.06108105,0.006830724,0.001246725,0.04752159,-0.003145924,0.02947174,-0.0239382,-0.01814645,0.07267486,0.02962135,0.03453497,-0.02517111,0.03464203,0.0198392,0.02231177,0.007112056,0.01582356,0.05813562,0.005652898,-0.01671703,-0.004271396,0.02378434,0.03274195,-0.01441902,-0.02025755,0.009469939,0.01171936,0.06910352,0.03147075,0.01123976,0.02416725,0.02831636,0.0009964332,-0.001861411,0.01651921,0.01705714,0.004680447,0.003766659,0.03140301,0.02979032,0.03602973,0.02417292,0.04742181,0.02152553,-0.008383741,0.03035647,-0.004209357,0.0008619582,0.01421319,0.0267489,0.003135078,-0.002533225,0.01860519,0.0208085,0.02040022,0.01566614,-0.003863723,0.01840505,0.03110581,0.06326625,-0.04636329,0.006673226,0.04476381,0.01609561,-0.02995093,0.03552401,0.02124828,0.0265216,0.01490744,0.01964273,0.01226255,0.01220646,0.05365766,-0.01783541,0.02579457,0.04549604,0.02271258,pmERC,sub-S26,g,randomWalker6,freq01234
-0.007107789,0.0151414,-0.0228338,-0.02032151,-0.0004401182,0.005652179,0.03267522,0.006683338,0.02207874,-0.001202732,-0.02454572,-0.007001144,-0.02283302,-0.02006778,0.03319708,0.0156613,-0.03121912,0.007859007,0.007207544,-0.02786405,0.02460224,-0.01585552,0.02486965,-0.003116454,0.0199548,0.02221026,0.0161328,0.02769467,0.02810154,0.03664466,0.05589351,0.04305037,-0.006737306,-0.01695922,-0.03495611,-0.02147744,-0.01282893,0.02268483,0.01834873,-0.01176866,0.02605685,0.005683147,0.02182611,0.05766181,0.02563608,0.001279706,-5.069881e-05,0.0192254,0.01188556,-0.01206395,-0.0159483,-0.005565227,0.01095,0.006732157,-0.01484653,0.01956242,0.009068282,-0.01683104,-0.02448609,0.04152286,0.03045312,-0.02533005,-0.04217905,-0.01307507,-0.02374436,-0.004010345,-0.02656567,-0.02238984,-0.02899682,-0.01147045,0.06746153,0.02678692,-0.0233712,-0.01181842,0.01707037,0.02524178,-0.009486519,0.01857439,0.01682353,0.004172227,-0.01779623,0.001779018,0.0340743,0.0542841,0.003736557,0.04108016,0.0067214,-0.02765895,0.01576999,0.001544107,0.02820895,0.02052594,0.01615457,-0.004831762,-0.03282802,-0.02775257,-0.001556856,0.005613026,-0.01046167,-0.02256888,0.01498263,0.01364642,0.05625836,-0.02314063,0.006960213,0.03793827,0.02055332,-0.01642397,0.03820864,0.04546701,-0.001715645,0.02269861,0.01475582,0.006570994,-0.01772809,0.03293819,-0.005347445,0.0111891,0.0239977,-0.01850927,alERC,sub-S26,g,randomWalker7,freq01234
-0.02213488,0.01128489,-0.04608317,0.006516709,-0.00097959,-0.02509094,0.03712159,0.009096955,0.007987245,-0.03518243,-0.003848401,0.01772587,-0.022229,0.007798269,0.04123601,0.01846462,-0.01015968,0.02213359,0.009587086,-0.01112353,0.01439592,0.009345053,0.02463702,0.005974174,0.0211894,0.03755111,0.015912,0.02539995,0.01614736,0.0387138,0.06165312,0.05683317,-0.003710419,-0.02467226,-0.006436254,0.003604816,0.006103577,0.03208112,0.02862339,-0.00307156,0.01103445,0.02928019,0.02816414,0.06164313,0.03501486,0.03089017,-0.01715774,0.0455316,0.01488149,-0.02771762,-0.01394287,-0.001979425,0.02066759,0.03484612,-0.0339258,0.0465623,0.02650805,0.00159267,-0.02211359,0.04829369,0.04451446,0.01017518,-0.02176297,-0.007466623,0.001364124,0.03087938,-0.01102761,-0.02460261,0.00555132,0.008852269,0.07264873,0.03200864,0.008913066,0.01785786,0.02561077,0.02025288,-0.009261349,0.01610719,0.02206804,0.01884665,0.00125558,0.01764395,0.02449947,0.05169073,0.02156873,0.05272843,0.01727543,-0.01631032,0.03172591,-0.009477447,0.007292876,0.02176852,0.02931316,0.00148784,-0.007523638,-0.002012466,0.01422831,0.02635417,0.01135985,-0.007661217,0.01639991,0.03158023,0.06778776,-0.0507359,0.01261009,0.04651342,0.01423822,-0.01658557,0.03806147,0.03643567,0.02083918,0.01372865,0.01880493,0.01081898,0.003669879,0.05446361,-0.01877574,0.02387894,0.04597031,0.003540693,pmERC,sub-S26,g,randomWalker7,freq01234
-0.03390385,-0.01935658,-0.02447352,-0.03267119,-0.0003737757,-0.007713917,-0.001670702,-0.00615867,-0.01553272,-0.05044062,-0.007849232,0.0153394,-0.03286196,-0.02333022,-0.005905975,0.03065129,-0.03562231,-0.004526499,0.01362488,-0.001070161,-0.03118379,-0.02332749,-0.02024861,-0.03107293,0.009895097,0.00471681,-0.03947702,-0.011499,0.003212129,-0.0009699751,0.02895481,0.004094213,-0.01917105,-0.03387783,-0.02118509,0.003790883,0.005297686,0.0471626,0.02827911,0.01655445,0.0106024,-0.01454895,0.02138639,0.06708521,0.06080558,0.04515092,-0.006198573,0.02479089,0.01495627,0.03379801,-0.01051729,-0.01438871,0.004673172,0.005750091,-0.01349287,0.03241758,0.01547411,0.0003247417,-0.01329837,0.03827297,0.03571752,-0.02194087,-0.03881873,-0.01247785,-0.0128113,-0.004540735,-0.01973074,-0.02143602,-0.01964082,-0.00948588,0.07407396,0.02782367,-0.01691274,-0.003129223,0.02154032,0.03172038,-0.01198169,0.01757286,0.009834938,0.009350864,-0.0237778,0.01328004,0.0433681,0.06975467,0.01137453,0.03035523,0.01858439,-0.02386843,0.02133828,0.006526916,0.02892776,0.01467215,0.01246379,0.003704003,-0.02278885,-0.006208648,0.005837066,0.02494784,0.0002630649,-0.02883973,0.01627023,0.01702076,0.05469243,-0.02305644,0.0004892802,0.04101784,0.0267436,-0.0309463,0.04202986,0.02430039,-0.0005460675,0.02565591,0.02365848,0.01566099,-0.006820162,0.03397075,-0.008657471,0.01790728,0.02087292,-0.01420545,alERC,sub-S26,g,randomWalker8,freq01234
0.0004369694,-0.01474261,-0.04904426,-0.021801,-0.03420054,-0.002411779,-0.01398909,-0.02971662,0.02601492,-0.007551937,-0.03344857,0.05081491,-0.0108243,-0.02371785,0.002911225,0.03070267,-0.0181871,-0.0006887162,0.01975328,-0.01240037,0.005283307,-0.005918854,0.007118893,-0.004015118,-0.04328499,0.05152654,-0.0076843,-0.009099291,0.0141713,0.0163203,0.04451462,0.004171714,-0.005938496,-0.008297043,0.008545563,0.02929344,0.0158602,0.06301664,0.03543774,-0.01698057,-0.0213099,0.02549312,0.01569166,0.07400069,0.05451613,0.06419643,0.0005368619,0.05181829,0.02198767,0.02976194,-0.0314223,-0.01363507,0.01648299,0.03601393,-0.01588597,0.05768698,0.03181212,0.01036772,-0.0075266,0.04595466,0.04933636,0.008027893,-0.01702299,-0.007374742,0.007794048,0.02876297,0.003494695,-0.02372072,0.01226162,0.008475739,0.08035135,0.03300814,0.008686506,0.02156655,0.02797301,0.02205265,-0.01101737,0.01578094,0.01779441,0.02190745,-0.003028569,0.03112388,0.03168016,0.06883889,0.02595131,0.04311161,0.0216913,-0.01295571,0.03450442,0.001316733,0.01561693,0.02324167,0.02478157,0.009303287,-0.01013973,0.01541816,0.01834844,0.03216379,0.01842242,-0.02673688,0.01805679,0.03424276,0.06878079,-0.05171436,0.008125542,0.04841999,0.01256857,-0.03705683,0.03829545,0.02294135,0.02054322,0.01480401,0.02386676,0.01458165,0.01196419,0.05678936,-0.02088527,0.02816294,0.04426851,0.005661227,pmERC,sub-S26,g,randomWalker8,freq01234
-0.01637351,-0.005708288,-0.02457406,0.005513097,-0.01603968,-0.007170744,-0.002835826,-0.01795889,-0.0101617,-0.02037994,0.003955011,-0.001147744,-0.02682859,-0.03305889,0.01218138,0.01573891,-0.01638412,-0.001289992,0.01640709,0.01829301,-0.005756279,0.001500232,0.0448119,-0.03395741,-0.02064499,-0.02917121,0.003818012,-0.02636313,-0.03717608,-0.04083874,0.03526675,-0.009642927,-0.01213011,-0.03444837,-0.01868612,0.003164476,0.006671925,0.052535,0.02908265,-0.005421323,0.001581587,0.01024953,0.007531628,0.06407033,-0.03646442,0.02831087,-0.003432253,0.01371789,0.02021952,0.02008679,-0.007009347,-0.007824307,0.01028837,0.01042876,-0.01443249,0.02730205,0.01347235,-0.005582706,-0.01475373,0.04128037,0.03852219,-0.0285258,-0.03742685,-0.001534282,0.007221011,-0.005712752,-0.02044669,-0.02307695,-0.02873598,-0.00685575,0.07029497,0.02597804,-0.01761012,-0.005727148,0.01804089,0.02545476,-0.01201074,0.01962008,0.0122378,-0.007450893,-0.01995216,0.002892334,0.04541015,0.05886657,0.006123001,0.03568838,0.02006025,-0.02971504,0.01956065,2.036284e-05,0.03737788,0.01702926,0.008670055,0.002459975,0.02911818,-0.0141115,0.004673265,-0.004999355,-0.008473424,-0.03317356,0.01982246,0.01748561,0.05163601,-0.01897218,0.0017384,0.03652344,0.02969001,-0.0288313,0.03931009,0.05251311,0.001529232,0.02794516,0.01885739,0.0112949,-0.01591472,0.03000309,-0.01166038,0.01370232,0.02188925,0.0004961745,alERC,sub-S26,g,randomWalker9,freq01234
-0.0527253,0.003529249,-0.04627574,0.009033878,0.007027301,-0.03150091,0.03261964,0.0007459601,-0.01135501,0.02080494,-0.007359296,0.0324961,-0.03331926,-0.0009449819,0.01409092,0.0223459,-0.01817329,0.01604415,0.02820013,0.01961788,-0.015148,0.007077593,0.05364332,0.01214083,-0.00338648,-0.02804087,-0.005276133,-0.009355682,-0.02040024,-0.01109965,0.04406043,-0.009369073,-0.008139877,0.0007444305,0.01057102,0.02741699,0.02012912,0.06196053,0.03697309,-0.01049255,-0.0240983,0.03721129,0.001632755,0.06921406,-0.01726798,0.05008094,0.008642836,0.05373931,0.02327021,0.0003799426,-0.03418985,0.003640781,0.02181811,0.02637341,-0.02155575,0.05581744,0.02786349,0.004855397,-0.003320739,0.05187557,0.05135957,0.007557347,-0.01387693,-0.005956822,0.01204139,0.03039058,-0.01039071,-0.02370906,0.006515694,0.009764196,0.07351269,0.03215266,0.01410303,0.01971895,0.0267274,0.02717857,-0.004170698,0.01639604,0.01540323,0.0008532419,0.001083953,0.01365415,0.04570457,0.05519728,0.02286886,0.04878508,0.02394949,-0.01765764,0.03218007,-0.002723776,0.02161757,0.02243759,0.02313508,0.009237358,0.02060917,0.004351596,0.01559159,0.01400595,0.01187642,-0.03192031,0.01966863,0.0329635,0.06564439,-0.04691851,0.008978052,0.04699977,0.01996674,-0.03468572,0.03974071,0.05570332,0.02265762,0.01900955,0.02260862,0.01319932,0.003840785,0.05327712,-0.02028158,0.02445135,0.04470643,0.01480803,pmERC,sub-S26,g,randomWalker9,freq01234
0.06838495,0.02761311,0.05533233,0.007190498,0.01137963,0.02632843,-0.02853556,0.0008218576,0.05170426,0.0619864,0.0333523,0.05116958,0.03406088,-0.03378644,0.02056285,0.009515681,0.00559147,0.0008464083,-0.0496816,-0.01047416,-0.01958095,0.008525968,-0.01261903,0.0404002,0.01032388,0.05093888,0.00468148,-0.007199819,0.002278814,0.002149206,0.046821,-0.02934068,0.009772426,0.0268557,0.01780119,0.002746963,0.01389682,0.08115787,0.01991405,-0.02116376,-0.004145704,-0.04078268,0.05267606,0.02862109,0.01650833,-0.006617866,0.01313857,-0.0007989013,0.0004623173,0.06689727,0.0384264,0.009020309,0.01100422,-0.005131449,-0.02994965,0.03717634,0.04005995,0.006493858,0.03343784,0.02115619,0.03938055,0.009745755,0.03441563,0.006583616,-0.004701131,-0.02031135,0.06830289,0.06945621,0.04172117,0.02855587,0.07065337,0.01960058,-0.009332463,0.02923686,0.02180863,0.05983618,0.006453228,0.02398632,0.03922051,-0.002503273,0.0456739,0.01824309,0.02154472,0.008635358,0.01669419,0.04592308,0.0006549931,0.04292927,0.0324849,0.02173418,0.04979176,0.06557909,0.03092622,-0.007256891,0.03363895,0.0231456,0.02441458,0.01158251,0.01872164,0.01817014,0.004153469,0.02150063,0.06166667,0.06850415,0.05189899,0.02753033,0.01621651,0.0762493,0.01517368,-0.005954673,0.03719115,0.02649911,0.02341728,6.22504e-05,0.02157143,0.04516063,0.03956844,0.01833391,0.05014399,0.02724959,alERC,sub-S29,g,randomWalker0,freq01234
0.03232134,-0.001253426,0.04302284,-0.02172524,-0.002809193,-0.0008165757,-0.02585882,-0.02744083,0.04352972,0.06619029,-0.01435091,0.02191262,0.04429835,-0.003434322,0.02815654,0.007918964,-0.001981093,0.00800104,-0.01497445,-0.007304818,-0.01291425,-0.01661745,-0.004922885,0.01956582,-0.025409,0.04631616,-0.01870778,-0.01772202,-0.008931829,-0.004125298,0.03036284,-0.03910196,-0.005089622,0.01825562,0.005185048,0.005788152,0.01992086,0.04763136,0.019274,-0.01554898,-0.01990215,-0.006536622,0.0305717,0.004414424,0.02160818,0.002194221,0.01269344,-0.01002904,0.01330766,0.04693937,0.03960515,0.02970119,0.009337714,0.02972931,-0.005067639,0.02768336,0.01339761,0.01300686,0.03665682,0.004968652,0.0180995,-0.009677255,0.05125999,-0.007252408,-0.003159322,0.0082862,0.06327994,0.06627931,0.02833518,0.03314387,0.04749909,0.009887889,-0.01264756,0.02097389,0.01995333,0.03354732,-0.009613714,0.02541007,0.02985251,0.04101283,0.02898499,0.01622702,0.03527967,0.009658409,0.01348018,0.02547724,0.01483308,0.04077929,0.02629114,0.001872485,0.02200469,0.05189953,0.01669987,-0.003708029,0.03237281,0.02211658,0.02231849,0.01892361,0.01690352,0.01301426,0.002733048,0.01472659,0.05136159,0.05770142,0.02971989,0.01624693,0.02594001,0.07220269,0.01298475,-0.006861853,0.02101958,0.02210038,0.01929498,0.01441767,0.01887052,0.02871232,0.02887003,0.01565601,0.02768143,0.02423236,pmERC,sub-S29,g,randomWalker0,freq01234
0.05133059,0.06072077,0.05405981,-0.01218373,0.02325952,0.08565178,0.006382327,0.01382084,0.05606065,0.04344902,0.04968882,0.02831784,0.02177115,0.01014662,0.07437583,0.03221927,0.003055194,0.03436537,-0.02268014,0.001170632,0.03111598,0.02041388,0.01589374,0.02462783,0.0289882,0.02315643,0.05697161,0.02460476,0.01989552,0.02277392,-0.01727528,0.03548788,-0.02448182,0.03725225,0.004227972,-0.02756712,0.02173763,0.04561517,0.03752259,0.01438658,0.03537786,-0.00566194,0.0289587,0.02897032,0.02637448,0.01515313,0.04525914,0.003138963,-0.002082741,0.01375895,0.04461467,0.02372942,0.03099843,0.005564675,0.00819612,0.01451296,0.03912447,-0.004768682,0.04518368,-0.002506976,0.03341411,-0.0207811,0.04808631,0.01030817,0.02155228,-0.003668355,0.05249396,0.07299454,0.04320015,0.0345131,0.06117491,0.02653825,0.00158726,0.03015877,0.02913149,0.06076894,0.0009514272,0.03209516,0.04464108,0.008242571,0.0482058,0.01418443,0.008130616,0.005616877,0.02055581,0.03756766,0.01090591,0.05110138,0.0347443,0.02761088,0.02883935,0.05508105,0.03460059,-0.001086025,0.05039008,0.03827226,0.0273883,0.00074798,0.0296578,0.02447228,0.01042074,0.01949714,0.05036085,0.06671564,0.04656878,0.02709264,0.0160606,0.06616188,0.01424755,0.006844826,0.03854301,0.02532561,0.02523712,0.003977601,0.02814618,0.04218959,0.04015677,0.02002357,0.04475007,0.02653511,alERC,sub-S29,g,randomWalker1,freq01234
0.04106728,0.04562268,0.04247908,-0.03132542,-0.003038522,0.06343812,-0.01510711,-0.01503695,0.04996228,0.03170348,0.03405568,-0.0001993284,0.02822178,-0.005586915,0.05497159,0.0125071,-0.01494285,0.02691781,-0.005397734,-0.02476008,0.004484334,-0.002217485,-0.007184816,0.02000749,-0.0001904697,0.03976876,0.0502685,-0.005976993,-0.01221171,-0.0008142617,-0.003722885,0.00105026,-0.01727312,0.04942771,0.008742278,0.00024673,0.0257011,0.02073255,0.01785883,0.008886079,0.01040491,-0.002764687,0.01929514,-0.006500527,0.0101675,-0.007754351,0.0282577,0.03610976,0.0214927,0.01644289,0.04056967,0.02450144,0.01996973,0.04654459,-0.00582401,0.01831312,0.01213172,-0.01161779,0.0650323,-0.01017703,0.01690037,-0.02087546,0.0642041,-0.001606617,0.02121849,0.02175499,0.0276677,0.07002556,0.03051324,0.03441722,0.03653158,0.01315253,0.002366755,0.02367676,0.0241045,0.04654086,-0.004781286,0.02679732,0.0330574,0.04425539,0.03407852,0.01840792,0.01673941,0.01204692,0.01955174,0.01959397,0.01916121,0.04866449,0.02776465,0.007911276,0.009065038,0.0337656,0.02170836,-0.003008107,0.03430483,0.03805156,0.02890391,0.02293513,0.02600241,0.02422471,0.007136353,0.01789052,0.03601049,0.05688889,0.01993441,0.01671308,0.02143281,0.0582184,0.01348936,0.01694957,0.02385115,0.02094074,0.02447041,0.02124105,0.03093518,0.02679571,0.02983697,0.02160809,0.02422848,0.02323735,pmERC,sub-S29,g,randomWalker1,freq01234
0.04092009,0.02334997,0.05122078,0.01743359,0.03539426,0.07731769,0.02895945,0.04474087,-0.012087,0.006761235,-0.008692797,0.0478928,0.05248195,0.01168335,0.05055418,0.01742365,-0.008475895,0.02022743,-0.01395108,-0.01542321,0.06275407,0.07497402,0.06077551,-0.01300662,0.05429033,-0.02618997,0.05603206,0.04947256,0.06619576,0.06228725,0.06913576,-0.021226,-0.01728008,0.0240253,-0.03342615,0.05795588,0.03472826,-0.0184635,0.02074654,0.01526949,-0.005742937,0.04131999,0.02571502,0.01572879,-0.0175449,-0.03306741,0.009466809,0.0181453,-0.02201177,0.007781602,0.02686102,0.005419482,0.02023539,-0.0112135,-0.03426458,0.05415777,0.01665353,-0.03703411,0.04560193,0.03583187,0.02433843,0.004613604,0.03530148,0.01001895,0.04033756,-0.02848514,0.0426366,0.06360444,0.04009351,0.03761604,0.07064093,0.02241502,-0.004550274,0.03432639,0.01977445,0.05583064,-0.002998378,0.02104896,0.038639,0.008782317,0.04818818,-0.008630281,0.02163892,0.02489536,0.01936323,0.04853864,0.01990767,0.01437141,0.03316059,0.02253629,0.05009912,0.06536794,0.02548063,-0.004192884,0.03169596,0.03153254,0.03695631,0.0009125593,0.02326227,0.02016127,0.006843302,0.03785219,0.0441811,0.06389303,0.05372247,0.02533568,0.0193804,0.05212563,0.01333043,0.01906598,0.04524361,0.02916184,0.02474336,-0.00400518,0.03501027,0.04512536,0.03553619,0.02314587,0.05551466,0.01761559,alERC,sub-S29,g,randomWalker2,freq01234
0.03708256,0.01259064,0.04147945,0.01312235,0.003475953,0.06999046,0.01029647,0.02492994,-0.01889938,0.009120162,-0.02020955,0.03379026,0.04529207,0.005188416,0.03383149,0.02140798,-0.001768549,0.01454883,0.01305297,-0.01300809,0.05521304,0.09452605,0.07363249,0.007056508,0.03141555,-0.001785428,0.05381197,0.03118309,0.05184873,0.04574767,0.04369659,-0.009907385,-0.04116101,0.02936618,-0.02640535,0.0271269,0.0148995,-0.007104192,0.02161409,0.0208382,0.01363536,0.03036053,0.02064776,0.004285847,0.01876373,-0.01975075,-0.004078671,0.0318095,-0.01181912,0.001741642,0.0131762,0.008356434,0.005906726,0.02347716,-0.006336322,0.03732827,0.01099455,-0.01006854,0.04303917,0.0374797,0.01407623,-0.01008167,0.06769489,-0.00597576,0.02883443,0.003398538,0.02537264,0.05936729,0.02166681,0.03598196,0.0424329,0.01379866,-0.005950915,0.02587302,0.02058298,0.04840693,-0.0212851,0.02244906,0.02599856,0.04096112,0.02492587,0.004578527,0.02949226,-0.0002872885,0.01732397,0.02649626,0.01904171,-0.01448103,0.02950656,0.007949141,0.02304366,0.04778901,0.01555562,-0.00319077,0.04848506,0.02585716,0.02802045,0.01601332,0.02239145,0.008447032,0.005012366,0.02393055,0.02771848,0.05613342,0.0325336,0.01608301,0.03021775,0.04698306,0.01504692,-0.01052039,0.02165915,0.02636581,0.02210211,0.01442968,0.002023049,0.02670184,0.02497399,0.01799527,0.03059442,0.0120545,pmERC,sub-S29,g,randomWalker2,freq01234
-0.009206426,0.06616814,0.05448351,0.01909556,0.01438434,0.06117269,0.02434,0.009298219,0.08099843,0.01944101,0.04064789,0.05290809,0.01191971,0.01053988,0.03750496,0.009472169,0.01292677,0.008966167,0.02309323,0.01268874,0.007667818,0.0110598,0.0285662,0.01503562,0.01292537,0.07862847,0.03726741,0.01154294,0.006761647,0.01004927,0.09941822,-0.003296826,-0.02317325,0.02369073,-0.01246206,0.04489806,0.03143992,-0.006777077,0.01424275,0.02237379,0.0106877,0.02940789,0.04180088,0.01829043,-0.02897708,-0.01270654,0.001935298,0.01178184,-0.023175,0.06005175,0.0341857,0.02411802,0.01549164,-0.006036955,0.02140177,0.04889957,0.01101181,-0.02139117,0.05131439,0.02337553,0.03693623,0.001818949,0.03205017,0.013543,0.02138191,-0.01923108,0.05607026,0.06899266,0.04340006,0.02980835,0.06159444,0.01984994,0.001064887,0.03028311,0.02062352,0.03931896,-0.007383987,0.02425084,0.04571333,-0.003682702,0.0476632,0.0126679,0.01628516,0.005849275,0.01726666,0.03155661,0.001427851,0.05337548,0.04043178,0.02756719,0.01922941,0.04277546,0.03883461,-0.01076688,0.02652732,0.04654592,0.02393977,0.02264674,0.02649281,0.02505644,0.003916208,0.01505251,0.05236839,0.06607922,0.05383193,0.02939521,0.01500789,0.07212607,0.01362803,0.01782456,0.03816989,0.02380069,0.02156262,-0.009555005,0.02010786,0.04888994,0.0379738,0.01543399,0.04582509,0.01815875,alERC,sub-S29,g,randomWalker3,freq01234
-0.01985964,0.0507515,0.04368768,-0.007297742,-0.01731502,0.04709548,0.00499196,-0.0184987,0.08213376,-0.0008342865,0.01681187,0.03869262,0.01387464,-0.01186763,0.0146082,0.002146616,9.936486e-05,2.519574e-05,0.008345937,0.005170302,-0.01250548,-0.02570672,0.02339745,-0.01505371,-0.02464728,0.08685701,0.02779558,-0.01338786,-0.008738997,0.001964443,0.06523259,-0.01352621,-0.03370846,0.02103604,-0.008949732,0.01907646,0.02124513,0.003486521,0.02086346,0.03853879,0.0005991914,0.01404236,0.03319549,0.01850411,0.01036778,-0.00982119,-0.005957432,0.006327187,-0.002105939,0.04308947,0.0343935,0.006289519,0.02253077,0.0251136,0.007531931,0.0365773,0.0099217,-0.001913286,0.05249863,0.02755671,0.0217738,-0.01699459,0.06193836,-0.001377834,0.01588447,0.005790039,0.05356391,0.06409752,0.02264276,0.03948965,0.04087669,0.01332135,-0.006802828,0.02249096,0.02292334,0.04201684,-0.0200434,0.02892561,0.03764524,0.042187,0.02902153,0.006703078,0.02858076,-0.0007587299,0.01784825,0.02026867,0.01878664,0.05454518,0.03282462,0.01047851,0.003852273,0.02180067,0.02491897,-0.002491547,-0.01399059,0.04486477,0.02847729,0.01426752,0.02682116,0.01147267,0.004016855,0.01834789,0.04168331,0.05608227,0.02964085,0.01934654,0.02692337,0.06848025,0.0132556,0.02421579,0.02668522,0.02404279,0.02187155,0.01396487,0.0263686,0.03322254,0.0283086,0.01936198,0.02710827,0.03021662,pmERC,sub-S29,g,randomWalker3,freq01234
0.06449493,0.01694087,0.05450109,0.03573696,0.008068419,0.0449115,0.01307858,0.01253299,0.05136043,0.04796652,0.03720177,0.06216627,0.0467838,0.01205305,0.04006345,0.01836532,0.02588855,0.0004066082,-0.01079162,-0.0109196,0.04033358,0.03910824,0.06257011,0.01987773,0.02528533,0.05078638,0.03375646,0.02233695,0.03243626,0.02501773,0.09119646,0.004575004,-0.01769717,0.03806791,0.01721222,0.04787005,0.03856115,-0.001628324,0.02239269,0.0038808,0.01588684,0.04123196,0.03343881,0.01964823,0.02019197,-0.01401638,-0.008945704,0.04474731,-0.006615405,0.04879448,0.03938273,-0.01092958,0.01889774,-0.004193163,-2.982491e-05,0.05664724,0.0224882,-0.04724991,0.0561006,0.03735317,0.03523452,0.02148595,0.03629754,0.008284035,0.02044774,-0.01822304,0.07188677,0.06220677,0.04237466,0.03623695,0.05969272,0.02837495,-0.003129978,0.03604745,0.02801043,0.03994977,0.01068176,0.03185876,0.04454606,0.00347683,0.04876151,0.0523246,0.02640639,0.01125324,0.02531259,0.04445529,0.01572499,0.04737032,0.03873343,0.03052263,0.03388923,0.06429996,0.04128305,0.005334895,0.03146656,0.03309097,0.03257289,0.003086416,0.03047378,0.02447334,0.0137811,0.02806788,0.0596191,0.06919758,0.05458708,0.0365264,0.02330242,0.06278185,0.02177083,-4.14082e-05,0.04214845,0.03275774,0.03363204,0.009133537,0.03084363,0.05305778,0.03727226,0.02708095,0.05285932,0.03051312,alERC,sub-S29,g,randomWalker4,freq01234
0.03751459,0.01127562,0.04192841,0.02122171,-0.02317799,0.03477419,0.007684742,-0.00656009,0.05077978,0.02099892,0.02808867,0.05101497,0.03765073,-0.0144731,0.02787378,0.01246343,0.009660835,-0.00555633,-0.005467182,-0.02770354,0.02649038,0.04223135,0.02072652,2.945055e-05,0.00458143,0.06149084,0.02172819,0.001070407,0.01922901,0.006194114,0.04876989,-0.01362713,-0.02976336,0.01809508,0.02097658,0.01706027,0.01583305,0.006698869,0.02101677,0.03363547,-0.002017156,0.01416913,0.02005392,0.008611782,0.01535564,0.004844605,-0.01744315,0.01347583,-0.0007819145,0.02394866,0.02775718,0.008779211,0.02412301,0.03538115,-0.02481084,0.03777777,0.01278613,-0.0242583,0.04473124,0.0269763,0.01230916,-0.001236972,0.05293158,-0.001919798,0.01040997,0.01446375,0.05911478,0.06016705,0.02599926,0.0341371,0.02514479,0.01418671,-0.01036495,0.02059754,0.02176922,0.02474082,-0.009504138,0.02807781,0.03638231,0.03905153,0.03403836,0.03646925,0.02791615,-0.004923216,0.01811705,0.02016388,0.01906497,0.04057047,0.02697469,0.009096229,0.002030128,0.04066564,0.02053077,0.001765439,-0.0121401,0.03617769,0.02701786,-0.0002125885,0.02478954,0.01408921,0.005797696,0.01774401,0.03956426,0.05663345,0.03057499,0.01713756,0.02441631,0.05967682,0.01194867,0.01907361,0.02363364,0.02285701,0.02373906,0.01868443,0.02630557,0.03006831,0.02650794,0.01935698,0.026471,0.02286034,pmERC,sub-S29,g,randomWalker4,freq01234
0.03407109,-0.0051977,0.05365673,0.01439241,0.02693612,0.0117361,0.01250064,0.03704037,0.04680403,0.05917885,4.010514e-05,0.01745867,0.04417519,0.0308863,0.007763149,0.0152845,-0.02243445,0.0319302,-0.009904861,0.07057156,0.01432078,0.01001503,0.04168063,0.008994365,0.04222832,0.02085362,0.005487822,0.0234046,0.05232453,0.01540042,-0.01747756,0.04472282,-0.005965545,0.02536282,0.009320179,-0.03657108,0.02080437,0.04809485,0.03816299,0.01494519,0.04388137,-0.04358861,0.03381536,0.0215679,0.03986797,-0.008751441,0.06036848,0.004956823,-0.01111235,0.02632348,0.03469752,0.02640254,0.0253244,-0.01517801,-0.003570368,0.01511422,0.03939782,-0.02202849,0.02863499,-0.007016037,0.03674172,0.02598109,0.02774807,0.007779571,0.0005219387,-0.02100543,0.073826,0.06009453,0.04317607,0.03106825,0.058541,0.02270885,-0.002142595,0.03490688,0.02713475,0.03922961,-0.008645603,0.0296211,0.04179849,-0.007617515,0.05073578,0.05017972,0.02659996,0.002636308,0.01915933,0.04532869,0.002245846,0.04582806,0.03689268,0.02612325,0.03709872,0.07297745,0.03425983,-0.005007269,0.04194569,0.03266819,0.02630861,0.006812927,0.02422111,0.02237975,0.006235265,0.02100873,0.05766662,0.07077988,0.05285453,0.02939653,0.01865859,0.06900453,0.01500688,0.001301505,0.04221045,0.02998331,0.02562007,-0.009763543,0.02835867,0.04720826,0.03625656,0.01963164,0.05053043,0.02801353,alERC,sub-S29,g,randomWalker5,freq01234
0.04303233,-0.01926656,0.0417974,0.001875536,0.02002592,-0.006279786,-0.002215581,0.02361383,0.03360785,0.04486313,0.01417935,0.009300007,0.04288057,-0.001746596,-0.02231877,0.00410029,-0.02033151,0.009702913,-0.01318599,0.05300883,0.008511792,-4.178791e-05,0.05745126,-0.01166071,0.02797146,0.03602384,-0.02482179,0.01685288,0.04152608,0.002136305,-0.01531136,0.03407962,-0.0002408095,0.03428628,0.005739543,-0.01173572,0.02246627,0.01938443,0.01572024,0.01323636,0.03494047,-0.04441971,0.01723906,-0.01438332,0.01971542,-0.018636,0.03817358,0.03729694,0.01003282,0.02680061,0.02935437,0.02667177,0.01923998,0.02762617,-0.009347963,0.0150873,0.01382701,-0.01397709,0.04382283,-0.01864858,0.01453298,-0.002496684,0.04818995,0.002963189,0.006300697,0.01400486,0.06454695,0.0540759,0.02134854,0.03423013,0.03133785,0.01397911,-0.008630835,0.01858768,0.0193491,0.01549984,-0.02333035,0.02867019,0.03370186,0.03548381,0.03108484,0.0354095,0.02940294,-0.01373913,0.01770442,0.02441378,0.02051196,0.037482,0.02747817,0.007976599,0.008571173,0.05393139,0.01913936,0.001237975,0.02377668,0.03592559,0.02550536,0.01548013,0.02241818,0.01910846,0.004245229,0.01752347,0.04205453,0.06068444,0.02704649,0.01639796,0.02492292,0.06595135,0.01240815,-0.00206715,0.02377847,0.02361112,0.02424843,0.01652625,0.02707374,0.02699551,0.02598376,0.01917873,0.02692621,0.02184784,pmERC,sub-S29,g,randomWalker5,freq01234
0.0149254,0.003092424,0.05349309,0.01953009,0.04007736,-0.007029279,0.05736923,0.01578105,0.04306505,0.008074301,0.006948537,0.04500855,-0.0006182225,0.01133942,-0.003312752,0.01278819,-0.01381145,0.002506161,0.01075681,0.0409473,0.006599155,0.009721907,0.04285822,0.03809538,0.02688462,0.05376421,-0.00810829,0.02938003,0.01289523,0.02643684,-0.005117036,0.02499832,-0.002190129,0.03881556,0.015367,-0.03132627,0.0111218,0.04869369,0.03291238,-0.003469252,0.02986229,0.01758003,0.03575296,0.02894939,0.05443139,-0.004153573,0.04636189,0.006962291,-0.006364293,0.03548663,0.03464727,0.03908658,0.01162473,-0.01219671,-0.01001117,0.01641377,0.03764104,-0.01964667,0.02271946,0.001031495,0.02464631,0.02828237,0.02334728,0.01065835,0.001290089,-0.0271249,0.05549373,0.06000691,0.03946196,0.02424395,0.05253259,0.01962793,0.001387703,0.03060444,0.01942166,0.0474008,-0.008420723,0.02133318,0.03670688,0.003935702,0.04467777,0.05914169,0.02689267,0.004013494,0.01771643,0.03749289,0.001928499,0.04469771,0.03120129,0.02324757,0.03672791,0.07230442,0.03250569,-0.009191568,0.04354283,0.02306378,0.02716395,0.007624491,0.0216587,0.02235259,0.007235028,0.02183473,0.04827211,0.06706244,0.05414617,0.02812271,0.01522018,0.06614067,0.01511801,0.01373633,0.03639555,0.02433797,0.02330761,-0.002102206,0.03024488,0.04552886,0.04057457,0.01847616,0.05132506,0.01789593,alERC,sub-S29,g,randomWalker6,freq01234
0.003765851,-0.005535241,0.04169052,0.01466408,0.02150393,-0.01525756,0.05259034,-0.01150093,0.05209354,0.004647863,-0.01245257,0.03770772,-0.004009289,0.002577533,-0.004279341,0.01024244,-0.02922131,0.002905596,0.01780479,0.04535431,-0.03031779,-0.0160896,0.0443724,0.02848199,0.01017197,0.05984871,-0.0229114,0.01373553,0.001989526,0.0114839,-0.006654394,0.005641061,0.002437974,0.04372787,0.005313001,-0.01018944,0.01762994,0.01555721,0.01257565,-0.002361155,0.01782279,-0.0001761243,0.01928981,-0.01097862,0.02836162,-0.0231381,0.03263686,0.02048487,0.008852929,0.03560691,0.0350945,0.0406228,0.0108841,0.03402592,-0.002305696,0.01607224,0.00698525,0.0002549855,0.0525361,-0.008401141,0.01178159,0.002652752,0.05459276,0.002372222,0.01105803,0.009286243,0.05765424,0.0575026,0.02151598,0.03208309,0.02536479,0.009874097,-0.008559006,0.01810378,0.0201371,0.03225298,-0.02140544,0.02538094,0.02979544,0.03999857,0.0368033,0.04610648,0.02758381,-0.006774215,0.01394404,0.01827516,0.01209525,0.03629017,0.02660707,0.004384521,0.004482762,0.05465666,0.01793872,-0.01222084,0.0270193,0.02694946,0.02412935,0.01622635,0.0199898,0.01724032,-4.726595e-05,0.01443531,0.03277415,0.0566406,0.03459984,0.01425356,0.02232064,0.06066073,0.01043477,-0.008199921,0.0209814,0.02207908,0.0192951,0.009787766,0.0209133,0.0267861,0.02880633,0.0149518,0.02882654,0.02036477,pmERC,sub-S29,g,randomWalker6,freq01234
0.01550874,0.02677644,0.05479329,-0.007738253,0.04731493,0.03867963,0.06038918,0.01413337,0.06980376,0.03097434,-0.007493739,0.04496553,0.02655127,-0.003878601,0.02379661,0.01570785,-0.01493416,-0.03917265,-0.01171688,0.07249081,0.03025744,0.0353528,0.03644561,0.007735889,0.02435239,0.06410491,0.01833864,0.03058284,0.01603158,0.04843247,0.09933037,-0.0019439,-0.02958019,0.02703709,-0.02653285,0.04351664,0.03624914,-0.008789844,0.01715553,0.01083341,0.01833045,0.03792474,0.03514649,0.02189568,-0.005659196,-0.01584378,0.00391182,0.03691772,-0.02111414,0.05294854,0.02201976,0.005654862,0.01713248,0.007216544,0.006785569,0.0502022,0.01652097,-0.04068132,0.04959331,0.03406044,0.02837995,0.0082953,0.03521952,0.005101647,0.01662259,-0.02148009,0.05929392,0.07158433,0.04612407,0.03232441,0.06794962,0.02132168,-0.001265749,0.0352725,0.02278516,0.04981452,-0.0004305152,0.02728475,0.0422668,-0.001079657,0.05020296,0.00507055,0.02767697,0.01069464,0.02019638,0.04048308,0.004688103,0.05281412,0.03549391,0.02519827,0.03818177,0.0657791,0.03588634,-0.01230947,0.05738262,0.03658107,0.03150944,0.01396463,0.0273052,0.02894769,0.005204706,0.0236188,0.05114923,0.06698919,0.05177988,0.02788703,0.01682214,0.07147983,0.01537415,0.01480828,0.03936534,0.02866262,0.02656607,1.888882e-05,0.03243367,0.04460368,0.03906708,0.02162785,0.05068944,0.02512142,alERC,sub-S29,g,randomWalker7,freq01234
-0.0151964,0.01459262,0.04139444,-0.002674537,0.02803498,0.02259718,0.01844457,-0.02466762,0.0526419,0.01944676,0.002246904,0.01435988,0.0143611,-0.02241735,0.04298241,0.002611185,-0.03025023,-0.004882004,0.003529646,0.0465272,-0.01755589,0.01677469,-0.0001247424,-0.007369322,-0.008011951,0.07597952,-0.002794951,-0.01046298,-0.005884084,0.00859616,0.0603493,-0.01251679,-0.03314173,0.02292689,-0.005029291,0.01524288,0.02071836,-0.005029907,0.0179736,0.033624,0.01005304,0.02146143,0.02226247,0.006530502,0.006476776,-0.0101155,-0.01423237,0.02529563,-0.01328258,0.02088002,0.01774005,0.01180049,0.009047836,0.03598788,-0.007453222,0.03525648,0.005394175,-0.02513348,0.04491159,0.02089539,0.006504883,-0.01114041,0.05179663,-0.008713775,0.00668412,0.005763454,0.04862431,0.06426574,0.02803296,0.03223076,0.03962133,0.01016775,-0.01013712,0.02110885,0.01633436,0.03959879,-0.02007141,0.02554533,0.02570021,0.03220438,0.02447123,0.005046397,0.0359714,0.002346132,0.01213829,0.0210928,0.01601906,0.0483051,0.02565833,0.001072141,0.01436672,0.0429504,0.01572929,-0.01218964,0.03691772,0.03662989,0.02502793,0.01405431,0.02009229,0.01933997,-0.001134539,0.01333831,0.03697016,0.05533983,0.0236783,0.01282346,0.02576031,0.06589143,0.01011774,0.00689127,0.02084756,0.02371745,0.02057547,0.01397953,0.02409666,0.02310509,0.0240161,0.01500066,0.02393538,0.02455555,pmERC,sub-S29,g,randomWalker7,freq01234
-0.02895114,0.01223875,0.05339037,0.04086034,0.05420896,0.02068876,0.06458054,0.03186776,0.04352573,0.02310982,0.03445949,0.05782742,0.02973709,0.03576355,0.01778428,0.0174593,0.01927879,0.01322334,-0.00191319,0.05395028,0.02573398,0.04387493,0.01759801,0.04148098,0.04678781,0.04469316,0.03157967,0.03311747,0.01997029,0.04445556,0.05148072,-0.02177566,-0.01062532,0.005307463,0.05304211,0.02684172,0.02630906,0.05393512,0.01009371,0.003922962,0.005960674,-0.03106183,0.06959905,0.01122837,0.02512591,0.02249476,-0.005457556,0.01317942,-0.00915692,0.07871548,0.05034208,-0.01003663,-6.444752e-06,-0.02018979,-0.03364521,0.05236031,0.0325859,0.01403352,0.0405039,0.02671157,0.01932253,0.009119405,0.02891153,0.01096822,0.03464743,-0.02243497,0.06436578,0.06502336,0.04264553,0.03044629,0.05792436,0.02211334,-0.003236385,0.03401527,0.01927334,0.05313582,0.0008967728,0.0280836,0.04358624,-0.002299613,0.05205397,0.01876,0.02623772,0.009212224,0.0185004,0.03822111,0.009986972,0.04710386,0.03381867,0.03192347,0.03033691,0.06167567,0.0357014,-0.001929636,0.04084429,0.03208069,0.02778645,-0.003355582,0.02447125,0.02110566,0.00599856,0.02351056,0.05393587,0.06519042,0.05192264,0.02931696,0.02016043,0.06609144,0.01425768,0.01309701,0.03986086,0.02739724,0.02461725,-0.0005036148,0.02699172,0.04822104,0.03979913,0.01952843,0.05079106,0.02855838,alERC,sub-S29,g,randomWalker8,freq01234
-0.02910836,-0.010835,0.03984066,0.03110827,0.03097565,-0.01003712,0.0581533,-0.004265563,0.02585943,-0.003586193,0.0305117,0.03410861,0.01355408,0.02234455,-0.005207632,0.007729997,0.007983261,-0.01244549,-0.00141642,0.05986848,-0.000704785,0.02850795,0.04103949,0.03228775,0.03467942,0.04184845,0.01072756,0.01389574,0.0003314912,0.02316028,0.02710268,-0.03641451,-0.03125722,-0.004527574,0.02687776,0.01075984,0.02384479,0.03544191,0.01647178,-0.002801483,-0.02104447,-0.01135635,0.04164341,0.009335498,0.006438526,0.04314348,-0.0009368903,-0.004372503,0.005196095,0.03765094,0.04389003,-0.00444162,0.01639738,0.0245701,-0.0191139,0.03328921,0.01266925,0.01111367,0.04092219,0.02101703,0.009200058,-0.006745279,0.05088902,-0.00627915,0.02427066,0.007108894,0.05461263,0.06019605,0.02376045,0.03650187,0.02781071,0.01307027,-0.005376332,0.02035519,0.02085748,0.03500541,-0.01486467,0.03100513,0.03416398,0.03481808,0.03643467,0.009639047,0.02889969,-0.004345001,0.01477745,0.02156855,0.01628764,0.03843144,0.02675289,0.008658776,0.007491089,0.04214135,0.01866435,0.000711565,0.01056271,0.03342198,0.02673444,-0.001197814,0.01996705,0.01002261,0.006662053,0.01573876,0.03974672,0.05261833,0.02363553,0.01696396,0.02473555,0.06280416,0.01147245,0.002559462,0.02415347,0.02334838,0.02049123,0.01409304,0.02163412,0.02859393,0.0251319,0.01697387,0.02680093,0.0275583,pmERC,sub-S29,g,randomWalker8,freq01234
0.0721081,0.0501303,0.05439311,0.07440146,0.01464524,0.03520865,0.0524945,0.02643895,0.002545577,0.01685557,0.0416887,0.06236555,0.0681411,0.01841669,0.06555513,0.004591276,0.03874077,0.04401483,0.007271773,0.03886918,0.07863124,0.05058574,0.06442898,0.02389109,0.01931403,0.01428079,0.07251965,0.04794919,0.04501027,0.04373408,0.05043248,-0.02072748,-0.004782397,0.007745087,0.02926297,0.02186221,0.02204404,0.06417497,0.01396231,-0.01209645,0.01931325,-0.03548243,0.06111013,0.01831122,-0.01222248,-0.03752299,-0.001579703,-0.03695565,-0.010699,0.07109474,0.05606323,-0.02207201,0.0003563993,-0.0108908,-0.01531309,0.0503023,0.03286851,0.0313477,0.03989935,0.03139004,0.02872804,0.01555234,0.02240935,0.01572269,0.01407561,-0.0256057,0.06639747,0.06035479,0.04440618,0.02681067,0.05063596,0.02218097,-0.001066436,0.03432883,0.01668107,0.04983857,-0.01315231,0.02086096,0.03696787,0.007815508,0.04806186,0.04841991,0.03379156,0.01516656,0.01884806,0.04180946,0.005140694,0.05188994,0.03513146,0.0279548,0.02853176,0.06485385,0.04118254,-0.009235768,0.03579638,0.03057179,0.02667273,-0.002027899,0.02580616,0.0200648,0.006094128,0.01975326,0.05407034,0.06800942,0.05047359,0.03001929,0.01594022,0.06277048,0.01586753,0.02923542,0.03995756,0.02563098,0.02453241,-0.00192754,0.0238911,0.04901316,0.03601051,0.01966423,0.05040338,0.02399824,alERC,sub-S29,g,randomWalker9,freq01234
0.05194536,0.03201729,0.04115126,0.06927083,-0.02032678,0.02220917,0.04788657,0.00815259,0.00837263,0.002391193,0.05597031,0.05587017,0.06136005,-0.01315849,0.0567012,0.007466183,0.03352979,0.02948389,0.02703604,-0.00463389,0.05885787,0.04954105,0.05311583,0.004104624,0.001237101,0.001299809,0.06217302,0.02412579,0.028881,0.04003651,0.0222675,-0.03915501,-0.02577996,-0.00381271,0.005075432,0.01063273,0.02540188,0.03488031,0.01947038,-0.01483989,-0.01283582,0.005035309,0.03607059,0.007187625,0.01241567,-0.003282386,0.004698604,-0.03493159,0.01075401,0.02487544,0.05047238,-0.0002272145,0.01751687,0.02827239,-0.007858315,0.04022863,0.01525954,0.009129858,0.04700109,0.01822412,0.008037077,-0.006032753,0.05298532,0.00479885,0.0155465,0.008130794,0.05133867,0.05784917,0.02224518,0.03676058,0.02180435,0.01246854,-0.003116046,0.02441492,0.01890568,0.01815979,-0.02480667,0.02767139,0.03158059,0.04190893,0.04090875,0.02789242,0.03228941,-0.008972348,0.01952188,0.02356315,0.0190677,0.05257482,0.02886087,0.009486856,0.004874346,0.04227859,0.02450429,0.0002731239,-0.002378739,0.04209574,0.03051558,0.008480405,0.02766016,0.01832412,0.006530656,0.01853114,0.0383139,0.05530221,0.02698641,0.01736336,0.02223165,0.05647546,0.01288451,0.03206372,0.02557261,0.02297913,0.021486,0.02015372,0.03061682,0.03081823,0.02219102,0.02125531,0.02825418,0.02806869,pmERC,sub-S29,g,randomWalker9,freq01234
0.03111696,0.01300942,0.06193558,0.004228999,0.04098076,-0.01380103,0.01312246,0.025405,0.05521857,0.02707619,-0.003955421,0.007384955,0.04879824,-0.03049487,0.01701351,0.01218806,0.02610915,-0.004142615,0.02353852,0.01795518,-0.003729786,-0.01245808,0.019612,0.006961794,0.02240703,0.0225218,-0.08961112,0.0357456,0.001719882,0.02180511,0.03045829,0.0118443,0.02999754,0.03237235,-0.01107852,0.0004901737,0.01088837,0.05027962,0.02723789,0.0279602,0.03257763,0.002460403,0.03297035,0.04046946,0.01901154,0.004219949,0.02831657,0.01689566,9.676228e-05,0.02563924,0.004871874,0.02088608,0.003231539,-0.02906572,0.02470256,0.02373913,0.02144794,0.01340314,0.01629487,0.03455455,0.03724748,0.00663242,0.03313146,-0.01156569,-0.001753574,-0.03231084,0.07484468,0.05697828,0.01709415,0.02157888,0.0583548,0.01870997,0.008414133,0.02138229,0.02112614,0.04295583,0.008011787,0.002289623,0.02685981,-0.03010123,0.01491314,0.0327217,0.002494316,0.02070027,0.01393876,0.04950873,-0.01550795,0.03136478,0.03351047,0.02099132,0.04439021,0.04799699,0.02311851,-0.01220321,0.01333871,0.009110255,0.02290265,0.02322593,0.01121623,0.005588792,0.0008459724,0.02019524,0.06240121,0.06000262,0.01564997,0.03176991,-0.02369571,0.06981172,0.01571068,-0.007996946,0.02885188,0.01642907,0.01866266,-0.01418349,0.008590729,0.03959119,0.05446645,0.01588647,0.03331158,0.01889768,alERC,sub-S32,g,randomWalker0,freq01234
0.03700709,0.01355124,0.05625194,0.005356612,0.03569507,0.01893182,0.02692671,0.04059188,0.06736112,0.02905282,-0.007655739,0.04319524,0.01950575,-0.007061609,0.03454721,0.0276897,0.02321801,0.0190592,0.03035408,0.020754,0.01041189,-0.02677833,0.03383017,0.02102659,0.03507941,0.04518836,-0.06211226,0.03723956,0.02177629,0.02854885,0.04335168,0.03323409,0.05620641,0.04380871,-0.002478171,0.02945605,0.02766359,0.06168268,0.04540922,0.02674354,0.05292165,0.01946107,0.03962347,0.06115144,0.0340513,-0.0006500472,0.0416117,0.04803728,0.02265899,0.005572173,0.01900992,0.01835727,0.02048183,-0.00671643,0.04088188,0.0423051,0.02925027,0.03478523,0.02643532,0.04196814,0.05595922,0.009575486,0.02217811,0.009069428,0.01320172,-0.006290956,0.06817479,0.03890917,0.01956751,0.03251602,0.0638459,0.03433758,0.01994931,0.03844435,0.04084838,0.02747372,0.02177546,0.02444622,0.02102117,-0.01833305,0.009532104,0.04615111,0.03963363,0.03277981,0.02464545,0.05905527,0.01345921,0.008754008,0.05488721,0.02631144,0.03755444,0.02563912,0.03411059,0.00348148,0.006470388,0.01089192,0.03532888,0.04034852,0.01800777,0.0144647,0.01545082,0.03369189,0.07078226,0.05056512,0.02226995,0.04453366,0.01928231,0.05241825,0.03492034,-0.01275462,0.03685381,0.04640496,0.03348823,0.004290807,0.01154104,0.05155107,0.05105285,0.02878912,0.04189362,0.0329903,pmERC,sub-S32,g,randomWalker0,freq01234
0.03695911,0.04950391,0.05932057,-0.001294883,0.01322297,0.05125703,0.001592037,-0.004846787,0.04432709,0.02232148,0.05743879,0.006057986,-0.0007837968,-0.01996493,0.02688746,0.02018935,0.04068661,-0.01443528,0.03615104,0.00841307,0.01876556,-0.01698112,0.007728809,0.001308043,0.0151175,0.02975882,0.01255613,0.009021642,-0.002837194,0.01166728,0.01745882,0.02053303,-0.01472358,0.01246852,-0.001219527,0.002264165,0.02718643,0.02783723,0.03401691,0.0470068,0.03781816,0.02001885,0.03477572,0.04381448,0.007249713,0.02081575,0.03982547,0.02734816,0.005254013,0.03933224,0.0256882,-0.01451079,0.02316941,-0.02049351,0.05072125,0.02975194,0.01519406,0.03605551,0.02796832,-0.007052945,0.03594477,0.01001974,0.05122745,0.009268396,0.0295681,-0.02207242,0.04182085,0.07804799,0.0225565,0.02347155,0.06473859,0.02693069,0.01998469,0.02272334,0.02980644,0.06004279,0.005738497,0.01127019,0.02582774,-0.0255329,0.02542395,0.01121293,0.01273238,0.01557633,0.01476551,0.0462568,-0.005302158,0.04492281,0.03441878,0.02632771,0.03814831,0.04935892,0.02759503,-0.009528921,0.03617242,0.02349181,0.02104671,0.02840669,0.0189429,0.008580147,0.00366498,0.01988623,0.05805488,0.06006039,0.004380212,0.03288492,-0.02306623,0.06207831,0.01585866,0.03353714,0.03381685,0.01412749,0.0150561,-0.02231864,0.01701859,0.04088468,0.05337676,0.01343204,0.03703834,0.02146187,alERC,sub-S32,g,randomWalker1,freq01234
0.0512453,0.04629681,0.05609643,0.003396183,0.002844895,0.03525119,0.003149318,-0.001136072,0.04779496,0.04664946,0.05563221,0.01781078,-0.003899103,0.00488161,0.007164993,0.02597171,0.05064173,0.01304579,0.03870149,0.01149416,0.01091001,-0.002038693,0.0208467,0.02849486,0.004745599,0.03978679,0.02395624,0.004566581,0.009936818,0.01015215,0.03265165,0.04482677,-0.01482057,-0.001755411,0.03283202,0.01447381,0.03723764,0.04243166,0.05171743,0.04705343,0.06300073,0.02894977,0.04666531,0.06267658,0.01008803,0.01466379,0.04528389,0.01419395,0.02282361,0.04981711,0.02090473,-0.001390589,0.03227796,-0.019312,0.05556353,0.04633731,0.02384845,0.02744125,0.01284573,0.007123332,0.04262907,0.0197668,0.02066437,0.01105816,0.02190725,0.0002026651,0.06837594,0.05185596,0.02328604,0.03405565,0.06432564,0.0379377,0.02317351,0.03571344,0.03786745,0.03293499,0.02289809,0.0329642,0.02228492,-0.02002933,-0.0003429867,0.03664349,0.02288315,0.02392774,0.02172467,0.05508638,0.02380353,0.02773289,0.05154299,0.02881982,0.04109943,0.03860456,0.03389719,0.006437544,0.007332919,0.01657417,0.03417177,0.03279821,0.0168739,0.009479435,0.020288,0.03452196,0.06492061,0.05451085,0.009485414,0.04355928,0.02042318,0.04947554,0.03436862,0.01290401,0.03887228,0.04409644,0.03246029,0.003695684,0.01942824,0.04762134,0.05055925,0.02777949,0.04121182,0.04108238,pmERC,sub-S32,g,randomWalker1,freq01234
0.05522514,0.05466622,0.06081018,0.01911086,0.003271347,0.07170433,-0.0120788,0.02969098,-0.001185951,0.03488695,0.01140436,0.03021383,0.0619402,-0.0363015,0.04255379,0.02700999,0.03817406,0.01462976,-0.002897559,-0.02502783,0.05692852,0.06993433,0.08157738,-0.05854583,0.05757847,-0.03532541,0.04251898,0.04425075,0.04311815,0.03047192,0.06344964,-0.004090345,0.007707749,0.04477425,0.01716542,-0.00455973,0.02850696,0.01428728,0.01988176,0.005371504,0.007086176,0.04106707,0.03965677,0.01278829,-0.01862913,0.01184248,0.01148983,3.84889e-06,-0.01662839,0.03690006,0.04035785,0.02187331,-0.002020322,-0.02586707,0.01159452,0.03960731,0.01802373,-0.02007975,0.04419391,0.03149567,0.02579198,0.0006303155,0.05434128,-0.00137569,0.0260924,-0.03089493,0.05777657,0.04948504,0.01665069,0.03220004,0.0583918,0.02396146,0.009042182,0.02131223,0.01868225,0.03690317,0.009351388,0.00382985,0.03511252,-0.01597925,0.01826632,-0.003634781,0.01285035,0.01491136,0.01656268,0.04681963,0.007183995,-0.006918794,0.03234201,0.02528519,0.05968447,0.05296131,0.02453793,-0.002179144,0.01593041,0.01162408,0.02444813,0.01172159,0.01549631,0.005242683,0.008727842,0.02286861,0.0493266,0.06106744,0.01267784,0.03017266,-0.01319542,0.06524381,0.01377301,0.0108335,0.01790258,0.02530964,0.02343965,-0.0104351,-0.01825362,0.03817285,0.05028587,0.02055563,0.02816422,-0.03701538,alERC,sub-S32,g,randomWalker2,freq01234
0.05309075,0.06032659,0.05642435,0.03115518,0.01880465,0.07301258,0.007591663,0.01893041,0.01320066,0.004600465,0.02994153,0.04329513,0.04735084,0.0009706491,0.05038704,0.04121521,0.04199675,0.03299604,0.001166553,0.0004499318,0.0463285,0.04872993,0.08022208,-0.02445391,0.04602566,-0.0222298,0.05136821,0.03083197,0.0266255,0.01155351,0.06181717,0.006383989,0.04044032,0.02161765,0.03750115,0.01242837,0.0444168,0.0270021,0.03528681,-0.01437602,-0.001356196,0.05139324,0.04882947,0.04074308,0.009950576,0.02622747,0.02040302,0.03277248,-0.006575198,0.03830049,0.05543189,0.03542994,0.005250881,-0.00850683,0.03077348,0.05023763,0.02367035,-0.007721527,0.05183416,0.05277405,0.04566368,0.009588194,0.01627574,0.01021636,0.0334366,-0.007342546,0.06459675,0.0362518,0.01880392,0.02902902,0.05959725,0.03737784,0.01767378,0.02865821,0.03730587,0.01168836,0.01477418,0.02387928,0.03665984,-0.01457747,0.01659047,0.02333833,0.03813895,0.03460588,0.0244242,0.05133656,0.02114408,-0.003516973,0.04876533,0.0303368,0.04693474,0.03302405,0.03445616,0.01033396,0.003032699,0.01551045,0.03120813,0.02832822,0.01964641,0.0145969,0.01886496,0.03303064,0.0568894,0.05291018,0.02098632,0.03989315,0.02281442,0.0510169,0.03036361,0.03873399,0.0262572,0.04691481,0.03242191,0.001905161,-0.006576666,0.04610792,0.04860638,0.02730623,0.03474948,-0.01533152,pmERC,sub-S32,g,randomWalker2,freq01234
0.03234138,0.04453936,0.06147135,0.006392144,0.0006288685,0.01572322,0.04390169,-0.0206172,0.08879372,0.03253026,0.009592475,0.03350196,0.03111992,-0.02068709,0.01836959,0.008962968,0.04138645,-0.02071416,0.05430132,0.02907144,0.01341023,-0.01053828,0.07167775,-0.0009891865,-0.005806945,0.09154303,0.003640828,0.01030563,-0.01045544,0.01484258,0.06436851,0.006444316,0.01708448,0.0431147,0.026508,0.01227795,0.03271652,0.02861358,0.01226234,0.02260093,0.02349444,0.04457042,0.04235796,0.01551971,-0.00914189,0.0219589,0.02071575,0.02072204,-0.02127216,0.03609898,0.04774806,0.03799742,0.002566674,-0.01563623,0.05274972,0.04373371,0.01594708,-0.004909002,0.0426908,0.02735539,0.03850188,0.006408218,0.03961045,-0.007852427,0.01009875,-0.03131057,0.07605004,0.05814484,0.01659833,0.02671685,0.05695087,0.024607,0.006257577,0.02927149,0.02311827,0.02414887,0.01082139,0.002960688,0.03351582,-0.03453419,0.01802973,0.02931776,0.01484045,0.01281376,0.01393318,0.04396005,-0.02022916,0.05509637,0.03608434,0.02845767,0.02444944,0.04396926,0.02483344,-0.01758074,-0.001961954,0.02928059,0.02231136,0.0275956,0.0161638,0.00425666,0.0006538302,0.01776622,0.05856149,0.06720327,0.007650874,0.03753569,-0.02631417,0.06362234,0.01900649,0.03321576,0.03651008,0.01657487,0.01872869,-0.02785147,0.01325977,0.04379675,0.05374406,0.01318979,0.03891735,0.007031237,alERC,sub-S32,g,randomWalker3,freq01234
0.05812534,0.05707347,0.05704286,-0.000230151,0.009003192,0.03752717,0.04901921,0.007684412,0.08803169,0.0498958,0.01459561,0.05337656,0.0442236,0.003950768,0.02462393,0.01638136,0.05502484,-0.004852897,0.05790496,0.0290025,0.03418594,0.01001836,0.08390815,0.0205249,0.01052865,0.09020887,0.03679154,0.02896993,0.01674248,0.03362578,0.05833828,0.02953368,0.03568179,0.0387038,0.03963529,0.0231995,0.04723807,0.03690343,0.02947989,-0.00345227,0.03501733,0.05767334,0.04716567,0.0432144,0.004502453,0.02847537,0.03099166,0.0399062,0.0009965131,0.03989583,0.05486069,0.04151773,0.02081678,9.553906e-05,0.06855955,0.05335629,0.02070851,0.002455475,0.05427105,0.04581849,0.05089356,0.01320452,0.01638774,0.01181301,0.02399728,-0.004551406,0.06153526,0.0433211,0.01113094,0.02890674,0.06329075,0.03583345,0.01659201,0.03667611,0.0377622,0.00200018,0.0191729,0.02453463,0.02240435,-0.02156737,0.001998417,0.04009226,0.03888951,0.02874093,0.01693914,0.05231769,0.01325065,0.03752753,0.04981536,0.0289168,0.03739819,0.0369383,0.0305838,0.0005661973,0.01844728,-0.004115481,0.03263486,0.03486193,0.008887219,0.001372353,0.01330003,0.03116814,0.06295716,0.05839137,0.0141962,0.04177577,0.01396764,0.04908999,0.03061872,0.03255137,0.04022238,0.0414226,0.03003888,-0.004817751,0.0138874,0.04834729,0.04965205,0.02390779,0.04264119,0.03485156,pmERC,sub-S32,g,randomWalker3,freq01234
0.04781397,0.01582057,0.0618523,0.05333307,-0.02058768,0.04632861,0.05328554,0.004376919,0.05460155,0.05750986,0.01686832,0.03194644,0.06079027,0.03187533,0.03797324,0.01677726,0.04407705,0.02996372,-0.001719074,0.01277055,0.03445469,0.05050535,0.05552492,0.03129434,0.01018321,0.01554778,0.05586318,0.0122493,0.02675317,0.03021496,0.06387387,0.03348444,0.020452,0.03632452,0.02538683,0.004220517,0.02938501,0.0262761,0.01199311,0.01330473,0.03225026,0.04612659,0.03524818,0.01722542,0.02667964,0.01080274,0.01665043,0.03843778,-0.009328902,0.03632591,0.03896771,-0.001606271,-0.004906781,-0.02058672,0.05294825,0.04552413,0.02163587,-0.01270862,0.04184591,0.03212212,0.03856679,0.01359275,0.03328212,-0.01666201,0.009712718,-0.03038064,0.07126386,0.04842294,0.01922652,0.02426896,0.05736523,0.02451312,0.006863432,0.02619303,0.02458739,0.03932597,0.02192924,0.006684389,0.02598044,-0.02936967,0.02347788,0.05433242,0.01211774,0.01731544,0.01536001,0.04561079,-0.005610663,0.03617166,0.035911,0.02431105,0.03157692,0.04900223,0.02443383,-0.008473181,0.02741175,0.01353476,0.0235733,0.02468082,0.01602373,0.005945829,0.004229783,0.02462106,0.05825546,0.06804728,0.01042871,0.03621089,-0.01461102,0.04379154,0.01842755,0.02337498,0.0345178,0.01964108,0.02103532,-0.01629849,0.01661908,0.04133891,0.05508465,0.01766865,0.03664143,0.02159542,alERC,sub-S32,g,randomWalker4,freq01234
0.03138201,0.03265113,0.05714744,0.05089569,-0.003028467,0.04636816,0.06337469,0.007858966,0.06172445,0.02866677,0.01997243,0.04079521,0.0411699,0.04121406,0.03586913,0.02697696,0.04112923,0.03261309,0.003503019,0.02489625,0.03139416,0.028011,0.03406949,0.04107248,0.01250157,0.02604438,0.05498292,0.01320986,0.02803645,0.03261425,0.06017446,0.04098307,0.03860102,0.03814248,0.03713777,0.0140089,0.04669403,0.03755787,0.03242265,-0.01181648,0.03880898,0.05877091,0.03916933,0.0470385,0.03741745,0.02132193,0.02797427,0.05765774,0.008083682,0.03790848,0.0505843,0.009446944,0.01732548,-0.01361799,0.06452809,0.05679495,0.0311638,0.00597931,0.05096241,0.05276242,0.05257848,0.006539911,0.02069028,0.004754916,0.02487056,-0.003973084,0.05880914,0.03083586,0.01435867,0.03461456,0.06236774,0.03746573,0.01668314,0.03570882,0.03851715,0.0245798,0.02859321,0.02631055,0.01893799,-0.02290141,0.01009197,0.04221529,0.03964943,0.02543451,0.02107849,0.05286532,0.02493891,0.02824103,0.05083377,0.02664441,0.04089908,0.03588489,0.02876406,0.01075308,0.04528099,0.003615616,0.03647272,0.02293443,0.0154621,0.003492899,0.01967987,0.03705333,0.06139316,0.05904317,0.01460122,0.04176427,0.02507182,0.04213046,0.03207227,0.005832453,0.04002472,0.04483083,0.03267104,0.005951729,0.01934598,0.04568643,0.04963595,0.02913631,0.04053498,0.04317659,pmERC,sub-S32,g,randomWalker4,freq01234
0.05668386,-0.005952782,0.05957578,0.009520635,-0.00310754,-0.02092608,0.03348885,0.01110829,0.0176318,0.06211957,-0.000118072,-0.0209794,0.06741321,0.01096434,-0.01854749,-0.0006678485,0.02078061,0.003269424,0.0007689641,0.0703748,-0.01763134,-0.007302319,0.07582168,0.006367525,0.001067063,-0.003120446,-0.003745313,0.0003391965,0.02368359,-0.02609713,0.004165831,0.02271693,-0.0176764,0.001788262,-0.00756118,-0.002596174,0.0273843,0.02892413,0.03526921,0.03595207,0.03471193,0.0018018,0.02730446,0.04401839,-0.006175324,0.0143641,0.04456047,-0.01856787,-0.002117279,0.04528956,0.02430032,-0.002677478,0.01495916,-0.03052542,0.04557874,0.01862549,0.01660622,-0.003350671,0.01416428,-0.007122253,0.03953788,0.01364723,0.02456357,-0.0182301,0.007237834,-0.03219089,0.07014384,0.04810831,0.01606604,0.02380877,0.05698895,0.0220311,0.005830355,0.02542912,0.02642691,0.0280431,0.004847465,0.009695702,0.02631018,-0.0247221,0.02259182,0.05241982,0.01792502,-4.901444e-05,0.01065507,0.04864644,-0.01439652,0.03568323,0.03366953,0.02166317,0.03763163,0.05851612,0.01909624,-0.01215609,0.007343338,0.01086629,0.02186854,0.01171433,0.01171651,0.002966787,-0.0001436594,0.01612167,0.05885207,0.06640179,0.01219395,0.029986,-0.0263159,0.06594739,0.01053359,0.007313152,0.03045834,0.01230297,0.0162094,-0.02873154,0.01211545,0.03702419,0.05076612,0.01262002,0.03295049,0.0293928,alERC,sub-S32,g,randomWalker5,freq01234
0.07114036,0.008129417,0.05603467,0.04143418,0.01854723,0.009779054,0.03971102,0.02780473,0.02354628,0.03226901,0.02837843,-0.003361168,0.07315589,0.01128646,0.006038214,0.01047592,0.03569288,0.01343387,0.007421282,0.05143412,0.02089198,0.004580379,0.07724958,0.01424934,0.02624991,0.02676046,0.01784564,0.02427252,0.03923618,0.01759574,0.01573606,0.05243022,-0.01514058,0.000908345,0.02548993,0.01579569,0.04012511,0.04419335,0.05641878,0.03978246,0.05600146,0.0143291,0.04363987,0.05525926,0.008462661,0.01815301,0.05522713,0.0005506777,0.01586165,0.05270322,0.02054862,0.009977318,0.03784325,-0.01064668,0.06007591,0.0405973,0.02904392,-0.01070475,0.02300927,-0.0001318492,0.05993284,0.009023796,0.02184791,-0.001093083,0.02383934,-0.009376581,0.05981698,0.03431686,0.01456088,0.03550912,0.05893918,0.03859129,0.01385531,0.03805667,0.04373665,0.02663838,0.01776951,0.02900709,0.02149926,-0.02213943,0.01201665,0.04750045,0.04847634,0.009819861,0.02092397,0.05719669,0.01928144,0.01273187,0.04794398,0.02868844,0.04490555,0.04387464,0.03092556,0.009467709,-0.01811439,0.001073277,0.03454328,0.02090369,0.01574253,0.01164793,0.01971555,0.03145396,0.06546042,0.0560893,0.01969318,0.04222368,0.0165722,0.05180448,0.03118623,0.0008874307,0.03629185,0.04197794,0.03219539,-0.003052569,0.01386718,0.04571705,0.05099772,0.02671692,0.04077478,0.04903352,pmERC,sub-S32,g,randomWalker5,freq01234
-0.004176433,-0.02511478,0.05922553,0.04402783,0.01910212,-0.004705391,0.075222,-0.01282074,0.01969265,-0.02295381,0.0006658438,0.03514366,0.03192271,0.01717651,0.006005976,0.01102492,0.037351,0.0006460837,0.05696303,0.0598914,-0.03130144,0.02001248,0.007133268,0.04407242,-0.04215803,0.03577089,0.001970118,-0.02463995,-0.001615298,0.02231337,0.008907462,0.02780887,-0.02301836,0.01202555,0.0001251463,-0.001047618,0.02050356,0.02954841,0.03701362,0.03551235,0.0368317,0.01642439,0.02656162,0.04566552,0.01336942,0.02303936,0.04607251,-0.01407346,-0.001900736,0.04629349,0.01256916,0.01127816,0.006175217,-0.03138727,0.03371827,0.02728583,0.01565721,-0.01245325,0.01065223,0.00199375,0.0267664,0.01608923,0.02780834,-0.01413995,-0.002074299,-0.03156739,0.06005801,0.04815924,0.01720173,0.01642166,0.05670282,0.02063069,0.007080221,0.02576569,0.01719963,0.03584766,0.008246656,0.001028864,0.02441543,-0.01427267,0.02127895,0.05968852,0.01928074,-0.001180385,0.01160725,0.04586097,-0.00797426,0.03450648,0.02985439,0.0215977,0.04388019,0.05117448,0.02234684,-0.01235753,0.0239515,0.01288356,0.02558076,0.01623625,0.01138552,0.005060012,0.002741002,0.01984183,0.05285808,0.06277293,0.009128411,0.03037072,-0.01832217,0.05077785,0.01275921,0.01396282,0.03170734,0.01459203,0.01677551,-0.01454115,0.01235828,0.03891784,0.05266278,0.01443982,0.03515487,0.01789826,alERC,sub-S32,g,randomWalker6,freq01234
-0.001332932,0.01056032,0.05734328,0.04748263,0.02564168,0.009993161,0.06267098,-0.002606591,0.02686798,-0.005997712,0.02764388,0.05002844,0.03071154,0.0195434,0.0229021,0.02760564,0.04335042,0.01576026,0.04119572,0.04623945,-0.01288948,0.007888912,0.02681514,0.0207565,-0.01357223,0.02893434,0.006106975,-0.001639393,0.01170534,0.03340917,0.02421756,0.05440867,-0.02070899,0.01243193,0.02685716,0.01974945,0.03433558,0.04603427,0.05884975,0.03975266,0.05885298,0.03516117,0.0407743,0.0671453,0.03007679,0.01509023,0.05473322,-0.02476464,0.01719629,0.04857319,0.01339063,0.02371445,0.02716898,-0.01496271,0.05044039,0.04116618,0.02757751,-0.008195357,0.006098518,0.008708754,0.05031526,0.006790575,0.01907044,0.004482681,0.01184411,-0.008195224,0.05102058,0.03251911,0.01510763,0.03248354,0.05778517,0.03649563,0.01377777,0.03776627,0.03691087,0.0298274,0.02151962,0.02272836,0.02043047,-0.02318581,0.01153423,0.0408219,0.04574811,0.0005025496,0.01920483,0.05744106,0.02285667,0.01819326,0.0476023,0.02682809,0.04538511,0.03307901,0.03075458,0.005061542,-0.01853262,0.0184254,0.03677258,0.01967635,0.01372663,0.009854483,0.01787602,0.03191546,0.06136025,0.05645948,0.01951901,0.04013124,0.02382136,0.04592908,0.03045872,0.03496316,0.04142451,0.0431345,0.03077183,0.003419671,0.009886698,0.04674279,0.0506111,0.02538624,0.04282617,0.0469664,pmERC,sub-S32,g,randomWalker6,freq01234
0.0580465,0.02189426,0.06101511,0.03879326,0.04992347,0.01751281,0.04929329,0.02620539,0.03463154,0.02963173,0.03537497,0.01163209,0.05140328,-0.02213159,-0.007382888,0.01447927,0.03948905,-0.02669549,0.0488078,0.05182998,0.02878516,0.009360373,0.03738166,-0.005835973,0.04165173,0.02314488,0.007938053,0.03946064,0.01568436,0.03860012,0.0678314,0.02409331,-1.493309e-05,0.03901755,0.01966086,0.000261548,0.03046684,0.02093943,0.01039879,0.01530679,0.02920733,0.03396255,0.04043419,0.0206219,0.005407699,0.02657898,0.007242572,0.01399177,-0.02169401,0.0323364,0.04502055,0.0112057,0.001716229,-0.01281414,0.05457606,0.0417192,0.01664659,-0.0129257,0.04241893,0.0270562,0.03003351,0.006114632,0.04327587,-0.008951066,0.01580729,-0.02720048,0.0684678,0.05809671,0.01594561,0.0247485,0.05944249,0.02171287,0.008414321,0.01912453,0.01920614,0.03554304,0.01133821,0.000195193,0.02833676,-0.02050048,0.01909732,0.009926031,0.01462561,0.007400359,0.01453888,0.04399989,-0.009415811,0.05176298,0.03282502,0.02239949,0.03985397,0.05238959,0.02722177,-0.01474054,0.01528967,0.02059696,0.02595104,0.02930022,0.01631369,0.007313636,-0.0005539329,0.0212871,0.0534288,0.06070396,0.008523272,0.03157814,-0.02830138,0.06892139,0.01589577,0.01939246,0.03154457,0.01457468,0.02064438,-0.01835817,0.01993389,0.03917008,0.05153602,0.01741715,0.03384059,0.01599315,alERC,sub-S32,g,randomWalker7,freq01234
0.07160541,0.02484793,0.05711237,0.03601335,0.04039994,0.02403106,0.04670004,0.03708956,0.02644045,0.04546105,0.04478666,0.02574307,0.03816495,-0.01276882,0.03318645,0.02258369,0.04802337,0.002733504,0.04198033,0.04382247,0.03775724,-0.002083408,0.05060832,0.00207407,0.04452459,0.01153362,0.006021517,0.04284524,0.03520947,0.0427319,0.06423787,0.0328391,0.02655065,0.03725465,0.03510819,0.01375668,0.0481136,0.03291877,0.03158747,-0.02381646,0.03156619,0.050128,0.04910371,0.04899477,0.02412603,0.03626312,0.01937267,0.03929009,-0.004744328,0.02958759,0.05443233,0.02017589,0.0188209,-0.005571176,0.06619424,0.05763275,0.0251701,0.002767097,0.0499798,0.0470793,0.04890649,0.01134106,0.02064004,0.00709657,0.02554986,-0.003887942,0.0676521,0.03924402,0.01900592,0.03400173,0.0591171,0.03831911,0.01786129,0.0333311,0.03830931,0.01041328,0.02047123,0.02459907,0.02808593,-0.01733299,0.01048272,0.03329542,0.04476082,0.01421367,0.02141584,0.05620573,0.01870765,0.02818173,0.05234386,0.02545793,0.04120762,0.03911187,0.03596473,0.0009800753,-0.01432035,0.0117823,0.03467463,0.03766143,0.01744666,0.008384837,0.01383273,0.03385577,0.06341304,0.05455234,0.01669291,0.04216076,0.01708842,0.05410244,0.03281474,0.02161488,0.03972108,0.04419448,0.03473708,-0.0007470966,0.01902745,0.04871252,0.04972428,0.02788709,0.04264162,0.0395207,pmERC,sub-S32,g,randomWalker7,freq01234
0.01344539,-0.001029642,0.05902715,0.03608734,0.0218233,-0.002322796,0.05389728,-0.005166944,0.02115875,0.01631383,0.03625516,0.0267949,0.03018358,0.0195644,0.01437374,0.02140276,0.04610106,0.01364254,0.04148805,0.04083872,-0.009309615,0.02650538,0.00195205,0.02391435,-0.01818037,0.02562793,0.009818592,-0.02359013,0.01143695,0.02107039,0.03128077,0.008477029,0.02088302,0.02513336,-0.009974056,0.009846554,0.0162282,0.05748171,0.01926448,0.03327213,0.03902994,0.008840455,0.04416859,0.02923116,0.03610965,0.03721464,0.01852811,0.02808543,-0.01059183,0.0362508,0.01821518,0.01621908,-0.007062387,-0.03409294,0.03363972,0.04282868,0.02550807,0.01264086,0.02063888,0.03496355,0.0226754,0.01258981,0.03333008,-0.00807946,0.02058764,-0.0305809,0.0769045,0.0553907,0.01077118,0.02467882,0.0572939,0.02311423,0.006522302,0.02420961,0.01637804,0.03484947,0.01016493,0.005141155,0.02880413,-0.02422529,0.02400275,0.02986911,0.01930078,0.006092693,0.01616132,0.04172014,-0.0001831312,0.04096122,0.03195795,0.02445199,0.03848956,0.04174886,0.02752977,-0.00620598,0.02885513,0.0167759,0.02644187,0.02764041,0.01707521,0.009292277,0.0015288,0.02432114,0.05525046,0.05763402,0.004901548,0.03486712,-0.0150153,0.05754148,0.0162443,0.01068885,0.0315767,0.01774177,0.02230638,-0.01281795,0.01861818,0.041593,0.0524468,0.01923324,0.03332706,0.02742604,alERC,sub-S32,g,randomWalker8,freq01234
0.02035012,0.02854474,0.05809125,0.02994268,0.02852926,0.003525179,0.03555437,0.008100306,0.04796473,0.01702326,0.05810417,0.04972011,0.02326317,0.01455125,0.01098452,0.0320849,0.04582852,0.01871143,0.03353419,0.03938357,0.009379352,0.007149143,0.01152987,0.006736226,0.006931356,0.04599059,0.00361451,0.005446877,0.02924015,0.03859543,0.03381372,0.03454663,0.04152324,0.03573538,0.005308287,0.02638107,0.0327735,0.06463898,0.03372629,0.02008923,0.06333099,0.01934427,0.04111125,0.05341699,0.04707116,0.03875489,0.03260328,0.05627919,0.01219318,0.03742299,0.03020838,0.01370689,0.01065515,-0.02369043,0.03903899,0.05398782,0.0326738,0.02381929,0.03739486,0.0466038,0.04588548,0.01539333,0.01778539,0.00705139,0.02979956,-0.006063112,0.06583895,0.03813141,0.01035712,0.03168285,0.06161759,0.03731241,0.01606081,0.03379225,0.03531843,0.01125602,0.02277597,0.02555823,0.02353602,-0.02700913,0.006288915,0.04463984,0.04438785,0.02056195,0.02378351,0.04996303,0.02679646,0.0267937,0.05081854,0.02831741,0.04468633,0.03194392,0.034658,0.01013112,0.01935627,0.007434036,0.03776646,0.02860778,0.01928287,0.007050708,0.01691895,0.0361503,0.0626696,0.05689504,0.01524798,0.04440132,0.02412738,0.05193516,0.03277691,0.01022125,0.03709777,0.04581032,0.03651677,0.007719763,0.01908747,0.04971815,0.04961086,0.03110086,0.0403954,0.04115491,pmERC,sub-S32,g,randomWalker8,freq01234
0.0267796,0.001010507,0.06029284,0.04849279,0.0003877461,0.03601589,0.05255805,0.02722988,-0.003206918,0.007017274,-0.03175518,0.03606023,0.06573467,-0.01222819,0.05315891,0.01495106,0.04115793,0.0289448,0.01052069,0.010048,0.05553368,0.04907327,0.0405573,-0.01429105,0.02325927,0.0262286,0.05506293,0.03495056,0.04084759,0.03118293,0.02940171,0.01020772,0.02542213,0.02542532,-0.02271152,0.009046295,0.01589894,0.05382121,0.02450133,0.02706582,0.03381344,0.01814544,0.03771228,0.03773293,-0.02889645,0.008527763,0.02144426,0.009960211,-0.01224266,0.0292362,0.01755876,0.007414237,-0.005561233,-0.03722222,0.03623511,0.03911373,0.02456649,0.02186311,0.02109092,0.04069337,0.02903496,0.01329429,0.02667907,-0.007740662,5.503923e-05,-0.03430635,0.06669835,0.04698711,0.01784871,0.02253983,0.05466322,0.02566,0.005562295,0.02533253,0.0177623,0.04598349,0.002205718,-5.459386e-05,0.02713397,-0.01970846,0.02804457,0.047308,0.03080154,0.01420511,0.01518475,0.04593226,-0.004479926,0.0506599,0.03474591,0.02582822,0.03957479,0.04666005,0.02598588,-0.01248349,0.03436689,0.006140193,0.02257968,0.01992403,0.01793176,0.008286585,0.002172279,0.02164505,0.05563292,0.06064025,0.001516484,0.03413129,-0.01540582,0.04979867,0.01812184,0.05066013,0.03331329,0.01906575,0.02272798,-0.02081756,0.01609757,0.03911874,0.05076742,0.01733606,0.03445594,0.02641976,alERC,sub-S32,g,randomWalker9,freq01234
0.01139105,0.01605441,0.05718883,0.04479381,0.01125682,0.04382578,0.0710084,0.02493672,0.02429588,0.02171314,-0.01017214,0.06402268,0.04364192,0.01192956,0.05876168,0.02801002,0.04861897,0.04261587,-0.0001697607,0.03607747,0.03690098,0.04502704,0.06092531,0.0154069,0.02323663,0.06258754,0.05732067,0.02348335,0.02951672,0.02676982,0.03589186,0.03609261,0.0505198,0.03671524,-0.01143918,0.03299662,0.03107359,0.06002945,0.03821378,0.02106108,0.061914,0.02395638,0.03645658,0.05409953,0.007020371,0.007448554,0.03289364,0.04019866,0.01261829,0.01770886,0.03105663,0.009407148,0.01482796,-0.0180586,0.04893674,0.05345181,0.03351675,0.03950429,0.03183336,0.04838184,0.04425707,0.01312074,0.01690241,0.008138596,0.01126349,-0.008884155,0.06114747,0.0330092,0.01615131,0.03471146,0.05833143,0.03820124,0.01511627,0.03277671,0.03502873,0.03677581,0.0159108,0.02150907,0.02854939,-0.02524274,0.01539968,0.04670447,0.05413705,0.02185764,0.02082944,0.05345107,0.02582111,0.02575096,0.04951555,0.02817914,0.04781982,0.03398266,0.03230057,0.008615589,0.04692021,-0.009118983,0.03319929,0.02097123,0.01683361,0.002842197,0.01762544,0.03381347,0.05964748,0.05540028,0.01055519,0.04077575,0.02564374,0.04402954,0.03286198,0.04555898,0.03916726,0.04501832,0.03454349,0.001902229,0.01640226,0.04442182,0.04768894,0.02837341,0.03919951,0.05001146,pmERC,sub-S32,g,randomWalker9,freq01234
