freq3cell0,freq3cell1,freq3cell2,freq3cell3,freq3cell4,freq3cell5,freq3cell6,freq3cell7,freq3cell8,freq3cell9,freq3cell10,freq3cell11,freq3cell12,freq3cell13,freq3cell14,freq3cell15,freq3cell16,freq3cell17,freq3cell18,freq3cell19,freq3cell20,freq3cell21,freq3cell22,freq3cell23,freq3cell24,freq3cell25,freq3cell26,freq3cell27,freq3cell28,freq3cell29,freq3cell30,freq3cell31,freq3cell32,freq3cell33,freq3cell34,freq3cell35,freq3cell36,freq3cell37,freq3cell38,freq3cell39,freq3cell40,freq3cell41,freq3cell42,freq3cell43,freq3cell44,freq3cell45,freq3cell46,freq3cell47,freq3cell48,freq3cell49,freq3cell50,freq3cell51,freq3cell52,freq3cell53,freq3cell54,freq3cell55,freq3cell56,freq3cell57,freq3cell58,freq3cell59,freq4cell0,freq4cell1,freq4cell2,freq4cell3,freq4cell4,freq4cell5,freq4cell6,freq4cell7,freq4cell8,freq4cell9,freq4cell10,freq4cell11,freq4cell12,freq4cell13,freq4cell14,freq4cell15,freq4cell16,freq4cell17,freq4cell18,freq4cell19,freq4cell20,freq4cell21,freq4cell22,freq4cell23,freq4cell24,freq4cell25,freq4cell26,freq4cell27,freq4cell28,freq4cell29,freq4cell30,freq4cell31,freq4cell32,freq4cell33,freq4cell34,freq4cell35,freq4cell36,freq4cell37,freq4cell38,freq4cell39,freq4cell40,freq4cell41,freq4cell42,freq4cell43,freq4cell44,freq4cell45,freq4cell46,freq4cell47,freq4cell48,freq4cell49,freq4cell50,freq4cell51,freq4cell52,freq4cell53,freq4cell54,freq4cell55,freq4cell56,freq4cell57,freq4cell58,freq4cell59,brain_region,fmri_subject,TEM_component,TEM_walker,TEM_freq
0.04270367,0.03218932,0.0156271,0.02227294,0.06041764,0.0311684,0.04532212,0.05459683,0.04607463,0.03404838,0.03866653,0.01747208,0.04204268,0.03316784,0.0169106,0.04028705,0.04027497,0.03156609,0.03964239,0.04221172,0.01276752,0.005089993,0.000615878,0.02297371,0.003197672,0.0002755999,0.01243431,0.002832355,0.00866401,0.02583079,0.04282267,0.03095539,-0.01076443,0.03846965,-0.01245273,0.03571838,-0.003831279,0.05004659,0.04231573,0.03815628,0.08672795,0.08272578,0.07501553,0.06602649,0.0658414,0.07164993,0.07816304,0.07822418,0.08333136,0.06674071,0.02666915,0.03454949,0.0211718,0.008425466,0.00276213,0.02764413,0.02286441,0.06897364,0.04091889,0.03068414,0.03916094,0.0347424,0.04390761,0.02977555,0.05377847,0.04098903,0.0413916,0.006505228,0.03954123,0.01409313,0.02978134,0.04629775,0.02162953,0.01877393,-0.003704798,0.04945666,0.021803,0.07408869,0.04546399,0.02188149,0.05104307,0.05295072,0.04442459,0.04812851,0.03445498,0.05392697,0.05311664,0.05018661,0.05062969,0.05605082,0.04117331,0.04308354,0.02772523,0.01741155,0.0007913735,0.03968181,0.03647506,0.04257471,0.0436768,0.02944898,0.004630875,0.05730643,-0.0005746973,0.009011621,-0.006425414,-0.003358781,0.001829101,-0.002963785,0.002912319,0.02404667,0.02050145,0.03378085,0.01747784,0.01600088,-0.004914775,0.04497191,-0.01780845,0.02674359,0.02304151,0.008225505,anteriorHippocampus,sub-S01,p,randomWalker0,freq34
0.02456407,0.01144461,0.01096094,0.007940711,0.0390023,0.01333766,0.04668729,0.03238162,0.02536344,0.01504328,0.02667171,0.0273633,0.03040009,0.02492694,0.02386324,0.04616842,0.0402214,-0.007809787,0.03289614,0.04113201,0.02027971,0.01434926,0.01137985,0.02838629,0.01523537,0.01074062,0.01965244,0.01347874,0.01756285,0.02997294,0.01564475,0.01378457,3.997769e-05,0.01466719,-0.00644204,0.01562896,0.005837039,0.02641746,0.01172263,0.01417466,0.07362364,0.06660248,0.05766619,0.04649995,0.04405377,0.05018268,0.0747423,0.05979222,0.06856316,0.04300638,0.008649222,0.008607085,0.03140669,0.01903893,0.01782161,0.01067592,0.03447388,0.02845,0.01801246,0.01539081,0.03512596,0.0410314,0.03416177,0.03014614,0.0394328,0.04572688,0.04064207,0.01176659,0.04041581,-0.0007385817,0.04882227,0.03543053,0.02581848,0.03046974,0.005650475,0.03187708,0.0356786,0.05780519,0.05943314,0.03108713,0.02769399,0.02455464,0.01397233,0.02004176,0.007696241,0.02898371,0.02882097,0.03632594,0.02859383,0.03759584,0.03706236,0.02931129,0.03025814,0.03130524,0.01589704,0.02311123,0.02914223,0.03336309,0.03410686,0.03448531,0.01622944,0.03625983,0.01051225,0.02069881,0.003140806,0.006772507,0.01282777,0.005966628,0.01409227,0.03676251,0.03246069,0.02582884,0.03226382,0.02930797,0.004430771,0.0303395,0.008799862,0.01459731,0.03175636,0.0248864,posteriorHippocampus,sub-S01,p,randomWalker0,freq34
0.04161818,0.02698506,0.01964986,0.03511007,0.0490495,0.03554255,0.04510922,0.04817867,0.03911639,0.04986102,0.03689921,0.01579938,0.04555637,0.0312626,0.02377325,0.02887341,0.03949106,0.03273727,0.03988203,0.03981471,0.01401058,-0.00255222,0.0002682637,0.00753756,-0.0007693414,0.005425464,0.01383767,0.002011668,0.01435822,0.005829991,0.04359001,0.04174305,-0.01784826,0.03523272,0.03442913,0.03691586,0.00596132,0.05501988,0.05129657,0.05435916,0.08081291,0.07211127,0.09027108,0.06868974,0.07332025,0.07359415,0.08198304,0.07665222,0.07930213,0.06789339,0.03411223,0.03014875,0.01129601,0.002281284,0.03617868,0.0369136,0.02254985,0.0570876,0.04248691,0.04314258,0.03976906,0.04248333,0.05164078,0.02305334,NaN,0.0478665,0.0375088,0.04467332,0.04205224,0.05181072,0.05049936,0.05136566,0.001871395,0.003426808,NaN,0.0623256,0.01324607,0.01605253,0.05432263,0.0476421,0.04557243,0.0404031,0.03562802,0.03722181,NaN,0.05850817,0.04874714,0.05382178,0.04916314,0.06389982,0.04124374,0.03859343,0.08470994,0.01120275,NaN,0.04264903,0.04885117,0.05865214,0.04353601,0.03551812,0.002916401,-0.001094425,-0.004264866,0.05018558,NaN,0.005580995,-0.003942177,0.000193131,0.0004618226,-0.003152261,0.02545171,0.03921083,0.0003006384,-0.01625164,NaN,0.0369284,0.0183725,0.01301245,0.01725001,0.02153276,anteriorHippocampus,sub-S01,p,randomWalker1,freq34
0.0197759,0.01024303,0.01168187,0.01739631,0.02320384,0.01249148,0.03766307,0.02375091,0.01773596,0.02613554,0.03202485,0.02473199,0.03236781,0.02607581,0.02335653,0.03485247,0.03756837,0.03007793,0.03537558,0.03852645,0.02077515,0.004552701,0.008589809,0.01970813,0.006799224,0.01239535,0.01993553,0.007584964,0.02156967,0.01306562,0.01822151,0.02052933,-0.01919509,0.01592628,0.01539052,0.01629607,-0.01059966,0.02928959,0.02463655,0.02949056,0.06480546,0.05097705,0.08808702,0.04580691,0.05370879,0.05295637,0.08429118,0.05819301,0.06361457,0.04538922,0.007786714,0.01162294,0.01675913,0.01714061,-0.002109996,-0.0002896812,0.02745001,0.005645529,0.01968844,0.03506346,0.03405017,0.03774643,0.0351902,0.02733357,NaN,0.03893293,0.03653751,0.03651897,0.03480467,0.03998343,0.05081335,0.03598332,0.009992768,0.04167524,NaN,0.05235766,0.01942962,0.02131437,0.05341171,0.05684247,0.02538897,0.01484683,0.002484347,0.003804557,NaN,0.03377359,0.02918449,0.02581664,0.02608718,0.04017619,0.03289885,0.01950513,0.08197958,0.03198162,NaN,0.02445562,0.02565038,0.03842272,0.03058264,0.03819272,0.01142729,0.007464047,0.004273375,0.05415723,NaN,0.01295298,0.004138494,0.007279526,0.009016411,-0.000104294,0.02550077,0.03318796,0.009934979,-0.006293778,NaN,0.04072129,0.02386972,0.01285275,0.03832386,0.03703362,posteriorHippocampus,sub-S01,p,randomWalker1,freq34
0.04168503,0.02879225,0.04441384,0.03998971,0.06035433,0.02646967,0.04014187,0.06537987,0.04583541,0.04036991,0.04303189,0.035815,0.04294106,0.03457589,0.02659931,0.04729956,0.04550737,0.03225536,0.04318523,0.04861632,0.03061342,0.02366097,0.005319121,0.0314219,0.01645907,0.01507667,0.01612588,0.00873141,0.01751682,0.02434584,0.06696897,0.0296666,-0.006009658,0.05108436,-0.006726701,0.03090624,-0.004560699,0.07006461,0.004863265,0.03001864,0.08874939,0.05858843,0.09294365,0.06894544,0.08110772,0.05900832,0.09772931,0.07901295,0.08097554,0.07178853,0.02702521,0.02870983,-0.01599342,0.02846404,-0.006844628,0.02166357,0.02760417,0.08108454,0.04430896,0.02924288,0.03928592,0.03671464,0.04653504,0.01124327,0.1091558,0.0505623,0.04327108,0.04218786,0.04272376,0.03395286,0.07019283,0.03325698,0.02600092,0.05787072,0.1091558,0.03116282,0.02641478,0.0141746,0.04642144,0.05862851,0.0481435,0.04563393,0.03941625,0.05653488,0.1091557,0.05953535,0.05164717,0.04636088,0.05161947,0.05832269,0.03808343,0.03112159,0.06559377,0.05948381,0.1091557,0.03521227,0.05978914,0.0535016,0.03915208,0.0427991,0.0112217,0.0490495,0.004641626,0.04411285,0.1091558,0.04008568,0.007076257,0.0007101303,0.006483,0.0650133,-0.007785002,0.02364576,0.01405861,0.04789302,0.1091558,0.02367036,0.0005421742,0.02863809,-0.01168701,0.04203815,anteriorHippocampus,sub-S01,p,randomWalker2,freq34
0.02082053,0.004413501,0.01819882,0.01518032,0.0348806,0.004933895,0.02119296,0.04071636,0.02191461,0.01621029,0.01642401,0.03602969,0.02050058,0.0006282822,-0.01643893,0.04632295,0.03841673,0.02163845,0.03122266,0.03609088,0.02710659,0.02735352,0.01229933,-0.007047303,0.01334511,0.01912137,0.01995851,0.0157165,0.0215087,0.03808757,0.02582284,0.005943685,-0.0004722789,0.02637837,-0.001418307,0.006927872,0.001683585,0.04192801,-0.006189479,-0.007553931,0.0725214,0.0314896,0.0863928,0.04309204,0.06187549,0.03260345,0.09579933,0.05790748,0.06097216,0.04723129,0.01191168,0.002289056,-0.01809406,0.01686825,-0.003515797,0.0007168044,0.03562733,0.0587264,0.02612993,0.01067676,0.02906805,0.02464146,0.03525434,0.03167279,0.113052,0.040503,0.03489542,0.02496829,0.03299194,0.03728222,0.06499773,0.01416433,0.02658152,0.04672951,0.1130521,0.009770599,0.03070396,0.02045879,0.0498125,0.02931506,0.005815719,0.0006267237,-0.006034252,0.04064359,0.1130521,0.02308113,0.02625637,0.0156533,0.02036282,0.02074615,0.02632043,0.009194541,0.02080521,0.04624361,0.1130521,0.01104493,0.04327124,0.02035382,0.02331102,0.02351467,0.01881908,0.01317741,0.01266997,0.02909079,0.1130522,0.009791468,0.01455022,0.008314732,0.01525275,0.01964314,-0.02874255,0.008535296,0.01978468,0.04179471,0.1130522,0.005085099,-0.02227392,0.04019339,-0.02595941,0.02466078,posteriorHippocampus,sub-S01,p,randomWalker2,freq34
0.03135435,0.03513588,0.03109726,0.03573346,0.0642356,0.03475716,0.02417226,0.05309816,0.03619971,0.04019371,0.04767891,0.03250669,0.03135676,0.03189283,0.02058468,0.04379285,0.0320222,0.04229899,0.03780467,0.03422921,0.008390727,-0.0003437607,3.957642e-05,0.008622463,-0.0006195533,0.006089996,0.008461204,0.006764501,0.006300885,-0.001184533,0.005048849,0.05959715,-0.01096749,0.06133411,-0.01004971,0.04967405,-0.0147103,0.0425218,0.03128336,0.05635862,0.08237375,0.07595682,0.0964099,0.07429672,0.07356039,0.07586098,0.08952818,0.07891335,0.08794033,0.0751645,0.0282067,0.04204462,0.003166876,0.01819101,0.01291458,0.04798615,0.02582435,0.06518115,0.04620946,0.05496367,0.05234172,0.04869265,0.04358068,0.02780179,0.02615218,0.04664996,0.01461298,0.04725665,0.04810612,0.07815132,0.04764689,0.05942687,0.0748411,0.02780181,0.0003375975,0.0650038,0.02207127,0.05311062,0.05860188,0.04367565,0.05116836,0.04820899,0.03476094,0.02780201,-0.007540457,0.04758263,0.03637445,0.04310214,0.04864253,0.06085947,0.04180382,0.05193158,0.07816983,0.02780174,0.00408792,0.0479398,0.02527883,0.0447027,0.04435186,0.05334892,-0.0008520705,0.06022945,-0.003159851,0.02780172,-0.002031832,0.003798481,0.008031583,-0.002357901,0.0005045249,0.05063213,0.07230209,0.03650853,0.07835307,0.02780172,0.0005696829,0.05356139,0.02510767,0.07337832,0.07918699,0.02003887,anteriorHippocampus,sub-S01,p,randomWalker3,freq34
0.006434501,0.009820534,0.01529057,0.01011522,0.0381343,0.009551704,0.007682175,0.02614594,0.01096234,0.01495276,0.03393025,0.03039591,0.0318971,-0.0037664,0.02372161,0.03691667,0.03486119,0.03451518,0.03481698,0.0327852,0.01818652,0.01150633,0.01109549,0.0252166,0.01039895,0.01677056,0.01684117,0.01512588,0.01726212,0.01244549,-0.001005,0.02495219,-0.003977973,0.03229037,-0.003560628,0.02357923,-0.005254379,0.01565238,0.001597029,0.02729618,0.06293081,0.05244213,0.08903969,0.04797492,0.04795448,0.05151954,0.08074418,0.05510788,0.07135074,0.05028999,0.01484696,0.008464706,0.01378473,0.00768691,0.003296042,0.01347442,0.01094447,0.0247176,0.01814804,0.02495787,0.04058107,0.03618753,0.04420213,-0.00935054,0.02659303,0.03856363,0.02353581,0.02976954,0.03876823,0.05296106,0.05200123,0.02902695,0.04884449,-0.009350645,0.009422143,0.02195779,0.04121879,0.0413746,0.0525954,0.02695827,0.02199153,0.019145,0.0006219711,-0.009350777,-0.01119551,0.0179709,0.02049785,0.01004073,0.01960984,0.0352462,0.02918181,0.02922267,0.05115777,-0.009350597,0.009012206,0.01954752,0.004677064,0.03419106,0.02912846,0.02953495,0.01108431,0.05053395,0.007041401,-0.009350671,0.007964619,0.01618179,0.02005572,0.008954502,0.01368995,0.05288675,0.03211301,0.02421929,0.04049393,-0.009350585,0.00998947,0.02380081,0.04340339,0.05119628,0.04419888,0.01147811,posteriorHippocampus,sub-S01,p,randomWalker3,freq34
0.04134408,0.03123999,0.0242547,0.04540766,0.05973643,0.03077254,0.05152583,0.05195832,0.04337665,0.04545006,0.04507604,0.02642325,0.03643507,0.03709245,0.03484551,0.03742734,0.03865838,0.0345547,0.04273027,0.04336651,0.01238177,0.009450985,0.0009064696,0.001557265,0.0005908119,0.003019195,0.01028303,0.00432146,0.01007858,0.01578321,0.04707623,0.02792122,0.01005528,0.03984352,0.01903625,0.02796209,-0.01482593,0.04691159,0.04736312,0.0306002,0.0829414,0.07793897,0.05718188,0.05084611,0.0775616,0.07048462,0.07576828,0.07388989,0.0770924,0.07303512,0.04037816,0.03730791,0.003383658,0.0384309,0.007576033,0.0371193,0.01500268,0.06520293,0.05504015,0.03987971,0.04393223,0.04138502,0.04433693,0.03931489,0.05085123,0.04262105,0.04327747,0.0465604,0.04586417,0.0193108,0.06555925,0.04810453,0.0065975,0.002948231,0.05085113,0.05053198,0.02109259,0.06482961,0.0605618,0.02196253,0.04937766,0.0442615,0.04812831,0.03911835,0.05085123,0.04981655,0.04898556,0.04872374,0.05061849,0.04974062,0.04136073,0.03213812,0.07860211,0.03721698,0.05085116,0.04255328,0.02903552,0.06196513,0.04454862,0.02189953,0.003512756,0.02402238,-0.00208783,-0.008178805,0.05085117,0.004998041,0.001440737,0.002166417,0.001820111,0.02792052,0.05125593,0.09076868,0.0001402221,-0.0004857454,0.05085112,0.06491754,0.02009604,0.0147242,0.03421653,0.05545457,anteriorHippocampus,sub-S01,p,randomWalker4,freq34
0.01482442,0.009189712,0.006236274,0.01471447,0.04006057,0.01017579,0.03923167,0.02754389,0.01844846,0.02203524,0.03095368,0.003196424,0.0337447,0.02289405,0.03309245,0.03617845,0.03586041,0.03057876,0.03575382,0.02946459,0.01824671,0.01653633,0.009467923,0.01146074,0.009824638,0.01080966,0.01800475,0.01196658,0.01688308,0.02116731,0.01800147,0.005700153,0.006681088,0.01407937,0.0009332836,0.008028528,-0.01127293,0.02337175,0.01656596,0.00892244,0.06502859,0.05676257,0.0373754,0.02068638,0.05713335,0.04589775,0.05704506,0.05012244,0.05558064,0.04838808,0.01789944,0.00921084,0.01271787,0.009768397,0.01261269,0.009407429,0.02845931,0.02551124,0.02916982,0.02036958,0.03199411,0.02020428,0.03062083,0.01801733,0.03553747,0.03812367,0.03320036,0.03242531,0.03497612,-0.01078317,0.03878202,0.0263492,0.01096108,0.01127048,0.03553751,0.04782646,0.02775184,0.04701464,0.05585032,0.01142936,0.02060595,0.01060514,0.01935261,0.0109343,0.03553746,0.03126279,0.02536369,0.0215502,0.0245757,0.02389959,0.0242828,0.01272936,0.04171247,0.01120142,0.03553749,0.0309016,0.034743,0.03694827,0.03160132,0.01452725,0.01306859,0.04017876,0.00547206,-0.002511632,0.03553761,0.01471206,0.01143569,0.01104732,0.01129769,0.01733753,0.03623154,0.08344928,0.008209867,0.008895085,0.03553753,0.07083037,0.03699816,0.02030595,0.03210511,0.02978212,posteriorHippocampus,sub-S01,p,randomWalker4,freq34
0.04313151,0.02771594,0.02753097,0.03443604,0.06043457,0.02774436,0.04686266,0.05255333,0.03619993,0.04296386,0.04572887,0.02368571,0.03653951,0.03121637,0.0294426,0.02372447,0.04309112,0.03294495,0.04284177,0.04719796,0.01441179,0.03655221,0.003481546,0.004347574,0.001326633,0.01173973,0.01518745,0.006560028,0.01128357,0.008711247,0.03350118,0.04466655,-0.008728849,0.05424153,-0.005743686,0.02384352,-0.009020083,0.03791603,0.03450732,0.0551973,0.07485735,0.06425098,0.06779177,0.0685031,0.07535128,0.06889407,0.05085085,0.07600565,0.07350446,0.06697508,0.02713807,0.03698041,0.008383784,0.01852207,0.04572079,0.02697659,0.02830722,0.05377765,0.04612839,0.05313965,0.04242737,0.02772839,0.04695026,0.03057923,NaN,0.04504898,0.04463762,0.03860483,0.0441347,0.01845271,0.04954379,0.01586249,0.008964611,0.03435494,NaN,0.07312005,0.03344198,0.09453719,0.0698033,0.06277224,0.04271859,0.03853149,0.04739193,0.0308935,NaN,0.05278823,0.0397116,0.04090665,0.04440973,0.05148631,0.0296865,-0.006735208,0.0287991,0.02623326,NaN,0.05505191,0.02096984,0.06610829,0.04067758,0.05864726,0.00211226,0.08253662,0.002227071,-0.0009659103,NaN,0.02613586,0.008135029,0.06424069,0.003017685,-0.001705121,0.01761524,0.03808621,0.01346089,0.03159799,NaN,0.07638113,0.03073035,0.04132599,0.01511048,0.04441841,anteriorHippocampus,sub-S01,p,randomWalker5,freq34
0.01938402,0.006517667,0.009897342,0.005448676,0.05028347,0.006135985,0.02664349,0.02972742,0.01149486,0.01980639,0.03338245,0.01178296,0.02969235,0.01856026,0.02810394,0.03786264,0.03825057,0.02361375,0.0386875,0.03935709,0.01832853,0.07456937,0.01128063,0.02111845,0.008832401,0.02851868,0.01911068,0.009499981,0.01578545,0.02063985,0.009019451,0.02174444,-0.001793056,0.03198826,0.001624528,0.006162343,-0.002127449,0.003782457,0.006805643,0.03070166,0.05557821,0.04118118,0.05110966,0.06565201,0.05695808,0.046905,0.06396952,0.05647572,0.05604554,0.04346719,0.01311953,0.007494422,0.0139495,0.02144367,0.03806817,-1.216414e-05,0.03319605,0.00577048,0.02053669,0.02643049,0.03908652,-0.006898998,0.041473,0.005694056,NaN,0.0505328,0.03363037,0.03011729,0.04124549,0.01577452,0.05731977,0.04164825,0.02136547,0.02681326,NaN,0.04144335,0.04554226,0.08608741,0.05803952,0.07732107,0.02353448,0.009915664,0.01744309,-0.009416168,NaN,0.02892088,0.02159707,0.02552591,0.02484134,0.0209387,0.02397552,0.02164376,0.01274333,0.01232452,NaN,0.03074421,0.01385144,0.05911695,0.02569456,0.04708531,0.009675702,0.08183374,0.01027255,0.009072061,NaN,0.001793509,0.01607786,0.04843089,0.0100853,0.005771302,0.0221646,0.02373027,0.01619486,0.04351898,NaN,0.04426699,0.05012203,0.1001704,0.030115,0.05140807,posteriorHippocampus,sub-S01,p,randomWalker5,freq34
0.03728605,0.02773457,0.008476905,0.02425441,0.05129788,0.03234304,0.02272622,0.04903892,0.03787056,0.041254,0.03339506,0.03028962,0.03721049,0.03417892,0.01988231,0.02709921,0.03674641,0.02995188,0.04125844,0.03928969,0.01321453,-0.0008381837,0.001272208,0.03579829,-4.056841e-06,-0.000668005,0.007197463,0.003026906,0.008508562,0.01571268,0.0887412,0.04582464,-0.008861664,0.03310181,0.03336342,0.05882609,-0.006729876,0.06382088,0.0636688,0.06975021,0.09206622,0.06705389,0.06791116,0.06999522,0.06683992,0.07365672,0.05998955,0.07290624,0.07746618,0.07096899,0.04437225,0.03186362,0.02373347,0.004246911,0.02796187,0.0348979,0.02001682,0.03675441,0.04065029,0.02788535,0.04055205,0.04224392,0.03284012,0.01283182,NaN,0.05041829,0.03247214,0.05169478,0.0461863,0.01730962,0.03211625,0.04628173,0.02898353,0.01706776,NaN,0.02756053,0.02182684,0.08243541,0.05097099,0.01387885,0.05137756,0.0496273,0.01748402,0.04534347,NaN,0.04661661,0.03659491,0.0547098,0.05329461,0.03552468,0.03293228,0.034907,-0.003768305,0.0004053669,NaN,0.04592356,0.0409593,0.04953736,0.03944405,0.01329723,0.002730621,-0.001336213,0.009063139,0.02821617,NaN,-0.003575071,0.008913977,-0.002573327,0.00154597,0.0652817,0.01840539,0.037703,0.03495404,0.02727175,NaN,0.01056301,0.01065066,0.07466738,0.01392436,0.033901,anteriorHippocampus,sub-S01,p,randomWalker6,freq34
0.01545142,0.00754165,0.01445016,0.02370758,0.02624816,0.01131145,0.02269265,0.0248914,0.01530091,0.01867254,0.02941395,0.04155301,0.02825107,0.02401846,0.02389503,0.03532264,0.03490191,0.02778583,0.0345361,0.03204437,0.01793231,0.01084322,0.008513676,0.03357513,0.007668111,0.007036623,0.01606791,0.01327822,0.016081,0.02074033,0.05487258,0.02116225,-0.003129009,0.0009194458,0.02102665,0.02319851,0.001118751,0.03015047,0.02284605,0.04197891,0.08892353,0.04343235,0.0483448,0.0463608,0.0418462,0.05153748,0.05984938,0.04928583,0.05883001,0.04648367,0.04941433,0.005928141,0.02499855,0.001160626,0.008878497,0.007939362,0.02587006,-0.001209538,0.01681534,0.007912076,0.03385698,0.03603328,0.02737687,0.02726148,NaN,0.04003471,0.03974342,0.03606769,0.03714602,0.02736999,0.04860249,0.0364807,0.02778688,0.03482672,NaN,0.02361103,0.02870856,0.05816614,0.05678735,0.02588001,0.02345704,0.01310929,-0.02799168,0.01941124,NaN,0.01212929,-0.007247456,0.02025726,0.02406528,0.02493598,0.02883339,0.01251329,0.0198942,0.02385737,NaN,0.02607595,0.02627326,0.03074076,0.02720804,0.02023186,0.011461,0.007404542,0.01595467,0.05341095,NaN,0.005024753,0.01632927,0.007402345,0.01079708,0.0643087,0.02801344,0.02794855,0.03024749,0.008711223,NaN,0.01254871,0.01941748,0.04362616,0.03008199,0.01223875,posteriorHippocampus,sub-S01,p,randomWalker6,freq34
0.04167138,0.02954447,0.02955383,0.03636805,0.05746536,0.03641913,0.03914009,0.05650407,0.0422742,0.03972529,0.04036491,0.03168705,0.0373579,0.0339767,0.03154498,0.0315583,0.04407919,0.0577633,0.0411129,0.03668771,0.01431392,0.02123366,0.005034975,0.02311673,-0.001432047,0.009666689,0.0100485,0.01342679,0.01240476,0.007244792,0.0364688,0.02775621,-0.01407085,0.03047535,0.04144285,0.03826537,-0.022147,0.04880761,0.04175514,0.03238799,0.07984755,0.08001725,0.08159024,0.08098306,0.07627101,0.07426351,0.08015265,0.07702695,0.08136468,0.07222719,0.02149784,0.0331145,0.01335675,0.003069984,0.05845342,0.04837114,0.02351722,0.05642801,0.05114738,0.04760348,0.04082084,0.04194544,0.04051747,NaN,0.03070874,0.05087524,0.0429236,0.04240518,0.04315008,0.04255984,0.04239094,0.03622597,0.01117114,NaN,0.08745006,0.06932869,0.02182029,0.09415674,0.04781305,0.0536764,0.05187722,0.05191418,0.04760558,NaN,0.03100058,0.01066545,0.04649603,0.05352938,0.05046679,0.04541263,0.04128579,0.03935767,0.03741074,NaN,0.07969703,0.04327061,0.04946411,0.05583908,0.04535976,0.05161975,0.005457066,0.02486989,0.001274852,NaN,0.02787072,0.002105612,0.001845397,-0.0009630705,0.002023321,0.005421343,0.0231867,0.0245324,0.01305848,NaN,0.06382565,0.06067779,0.01869253,0.08517107,0.01859118,0.02323052,anteriorHippocampus,sub-S01,p,randomWalker7,freq34
0.01746824,0.006429187,0.009675907,0.008367955,0.03203364,0.01276918,0.01703789,0.03003127,0.01689714,0.01562895,0.03266834,0.02433046,0.03328012,0.01841062,0.001085842,0.04006908,0.0385433,0.02059045,0.03508484,0.02717062,0.02169253,0.0379099,0.01352341,-0.001683022,0.007469046,0.01747315,0.01597545,0.01553123,0.02004466,0.02107268,0.00981308,0.004321013,-0.003623754,0.006098924,0.01676658,0.01375043,-0.01833749,0.02049415,0.01143291,0.01036544,0.06047117,0.06120202,0.08256704,0.06263264,0.05539215,0.05178712,0.06659479,0.05537147,0.06350022,0.04797904,0.01468402,0.006843585,0.01897866,0.006103291,0.01921168,0.01257663,0.02933328,0.02560791,0.02601494,0.017455,0.03257181,0.02684153,0.03860716,NaN,-0.009667335,0.05107363,0.04521794,0.04596042,0.03630543,0.01621998,0.05025695,0.02740715,0.01869713,NaN,0.1060474,0.03198131,0.0221413,0.06306831,0.05099623,0.02860751,0.02256541,0.0230305,0.03196661,NaN,-0.01231987,0.005633781,0.02729093,0.02188886,0.02486579,0.00422911,0.02941999,0.02646759,0.0426946,NaN,0.09766494,0.02139886,0.02312494,0.03877176,0.03292752,0.02562927,0.01534189,0.0249022,0.008950447,NaN,0.05904713,0.009374387,0.01142244,0.004929953,0.0106914,0.01155054,0.01472753,0.01814789,0.01917012,NaN,0.08870585,0.03201604,0.02289572,0.05575703,0.022342,0.008897339,posteriorHippocampus,sub-S01,p,randomWalker7,freq34
0.03252881,0.0352994,0.0275241,0.04337874,0.06310715,0.03889879,0.05413548,0.05391463,0.04833768,0.05031349,0.04607546,0.03144022,0.03944373,0.04488192,0.02619959,0.03293297,0.03998286,0.02702145,0.04240311,0.04014062,0.02394879,0.01252212,0.007019058,0.0158609,0.004590314,0.0114925,0.01301111,0.008727409,0.0129352,0.009751906,0.04052386,0.0508954,-0.006918429,0.05324569,0.05474168,0.04365557,-0.01127741,0.05478773,0.04569878,0.05760727,0.0963415,0.07946389,0.07863646,0.07193764,0.07582559,0.07917659,0.09547041,0.07583735,0.08235312,0.07268848,0.01790346,0.03800916,0.01550681,0.0295037,0.05395514,0.04118119,0.01276859,0.06336783,0.05941284,0.05326864,0.04454827,0.03392246,0.0221253,0.04014182,0.05166697,0.02964158,0.04247865,0.04168224,0.04438303,0.04282123,0.05112224,0.03246035,0.06608121,0.0116985,0.05166702,0.05528782,0.01932701,0.06076231,0.05574062,0.0331283,0.05270659,0.05757317,0.04465032,0.06242013,0.05166709,0.0565646,0.05280228,0.05565725,0.05264622,0.05383842,0.03622653,0.03362619,0.0434302,0.03981702,0.05166716,0.04397783,0.05736703,0.03781537,0.04407362,0.05486682,0.004951093,0.08041585,0.00225328,0.03025972,0.05166697,0.05057172,0.006020913,0.007745486,0.004291696,0.005601317,0.02614366,0.007951808,0.07860983,0.005993395,0.05166698,0.03516481,0.01297638,0.04063135,0.02562255,0.01129976,anteriorHippocampus,sub-S01,p,randomWalker8,freq34
0.01239834,0.01102918,0.002241145,0.01912867,0.03249125,0.01475001,0.02630916,0.02641766,0.02391333,0.02458367,0.03281013,0.03174608,0.02956632,0.02839983,0.02912885,0.03311654,0.03515465,0.02680561,0.0321273,0.03364123,0.02575719,0.01847105,0.01189439,0.02099934,0.008365487,0.01891187,0.01683727,0.01226584,0.01650015,0.0151752,0.01353597,0.02283484,-0.00398597,0.0216182,0.02136546,0.01296733,-0.0103435,0.02400967,0.01235671,0.02448193,0.08463764,0.05551281,0.08080167,0.04520756,0.05221885,0.05587461,0.08845363,0.05090453,0.06176016,0.04721593,0.0162001,0.01083072,0.02050278,0.02250201,0.008764187,0.01405151,0.01534227,0.02421313,0.04208586,0.0281691,0.03342235,0.0348598,0.02896066,0.02865293,0.03488832,0.03248591,0.03102755,0.03281009,0.03300344,0.04398041,0.05703457,0.01206554,0.04817373,0.01586105,0.03488864,0.02406771,0.02487547,0.04078078,0.04991732,0.03859321,0.02645552,0.02768843,0.0020709,0.03103563,0.03488856,0.01882384,0.02845744,0.02451287,0.02608442,0.03034939,0.03154257,0.02209814,0.03300048,0.02689921,0.0348883,0.02604194,0.03602067,0.02806994,0.03235413,0.04066578,0.01103446,0.03505454,0.00725536,0.01219781,0.03488858,0.02065425,0.01064096,0.01505226,0.009837112,0.01101746,0.03812618,0.04499439,0.06408708,0.01515745,0.03488845,0.06821051,0.01848141,0.03073314,0.03448008,0.02629287,posteriorHippocampus,sub-S01,p,randomWalker8,freq34
0.04255079,0.03312005,0.02860724,0.03737423,0.06245309,0.02857734,0.03800141,0.05609125,0.0401594,0.04030076,0.04390118,0.04485009,0.04341247,0.04028748,0.03878919,0.03725064,0.03862726,0.03849131,0.0421637,0.04970563,0.009069745,0.02955946,0.0145832,0.01457617,-0.0001200004,0.002827309,0.0103897,0.001807331,0.01155868,0.004316652,0.03648171,0.03216175,-0.002078003,0.02947432,-0.009662594,0.02688715,-0.01765912,0.06357217,0.03964591,0.03897468,0.08396067,0.07472439,0.06844036,0.06621781,0.07860135,0.07597335,0.06442655,0.07195379,0.08536817,0.07119998,0.03297252,0.02989438,0.02279007,0.01056795,0.01763499,0.04302786,0.01761247,0.07170795,0.05624193,0.03858669,0.04530367,0.03864618,0.04420257,0.05291478,NaN,0.0375636,0.04590597,0.03494192,0.04494104,0.04984394,0.06206345,0.07655902,0.009731359,-0.005939527,NaN,0.05869832,0.01303635,0.07049019,0.05000445,0.0522667,0.05074416,0.04871348,0.04843958,0.05042421,NaN,0.04050722,0.05110563,0.0452862,0.05025123,0.05397131,0.03878668,0.04707969,0.06082561,0.008113073,NaN,0.02818375,0.05613184,0.05669943,0.04297614,0.03947632,0.002581018,0.0290611,0.00218869,0.01855955,NaN,-0.004113606,0.003584696,0.003980434,0.003838009,0.05848192,0.04012483,0.05150034,0.007284436,0.001376642,NaN,0.03267985,0.07703162,0.0288967,0.06939454,0.03033293,anteriorHippocampus,sub-S01,p,randomWalker9,freq34
0.01873357,0.01030031,0.008067857,0.01476583,0.039188,0.00656453,0.0205889,0.03060644,0.01561601,0.01707053,0.03005466,0.03148126,0.03345564,0.02911895,0.03162013,0.03489568,0.03618615,0.03243633,0.03424436,0.03405278,0.01469757,0.03638599,0.01822424,0.02378448,0.007357143,0.01112532,0.01496845,0.009287158,0.01665374,0.0109688,0.01113221,0.01154794,0.006439938,0.01727049,-0.003910596,0.0119552,-0.009050714,0.03560276,0.01420726,0.01742983,0.06779066,0.05180204,0.04600242,0.04167299,0.05977644,0.05627012,0.04356574,0.04858145,0.07149924,0.04677204,0.02250386,0.007614995,0.02871202,0.01507034,0.01101009,0.01296263,0.02364061,0.02815672,0.03854657,0.01393367,0.03379327,0.02533137,0.03787536,0.03549488,NaN,0.0244177,0.03665166,0.02566834,0.03425609,0.03514092,0.05203614,0.03594378,0.01601964,0.01691318,NaN,0.05563464,0.01981839,0.04742959,0.04696042,0.02358603,0.02239507,0.01596907,0.0246578,0.02800461,NaN,0.01388949,0.02749118,0.01576567,0.02243428,0.02422268,0.02678561,0.02721559,0.04171761,0.02622733,NaN,0.01794882,0.0417064,0.03547936,0.02927909,0.02326866,0.0111294,0.009933494,0.007435474,0.03183474,NaN,0.004458965,0.009464017,0.01117915,0.01150955,0.01765824,0.05217102,0.02908384,0.01280016,0.02422652,NaN,0.04329871,0.08050757,0.04775556,0.07569902,0.02095812,posteriorHippocampus,sub-S01,p,randomWalker9,freq34
0.05632413,0.02229682,0.04885193,0.05463229,0.06396864,0.02693256,0.0976884,0.05205896,0.05031743,0.03624948,0.01246052,0.01391802,0.01445947,0.01532668,0.0126009,0.01171307,0.01914445,0.005389242,0.01319275,0.00886359,0.02342905,-0.0003447419,0.02172296,0.02638615,0.02253652,0.01559475,0.02298621,0.02226775,0.02245269,0.003944348,0.01950276,0.01639011,0.0110487,0.01047014,0.00319169,0.0190214,0.0186231,0.03259129,0.01928353,0.01837588,0.08954425,0.08116575,0.07602353,0.07090832,0.06117533,0.06700092,0.1031783,0.07955941,0.08701671,0.05728349,0.07821546,0.04266044,0.005305876,0.07200099,-0.001543701,0.03939212,0.002954928,0.06979149,0.08328942,0.06411957,0.01265373,0.009793677,0.01539227,0.01208558,0.01683289,0.01627676,0.01309789,0.01531359,0.01198277,0.01637403,-0.0006099317,0.1088314,0.001538143,0.00945581,0.01953439,0.09730549,-0.002005827,0.09792809,0.0365111,0.1017089,0.01558509,0.01734338,0.01078028,0.01258104,-0.02258337,0.01742371,0.01555183,0.01629978,0.01526373,0.0315012,0.09554195,0.08530931,0.09264765,0.09392013,0.02440359,0.07201713,0.08685459,0.0874434,0.08640657,0.0961116,0.0114608,0.02755621,0.009051019,0.02539778,0.01858087,-0.005482224,0.01756181,0.00844033,0.009180999,0.1030897,-0.009877743,0.09575089,-0.009724541,0.0142137,0.01918573,0.09205484,0.02936706,0.008109115,0.0005942521,0.09328073,anteriorHippocampus,sub-S02,p,randomWalker0,freq34
0.05279885,0.01823414,0.02381708,0.04299265,0.07621909,0.02021972,0.1062581,0.05981163,0.05235064,0.03277955,0.06811922,0.06320392,0.07375574,0.06687632,0.06285121,0.08931311,0.07860045,0.02012307,0.070686,0.0785841,0.0669478,0.06062167,0.05342167,0.07623438,0.05054989,0.05089632,0.06812812,0.05469876,0.06127563,0.06008902,0.01498403,0.01369433,0.04344592,0.002080601,0.04153477,0.01514701,0.05088538,0.04075771,0.01603394,0.0106585,0.1120706,0.09974816,0.09457177,0.09167125,0.08559448,0.08989549,0.1224338,0.1039325,0.1103163,0.08167846,0.05743668,0.03000603,0.07615785,0.06208792,0.04075414,0.0292989,0.06558558,0.04839469,0.05018067,0.05306999,0.07385987,0.07109161,0.0739352,0.06629489,0.06653054,0.07630261,0.07476792,-0.01666598,0.07809969,-0.00393672,0.06321257,0.0917381,0.05564778,0.06483812,0.05186856,0.07870436,0.05858783,0.07426626,0.06772051,0.09595424,0.0633733,0.06475686,0.0525304,0.05554409,0.005867989,0.06691077,0.06290898,0.06953759,0.0647291,0.07670864,0.08797877,0.07991017,0.07615354,0.09756643,0.04681573,0.06598274,0.07729457,0.07785535,0.07929002,0.09288958,0.05662789,0.0346035,0.05066767,0.06774735,0.05025288,0.03846059,0.05669189,0.04963073,0.05437038,0.09788686,0.0111961,0.08434163,0.0600844,0.06738935,0.05126807,0.07459064,0.05289421,0.001235312,0.0009219159,0.09247368,posteriorHippocampus,sub-S02,p,randomWalker0,freq34
0.03987848,0.02271982,0.04242883,0.04356102,0.03535794,0.02474146,0.07099582,0.04331809,0.04039075,0.04931871,0.01469396,0.02148083,0.01988747,0.01256575,0.01880581,0.02536761,0.02214109,0.01130323,0.02015265,0.02387801,0.02420252,0.01599687,0.01985727,0.004582488,0.01933729,0.02001019,0.02270864,0.01704289,0.02405816,0.01907793,0.02439556,0.0318146,-0.001800637,0.0175182,0.01325673,0.01485323,-0.02179242,0.03816941,0.02546593,0.04316828,0.08064561,0.07760327,0.0997488,0.07277211,0.07917202,0.07409441,0.1048208,0.08345212,0.08542896,0.07362043,0.07345258,0.05083985,0.02195125,0.09215618,0.00531325,0.04212226,0.01788354,0.04543393,0.08986878,0.0971107,0.01681687,0.02100597,0.01978112,0.01612074,NaN,0.02262515,0.01729389,0.01445895,0.01777888,0.02337214,0.04514498,0.03172236,0.01158254,0.08031322,NaN,0.05085837,0.003975316,-0.001281475,0.04937043,0.1118949,0.01770489,0.01035865,0.01274813,0.01455775,NaN,0.009673083,0.01565873,0.008744176,0.01628649,0.01512235,0.08920074,0.06059491,0.1196804,0.08622868,NaN,0.07568961,0.05758455,0.07326012,0.08367145,0.0882011,0.003922374,0.01894587,0.01875727,0.006582311,NaN,0.01675103,0.01466271,0.01671351,0.01330843,0.001979195,-0.01025741,0.01374296,0.01387732,0.02714187,NaN,-0.004436945,-0.0101343,-0.003867302,-0.02053665,0.0925556,anteriorHippocampus,sub-S02,p,randomWalker1,freq34
0.04258922,0.0244082,0.0316606,0.04800118,0.05150915,0.02652827,0.05443433,0.05600045,0.0438616,0.06321295,0.06904424,0.07097902,0.06910717,0.06229299,0.05896265,0.0872276,0.08199982,0.06407977,0.07687223,0.08595664,0.07066515,0.04824978,0.05317238,0.05660561,0.05346608,0.05846959,0.07279796,0.05339175,0.07227338,0.05685311,0.02810466,0.04494224,0.02532645,0.0302667,0.01486548,0.01858312,0.008917696,0.06421461,0.0411466,0.066115,0.1063875,0.1055398,0.1221365,0.101215,0.1071239,0.1022621,0.11848,0.1112155,0.1127075,0.1011476,0.02812943,0.03921767,0.06683524,0.07155206,0.005093972,0.01592227,0.07511652,0.02132085,0.0565173,0.08666883,0.07149156,0.07802253,0.06911562,0.06900661,NaN,0.07865244,0.07568018,0.07097564,0.0722503,0.07548048,0.06436257,0.04136264,0.04993514,0.0705094,NaN,0.05801954,0.06163345,0.05836477,0.06570634,0.09393454,0.060157,0.05618397,0.03191387,0.03499942,NaN,0.07246005,0.06703394,0.0680012,0.06276231,0.08156902,0.08307879,0.05990471,0.1146995,0.06657334,NaN,0.06669217,0.05452791,0.07519495,0.07985023,0.08224828,0.05439144,0.05748903,0.0491325,0.1003935,NaN,0.05922987,0.05165628,0.05456915,0.05616797,0.0348406,0.02431414,0.03790146,0.0495524,0.0419738,NaN,0.04947523,0.05217452,0.03959871,0.05086409,0.07497986,posteriorHippocampus,sub-S02,p,randomWalker1,freq34
0.0588737,0.01784245,0.06812245,0.05480253,0.06574811,0.01981032,0.07075594,0.0665246,0.05631007,0.03471499,0.01787642,0.02574777,0.01826946,0.01550535,0.01088314,0.02016554,0.02027505,0.01211208,0.0207534,0.0156816,0.02938345,0.01531448,0.01691285,0.009940365,0.0255657,0.01483587,0.02298423,0.02471011,0.02541109,-0.01814532,0.04548115,0.0166789,0.0173326,0.03898147,0.01652428,0.01516842,0.01671692,0.06608129,0.002577893,0.02095758,0.08823577,0.04493583,0.09689938,0.06230976,0.0839001,0.04505477,0.09920426,0.08112962,0.0796928,0.06849541,0.08987712,0.03995812,0.005005718,0.0896534,0.02557327,0.0336054,0.01071878,0.09900869,0.09987984,0.05715393,0.026359,0.02464075,0.01685169,0.01818135,0.1014741,0.02163331,0.0205919,0.01655404,0.02260016,0.02883117,0.08306407,0.0804623,0.02316787,0.1016348,0.1014741,0.076097,-0.006191145,0.01063179,0.03142936,0.09672096,0.01735279,0.01893322,0.0112287,0.05764183,0.1014742,0.01790711,0.01985385,0.01808574,0.01799849,0.03592366,0.08643689,0.05428334,0.06054008,0.09488355,0.1014742,0.04436606,0.0882644,0.06980787,0.08098251,0.07682221,0.0003264158,0.03393626,0.02302671,0.08913634,0.1014742,0.02895107,0.01266362,0.02054361,0.005916012,0.03230893,0.009636956,0.05501402,0.02302079,0.1024826,0.1014742,0.04290265,0.01177507,0.04735425,0.0180437,0.09143741,anteriorHippocampus,sub-S02,p,randomWalker2,freq34
0.05596753,0.01482237,0.05129233,0.05369643,0.07286528,0.01401564,0.06404344,0.0886449,0.05884149,0.03864655,0.05068588,0.0704915,0.05668087,0.03666678,0.01950355,0.08760754,0.07822146,0.05925699,0.07114862,0.06998957,0.07415576,0.08467937,0.05263402,0.02900517,0.04850858,0.06692988,0.07277657,0.06726131,0.0720611,0.0713558,0.04905374,0.0153694,0.04999745,0.05419284,0.04961908,0.01126344,0.04868207,0.09143198,0.03576664,0.03046932,0.1162972,0.06561806,0.1132515,0.0895344,0.1024543,0.06840298,0.1203959,0.109038,0.1075922,0.0965532,0.05770401,0.02897443,0.03053275,0.081739,0.05434221,0.01499267,0.07517598,0.09969164,0.06747874,0.05514357,0.06997691,0.06136511,0.06955085,0.0475487,0.1153853,0.07745085,0.07373007,0.06069941,0.07261147,0.08441139,0.07504436,0.06202962,0.06961247,0.1070772,0.1153853,0.0497671,0.05271792,0.05999287,0.06030913,0.07373112,0.0472866,0.04618442,0.02426032,0.09456567,0.1153852,0.06991829,0.05908507,0.0485335,0.05725084,0.0599555,0.07772931,0.04322032,0.06852443,0.1058252,0.1153852,0.03724245,0.09645315,0.06156157,0.07353969,0.07246829,0.05413365,0.02158449,0.05821725,0.0936267,0.1153851,-0.005712906,0.06008408,0.0542703,0.05542013,0.02743426,0.03199684,0.04287777,0.06390416,0.10784,0.1153852,0.02284549,0.02868007,0.08190876,0.03372587,0.07721073,posteriorHippocampus,sub-S02,p,randomWalker2,freq34
0.03961868,0.02469987,0.05643973,0.0486627,0.05961267,0.02214396,0.04778633,0.04170156,0.04046778,0.03491528,0.0181941,0.02131956,0.0236631,0.009344959,0.02001049,0.01918003,0.02075326,0.02166579,0.01991105,0.006203533,0.0186374,-0.005201182,0.01591376,0.0917104,0.01693074,0.01717958,0.01880582,0.0168648,0.01361466,0.004251076,0.01456948,0.03853353,0.01417767,0.05148461,0.01231247,0.03356832,0.01428119,0.01621903,0.01346668,0.04259526,0.08155574,0.06912196,0.1045589,0.06895716,0.07340077,0.06882185,0.09290313,0.07635249,0.08771582,0.07346757,0.08535556,0.04595176,-0.004855595,0.08272099,-0.002916967,0.04070177,-0.001168442,0.06974696,0.09652837,0.05952603,0.01918565,0.02017039,0.02536201,0.01197232,0.02165797,0.01924091,0.008044978,0.01892728,0.01897814,0.04285406,0.03883415,0.1083095,0.0409486,0.01197211,0.01500294,0.08099147,-0.003767853,0.1072068,0.06721328,0.0976044,0.01258554,0.01957559,0.01204494,0.01197208,0.008232457,0.01917587,0.00943336,0.01613916,0.01510503,0.0612483,0.08809841,0.07539063,0.079305,0.01197208,0.00619093,0.05774898,0.0664429,0.0847514,0.08569171,0.0905844,0.004922072,0.03533869,0.01573032,0.01197214,0.01636015,0.01906724,0.01318731,0.003365762,-0.0007431867,0.1149715,0.04437238,0.0923745,0.05892321,0.01197208,0.0161407,0.02781708,-0.009305644,0.07773151,0.06781571,0.07973907,anteriorHippocampus,sub-S02,p,randomWalker3,freq34
0.04019627,0.0292751,0.05635779,0.0515857,0.08293335,0.02684262,0.04112104,0.05896613,0.04373813,0.04571372,0.06825189,0.01528943,0.07580204,0.0252438,0.06800091,0.07382638,0.07838345,0.07329669,0.07577015,0.06271528,0.06150483,0.0411427,0.05150884,0.1065394,0.05016321,0.05642193,0.06352831,0.05793705,0.05760012,0.04256494,0.03307586,0.05498538,0.04602551,0.07399335,0.04427284,0.0525027,0.04175686,0.03786895,0.02715011,0.06123471,0.1089664,0.09642985,0.1260154,0.09931063,0.09986784,0.09586487,0.1182019,0.1048414,0.11553,0.1017318,0.06304703,0.03987161,0.04353769,0.06917273,0.0361762,0.0416694,-0.006290954,0.05610854,0.06539877,0.06934141,0.07391869,0.06585713,0.08414219,0.01837709,0.07269699,0.06691735,0.05994664,0.05947681,0.07269395,0.1043335,0.06387194,0.08185298,0.0542816,0.0183769,0.05291513,0.06349357,0.06800482,0.06618159,0.06412163,0.09523518,0.05576478,0.04935423,0.03373115,0.018377,0.01093841,0.04706255,0.05494031,0.0405161,0.05189788,0.08912905,0.07835733,0.07742788,0.09352906,0.01837717,0.04871289,0.06048035,0.05727162,0.07868382,0.07940041,0.09203611,0.04884151,0.05622974,0.05035966,0.01837716,0.05071764,0.06225359,0.06490656,0.04748001,0.04818833,0.117713,0.05354055,0.07736474,0.05443811,0.01837697,0.05332857,0.03203468,0.06417278,0.0810496,0.0685204,0.08554103,posteriorHippocampus,sub-S02,p,randomWalker3,freq34
0.04706865,0.02343218,0.01635957,0.04741266,0.06502849,0.02339991,0.0904934,0.05001942,0.04890192,0.04644752,0.02101542,0.01593415,0.02432973,0.01448551,0.02164037,0.02395094,0.02126192,0.02252396,0.02222609,0.01437054,0.02343104,0.0112942,0.01910638,0.02349956,0.01937934,0.01770156,0.02300844,0.01997739,0.02100366,0.01784416,0.03381174,0.0140584,0.00531716,0.01937857,-0.01529097,0.01289507,0.006984953,0.03699855,0.02116886,0.02045489,0.08461308,0.07644536,0.05700318,0.03787829,0.08472817,0.06624948,0.0828054,0.07784346,0.07928919,0.07529107,0.08030283,0.04733946,0.01556948,0.09136242,0.006493493,0.03651321,0.000361764,0.05618194,0.09811301,0.07204741,0.01888923,0.01988363,0.02050742,0.01717066,0.02023538,0.0220169,0.0184544,0.02344695,0.02067021,0.005617476,0.1039475,0.1016566,0.0006238358,0.02026602,0.02023549,0.02080947,-0.00892664,0.03420029,0.06447057,0.07816657,0.02141176,0.02123216,0.01789735,0.01734246,0.02023538,0.02047367,0.02025306,0.0204774,0.02062529,0.04110523,0.07912596,0.07022684,0.0753959,0.06770801,0.02023537,0.08356936,0.1066388,0.07874279,0.08951068,0.0767398,0.007792082,-0.005840491,0.01798978,0.01622808,0.02023572,0.008817787,0.01735409,0.01690167,0.01043697,0.08321161,0.04093597,0.06184872,0.008552993,0.01905817,0.02023557,0.07563057,-0.005133594,-0.002508868,0.0178011,0.03869701,anteriorHippocampus,sub-S02,p,randomWalker4,freq34
0.05071285,0.02633202,0.01574314,0.04355981,0.08136754,0.02465675,0.09226898,0.06560446,0.05368335,0.05532085,0.06711172,0.03720681,0.07627759,0.05560074,0.07158791,0.0790493,0.07648613,0.07243979,0.07571875,0.06112567,0.07021938,0.06336688,0.05560891,0.06060786,0.05290792,0.05715925,0.06929165,0.05869183,0.06706558,0.06622147,0.03707971,0.01281918,0.02900596,0.02315087,0.009241016,0.01380391,0.03988345,0.05179007,0.02584214,0.02476029,0.112473,0.1036042,0.07929166,0.05358296,0.1080047,0.09330749,0.1109532,0.1048973,0.1074521,0.1028873,0.06265204,0.04301796,0.06034375,0.06662209,0.05669601,0.01974694,0.063959,0.05407573,0.06797176,0.06653029,0.06614453,0.05230608,0.06640552,0.05076544,0.07165516,0.07627814,0.06838097,0.06933303,0.07083299,-0.02049585,0.071178,0.08358828,0.04548017,0.06129493,0.0716551,0.05244453,0.05432429,0.04617967,0.0660077,0.0686594,0.05647589,0.04573099,0.05288777,0.04254377,0.07165533,0.06696999,0.0601777,0.0570248,0.06089073,0.06082918,0.07505604,0.06585928,0.08029417,0.05590753,0.07165516,0.0797461,0.1035677,0.082505,0.08514649,0.07175232,0.05850678,0.04557537,0.05414009,0.05171968,0.07165537,0.05512919,0.05897946,0.05723498,0.05648243,0.0737528,0.08842259,0.120687,0.05037943,0.06169835,0.07165521,0.0791236,0.06978735,0.04502732,0.08038937,0.07125605,posteriorHippocampus,sub-S02,p,randomWalker4,freq34
0.04607931,0.0186992,0.03642182,0.0446494,0.08262449,0.01935127,0.07920229,0.05817287,0.0412748,0.03846531,0.02047876,0.01776446,0.02023071,0.0118931,0.02068736,0.01986288,0.02176841,0.0003070901,0.02122095,0.01189598,0.02294383,0.03478654,0.02238155,-0.004420286,0.02116759,-0.0203371,0.02243928,0.01096885,0.0154026,-0.009816872,0.02101314,0.04378599,0.01837808,0.05628482,0.01657315,0.01101629,0.01436345,0.04198395,0.03419399,0.05492872,0.0730846,0.0568426,0.07594515,0.09478654,0.08112406,0.06531561,0.1039478,0.07976402,0.07937058,0.06139454,0.07527582,0.04988999,0.01673959,0.104474,0.05625379,0.0230645,0.02496679,0.03364221,0.08141609,0.071445,0.01276482,0.003500406,0.01979012,0.01314136,NaN,0.02083683,0.01646241,0.006925837,0.01628899,0.005832097,0.04444403,0.1203481,0.01581843,0.1016378,NaN,0.07407212,-0.0004350021,0.1270294,0.06009354,0.04499543,0.01411575,0.01832741,0.01637084,0.011751,NaN,0.02669639,0.01426978,0.01544409,0.01538428,0.02249457,0.08766569,0.07491162,0.06533628,0.07540553,NaN,0.0614007,0.08061098,0.1015189,0.08031607,0.09099817,0.003239553,0.1143303,0.01943457,0.01844928,NaN,0.00396208,0.01884542,0.03071436,0.005744644,0.01247142,-0.01050261,0.03389759,-0.007049373,0.03522745,NaN,0.07327051,-0.00900652,0.08094474,-0.01389076,0.01178227,anteriorHippocampus,sub-S02,p,randomWalker5,freq34
0.04703399,0.01437182,0.03256641,0.04660936,0.09802467,0.01558387,0.08471214,0.06885292,0.04148302,0.04340295,0.06955351,0.001575149,0.06923263,0.05457025,0.07089154,0.02622204,0.07792969,0.05013612,0.07887374,0.07183642,0.0626287,0.0805891,0.05409678,0.04234824,0.05108152,0.03031038,0.06832767,0.04620561,0.05690337,0.04014372,0.007376255,0.05096428,0.04635964,0.07338183,0.04521767,0.003657446,0.04217607,0.03770901,0.02919373,0.06887498,0.09746707,0.07862666,0.1031061,0.118541,0.1069506,0.08956509,0.1183886,0.1069861,0.1044898,0.08698552,0.04584891,0.03866088,0.06099018,0.09294868,0.09037837,0.01030129,0.08234215,0.05422884,0.05617668,0.06778964,0.07133275,0.02995746,0.07507138,0.03882769,NaN,0.0772482,0.06660369,0.0648186,0.07333965,0.05034208,0.07012144,0.09447074,0.05596453,0.09043439,NaN,0.07677637,0.0675333,0.1187007,0.06066917,0.07076642,0.05800091,0.04101145,0.05094508,0.0279856,NaN,0.0625779,0.05505634,0.0602344,0.05859772,0.05280916,0.0712934,0.04402048,0.05382094,0.06355091,NaN,0.07179911,0.06703401,0.1109348,0.0731644,0.1022292,0.04452493,0.1286518,0.05516886,0.04839275,NaN,0.0076798,0.06049184,0.04691574,0.0466187,0.04864784,0.0353629,0.08096989,0.04886348,0.07392107,NaN,0.08200621,0.07158489,0.1004157,0.03739206,0.04898023,posteriorHippocampus,sub-S02,p,randomWalker5,freq34
0.05710592,0.01748084,0.04735319,0.07853375,0.04993979,0.02714333,0.09766416,0.04406923,0.04420429,0.04070198,0.01914293,0.006181003,0.01581976,0.00923973,0.0219375,0.02336313,0.02186109,0.005399718,0.01967796,0.007572803,0.02227932,-0.002974751,0.02081237,0.01996676,0.01950954,0.01638847,0.02313186,0.02016513,0.0215205,0.01052838,0.06411919,0.03487425,0.01367439,0.02497489,0.01265428,0.038322,0.007179811,0.0433363,0.03231373,0.06329615,0.1044913,0.06007004,0.07363321,0.07216214,0.06232289,0.06995405,0.101364,0.07186545,0.07959044,0.06730258,0.07927679,0.03837833,0.02251405,0.07448395,0.002300028,0.04093753,0.01692497,0.05410758,0.08500313,0.06291803,0.01569739,0.02067379,0.0151044,0.006969697,NaN,0.01993848,0.02863839,0.01833146,0.01792783,0.03950099,0.008420194,0.02481238,0.01034368,-0.0005600705,NaN,0.003178466,0.01464939,0.1109085,0.0364354,0.09668564,0.01540831,0.007999462,-0.009163824,0.01718667,NaN,0.009079652,0.006912574,0.01115512,0.01390197,-0.008564421,0.09324851,0.05921263,0.07950585,0.08729709,NaN,0.07513724,0.08060981,0.07469834,0.08373416,0.08680552,0.01137352,0.01870647,0.01941547,-0.01204677,NaN,0.01807669,0.01523887,0.01467549,0.01155695,0.07804429,-0.01101378,0.01561274,-0.005596141,0.01017762,NaN,-0.002322645,-0.002116806,0.0894283,-0.01721664,0.05391431,anteriorHippocampus,sub-S02,p,randomWalker6,freq34
0.05591198,0.0187822,0.02979138,0.07542168,0.06519201,0.02933175,0.09234341,0.05873677,0.04705722,0.04806355,0.06946977,0.05518826,0.06828052,0.06086697,0.06605341,0.08007848,0.07754432,0.06392374,0.07547963,0.0614919,0.06234749,0.04086685,0.05754307,0.0768306,0.05250148,0.0533544,0.05957328,0.05802837,0.06040365,0.05073202,0.07280274,0.04671224,0.04768574,0.04435796,0.03283181,0.04628414,0.04659248,0.06443132,0.04670937,0.08833895,0.1240281,0.08753479,0.1043264,0.1025051,0.09214782,0.1006311,0.1137543,0.1020108,0.1091178,0.09760902,0.0743472,0.03107442,0.08202756,0.08688565,0.02651867,0.02180694,0.07052841,0.02727027,0.05445693,0.04856591,0.07366717,0.07977867,0.06734946,0.06773257,NaN,0.07857548,0.09277599,0.07228501,0.07649279,0.08733858,0.06500966,0.05171826,0.07114017,0.06317151,NaN,0.04655209,0.07147443,0.0945561,0.0636615,0.07694139,0.05954544,0.05915377,-0.002012122,0.05470726,NaN,0.05834744,0.02887205,0.06490685,0.06248773,0.04070575,0.08450774,0.05214449,0.05307353,0.07983681,NaN,0.06698323,0.07928558,0.077811,0.07825024,0.07425297,0.05852598,0.05184859,0.0702781,0.08514278,NaN,0.05147753,0.05908752,0.0482013,0.05440414,0.08608954,0.05485477,0.0451169,0.06719983,0.02583959,NaN,0.04410902,0.04089007,0.07166265,0.05241629,0.07994222,posteriorHippocampus,sub-S02,p,randomWalker6,freq34
0.04573488,0.02083043,0.02377895,0.03860187,0.05183981,0.02863612,0.04143858,0.05094693,0.04177012,0.03243697,0.01465891,0.01185714,0.02096085,0.008604555,0.0234507,0.001656439,0.01991156,0.05297104,0.01625914,-0.006265507,0.02419753,0.01307418,0.02112711,-0.01294767,0.01495564,0.01288497,0.02033549,0.008248007,0.01745946,-0.003288133,0.01654864,0.01440524,0.0174769,0.01069164,0.01229345,0.01262698,-0.001271558,0.02580919,0.01564071,0.01243126,0.07659654,0.07788028,0.0933112,0.07867184,0.07875485,0.07177467,0.08480369,0.07897995,0.080835,0.06966753,0.09332947,0.05221799,0.0210686,0.08646455,0.03815296,0.04910099,0.01745834,0.0546755,0.09110475,0.05952264,0.01404565,0.01207353,0.01375227,NaN,0.007317149,0.03087068,0.01307988,0.02530755,0.01614433,0.009547152,0.05019959,0.09524777,0.0181483,NaN,0.1226642,0.05219802,0.01410674,0.08365525,0.02930503,0.02401676,0.01240338,0.01793173,0.0133603,NaN,0.006916112,0.01072089,0.01350969,0.006851807,0.01244176,0.01395526,0.08409636,0.08058579,0.09806859,NaN,0.1220328,0.06077371,0.05058318,0.08228851,0.08526204,0.06346647,0.004738596,-0.001523785,0.01852194,NaN,0.08074789,0.01652526,0.01827394,0.01080227,0.00504422,0.004073826,-0.001790263,0.001116241,0.01640479,NaN,0.1297103,0.0486315,0.006503282,0.08195715,-0.01006217,0.01613002,anteriorHippocampus,sub-S02,p,randomWalker7,freq34
0.04420065,0.01836365,0.02622905,0.03826377,0.06459444,0.02947575,0.04677542,0.06585442,0.04313037,0.03631319,0.07217168,0.05895595,0.0774562,0.05634717,0.03087921,0.0819289,0.07979079,0.004529942,0.0759576,0.05731594,0.06882032,0.07091057,0.05598032,0.03262271,0.04744684,0.05934597,0.06103856,0.05243457,0.06391577,0.0471297,0.01260163,0.01262339,0.04334852,0.0154878,0.009605691,0.008927173,0.02360731,0.03082773,0.01386031,0.006248799,0.1015572,0.09922074,0.1157777,0.1059184,0.1057143,0.09792088,0.114027,0.1056768,0.1065633,0.09601093,0.05537908,0.04221394,0.06843709,0.06810115,0.0327371,0.03088146,0.07240497,0.05442237,0.05835203,0.04954375,0.07160684,0.06365074,0.07459915,NaN,0.02737088,0.09355922,0.07771946,0.09112372,0.07575799,0.05111102,0.06676549,0.06536563,0.06251194,NaN,0.1176962,0.04033123,0.05605549,0.07621718,0.06462253,0.02896158,0.06401956,0.05861861,0.06735054,NaN,0.02798971,0.02092695,0.06314601,0.06966827,0.06510855,0.04037868,0.07725602,0.07243723,0.07648321,NaN,0.1230177,0.05661402,0.0544615,0.0841381,0.07969154,0.0701882,0.05340699,0.04429478,0.05301364,NaN,0.09361798,0.05644082,0.04995962,0.04849189,0.04911171,0.04318647,0.004147123,0.00107991,0.06349166,NaN,0.1224614,0.0386346,0.05395852,0.07288362,0.01264072,0.002236474,posteriorHippocampus,sub-S02,p,randomWalker7,freq34
0.0563363,0.02661723,0.02613117,0.06673298,0.05548223,0.03236873,0.04310188,0.04580162,0.05867412,0.05929443,0.01571378,0.01694212,0.02160407,0.01666396,0.02035183,0.01456366,0.02033311,0.01931793,0.01838294,0.006282556,0.02098226,-0.00646814,0.01791845,0.02003979,0.01879101,0.01433365,0.02229824,0.01855505,0.02175326,-0.002993671,0.02374051,0.03409693,0.0177586,0.02627637,0.02302519,0.009272152,0.01223166,0.03283564,0.01993382,0.03461415,0.09791888,0.08026142,0.1112749,0.07228952,0.08177464,0.07835233,0.1006436,0.07886107,0.08458446,0.07712321,0.08607408,0.04579702,0.001334688,0.09874315,0.02852894,0.05597872,0.0105893,0.05456984,0.1066597,0.08382551,0.01862812,0.0136172,0.01212103,0.0676466,0.01857695,0.01024814,0.01664356,0.01832584,0.0189541,0.01896641,0.0641994,0.08174039,0.04959381,0.0608865,0.01857685,0.1044831,0.004304455,0.09356681,0.04689133,-0.003020729,0.01947595,0.02079117,0.01502867,0.05825788,0.01857662,0.01757856,0.01779578,0.0177637,0.01883164,0.02057591,0.09546275,0.08377533,0.09165562,0.06291264,0.01857682,0.08620081,0.08019186,0.08824454,0.08936182,0.09752661,0.006295367,0.08385324,0.006271285,0.06223097,0.01857659,0.01804706,0.01925137,-0.01189451,0.008255548,0.00223558,-0.005940578,0.06123219,0.08505767,0.06478792,0.01857692,0.127317,-0.001332358,0.0244249,-0.006492019,-0.02864989,anteriorHippocampus,sub-S02,p,randomWalker8,freq34
0.05808522,0.03216187,0.02863733,0.06979629,0.07701354,0.0330479,0.06107251,0.06133,0.06594517,0.06946041,0.06751781,0.06446753,0.07090411,0.06345573,0.07309963,0.0728128,0.07810978,0.06928359,0.07130821,0.06253288,0.06606515,0.05604468,0.05753384,0.06021507,0.05551598,0.06040153,0.06724615,0.05722518,0.06513751,0.04442175,0.0359982,0.05105179,0.04878578,0.04087877,0.04135017,0.01202779,0.04262444,0.05126201,0.03352759,0.05217402,0.1239138,0.1098809,0.1258819,0.1005263,0.1100779,0.1078452,0.1261489,0.1075275,0.1133542,0.105527,0.06633066,0.04030614,0.05120035,0.09093069,0.01952996,0.03094104,0.06294221,0.04587018,0.07891969,0.08238687,0.07024079,0.04757441,0.02355829,0.06346629,0.07072685,0.05404202,0.06793944,0.06838058,0.07048682,0.06476698,0.06808095,0.06013593,0.06005769,0.03525798,0.07072698,0.0756719,0.06135305,0.05710759,0.05699187,0.04422167,0.06151644,0.06866413,0.03499286,0.07930554,0.07072686,0.06273606,0.06369173,0.06511597,0.06149505,0.0644706,0.08852007,0.0762286,0.09408613,0.05786916,0.07072683,0.08303408,0.07994226,0.07750633,0.08504403,0.1055847,0.05356992,0.07853335,0.04645041,0.04320901,0.07072689,0.02958084,0.06138585,0.04198521,0.0531205,0.04622469,0.07176249,0.07416568,0.08652751,0.03815139,0.07072711,0.1167566,0.05459251,0.09141792,0.07609577,0.02095901,posteriorHippocampus,sub-S02,p,randomWalker8,freq34
0.04424976,0.02585281,0.02015379,0.06327125,0.0688595,0.02420061,0.05939166,0.05309143,0.04690185,0.03494348,0.016928,-0.002151411,0.0206696,0.01656267,0.03403584,0.01998629,0.02373705,0.01673285,0.02130217,0.01137366,0.02291987,-0.01669919,0.02080537,0.01633524,0.01674151,0.0145741,0.02084135,0.01487956,0.02019762,0.001093202,0.01503999,0.02058919,0.02150706,-0.008878613,0.02302102,0.004207268,0.001990999,0.05535891,0.02252827,0.03067901,0.08680034,0.07477792,0.07384782,0.0718104,0.08409379,0.07580654,0.06545578,0.07602061,0.09055839,0.07198568,0.1017708,0.04440238,0.01765276,0.09945901,-0.01910438,0.05154576,0.00532509,0.05870519,0.09877851,0.05798251,0.01912596,0.01317593,0.02438924,0.02138286,NaN,0.01566174,0.02304644,0.01389478,0.01946618,0.02086747,0.0884375,0.0820304,0.02014974,0.1051921,NaN,0.08186559,0.01032325,0.03022386,0.03176496,0.09152262,0.01969593,0.01912702,0.018283,0.0215778,NaN,0.01641889,0.01780106,0.01662726,0.01823815,0.02081395,0.08224458,0.07080026,0.0776026,0.0969302,NaN,0.08806332,0.09294001,0.08268882,0.08565741,0.0708143,0.01090243,0.009691879,0.01840134,0.1010971,NaN,0.01223244,0.02021541,0.0128221,0.01317458,0.04727793,0.01107815,0.08864809,0.01521951,0.09801735,NaN,0.03363177,0.08716071,0.01331915,0.04257559,0.09007438,anteriorHippocampus,sub-S02,p,randomWalker9,freq34
0.05383448,0.0348294,0.02539659,0.06429946,0.08850635,0.02586752,0.05261743,0.07312953,0.0549387,0.04637332,0.06510319,0.0483945,0.07486935,0.06521378,0.08141061,0.07583056,0.08187699,0.07065387,0.07542912,0.06294581,0.06275722,0.06593318,0.06900497,0.06277449,0.05036971,0.05133859,0.06442397,0.05053629,0.06580372,0.05133059,0.02351674,0.03077544,0.04034091,0.01314398,0.0527936,0.003624406,0.03780421,0.08152165,0.03348697,0.04490982,0.1153528,0.1045215,0.09450431,0.09819207,0.114027,0.1006981,0.09630667,0.1051273,0.1181504,0.1010867,0.06998201,0.03874264,0.06101549,0.08557665,0.03279081,0.04251055,0.07110161,0.05310607,0.07684094,0.05306935,0.06985337,0.05823693,0.08209707,0.07040252,NaN,0.05981163,0.07787539,0.06196509,0.07126412,0.06995638,0.07122798,0.0759504,0.06739266,0.1073654,NaN,0.08214314,0.06578188,0.04115442,0.05405875,0.07124012,0.05847601,0.05627877,0.05721616,0.06129844,NaN,0.04751864,0.06137509,0.05353153,0.05947572,0.06412263,0.07802521,0.07321988,0.08693347,0.1008811,NaN,0.07663237,0.08455478,0.08807474,0.08240429,0.06782605,0.0575908,0.02739266,0.05819351,0.103094,NaN,0.05045177,0.06066261,0.05457625,0.05821121,0.02594557,0.05601988,0.0668177,0.06225753,0.1000088,NaN,0.06703488,0.1179952,0.06446283,0.1019508,0.06688805,posteriorHippocampus,sub-S02,p,randomWalker9,freq34
0.005754035,-0.01396059,-0.01188188,-0.01251897,0.02413642,-0.01055399,0.0225303,0.01658773,0.008839232,-0.005686271,0.02047073,0.01110502,0.02072566,0.01646498,0.01952364,0.04523052,0.02539046,0.02804569,0.02321808,0.03786462,0.02956711,0.04411999,0.03359077,0.03076992,0.03181923,0.03322129,0.028247,0.03139874,0.03118727,0.03656112,-0.02215059,-0.01505197,0.04056585,-0.03536109,0.02985506,-0.01446881,0.03341904,0.004800965,-0.02492557,-0.023827,0.04695498,0.03995894,0.03555697,0.02571394,0.03766625,0.03581868,0.04310938,0.04530141,0.04670241,0.03352567,-0.0204471,-0.01693329,0.07140518,0.01892503,0.04300047,-0.01687706,0.03841132,0.0007977262,-0.01753557,-0.01016024,0.02346617,0.02506942,0.0216731,0.01782699,0.02161903,0.02233499,0.02816772,-0.03508331,0.02867723,0.0093547,0.0692047,0.002089174,0.04079648,0.03191882,0.03416272,-0.002391104,0.03960509,0.01535676,0.08443354,0.002187405,0.009716414,0.00635614,-0.0005975951,0.002521084,-0.008301775,0.0104067,0.008746011,0.01912812,0.01154884,0.01896488,0.007626171,0.003011515,0.0005881137,0.01097484,0.02930388,0.00162137,0.003647514,0.006364371,0.007795273,0.006515313,0.03714526,0.02573011,0.04336204,0.03004329,0.03379557,0.04703766,0.03673734,0.04082911,0.03996056,0.004363143,-0.02237345,-0.007315657,0.05896187,0.03335563,0.03415655,-0.01049609,0.03150364,-0.02535426,-0.03847059,0.0002435643,anteriorHippocampus,sub-S03,p,randomWalker0,freq34
0.005915095,-0.008608517,-0.00147208,-0.006558164,0.0135272,-0.004452412,0.01440896,0.008841011,0.006499363,-0.001234848,-0.0006143264,0.0001190326,7.368518e-05,0.002588206,0.01867563,0.0228343,0.01286583,0.006330819,0.004790268,0.01533886,0.02901649,0.03944981,0.03127038,0.02517744,0.03432388,0.03299286,0.02772922,0.03261677,0.03100892,0.03111362,-0.01207632,-0.008397429,0.02929798,-0.01894655,0.02174989,-0.008522998,0.02824247,0.0003390999,-0.01271407,-0.01363183,0.02764755,0.01999461,0.01695721,0.01035695,0.01761083,0.0156515,0.02993849,0.02327407,0.02645712,0.01364508,-0.006701151,-0.01134037,0.04866944,0.03400535,0.0525135,-0.006028499,0.03741084,0.002599189,0.002487018,-0.001110619,0.002467093,-0.0006280265,-0.0001176377,0.008312211,0.003642404,-0.003329727,0.008760026,-0.01135943,0.00436578,0.01503204,0.07809802,0.009963467,0.03251483,0.03076297,0.02651715,0.005985708,0.0417467,0.03171655,0.09634173,0.007319681,-0.01353832,-0.01759501,-0.02098015,-0.02039048,-0.01739071,-0.01414013,-0.01491611,-0.002071134,-0.01171662,-0.003757957,0.008415229,0.003896424,0.003445945,-0.0004106586,0.03819966,0.001751787,0.004479638,0.005054291,0.007866212,0.01029196,0.03915281,0.07359755,0.04074202,0.03263537,0.02521553,0.04726843,0.03407046,0.03439957,0.04060093,0.01001411,-0.003131808,0.001064595,0.05252776,0.03480273,0.02563872,0.0009660543,0.01277171,-0.01410452,-0.01498105,0.001930162,posteriorHippocampus,sub-S03,p,randomWalker0,freq34
0.002446846,-0.010187,-0.009055718,0.003674301,0.008219277,-0.0095751,0.007596314,0.01120302,0.001413652,0.01563896,0.01957785,0.01917417,0.01732881,0.01379495,0.02148633,0.02721413,0.0242889,0.02588226,0.02222711,0.02659194,0.03247732,0.03231901,0.03376484,0.01416213,0.03324446,0.02895877,0.02661465,0.02933044,0.02939939,0.02950391,-0.007677698,0.007994682,0.03233009,-0.002803288,-0.01462563,-0.01203749,-0.01854971,0.01939366,0.0006327714,0.02299501,0.04428101,0.04652375,0.04760793,0.04636629,0.04835704,0.0431401,0.03646895,0.04901212,0.04673788,0.04667591,-0.02115151,-0.01873097,0.04215735,-0.0006769118,0.006699019,-0.0409638,0.03442713,-0.03482369,-0.01222258,-0.0001082447,0.02111406,0.02199711,0.01689346,0.01518602,NaN,0.02335174,0.02358936,0.02231491,0.02067336,0.02874468,0.08897406,0.04156098,0.04371641,0.0617918,NaN,0.0413232,0.05451845,0.05492453,0.08471346,0.007772447,0.006998121,0.01597747,-0.0209378,-0.01944855,NaN,0.01968235,0.01206734,0.01450568,0.007227879,0.02684249,0.006588471,-0.001173629,0.02835992,0.01176743,NaN,-0.006429748,0.002397826,0.01619789,0.004941613,0.01072497,0.04260695,0.03877628,0.03528408,0.0365848,NaN,0.03226823,0.03926244,0.03520534,0.0382247,0.03926105,-0.009795361,0.0339909,0.04152337,0.02505822,NaN,0.03693358,0.03245279,0.01647046,0.02837825,-0.002258,anteriorHippocampus,sub-S03,p,randomWalker1,freq34
-0.0007747891,-0.004494731,-0.006508661,0.003836539,-0.001351872,-0.006244103,0.002672591,0.003594578,0.0002638727,0.006208672,0.007022623,0.02095491,-0.003197328,0.005358146,0.01441929,0.0228076,0.011973,0.02147763,0.008264399,0.01384088,0.02603286,0.03090428,0.02988605,0.02090375,0.02834317,0.03011245,0.02747415,0.02991656,0.02846277,0.03325151,-0.007904887,0.003343041,0.01381593,-0.001461279,-0.008204894,-0.008780539,-0.0303208,0.001706728,-0.006707269,0.006192652,0.01877378,0.01690596,0.03018275,0.01617492,0.01816416,0.0149165,0.02405287,0.01949822,0.02035903,0.01660542,-0.008699817,-0.009476162,0.02530264,0.004490285,0.002637754,-0.02968314,0.02656839,-0.02473455,0.01150006,0.007748936,0.003724867,0.005251391,-0.006344737,0.01330887,NaN,0.003831401,0.01301589,0.004348525,0.003120236,0.004179248,0.08790598,0.06221244,0.03302543,0.05751811,NaN,0.07353564,0.04615829,0.05220382,0.09574425,0.01823392,-0.01190283,0.007469258,-0.0283973,-0.02701086,NaN,-0.008014852,-0.008697072,-0.009505502,-0.01343202,-0.001012146,0.003944543,0.001515945,0.03614006,0.00923007,NaN,-0.0006494296,-5.416945e-05,0.009384401,0.004032732,0.01059555,0.04052034,0.03038522,0.02893846,0.01852757,NaN,0.03209034,0.03058081,0.03058831,0.03346176,0.04746971,0.003821553,0.05310732,0.03302881,0.009972645,NaN,0.05889471,0.03330904,0.0196802,0.04170119,0.009133576,posteriorHippocampus,sub-S03,p,randomWalker1,freq34
0.005879759,-0.0166784,-0.008740063,0.0001113596,0.0142554,-0.01608067,0.002347344,0.034843,0.008008876,0.001651072,-0.0004680534,0.006806179,0.00583044,-0.01291783,-0.02802544,0.03279888,0.0236261,0.01238052,0.01762136,0.02270176,0.02857198,0.03558898,0.03594313,-0.016755,0.02306793,0.03451056,0.02798412,0.03416284,0.03214105,0.03857924,0.01151391,-0.01463454,0.03650415,0.01478552,0.03631193,-0.01908135,0.03780629,0.03625578,0.03947015,0.00773345,0.05009656,0.01823507,0.03731425,0.03419614,0.04901386,0.02024184,0.04075163,0.04832611,0.04554063,0.0413034,-0.02055281,-0.01752556,0.02789887,-0.002667968,0.03068589,-0.02255975,0.0421805,0.03128164,-0.01143804,0.001223565,0.01885153,0.0005974551,0.01962032,0.01679689,0.03946537,0.02354625,0.02279949,0.01070211,0.02063611,0.02718937,0.07633322,-0.01278926,0.03114798,0.01964114,0.03946524,-0.01084322,0.05180175,0.04309038,0.08305566,-0.007396898,-0.01733502,-0.01249375,-0.03738919,0.01895458,0.03946519,0.006294535,0.004797637,-0.00516198,-0.001670237,-0.008341945,0.002949394,-0.0106401,-0.01544719,0.02182094,0.03946517,-0.006368582,0.01833897,-0.007819045,0.001998548,0.004088115,0.04381847,-0.01923896,0.03484998,0.006853246,0.03946517,-0.02702065,0.03554232,0.03657785,0.04219444,-0.00399161,0.01225216,-0.01747848,0.03518313,0.01525903,0.03946524,-0.02542308,0.00304388,0.02931333,0.01025694,-0.008416536,anteriorHippocampus,sub-S03,p,randomWalker2,freq34
0.004580975,-0.00846367,-0.008477001,0.001201495,0.003304452,-0.007333689,-0.0006717005,0.01525079,0.004754237,0.002158072,-0.01975508,-0.01251158,-0.0114008,-0.02269298,-0.02896279,0.01157183,0.007094698,0.0009363336,-0.0006960769,0.001909205,0.01102146,0.02533934,0.03426951,-0.02310069,0.007639098,0.02888366,0.02609026,0.02658821,0.02514917,0.0395535,0.02434455,-0.007164175,0.02254986,0.005604092,0.02168611,-0.009606106,0.02729214,0.01441883,0.03943228,0.01933414,0.02782496,0.00158454,0.02463931,0.01112662,0.0266453,0.003147935,0.03132461,0.02159586,0.0209583,0.01548264,-0.004846002,-0.009649419,0.008231273,-0.001292901,0.01042061,-0.01153079,0.03477756,0.02354665,0.01359518,0.0003016956,-0.003901605,-0.01709607,0.002273731,-0.009143394,0.04837119,0.0007797942,0.003734963,-0.005523402,0.0003705397,0.008163021,0.09777923,-0.00245871,0.0184523,0.01010322,0.0483712,0.0006489331,0.04961995,0.03220786,0.09350174,0.005426613,-0.02232412,-0.01108715,-0.03849008,0.002302472,0.0483711,-0.009498837,-0.01768075,-0.02278925,-0.02090675,-0.02003698,0.002463659,-0.003918146,-0.02434726,0.01138578,0.04837111,-0.002015192,0.007226948,-0.008185009,0.002075112,0.001934038,0.04643252,0.009976967,0.03071093,-0.001156585,0.04837107,0.0003306844,0.03382846,0.02965564,0.04113581,0.03300899,-8.844637e-05,-0.004863679,0.02718189,0.006731917,0.04837108,-0.006888617,0.006549818,0.01454891,-0.003097802,-0.002490354,posteriorHippocampus,sub-S03,p,randomWalker2,freq34
-0.008858087,-0.009440721,0.001617774,-0.002788109,0.03653333,-0.009973085,-0.01090945,0.01713141,-0.003767598,0.003700896,0.0170708,-0.005252182,0.02854487,-0.02782656,0.03225559,0.02447977,0.0239309,0.02059772,0.02303415,0.04230338,0.03153084,0.04308071,0.03539017,0.008468665,0.03465426,0.03195039,0.02995339,0.03107369,0.03383014,0.03793021,0.02386691,0.009192799,0.0382232,0.02786461,0.03621936,0.009633425,0.04537436,-0.01311831,-0.01455878,0.01826387,0.04193052,0.0399927,0.04863246,0.04538533,0.04761478,0.04088396,0.04057547,0.04747513,0.0484295,0.04527484,-0.01351231,-0.01672669,0.06151137,-0.006441411,0.04913892,-0.01024514,0.04152459,0.005907117,-0.007601331,0.001897428,0.02348664,0.008159586,0.03030118,-0.03368052,0.009641352,0.01071155,0.008934864,0.003470726,0.01945314,0.03102017,0.08693802,0.003388496,0.06768052,-0.03368061,0.03613566,-0.002467541,0.04151276,0.04795917,0.08622543,-0.002685376,0.001202219,-0.006466477,0.02261207,-0.03368064,0.00739814,-0.007917779,0.005339452,-0.01580558,-0.003029751,0.01306958,0.001876733,0.007963589,0.02847425,-0.03368057,0.03696483,0.001526138,-0.01466265,0.01131925,0.003322905,0.003276585,0.0404279,0.04859876,0.0370915,-0.03368056,0.03597587,0.04055205,0.03469286,0.04102484,0.04235882,0.01303597,-0.0213763,-0.01181111,0.03331954,-0.0336806,0.03518306,-0.01609321,0.04709584,0.006803444,-0.01530841,-0.003100975,anteriorHippocampus,sub-S03,p,randomWalker3,freq34
-0.001444677,-0.002174348,0.00435598,0.001804137,0.01432419,-0.002503086,-0.001461316,0.007249062,0.001471491,0.005386408,-0.00127157,-0.002798682,0.01877439,-0.02789697,0.02360973,0.009344446,0.02004114,0.006106517,0.01344191,0.02609356,0.03324359,0.04805117,0.03235715,0.00871751,0.03136326,0.03597433,0.02860478,0.03270882,0.03615797,0.04116845,0.01983051,0.001652342,0.01950641,0.01134296,0.0219427,0.00645674,0.02051425,-0.004262126,-0.0005455384,0.0070848,0.02012548,0.01494177,0.03644866,0.01685335,0.01974707,0.01486888,0.02535408,0.01931171,0.02568915,0.01812692,-0.003668974,-0.005943396,0.04409537,-0.0003517073,0.05436653,-0.009730107,0.07172472,0.00806556,0.01299322,-0.0002397927,-8.083294e-05,-0.013467,0.01487675,-0.02617233,0.01240648,-0.01033202,0.01287932,-0.0151656,1.810305e-05,0.002417906,0.08923888,0.02644213,0.08017533,-0.02617233,0.03013491,0.007456583,0.04835884,0.06438176,0.0974607,0.005992572,-0.01639724,-0.01944034,0.04253828,-0.02617254,0.02902751,-0.0205086,-8.469714e-06,-0.0229679,-0.01687187,-0.00184372,0.006017826,0.008495347,0.01521008,-0.02617253,0.03556896,0.003112489,-0.009165223,0.01096597,0.006808855,0.004963529,0.03628797,0.08472882,0.02947454,-0.02617228,0.02930519,0.03360191,0.03363076,0.03676087,0.04160249,0.02377887,-0.02387357,0.01331966,0.06458393,-0.02617236,0.02986475,-0.009514822,0.05504161,-0.005938459,-0.01247336,0.002393099,posteriorHippocampus,sub-S03,p,randomWalker3,freq34
-0.001440904,-0.01130124,-0.01785681,-0.00691317,0.03873702,-0.01071487,0.009837305,0.0185215,0.003020455,0.008336694,0.0142185,-0.01120262,0.02505883,0.008544027,0.0271669,0.02381294,0.02263932,0.01934141,0.02198608,0.01985588,0.03430695,0.03278622,0.03520472,0.03481968,0.03511491,0.03461557,0.03102413,0.03295835,0.03179831,0.03351456,-0.005156679,-0.02059063,-0.004611831,-0.009103189,-0.00360124,-0.01831427,0.03892091,0.0095412,-0.01347054,-0.01104299,0.04293764,0.04033879,0.02428943,0.008148273,0.05173893,0.03617982,0.04444923,0.04621982,0.04280689,0.04526312,-0.01202996,-0.01244368,0.04758696,-0.01733435,0.04598677,-0.02486177,0.0480156,0.002473588,-0.007992306,-0.003051271,0.01342379,-0.003961306,0.01197568,-0.000141494,0.02505351,0.02305442,0.01752003,0.01467283,0.01820124,0.02303769,0.0197478,-0.001175791,0.05150092,0.04615086,0.02505365,0.07872675,0.04110979,0.07440547,0.08707303,-0.01070448,-0.002155748,-0.01480462,-0.00420605,-0.01019422,0.02505373,0.01256767,0.005462788,-0.0003839571,0.003772879,-0.004922582,0.0002204095,-0.01082924,0.009131581,-0.01561427,0.02505364,0.004050135,-0.0001770929,0.0103337,0.00301284,-0.007404968,0.04353261,0.05801377,0.03674521,0.03873081,0.02505366,0.03898032,0.03717135,0.03641726,0.04062654,-0.0130706,0.03636443,0.05298492,0.04166081,0.04619417,0.02505354,0.05917146,0.04669002,0.04888984,0.04111632,0.02820963,anteriorHippocampus,sub-S03,p,randomWalker4,freq34
0.003175559,-0.001474798,-0.005755176,-0.003092656,0.0166883,-0.001235787,0.01511789,0.01226714,0.005902336,0.009269251,0.000255382,-0.01594892,0.01647247,-3.381286e-05,0.01877455,0.01553347,0.01543718,0.01330469,0.01040412,0.002813769,0.02852911,0.03602988,0.03227575,0.02854954,0.03280497,0.03318771,0.03203033,0.03226063,0.03204704,0.03217473,-0.001478578,-0.007842944,0.006514168,-0.006313006,-0.02487798,-0.005978988,0.01731759,0.007972454,-0.007557883,-0.001741723,0.02258067,0.0181,0.008246386,-0.0004676275,0.02764824,0.01335564,0.02239447,0.02032566,0.01963939,0.01919781,-5.411064e-05,-0.003650964,0.03651332,-0.002713461,0.04152036,-0.01076207,0.05197618,0.006300848,0.01776177,0.006326867,-0.001182592,-0.01443682,0.001719163,-0.006855885,0.006041411,0.009838799,0.006609208,-0.0008005175,0.003436385,-0.0004570886,0.04638037,0.01159141,0.05149143,0.02691449,0.006041375,0.0977895,0.0407884,0.09653079,0.106214,-0.003292448,-0.01390251,-0.01962515,-0.01398982,-0.01514422,0.006041477,-0.001163004,-0.009124428,-0.01201194,-0.0106263,-0.01139462,0.005401896,-0.002719689,0.01113825,-0.008840672,0.006041389,0.007995014,0.007369737,0.01209754,0.008317569,-0.00206214,0.0403207,0.08647286,0.0293574,0.02142784,0.006041392,0.04152529,0.03492011,0.03428988,0.03786964,-0.007381349,0.01653414,0.02642531,0.03845108,0.02753362,0.006041451,0.09914132,0.04507053,0.06235817,0.02661368,0.007339235,posteriorHippocampus,sub-S03,p,randomWalker4,freq34
0.002247271,-0.01767905,-0.003710791,-0.005341984,0.03540284,-0.0169222,0.005033532,0.01780562,-0.002844644,0.003702192,0.01814304,-0.02417139,0.01668117,0.005658378,0.02302505,0.01746678,0.0240271,0.02163064,0.02472003,0.02823059,0.03357477,0.03462537,0.03301488,0.04446328,0.03471619,0.02427422,0.0281665,0.03439298,0.03048918,0.04201251,-0.02946247,0.008170484,0.03946849,0.02606022,0.03811236,-0.0237464,0.03952885,-0.00346577,-0.01547454,0.02168055,0.03958798,0.02716906,0.04193578,0.03411256,0.04877492,0.0322384,0.024861,0.04691277,0.03859097,0.03526071,-0.02790709,-0.01578674,0.04655524,0.005295589,0.04945568,-0.02731381,0.0445176,0.03825145,-0.01701002,-0.00144185,0.0231436,-0.01915233,0.02200709,-0.01912759,NaN,0.02415712,0.015683,0.01504698,0.02127536,0.01248781,0.0922153,0.01173283,0.0420158,0.006773652,NaN,0.01558351,0.05433226,0.0405569,0.08038452,0.05117642,0.005584215,-0.01576689,-0.006601909,-0.03135038,NaN,0.004582458,0.004603691,0.008109869,0.005933579,-0.01279553,-0.003384669,-0.0006230655,-0.006072405,-0.0117488,NaN,0.01425279,-0.007843294,0.02568318,0.002538959,0.01835799,0.04241309,0.0369297,0.03764631,0.03932691,NaN,0.00486769,0.03544711,0.04931187,0.04254863,0.03746129,0.01621252,0.04085892,0.03231235,0.07884716,NaN,0.01795889,0.05278884,0.04750217,0.02216475,0.0479738,anteriorHippocampus,sub-S03,p,randomWalker5,freq34
0.003324239,-0.008861808,0.0008994298,-0.002316735,0.02117074,-0.008455946,0.003268382,0.01266119,0.0004630568,0.003456829,-0.0002010691,-0.007146444,0.006753446,-0.001187871,0.01791069,-0.007395619,0.01186059,0.004054877,0.01078274,0.009540336,0.02595838,0.08425175,0.02993966,0.05096886,0.02888374,0.04927487,0.02571428,0.03407253,0.03160965,0.05223311,-0.007802613,0.007599158,0.02193554,0.01481829,0.02621552,-0.01421056,0.02548211,0.01356511,0.004117463,0.01211908,0.01967739,0.009403072,0.02094625,0.02425196,0.02543461,0.01332494,0.01862972,0.02317345,0.0204987,0.01388915,-0.00788121,-0.006982432,0.02771928,0.01451353,0.02523808,-0.01673831,0.02667897,0.006492016,0.004757892,0.00285438,0.004203207,-0.02302933,0.00134028,-0.02396287,NaN,-0.0003767766,-0.001030713,0.001352095,0.0007628287,0.01354929,0.1027571,0.02443955,0.03396292,0.03012416,NaN,0.01402916,0.04789311,0.05730769,0.1037433,0.07784601,-0.006650849,-0.02368616,-0.0199845,-0.02441369,NaN,-0.01142128,-0.006619025,-0.002683203,-0.007486603,-0.02402992,0.002704811,0.004989028,-0.00104552,-0.003511783,NaN,0.008767483,-0.002782993,0.02485046,0.005645749,0.01170218,0.04124774,0.03677987,0.03077084,0.03401799,NaN,0.01469063,0.03296227,0.0798223,0.04022437,0.02923716,0.01965439,0.01836959,0.03105431,0.0957607,NaN,0.01048527,0.05262038,0.09028967,0.02973579,0.06922562,posteriorHippocampus,sub-S03,p,randomWalker5,freq34
-0.003280238,-0.01452558,0.005318441,0.00269895,0.01613817,-0.00685047,-4.436608e-05,0.01477999,0.0006991454,0.004801289,0.02546261,0.03295971,0.01703403,0.01287108,0.0337032,0.04140258,0.0295555,0.01894057,0.02554154,0.03443047,0.03490626,0.03945607,0.03525183,0.03204363,0.03545404,0.03575929,0.03212011,0.03475599,0.03368788,0.03127958,0.01628251,0.006381526,0.03706503,0.01507097,-0.003725789,0.001573722,0.03914612,0.01966996,0.002851264,0.03135469,0.04139725,0.03255488,0.04418156,0.04687045,0.04132364,0.04147894,0.02439842,0.04532154,0.04390144,0.04332891,0.06297421,-0.01683654,0.0445657,0.02214453,0.04802355,-0.0255079,0.03749474,-0.03140631,-0.0184738,-0.01912813,0.01938548,0.0199107,0.01750036,0.01971365,NaN,0.01868212,0.02734475,0.01765325,0.0214259,0.01969307,0.07354387,0.08548445,0.03416495,0.04130981,NaN,0.07152126,0.03522658,0.03144769,0.08787978,-0.005822491,0.001139789,-0.001519374,-0.05726876,-0.001536043,NaN,0.004943772,-0.03536503,0.001799034,0.002706741,0.002484871,0.002270276,-0.01054482,-0.003082811,0.0004315083,NaN,-0.002216364,0.005766855,0.01099164,0.003685288,-0.0001870671,0.04118433,0.04483018,0.03959452,0.03457827,NaN,0.0402004,0.03121749,0.04479433,0.04109243,0.01841767,0.03436776,0.06200085,0.03258862,-0.005875002,NaN,0.06062681,0.01097089,0.01058095,0.04279107,0.03044067,anteriorHippocampus,sub-S03,p,randomWalker6,freq34
-0.001070685,-0.008065904,0.00665911,0.006716693,0.00765635,-0.003385434,-0.004682562,0.006436848,0.001045359,0.003411389,0.01241202,0.007499783,0.004955139,0.001860255,0.02706956,0.02968522,0.01687116,0.004021359,0.008400454,0.00964909,0.02693032,0.03866302,0.02769411,0.0180032,0.02925323,0.02872,0.03275528,0.03236808,0.03080064,0.03140394,0.02201247,0.001821763,0.01997833,0.008910738,0.002177687,-0.003235268,0.02688012,0.002627972,0.0009585147,0.01171635,0.03295146,0.009537029,0.0194309,0.01952257,0.01508836,0.01547276,0.01041875,0.01770233,0.01994172,0.01608303,0.07672336,-0.01028921,0.02516136,0.02226645,0.06191188,-0.01346701,0.03113556,-0.02347053,0.004986331,-0.01063869,0.003019383,0.003696937,0.006706402,0.01216642,NaN,-0.004761053,0.01641289,-0.006201182,0.001456544,0.02152585,0.07497245,0.08575416,0.02449411,0.03384247,NaN,0.07463477,0.03409756,0.04003558,0.09713913,0.0008792815,-0.01722333,-0.01808277,-0.02521016,-0.01505673,NaN,-0.009087406,-0.02919952,-0.01902742,-0.01763373,0.01743037,0.004285905,-0.004972801,0.003170809,0.0003918992,NaN,0.001977851,0.004982427,0.00784102,0.004788955,0.0005033349,0.03565513,0.03503382,0.03063643,0.04168726,NaN,0.03033709,0.0340492,0.0385046,0.03715078,0.0574703,0.03353602,0.07193855,0.02119461,-0.002261865,NaN,0.06017326,0.03308776,0.04023489,0.04593807,0.02033286,posteriorHippocampus,sub-S03,p,randomWalker6,freq34
0.0008745119,-0.01626884,-0.007335124,-0.007693704,0.02148,-0.005595981,0.003880018,0.02256703,0.001254186,-8.481635e-05,0.02032292,-0.0137806,0.0261699,0.00930348,0.03736829,0.03227558,0.02598872,0.0236324,0.02344146,0.02492375,0.03022307,0.04363871,0.0333156,0.000608358,0.0361281,0.03390688,0.02848636,0.02911616,0.03250145,0.0396322,-0.0211333,-0.01990804,0.04180285,-0.01619354,-0.02759611,-0.03234153,0.0308302,-0.009195196,-0.02439909,-0.02692784,0.0415201,0.03852709,0.0407218,0.04109005,0.04691307,0.04094667,0.04766215,0.04691517,0.04409274,0.04179481,-0.01472251,-0.01464632,0.0431774,0.00219834,0.02411519,-0.02553496,0.04129979,0.008556323,-0.006812736,-0.00998188,0.0177205,0.00725275,0.02447619,NaN,-0.02837759,0.03593222,0.0332594,0.02763011,0.02101419,0.0009433994,0.07757074,0.0196764,0.03950021,NaN,0.04958259,0.00979236,0.05776089,0.04132935,0.08802214,0.04857755,0.005679369,0.00235378,0.01671173,NaN,-0.02940305,0.01055236,0.01217513,0.009922279,0.008731032,-0.01816414,0.006326238,0.00460167,0.006126476,NaN,0.03121565,0.004013698,0.005981455,0.01625011,0.008910458,0.01030421,0.04119158,0.05317477,0.03482696,NaN,0.0008554108,0.03648419,0.0390982,0.03728356,0.04111518,0.03750987,-0.02135356,-0.02678703,0.03917487,NaN,0.03183468,0.002064616,0.05019424,0.02628234,-0.008863765,-0.0139824,anteriorHippocampus,sub-S03,p,randomWalker7,freq34
0.001028224,-0.00938576,-0.003137135,-0.004794139,0.007140082,-0.00272283,0.004489128,0.009402056,0.0007807088,0.0003812417,0.004029913,-0.01686035,0.01120917,-0.002456298,0.03993584,0.02860128,0.009111136,0.03912789,0.00735203,0.00628574,0.02940598,0.03956906,0.03122441,-0.006255277,0.03254608,0.03360458,0.02925912,0.03715253,0.03262234,0.04563527,-0.01289228,-0.01277038,0.01974177,-0.009434949,-0.01914457,-0.01467029,0.009665151,-0.008141035,-0.01425446,-0.0138722,0.01776341,0.01603142,0.02478519,0.01834937,0.02058386,0.01561956,0.02376165,0.02044563,0.02030128,0.01586487,0.0003745183,-0.008221257,0.02748111,0.01075692,0.02619635,-0.007496837,0.02940482,0.00557597,0.02059372,-0.0008770063,-0.001046084,-0.0133968,0.009721057,NaN,-0.02919813,0.01113073,0.01340991,0.008588227,0.001428466,-0.0167927,0.08512033,0.03620479,0.03265088,NaN,0.04999445,0.03740261,0.04664135,0.06570845,0.09397519,0.06654489,-0.0158545,-0.01992139,-0.002672404,NaN,-0.0280578,0.0310796,-0.007064753,-0.009507353,-0.01188106,-0.02751106,0.005639181,0.003361609,0.008925959,NaN,0.03220925,0.002700472,0.002804384,0.01024628,0.007148072,0.005767805,0.04249434,0.06273455,0.03001937,NaN,0.01697493,0.02949328,0.03966367,0.03250872,0.04075626,0.04870746,-0.009901426,-0.01347707,0.03160398,NaN,0.03164402,0.03140131,0.04572958,0.05266269,0.002945582,-0.007269266,posteriorHippocampus,sub-S03,p,randomWalker7,freq34
-0.002632839,-0.006911376,-0.01409529,0.001347145,0.02261305,-0.004731025,0.0172949,0.01536421,0.009904047,0.009987091,0.01829035,0.01536411,0.01716412,0.01255675,0.02698763,0.02615436,0.02256078,0.03099719,0.01876491,0.02892045,0.02803845,0.03119032,0.03325254,0.03159894,0.03243867,0.03104096,0.02989048,0.03032483,0.03139899,0.03288224,-0.006402364,0.009803476,0.04004253,-0.002106216,3.639662e-05,-0.02641064,0.0353381,0.007747394,-0.01114835,0.008456062,0.05030571,0.04724612,0.03518838,0.03890182,0.04796011,0.04492087,0.05062475,0.04684409,0.04672223,0.04534933,-0.01205568,-0.01198833,0.06647411,-0.003298022,0.03162637,-0.0208175,0.04278027,-0.003107145,0.005444802,0.0002435989,0.01700577,0.007851605,-0.006891087,0.01793253,0.02381329,0.01503155,0.01623289,0.01531679,0.01695532,0.02798116,0.08734061,-0.01477304,0.05074789,0.006870481,0.02381326,7.926673e-05,0.04726047,0.04681063,0.08694378,0.05394149,0.005402773,0.007625553,-0.02976286,0.02094967,0.02381336,-0.00168166,0.009158714,0.004359588,0.005270496,0.009812747,0.004711712,-0.0003237224,0.008829256,0.0162952,0.02381341,0.002687627,0.009506682,0.002863584,0.006797549,0.01643415,0.03987116,-0.003116986,0.04199303,-0.004319014,0.02381316,0.04226403,0.03424451,0.04728994,0.03990355,0.03478848,0.05144066,0.005792764,0.03101321,0.005690888,0.02381329,0.03797164,0.0378396,0.04657251,0.0575638,0.005279601,anteriorHippocampus,sub-S03,p,randomWalker8,freq34
0.001677336,0.0003923646,-0.006595227,0.003589559,0.00668243,0.0001493136,0.006456027,0.008067323,0.008238621,0.009788147,0.002048672,0.003932486,0.004823547,-0.003223504,0.02524507,0.0184664,0.01289218,0.02469822,0.004828475,0.01020084,0.02455072,0.04322996,0.03294872,0.0305469,0.03048372,0.03908896,0.03064681,0.03230504,0.03019338,0.04928846,0.001369986,0.002645837,0.02200003,-0.002886901,-0.01107485,-0.01721479,0.01520063,-0.0006011735,-0.007970268,-0.001522712,0.03083248,0.02016856,0.02232684,0.01563148,0.02161078,0.01913766,0.03285778,0.02015018,0.02203867,0.01945111,-0.006005145,-0.003798286,0.06259365,0.002150554,0.0279695,-0.009046367,0.03547816,-0.002757058,0.02554609,0.009570243,-0.001868542,-0.01896593,-0.02733737,0.01229958,0.003166139,-0.009648323,0.002867897,-0.005225983,-0.0006541442,-0.004228695,0.09425432,-0.004551809,0.08035851,0.01139901,0.003166161,0.0141786,0.04619342,0.06088424,0.09524094,0.08351482,-0.0151334,-0.01527285,-0.02869631,0.006294179,0.0031661,-0.01936861,-0.01162021,-0.01621911,-0.01483838,-0.01167997,0.004346346,0.0007850238,0.008856329,0.01151221,0.003166088,0.001227409,0.007616655,0.002970496,0.006697289,0.0148317,0.03887434,-0.002107526,0.04124599,0.002574207,0.003166169,0.06295476,0.03083946,0.05500329,0.03833012,0.04302385,0.04887378,0.02048478,0.06583943,0.01042609,0.003166218,0.0557747,0.04736266,0.03005351,0.04970155,0.03125834,posteriorHippocampus,sub-S03,p,randomWalker8,freq34
0.006306697,-0.004399531,-0.01034208,-0.001716885,0.02459095,-0.01284399,-0.0005723131,0.02354771,0.003166525,0.004511704,0.01426718,0.0306264,0.01948159,0.01465164,0.01938542,0.02279082,0.02555492,0.01899335,0.02125274,0.02117224,0.03538473,0.04348869,0.037166,0.03131232,0.03506709,0.03420775,0.02967657,0.03401349,0.03401497,0.04550454,-0.01916169,-0.004864658,0.03472387,-0.01122477,0.03366124,-0.03168625,0.03820634,0.03159337,-0.01311979,0.005703534,0.04644659,0.04319286,0.03788468,0.03385418,0.04969072,0.03520695,0.04114073,0.04584545,0.04695375,0.04337198,-0.004948915,-0.01237564,0.06529573,-0.007126256,0.05574368,-0.0257019,0.04532612,0.0002204276,-0.0001376567,-0.008361987,0.01708122,0.007984845,0.02438997,0.01965679,NaN,0.008324782,0.02158971,0.01155196,0.01782101,0.01657998,0.08404213,0.008464915,0.03692629,0.01620816,NaN,0.1013139,0.04373485,0.05476017,0.08073679,-0.00149956,-0.0003164703,-0.005824407,0.003541108,0.007261347,NaN,-0.00599661,0.006935291,-0.004540942,0.001113179,0.002493528,0.003178105,0.007920699,0.02205719,0.005088157,NaN,-0.008232904,0.00252109,0.01092451,0.003523468,0.002954019,0.04336272,0.03664707,0.03363105,0.01084096,NaN,0.04201943,0.03427716,0.03621485,0.04000321,-0.01177752,0.02411954,-0.009100904,0.03600187,0.00737597,NaN,0.08058765,0.03654384,0.0288463,0.04019279,-0.01200027,anteriorHippocampus,sub-S03,p,randomWalker9,freq34
0.005896813,0.0009823053,-0.002326755,0.001474459,0.009661151,-0.004082928,0.004040593,0.01085852,0.004496073,0.00540327,-0.00078886,0.007446178,0.005480037,0.002965264,0.001808331,0.01293191,0.01560641,0.008592547,0.007579521,-9.600924e-05,0.02909054,0.05667121,0.03038119,0.03270816,0.03332622,0.03682584,0.03058606,0.03582668,0.03178602,0.04338661,-0.003867137,0.001140555,0.02236741,-0.002139934,0.01273129,-0.01002691,0.0125563,0.01143307,-0.0006842823,0.006382191,0.02413754,0.01713971,0.01738045,0.01312026,0.02319038,0.01468501,0.01755181,0.01890686,0.02609211,0.01700644,0.01270057,-0.003858965,0.04621788,0.003492439,0.06239515,-0.008339501,0.04061882,0.004109443,0.02787887,-0.0006115128,0.0004499419,-0.007032832,0.009238428,-0.002641354,NaN,-0.002928918,0.005075507,0.001570582,0.001224725,-0.004285029,0.09799827,0.01211707,0.03002577,0.02652295,NaN,0.1082434,0.03839642,0.08573066,0.09713762,0.01076798,-0.01706894,-0.01671768,-0.01382552,-0.01342349,NaN,-0.01603141,-0.01226634,-0.01551581,-0.01541641,-0.01586702,0.0059875,0.006965114,0.0121659,0.001541508,NaN,-0.00424002,0.01393581,0.008211703,0.006518308,0.006077924,0.03991861,0.04851466,0.02904122,0.004296547,NaN,0.03449772,0.02930431,0.03710059,0.03706098,0.02073545,0.03610496,0.004972104,0.0330096,0.007196058,NaN,0.09180123,0.02187792,0.02711821,0.02178961,0.001762032,posteriorHippocampus,sub-S03,p,randomWalker9,freq34
0.04874982,0.03463611,0.02667151,0.02600254,0.05139193,0.03609083,0.04469649,0.05230345,0.04961993,0.04075936,0.03265873,-0.004366964,0.03434516,0.0327493,0.01675445,0.03641697,0.02684769,0.009797181,0.0302219,0.03592354,0.02728334,0.04470272,0.03277432,0.03113908,0.03247958,0.03358486,0.02566882,0.02918771,0.02930988,0.04943652,0.0324492,0.03328052,0.04180235,0.02480126,0.04669258,0.03267025,0.0355931,0.03949182,0.02222484,0.02963219,0.07675324,0.0710695,0.06794032,0.0520323,0.05298996,0.05831365,0.0684039,0.06681882,0.07334252,0.04945741,0.0177288,0.03484571,0.0472667,-0.002373728,0.0351286,0.03186071,0.0354577,0.04031003,0.02922266,0.03494024,0.02701919,0.01147109,0.03270245,0.02637189,0.03561481,0.01754371,0.02661945,0.01478816,0.02291857,0.0279339,0.03675386,0.04372213,0.03765218,0.03169714,0.03975925,0.03884761,0.03659793,0.03426947,0.03506173,0.02685483,0.03490108,0.0365206,0.03628364,0.03464993,-0.02682913,0.03517995,0.03303271,0.03358817,0.03508266,0.03894182,0.04430985,0.04514166,0.03566027,0.02236612,0.0280425,0.04139561,0.03879287,0.04611107,0.04709014,0.03397328,0.03167221,0.0404514,0.03854615,0.02301508,0.0403908,0.04541519,0.03468808,0.04056708,0.03346626,0.0290855,0.02398388,0.03222061,0.04537873,0.02969413,0.04082295,0.03284467,0.04055798,0.02447546,0.01598721,0.009044121,anteriorHippocampus,sub-S04,p,randomWalker0,freq34
0.02218777,0.01886971,0.003860601,0.003985535,0.03169887,0.017367,0.04246638,0.02931393,0.02504757,0.01924676,0.03071448,0.009858427,0.03392761,0.02957579,0.02238854,0.03639146,0.03498213,0.01356929,0.03400436,0.03569409,0.0198611,0.032786,0.01292446,0.02607293,0.01507489,0.01522153,0.02003348,0.01355173,0.01746346,0.04105886,0.0190787,0.02248741,0.008415321,0.01925008,0.01045415,0.0197801,0.01179018,0.02160076,0.0156565,0.02086272,0.07291526,0.06500964,0.05459461,0.03823841,0.04156452,0.04429461,0.07230135,0.05842,0.0669746,0.0370862,0.01320755,0.01091815,0.02503342,0.01723404,0.02360232,0.01095516,0.03678835,0.020944,0.01125361,0.006773335,0.03278806,0.02219145,0.03464518,0.03173062,0.04666743,0.02495411,0.03697908,0.009918934,0.0312352,0.00724054,0.0597223,0.03241205,0.03074177,0.0297602,0.01304037,0.02516549,0.03766772,0.05213665,0.06700289,0.01689841,0.03599245,0.03400346,0.03049384,0.03302522,0.02844925,0.03665126,0.03686891,0.039515,0.03627682,0.04104438,0.02838517,0.02152471,0.01850837,0.02942648,0.01222286,0.01747086,0.02042164,0.02809846,0.02627933,0.02007168,0.01899743,0.03932886,0.0173632,0.01602521,0.01187537,0.01651981,0.01566441,0.01518944,0.01757653,0.02380338,0.05113154,0.0141552,0.04955793,0.02706693,0.01277591,0.0164659,0.01379063,0.02397194,0.04445802,0.006062689,posteriorHippocampus,sub-S04,p,randomWalker0,freq34
0.04331867,0.03709816,0.03802878,0.04320608,0.03291445,0.03291207,0.04848694,0.04570013,0.0431209,0.04677284,0.02313769,0.01745533,0.0297907,0.02443041,0.009046941,0.01751777,0.02297176,0.02052521,0.02424562,0.02393168,0.02928017,0.0303573,0.03155529,0.01023781,0.03198996,0.02595267,0.02122549,0.02757141,0.02421378,0.02427317,0.03984069,0.04868566,0.0529153,0.04068707,0.02649908,0.02363298,0.03731355,0.03266476,0.03656078,0.04773644,0.06958006,0.05704549,0.07671922,0.05269878,0.06215763,0.06151536,0.06694125,0.06370655,0.067527,0.05225841,0.02321659,0.03016834,0.03656405,0.01164706,0.01888718,0.02055305,0.0277109,0.02604217,0.02998734,0.03500202,0.02320257,0.02183208,0.03026196,0.01874117,NaN,0.02803336,0.02178278,0.02505864,0.02460027,0.03574127,0.02662992,0.04686002,0.03492508,0.002248024,NaN,0.04557942,0.03431454,0.03673625,0.04205119,0.04795966,0.02959156,-0.005945347,0.02749061,0.02828797,NaN,0.02220127,0.02813619,0.01330565,0.02859676,0.02545379,0.04157519,0.03914774,0.05858086,0.02889896,NaN,0.03874758,0.0441329,0.05407211,0.04145807,0.04692856,0.0348192,0.03443509,0.03395146,0.001624212,NaN,0.02707183,0.03576058,0.03123618,0.03243398,0.03684748,0.03012489,0.05121056,0.03320961,0.04008914,NaN,0.05074565,0.03980666,0.03661927,0.04209761,0.03395825,anteriorHippocampus,sub-S04,p,randomWalker1,freq34
0.01947449,0.02210646,0.01549171,0.02255577,0.01596616,0.01383664,0.03734035,0.0252309,0.02039676,0.02754313,0.03480629,0.02360719,0.03724116,0.03246451,0.0111946,0.02989059,0.03584084,0.02478385,0.03539744,0.03641761,0.02177781,0.008325091,0.01177001,0.02198994,0.010547,0.01361432,0.0196677,0.009248205,0.02118379,0.0132293,0.01829587,0.03109958,0.0102852,0.02813556,0.01237302,0.01074907,0.02729909,0.02171779,0.01894035,0.03456634,0.06401972,0.05379372,0.0906947,0.05088232,0.05883512,0.05214549,0.08862834,0.06208041,0.06359099,0.05165674,0.004289333,0.005992313,0.01815922,-0.0007589402,-0.005264502,-0.002812576,0.02934223,0.003487073,0.01402315,0.01803683,0.03465601,0.03532755,0.04115187,0.02826275,NaN,0.0402138,0.03672853,0.03826497,0.03621533,0.04466408,0.06514913,0.02530068,0.01797978,0.06096807,NaN,0.04650884,0.02052714,0.02538814,0.06324527,0.04853892,0.03389999,0.003247098,0.02352311,0.02332735,NaN,0.03596275,0.03578974,0.0239418,0.03462643,0.03848616,0.02659552,0.01924868,0.09574872,0.01802473,NaN,0.01370016,0.01726052,0.0325214,0.0227136,0.03043557,0.0159645,0.009486562,0.009124895,0.02218138,NaN,0.01314238,0.008947675,0.009679772,0.01137146,0.0116624,0.05507873,0.0155436,0.01552284,0.002867755,NaN,0.03089862,0.04976432,0.03609776,0.07169519,0.01715555,posteriorHippocampus,sub-S04,p,randomWalker1,freq34
0.04615059,0.03010129,0.04224121,0.03760782,0.04212604,0.0301437,0.04142985,0.05518645,0.04496148,0.0430788,0.03185537,0.008895375,0.0328919,0.03429134,0.03194879,0.023177,0.02741736,0.026173,0.02914296,0.03063486,0.03470585,0.02874464,0.02532414,0.03357911,0.04018401,0.03539198,0.02197255,0.02756212,0.02689035,0.04824376,0.03959548,0.03329954,0.04004143,0.04713036,0.04111364,0.03009966,0.03521605,0.04661741,0.03436174,0.02394952,0.07634387,0.0367564,0.07401799,0.04971834,0.07337511,0.03649325,0.07784905,0.06518848,0.06952957,0.05505436,0.02152969,0.03000313,0.0435156,0.02613745,0.04796491,0.0247623,0.0326622,0.06592106,0.03272063,0.03796975,0.03377876,0.02361067,0.02897154,-0.03074377,0.0770741,0.02824457,0.02984052,0.03106608,0.03059079,0.01904275,0.04066696,0.03234114,0.03337046,0.0469716,0.07707404,0.03383201,0.02477786,0.0298564,0.03819733,0.03970801,0.02614838,0.0276864,0.019267,0.03740026,0.07707401,0.02337294,0.03214325,0.03213833,0.03060639,0.03924125,0.04042761,0.03285372,0.01253057,0.0457673,0.07707416,0.03556585,0.0482504,0.0348703,0.03906004,0.03887072,0.03492964,0.0359241,0.02761504,0.03306611,0.07707401,0.002521798,0.02689144,0.03046008,0.03250499,0.03310638,0.03823278,0.01951125,0.03230027,0.03864376,0.07707406,0.01450479,0.04233088,0.05037145,0.03638065,0.03193698,anteriorHippocampus,sub-S04,p,randomWalker2,freq34
0.02433559,0.0218706,0.02529564,0.01605288,0.02613864,0.02029835,0.02634647,0.04408835,0.02393582,0.02516997,0.03018307,0.01997301,0.03246515,0.02493134,0.0186933,0.0360148,0.03927965,0.03132971,0.03469752,0.04039434,0.02835728,0.03482651,0.0176558,0.02512926,0.02046604,0.02843666,0.02312612,0.01818761,0.02312091,0.07191137,0.03310343,0.02505607,0.01191638,0.03067933,0.01178516,0.02401054,0.01130169,0.0423312,0.005321253,0.008274956,0.07598249,0.02159435,0.09815328,0.03812391,0.07244469,0.02302863,0.1036301,0.06148082,0.06183093,0.04663967,0.01172329,0.01148057,0.00990835,0.01129968,0.01449483,0.0086665,0.03361699,0.05511781,0.02399584,0.01466982,0.02954034,0.02425245,0.04021283,0.03341287,0.1288825,0.03855743,0.03736244,0.03465486,0.03454415,0.02449772,0.07477677,0.008565509,0.03048777,0.04399154,0.1288824,0.005476516,0.04371878,0.02842517,0.06087065,0.02519088,0.02206862,0.01490686,0.02282309,0.04082078,0.1288824,0.01966362,0.03609778,0.03123059,0.03219949,0.02717807,0.02561468,0.008308365,0.0006127935,0.03914663,0.1288824,0.01389463,0.04060361,0.009025261,0.02002281,0.01956153,0.02565476,0.01272172,0.01612071,0.02355358,0.1288824,0.002646193,0.01943306,0.01372625,0.02119391,0.02365373,-0.001821551,-0.001550593,0.02404455,0.03776495,0.1288824,-0.0006638621,0.01956075,0.03897945,7.629142e-05,0.01879944,posteriorHippocampus,sub-S04,p,randomWalker2,freq34
0.03460459,0.03687067,0.04050904,0.03547132,0.05065331,0.03499478,0.03125621,0.04776645,0.03975976,0.0448326,0.02915555,-0.01452572,0.02823821,0.02687392,0.03635371,0.02836239,0.01842377,0.02763001,0.02420226,0.04550635,0.02110781,0.03277355,0.02775879,0.006999354,0.02784865,0.01847066,0.0233523,0.02134983,0.02364709,0.02996077,0.03082274,0.03899195,0.04466969,0.049873,0.04026055,0.0466851,0.05138123,0.03452552,0.03417543,0.04739392,0.0663606,0.06230221,0.07588921,0.05618586,0.05575242,0.06203467,0.07143921,0.06356905,0.07245283,0.05777419,0.0205373,0.03714526,0.04534378,0.01353465,0.03068101,0.03529055,-0.04224738,0.04672232,0.02954156,0.04069552,0.02725889,0.02158028,0.02147892,0.03097524,0.01497066,0.01696433,0.01388013,0.02605099,0.02339737,0.02901527,0.04632842,0.0448053,0.04113736,0.03097541,0.02970623,0.04683611,0.01602036,0.03060684,0.0397593,0.03613861,0.02916896,0.03218251,0.02844608,0.03097526,0.03379751,0.03218393,0.03011936,0.03063004,0.03101349,0.04021221,0.03789747,0.04586172,0.06181419,0.03097512,0.02801274,0.04395879,0.02047341,0.04420985,0.04073154,0.03860179,0.03420702,0.06760199,0.03094123,0.03097527,0.03053905,0.02375326,0.02429156,0.03486763,0.03440881,0.03885197,0.02218724,0.02232203,0.03479963,0.03097544,0.0292234,0.006392711,0.02453906,0.02605517,0.02948261,0.00766329,anteriorHippocampus,sub-S04,p,randomWalker3,freq34
0.01525382,0.01883274,0.02407093,0.01569977,0.03771729,0.01796842,0.009111667,0.02730249,0.0186705,0.02604595,0.03640604,0.00889108,0.0318936,0.02055411,0.02859629,0.03730538,0.03201089,0.03403435,0.03369478,0.03454959,0.01938264,0.02705227,0.01479101,0.02146402,0.01341907,0.01802932,0.01854405,0.01657273,0.02039722,0.02013916,0.01805102,0.02459402,0.01167904,0.03439039,0.009671261,0.03168504,0.01441217,0.02985797,0.02214533,0.02991515,0.06025773,0.04879704,0.09034388,0.04774641,0.0508457,0.04758216,0.08210832,0.05517978,0.07036416,0.0496501,0.01311406,0.01281589,0.02692185,0.005163876,0.01985018,0.02151431,0.02566732,0.01943,0.01965713,0.02822539,0.03705511,0.02906226,0.03464048,0.01802774,0.02252105,0.02871153,0.02747406,0.03040821,0.03390068,0.03090676,0.06439748,0.0270039,0.05524906,0.01802769,0.01445921,0.02330554,0.03220364,0.04932411,0.06576423,0.02107557,0.03473083,0.03080253,0.00373625,0.01802775,0.003496487,0.03065136,0.0318399,0.02685282,0.03267923,0.03728307,0.02347277,0.0218835,0.04588633,0.01802779,0.01455936,0.01860986,0.007669773,0.02589079,0.02391728,0.01813133,0.01837974,0.06108433,0.01260233,0.01802781,0.01312531,0.01118487,0.02030651,0.01676382,0.02176,0.05420281,0.03278889,0.0002784316,0.04374323,0.01802782,0.0142629,0.01916894,0.03290383,0.03890479,0.03536412,-0.006043676,posteriorHippocampus,sub-S04,p,randomWalker3,freq34
0.04069952,0.03486874,0.02790765,0.02703473,0.05272796,0.03465955,0.04755291,0.05470123,0.04311854,0.04948957,0.03260681,0.02090833,0.03044133,0.03279326,0.03349575,0.02551652,0.02694908,0.02487116,0.02993972,0.03508375,0.0318989,0.02910268,0.02979659,0.02800428,0.03022447,0.02959829,0.02293403,0.02763548,0.02547951,0.03388374,0.04576749,0.02918841,0.04691238,0.005901616,0.03302228,0.02849158,0.0526144,0.0472843,0.0331059,0.03678013,0.06781645,0.06416281,0.05327811,0.02257447,0.06608912,0.05673502,0.06328951,0.05930477,0.06306582,0.05796889,0.03136795,0.03686891,0.03647668,0.02245595,0.03834496,0.02926726,0.02836232,0.04715946,0.03439677,0.03829237,0.02872293,0.03209252,0.03256748,0.03584817,0.04298012,0.02675381,0.03110625,0.03339269,0.0307236,0.01989358,0.03579817,0.03627132,0.02836899,0.03683985,0.04297996,0.03044872,0.03417933,0.02953005,0.0405921,0.02287553,0.03495365,0.03449502,0.03342894,0.03576012,0.04298013,0.03453929,0.03493182,0.03497152,0.03472689,0.04212064,0.03692284,0.03138407,0.04976836,0.0320654,0.04298014,0.04491333,0.02063393,0.05352029,0.03899214,0.02367883,0.0354829,0.04765459,0.03381887,0.04570894,0.04298004,0.03066937,0.02855878,0.02930496,0.03365473,0.02372086,0.06124403,0.07450467,0.03275648,0.04194244,0.04298014,0.047732,0.05319326,0.03714988,0.06192752,0.03326459,anteriorHippocampus,sub-S04,p,randomWalker4,freq34
0.01799033,0.02043484,0.01920874,0.003525514,0.03980632,0.01918788,0.02578625,0.03329525,0.01968707,0.0256967,0.03546944,0.01455772,0.03442156,0.03322152,0.03625968,0.03331644,0.03563728,0.02943935,0.03669712,0.03702883,0.0227803,0.02542777,0.01535526,0.01471408,0.01517606,0.01691377,0.01952956,0.016405,0.02002961,0.02779083,0.0237476,0.02340187,0.03065076,0.001508664,0.0001289909,0.02121529,0.01362208,0.0283028,0.01557291,0.02405876,0.06066065,0.05180657,0.03543026,0.009142865,0.05563205,0.040271,0.05430154,0.05071624,0.0518173,0.0486354,0.01497115,0.01588353,0.01921209,-0.001904685,0.02294472,0.01223866,0.03647444,0.02715319,0.02316735,0.01484068,0.0334288,0.02835716,0.03514047,0.02983698,0.04726816,0.03501936,0.03703827,0.03544196,0.03646067,0.006525207,0.04028418,0.03633992,0.02219588,0.01586641,0.04726828,0.05416692,0.04679441,0.05472858,0.06877483,0.008011716,0.03174326,0.02610479,0.03218693,0.0270849,0.04726813,0.03747515,0.03467137,0.03240011,0.0340943,0.02795582,0.01899408,0.0120428,0.03613377,0.01514153,0.04726816,0.02598417,0.02433508,0.03180898,0.0235894,0.009271909,0.02078302,0.0477412,0.01433334,0.01471977,0.04726814,0.02124278,0.01695005,0.01662008,0.01924433,0.01852342,0.0439047,0.08012179,0.01568827,0.01623809,0.04726822,0.07193609,0.03913289,0.02539341,0.04578603,0.02305614,posteriorHippocampus,sub-S04,p,randomWalker4,freq34
0.04484955,0.03058526,0.03666828,0.03328625,0.0540205,0.0307687,0.03883481,0.05394374,0.03885643,0.04369646,0.03168436,0.02416867,0.02585878,0.02714067,0.0140587,-0.01901104,0.02728081,0.009709383,0.02570823,0.03838025,0.03635319,0.04658189,0.02769715,0.02801177,0.0317788,0.03681819,0.02625537,0.03050573,0.02694861,0.03874558,0.0215963,0.0506363,0.04591104,0.05571702,0.0387024,0.02509989,0.04162756,0.03611346,0.03633626,0.05362631,0.06374585,0.04943376,0.05756677,0.05574016,0.0626995,0.05407315,0.04723193,0.06077003,0.05969342,0.05006138,0.01780135,0.03435147,0.04340249,0.01096231,0.0546619,0.02345688,0.04441808,0.007454999,0.0316042,0.04212248,0.02102027,0.02241527,0.02372839,0.02582015,NaN,0.01008378,0.0266155,0.02212143,0.01967296,0.00902652,0.04125823,0.01821232,0.02932661,0.01720908,NaN,0.05373711,0.02877979,0.07029913,0.04768393,0.06360931,0.02980248,0.03062339,0.02856404,0.02683254,NaN,0.03414939,0.02978803,0.02962071,0.03031142,0.0295169,0.03353733,0.007099199,0.0271661,0.02565167,NaN,0.0492055,0.02101629,0.05857507,0.04010408,0.04345003,0.03517086,0.06406832,0.03151328,0.03134925,NaN,0.02987085,0.02858359,0.05284792,0.03346216,0.0355262,0.03584379,0.004807891,0.04180124,0.0437755,NaN,0.04704289,0.0391122,0.03080922,0.03857186,0.06427573,anteriorHippocampus,sub-S04,p,randomWalker5,freq34
0.02226976,0.02341553,0.02078182,0.01797233,0.04683557,0.02370724,0.02211386,0.03539535,0.02083661,0.02438066,0.03741995,0.005948822,0.03319285,0.03186316,0.02458841,0.01763602,0.03843848,0.02249432,0.03591428,0.04367642,0.024176,0.09612219,0.01480846,0.03942392,0.01444958,0.04241561,0.02214534,0.01902447,0.02090378,0.04175865,0.02521526,0.03618996,0.01157426,0.04374973,0.01198515,0.02905243,0.0110854,0.0267565,0.03098405,0.04025818,0.04868805,0.03068486,0.05001107,0.06159458,0.05895828,0.03876027,0.06220231,0.05776014,0.05010551,0.03669989,0.007733496,0.01317296,0.01816457,0.01631852,0.04921722,0.01531437,0.04291849,0.03680063,0.01531408,0.0204567,0.0336004,0.02941967,0.03390512,0.02308944,NaN,0.02656716,0.03629583,0.03401505,0.03153244,0.02605455,0.07039795,0.03506684,0.01980674,0.02720486,NaN,0.03687534,0.05142883,0.08668058,0.06834782,0.08274739,0.03555569,0.02783556,0.03257931,0.0194552,NaN,0.03725844,0.03465115,0.03586464,0.03625978,0.03263225,0.0171689,0.004846446,0.01020351,0.001776656,NaN,0.02940832,0.00622577,0.05576416,0.02103163,0.03679811,0.02026395,0.07611667,0.01452611,0.01435314,NaN,0.005437203,0.01895387,0.05451296,0.01706331,0.0140064,0.05989885,0.03629968,0.03995245,0.06225894,NaN,0.02760172,0.0648513,0.1211565,0.07137658,0.06211634,posteriorHippocampus,sub-S04,p,randomWalker5,freq34
0.04173259,0.02972991,0.02610068,0.02960484,0.04778639,0.03525142,0.01725899,0.04831792,0.04000837,0.04484462,0.03085407,-0.02084494,0.02731686,0.02475282,0.0347829,0.02501686,0.03180804,0.01212943,0.03030532,0.03981716,0.03979449,0.04846623,0.03450181,0.042233,0.03525805,0.03700823,0.02689786,0.02545555,0.03182214,0.04252675,0.05164347,0.04582797,0.04828978,0.04189491,0.0190706,0.04045436,0.04662546,0.03713473,0.04261849,0.05248237,0.06992078,0.05261363,0.05557746,0.05134263,0.04994855,0.06006991,0.05544481,0.0563753,0.06402513,0.05451361,0.0234313,0.03134496,0.03964571,0.001476501,0.05181047,0.02920835,0.03319288,0.02423012,0.02492799,0.02557861,0.02249424,0.02164131,0.02593588,0.0009807582,NaN,0.02506499,0.005213986,0.03035672,0.02567456,0.003607269,0.03450799,0.02598143,0.03120105,0.006538155,NaN,0.04163361,0.03087212,0.0530898,0.042181,0.01297036,0.03134301,0.02026542,0.03439666,0.0335376,NaN,0.005663156,0.03104746,0.02341902,0.03022312,0.007743455,0.03132506,0.03518781,-0.001047763,0.003960914,NaN,0.04323456,0.03819351,0.04583639,0.03718692,0.01289838,0.0374946,0.03673681,0.03400731,0.01628103,NaN,0.03816628,0.02724862,0.03440088,0.03597757,0.05283252,0.04541082,0.04801517,0.02338379,0.03461083,NaN,0.04932424,0.03378021,0.04664335,0.04994211,0.0101624,anteriorHippocampus,sub-S04,p,randomWalker6,freq34
0.02143245,0.02126132,0.009709647,0.0125066,0.02747695,0.01925958,0.01835581,0.02816815,0.01856209,0.02350111,0.03362475,0.01780032,0.03342002,0.03211292,0.02821686,0.02556899,0.03799594,0.02778335,0.03676877,0.03552166,0.02487511,0.03014189,0.0145971,0.04193894,0.01403625,0.01516446,0.01778768,0.01552385,0.02008653,0.03105001,0.054435,0.02613611,0.01176497,0.0149281,0.01564721,0.02071726,0.01440851,0.02152881,0.01866403,0.03815055,0.09204819,0.03682728,0.0486071,0.05003734,0.04081869,0.04782036,0.06985544,0.04926905,0.05572172,0.04503246,0.05633404,0.01284906,0.02464059,0.02577423,0.01599574,0.009512276,0.03055367,0.004410641,0.01369996,0.002997684,0.03272071,0.03059881,0.03344246,0.02614437,NaN,0.03363485,0.02112248,0.03746763,0.03535611,0.01664722,0.06537568,0.03524995,0.03132066,0.03450208,NaN,0.0386177,0.0322982,0.05543348,0.06942262,0.01153685,0.0342378,0.02279718,0.01462649,0.03106862,NaN,0.0102123,0.02057582,0.02640187,0.03422251,-0.0152652,0.01999752,0.01281569,0.0004944723,0.006922564,NaN,0.02417989,0.02099267,0.02660709,0.02055427,0.006973134,0.01987138,0.01081464,0.01984002,0.05913484,NaN,0.01179718,0.02040803,0.01048565,0.01730053,0.06447729,0.0634603,0.02972005,0.03128893,0.03683147,NaN,0.02466174,0.03473628,0.0354572,0.06690837,0.03649927,posteriorHippocampus,sub-S04,p,randomWalker6,freq34
0.03983459,0.03000932,0.0379894,0.03278251,0.04642786,0.03810687,0.04592334,0.05154003,0.04079225,0.04231891,0.0205825,0.006788563,0.02342198,0.02639451,0.006212503,0.02212347,0.02269447,0.0435928,0.02087493,0.02407442,0.01976336,0.02395323,0.02625432,0.03103672,0.03149393,0.02835399,0.02235618,0.02087514,0.02408979,0.03312702,0.0244457,0.02613669,0.05723681,0.0285455,0.01970093,0.02964043,0.06222639,0.03290904,0.02810034,0.02557349,0.06571256,0.06380837,0.07359362,0.06441919,0.06181892,0.05925844,0.07026478,0.06102585,0.06779783,0.05498129,0.01999505,0.03041819,0.03559083,0.001567362,0.04039393,0.03336463,0.02906655,0.05108614,0.03299606,0.03880825,0.0202015,0.02347795,0.0158294,NaN,0.03250307,0.01675952,0.01167939,0.009375351,0.01958645,0.02980418,0.02747095,0.01289892,0.02822069,NaN,0.0677333,0.04616827,0.005224495,0.06068935,0.0362836,0.01816485,0.02878161,0.03046744,0.02566935,NaN,0.03159804,0.0005642335,0.02770407,0.02617228,0.02848471,0.03233019,0.03847709,0.03898046,0.0438244,NaN,0.06603372,0.04157438,0.05196594,0.04962228,0.04233616,0.04525366,0.03255926,0.05343575,0.0302798,NaN,0.02100727,0.03242631,0.02099262,0.03382054,0.03426022,0.03070281,0.02425224,0.02002238,0.03138263,NaN,0.05670502,0.04617828,0.01767032,0.06108579,0.02638136,-0.01980309,anteriorHippocampus,sub-S04,p,randomWalker7,freq34
0.01850861,0.0212315,0.02776005,0.01580447,0.02955288,0.02287506,0.02955489,0.03613579,0.02084978,0.02616406,0.03303925,0.006516329,0.03185536,0.0314215,-0.00478271,0.04222707,0.03642733,0.01001591,0.03420637,0.03746158,0.02087954,0.06133027,0.01528063,0.03549423,0.01385627,0.02290906,0.01762167,0.02230094,0.02247408,0.03420654,0.01460402,0.02309047,0.01635516,0.02448899,0.008448566,0.02074496,0.01823889,0.02091187,0.01707913,0.02088365,0.0581019,0.05789488,0.08445758,0.05961109,0.05936822,0.05002919,0.06999907,0.05930435,0.06221209,0.04795116,0.001546407,0.01089483,0.02069052,-0.003067861,0.02011481,0.009868688,0.02697176,0.02592085,0.01672228,0.01495268,0.03112423,0.02932318,0.03489474,NaN,0.02056062,0.03268533,0.03229365,0.02540673,0.03200895,0.03260178,0.05822109,0.02886083,0.02115561,NaN,0.1255904,0.03210816,0.01451611,0.06407154,0.05977117,0.02115052,0.03251091,0.03390291,0.03745974,NaN,0.0192072,-0.01777874,0.03558437,0.02730658,0.03398112,0.02695481,0.02139163,0.02331005,0.03820602,NaN,0.1106206,0.02047667,0.03356693,0.03365657,0.02544459,0.02672567,0.02047695,0.02638802,0.01343226,NaN,0.05060067,0.01339165,0.01159368,0.01125356,0.01734562,0.0177032,0.03701786,0.03732381,0.0236076,NaN,0.1036655,0.02737062,0.02482064,0.05188813,0.0512437,-0.0006234701,posteriorHippocampus,sub-S04,p,randomWalker7,freq34
0.03410034,0.03473192,0.02548322,0.03667106,0.03890025,0.03459131,0.04062713,0.04638204,0.04403903,0.04595382,0.02925858,0.009357085,0.0277927,0.03002432,0.02023634,0.01957778,0.02378564,0.02334877,0.02714851,0.02819651,0.02920493,0.03242172,0.03021597,0.02988885,0.03033219,0.0236629,0.0250962,0.02689545,0.0281443,0.03118477,0.03881499,0.03429873,0.04707028,0.03045766,0.01087481,0.01088056,0.05342515,0.02714891,0.02642772,0.02909847,0.0769572,0.06292699,0.06403952,0.05149543,0.05925771,0.06431075,0.07933421,0.05889219,0.06773954,0.05356498,0.01877137,0.03596387,0.04317864,0.02362021,0.02872144,0.03067612,0.02931886,0.039081,0.04281348,0.04192674,0.02538072,0.007310138,-0.0128273,0.0381014,0.04027649,-0.006166636,0.02723661,0.02183207,0.02619523,0.005808665,0.03579775,0.02916321,0.057413,0.01929492,0.04027656,0.0346682,0.02369607,0.03090623,0.03786461,0.0503898,0.0315184,0.03139893,0.02697204,0.03390675,0.04027663,0.025104,0.03132394,0.02937993,0.03136691,0.03150508,0.03598277,0.03323269,0.04124525,0.0370298,0.04027664,0.03786417,0.05053278,0.03653316,0.04175827,0.04503953,0.03449316,0.03793358,0.03766389,0.01683391,0.04027642,0.04628927,0.02932454,0.03788561,0.03328456,0.03223329,0.05176332,0.005051167,0.05308298,0.01415861,0.04027671,0.02914427,0.03481966,0.05488053,0.05668882,0.03291198,anteriorHippocampus,sub-S04,p,randomWalker8,freq34
0.01490401,0.01887851,0.01306603,0.01316913,0.02449465,0.01370832,0.02409811,0.02729874,0.02259014,0.02400651,0.03818184,0.02203264,0.0314798,0.03603283,0.02800976,0.03178294,0.03512936,0.02437305,0.03515672,0.03484315,0.02853209,0.0366775,0.01623303,0.02475296,0.01247154,0.02286459,0.01788517,0.01496125,0.01859764,0.02860137,0.02802827,0.01922902,0.009800585,0.0191982,0.002907071,0.007603244,0.01090437,0.01558451,0.01526863,0.01748842,0.08620153,0.05878236,0.08791185,0.04415854,0.05997531,0.05751426,0.09112459,0.05664045,0.06386463,0.05262166,0.006751718,0.0126178,0.02498014,0.01343255,0.009226459,0.001687872,0.01976732,0.01604806,0.03459883,0.01874061,0.03470832,0.02365779,0.02438624,0.02099448,0.04662453,0.02766601,0.03550868,0.03250608,0.03485836,0.02302105,0.0689857,0.005341419,0.0524413,0.002088774,0.04662447,0.02482941,0.02789085,0.0457454,0.05846357,0.05349326,0.03617702,0.03498743,0.02822203,0.02168259,0.04662448,0.02540147,0.03762912,0.03241289,0.03601173,0.03896902,0.02543184,0.01541847,0.03102503,0.01888594,0.04662441,0.02163851,0.03403287,0.02152972,0.02639765,0.03326482,0.0164788,0.02500632,0.01426271,0.0002013783,0.04662446,0.02654199,0.01356827,0.02388406,0.01429934,0.01930428,0.06908438,0.09209812,0.05926437,-0.001145759,0.04662455,0.09314965,0.02535734,0.06546746,0.06089089,0.06204265,posteriorHippocampus,sub-S04,p,randomWalker8,freq34
0.04415525,0.03808146,0.03250191,0.03260809,0.04678651,0.02970374,0.03651998,0.0472981,0.04027846,0.0430267,0.0300848,0.02641257,0.0287974,0.02968175,0.02815168,0.0245743,0.02531116,0.0249513,0.02819872,0.03163345,0.03334775,0.03828231,0.03491354,0.02425526,0.03003363,0.02750151,0.02472337,0.0269717,0.02969867,0.0409411,0.03296098,0.03746206,0.04046133,0.01405625,0.05088142,0.022139,0.05849399,0.04262175,0.03821307,0.04564596,0.07060777,0.05943752,0.05727059,0.04370679,0.0676459,0.06079174,0.05805465,0.05618779,0.07194197,0.05466766,0.02985886,0.03375362,0.0200542,0.005874212,0.04028812,0.03210277,0.03631876,0.03500616,0.03269389,0.03584215,0.02850795,0.02564143,0.02688523,0.03500851,NaN,0.02944854,0.02842931,0.02608164,0.02755693,0.02981194,0.035233,0.04693434,0.02998619,-0.003027896,NaN,0.04401482,0.03166405,0.03806897,0.04111418,0.0428686,0.03152844,0.03209991,0.03162705,0.0326543,NaN,0.03332757,0.031254,0.032326,0.03129698,0.0313267,0.0394015,0.04411462,0.05294063,0.008547877,NaN,0.02561333,0.04687296,0.04218025,0.03920671,0.04057109,0.03316424,0.02721974,0.03054127,0.01576324,NaN,0.03514464,0.02983241,0.02638933,0.03079753,0.02465921,0.05585927,0.03712759,0.02974759,0.002531586,NaN,0.06127593,0.07117831,0.05975762,0.0735568,0.03008554,anteriorHippocampus,sub-S04,p,randomWalker9,freq34
0.02420911,0.02451342,0.02103431,0.01110912,0.03383781,0.01637894,0.00631798,0.03098815,0.02093252,0.02523137,0.03642023,0.02268278,0.0356549,0.03526941,0.02826396,0.03521279,0.03578629,0.03451667,0.03589933,0.03978093,0.02085689,0.0580193,0.0244263,0.02712555,0.01448188,0.01704064,0.01941339,0.0155528,0.02209176,0.02916856,0.02757162,0.02609044,0.02385213,0.02261029,0.01529167,0.02761879,0.01605698,0.03377138,0.02840762,0.03050283,0.06651801,0.05028191,0.03972157,0.03524316,0.06364257,0.05361831,0.04367408,0.05180039,0.07058122,0.04701173,0.01811311,0.01347618,0.01525781,0.003393402,0.02856754,0.01226024,0.03467078,0.02175769,0.03624354,0.0120231,0.03655732,0.0317353,0.03671122,0.04326933,NaN,0.03148547,0.03722618,0.03129884,0.03579685,0.03761382,0.06562946,0.03515808,0.02032206,0.03534791,NaN,0.08055801,0.0274444,0.05386285,0.06065854,0.01952801,0.03314804,0.0283824,0.03523964,0.03653738,NaN,0.02906881,0.03713828,0.0295499,0.03323533,0.03285976,0.01951001,0.02470618,0.03059963,0.01673922,NaN,0.01001697,0.02419737,0.02790018,0.02209209,0.01687127,0.01800312,0.01425249,0.0153361,0.02671506,NaN,0.01346974,0.0159172,0.01587123,0.01737259,0.01356477,0.02631441,0.02248089,0.01967354,0.01723566,NaN,0.05124588,0.08496506,0.04021156,0.07206526,0.009336698,posteriorHippocampus,sub-S04,p,randomWalker9,freq34
0.0009895079,0.008015526,-0.0110231,-0.003503585,-0.003461668,0.002217452,0.04118403,-0.0003273242,0.0005530406,0.002434937,0.03132716,0.06653663,0.0272831,0.02789177,0.04476646,0.04600533,0.0298459,0.0641537,0.03100852,0.03905822,0.01956038,0.00510865,0.01119609,0.02592342,0.01367684,0.008592094,0.01999037,0.01260046,0.01716938,0.02341404,0.0205414,0.01217179,0.01944804,0.03091793,0.002126824,0.01098009,0.005201474,0.001545916,0.03187003,0.02038434,0.05502306,0.05046197,0.03404989,0.01552851,0.001150143,0.0143053,0.06071179,0.02706818,0.04338884,0.001800107,0.0001457231,0.004417244,0.03558189,0.006879415,0.02531535,0.001672186,0.0258698,0.02044057,0.009909362,0.0008826841,0.03245581,0.04513949,0.02562495,0.03037219,0.01723475,0.03777114,0.03129172,0.02354014,0.03668793,0.02490743,0.04894277,0.03210285,0.01295156,0.02811829,0.003519343,0.0254932,0.02164436,0.04505455,0.06132579,0.02338982,0.01268652,0.01104047,0.01156671,0.008490994,0.01639681,0.01194297,0.01095159,0.01837717,0.01405431,0.01306674,0.02155076,0.01504153,0.01181963,0.06467453,0.01431836,0.005056341,0.01072348,0.01875757,0.01450144,0.0165408,0.016621,0.04481643,0.01300381,0.02124722,0.001552972,0.02072868,0.01222136,0.007287201,0.01654205,0.02747631,0.04829109,0.0153223,0.02467643,0.02702804,0.00227014,0.01366538,0.04105102,0.02209725,0.05881373,0.01838861,anteriorHippocampus,sub-S05,p,randomWalker0,freq34
0.03186105,0.02230345,0.01001155,0.01693921,0.03903505,0.01976755,0.07049381,0.03709347,0.03348603,0.02107693,0.02955971,0.03610166,0.03206503,0.02851127,0.03574686,0.04982978,0.03330354,0.04420435,0.03106675,0.04025725,0.02575445,0.02914614,0.02310477,0.03148011,0.0259145,0.02131876,0.02506219,0.02308055,0.02536556,0.03973719,0.02519993,0.02230888,0.01668024,0.02209264,0.01301393,0.02200578,0.01876366,0.02702796,0.02365877,0.02288413,0.09812033,0.08678801,0.07251464,0.05672609,0.049175,0.05994576,0.1018906,0.07696878,0.09057825,0.04681411,0.02436313,0.02106744,0.05148244,0.04349037,0.03053793,0.01962558,0.02716724,0.04392233,0.02867645,0.01901364,0.03134308,0.02979756,0.03030735,0.03213944,0.03174771,0.03077847,0.03306447,0.01372467,0.03285947,0.01500919,0.05487036,0.05375705,0.03080749,0.02879685,0.01899475,0.0496062,0.02997606,0.07016576,0.06952447,0.04300039,0.02327831,0.02406368,0.01803256,0.01848469,0.02045902,0.02577987,0.02293808,0.02839774,0.02431196,0.03127214,0.04938773,0.04069669,0.03691261,0.05678714,0.02674419,0.03525575,0.04028175,0.04852151,0.04496014,0.0410341,0.02543199,0.02874468,0.02703625,0.02668173,0.01774073,0.01987097,0.02478353,0.02199833,0.02475301,0.04781787,0.0469793,0.03513806,0.05378544,0.02957537,0.01840116,0.03766772,0.02520749,0.02361586,0.04297623,0.03631126,posteriorHippocampus,sub-S05,p,randomWalker0,freq34
-0.0006697061,0.007676489,0.007227816,8.725216e-05,-0.008527921,0.001962307,0.001257274,-0.001241651,0.0006272128,-0.002510697,0.03013317,0.03989377,0.01987942,0.02804644,0.04034473,0.03616707,0.02870186,0.04451623,0.02805882,0.03018075,0.0192762,0.01356181,0.01252442,0.03983152,0.0106502,0.01687839,0.02478355,0.01595785,0.02439735,0.02190249,0.01101283,0.005408432,-0.01371618,0.009984381,0.009041497,0.00696755,0.03567124,-0.008006682,0.008700936,0.0008493236,0.0464482,0.01635953,0.0872056,0.009057559,0.02167515,0.02141539,0.09213134,0.02885446,0.03967917,0.008618852,-0.005120373,0.005655717,0.01828937,-0.002622242,0.027463,0.003710026,0.02518617,0.009387077,0.01233903,0.008259601,0.02984695,0.02761411,0.01562189,0.03273012,NaN,0.02264304,0.03024478,0.02754344,0.0271364,0.01835878,0.05759606,0.04001749,0.01133651,0.03807058,NaN,0.04103567,0.03291605,0.0294738,0.05620512,0.04931684,0.01612189,0.004740462,0.00780981,0.008073343,NaN,0.01225293,0.01805587,0.008340015,0.01465669,0.02104072,0.01607056,0.00755584,0.1001544,0.004799702,NaN,0.004206854,-0.002278204,0.007946306,0.01066879,0.0184565,0.01857486,0.01227691,0.008521225,0.0401172,NaN,0.01850702,0.0118493,0.01439742,0.01580149,0.01877059,0.04311653,0.03897634,0.01365271,-0.005837146,NaN,0.05046251,0.02472566,0.01228583,0.04234111,0.01400528,anteriorHippocampus,sub-S05,p,randomWalker1,freq34
0.030603,0.02417593,0.02886499,0.030223,0.02487158,0.02248522,0.04211365,0.03480791,0.03081564,0.03736413,0.03318601,0.03987147,0.02966672,0.03178364,0.02672439,0.03848722,0.03547038,0.0345048,0.03412213,0.03767803,0.03062306,0.02475026,0.02586327,0.03540424,0.02410522,0.02641382,0.02989035,0.02441798,0.03177024,0.02892429,0.03042069,0.03415944,0.009478281,0.0290399,0.02058174,0.01952128,0.03598078,0.02846725,0.03141794,0.04089724,0.08978408,0.07216548,0.1176544,0.06516548,0.07727768,0.0732171,0.1099108,0.08386733,0.08989202,0.0652217,0.01580012,0.02253138,0.03185038,0.03111729,0.01552882,0.01242712,0.03290854,0.01368604,0.02842435,0.04148817,0.03285337,0.03423676,0.02955884,0.03488437,NaN,0.03372514,0.0354039,0.03204595,0.03257273,0.03424965,0.06027602,0.03547133,0.02555725,0.06636773,NaN,0.04476512,0.03643624,0.03487221,0.05957787,0.07475359,0.025428,0.0312767,0.01393405,0.01510916,NaN,0.03559874,0.02909658,0.03082156,0.02645509,0.04502833,0.04868734,0.03792791,0.1082264,0.03715852,NaN,0.0325936,0.03043731,0.0497062,0.04420694,0.05046428,0.02682602,0.02370605,0.02345544,0.05446245,NaN,0.02468964,0.0225929,0.023894,0.02483625,0.02919851,0.04316323,0.03112327,0.02693163,0.011252,NaN,0.04666036,0.041702,0.03057517,0.05753523,0.04660987,posteriorHippocampus,sub-S05,p,randomWalker1,freq34
0.004514323,0.01013047,0.02244151,-0.001840498,0.00624892,0.0069266,0.01636446,0.007559305,0.002077832,0.002518373,0.01373988,0.03894668,0.01624142,0.01326016,0.01162236,0.03198057,0.02595191,0.02964186,0.02424501,0.02452739,0.0229962,0.02389736,0.01607097,0.00735369,0.021996,0.01850316,0.02438815,0.01573819,0.02417605,0.03385399,0.04829466,0.01250285,0.0041695,0.001090202,0.00370641,0.01444085,0.00749182,0.01209787,0.02974149,0.04102808,0.06171553,-0.002301845,0.1036607,0.006659455,0.06601343,-0.004770747,0.1105724,0.03102669,0.03979785,0.01153898,0.005073137,0.002876161,-0.01500262,0.01193326,-0.005581335,-0.0001317228,0.03432701,0.04559868,0.02032154,-0.00338066,0.01993273,0.02767509,0.02185583,0.06507634,0.1350964,0.02191186,0.0238603,0.01989439,0.02231237,0.036271,0.0669703,0.001969222,0.02358897,0.04208357,0.1350963,-0.003733659,0.04339368,0.02806249,0.06049003,0.01897237,0.002598296,0.008458105,-0.009894481,0.0202173,0.1350964,0.01068526,0.008682623,0.007411545,0.007443522,0.008202215,0.01897969,-0.003640012,-0.003699846,0.02962389,0.1350964,-0.002984668,0.03115364,-0.001825657,0.00930003,0.006016395,0.02633478,0.02653879,0.01776123,0.02708685,0.1350964,0.03168773,0.0200098,0.01366293,0.02265705,0.03531174,0.01060751,-0.008524425,0.02215136,0.04277251,0.1350964,-0.007577132,0.03214221,0.04962196,0.005088059,0.01221025,anteriorHippocampus,sub-S05,p,randomWalker2,freq34
0.03668346,0.02206743,0.0460523,0.02752193,0.04471628,0.02022178,0.04818451,0.05465668,0.03624189,0.02806406,0.02125194,0.03534815,0.02461057,0.01893912,0.01536789,0.03732746,0.03437432,0.03125898,0.03103963,0.0309309,0.03164902,0.03697658,0.02604259,0.01661013,0.02797071,0.02963232,0.02883228,0.02657188,0.03110308,0.06356075,0.06103737,0.02525228,0.01882068,0.03340878,0.0185361,0.023511,0.01965068,0.0559544,0.02371671,0.02988746,0.1020951,0.03150856,0.1126162,0.05162862,0.09634668,0.03050928,0.121932,0.08087736,0.08395652,0.05968447,0.03326393,0.01946107,0.006932364,0.03637612,0.01930362,0.01443019,0.03673405,0.08348993,0.04409153,0.02431142,0.02863191,0.0288751,0.03146373,0.04007726,0.1276195,0.03176359,0.03231451,0.0275757,0.03071824,0.03675909,0.07425623,0.02701031,0.03227035,0.07094124,0.1276195,0.0250428,0.03581239,0.03138329,0.0613013,0.04637073,0.01898553,0.01965769,0.00536403,0.04817028,0.1276195,0.03073654,0.02333412,0.01897097,0.02282212,0.02565728,0.04757324,0.01758362,0.01300982,0.06450836,0.1276196,0.02120954,0.06543861,0.02367346,0.03913002,0.03831347,0.02918014,0.01889792,0.02705446,0.05111682,0.1276195,0.01654961,0.02459763,0.02426157,0.02689739,0.02824447,0.01313752,0.009720529,0.03106056,0.06516012,0.1276196,0.007496431,0.02416228,0.05763164,0.01142063,0.04019155,posteriorHippocampus,sub-S05,p,randomWalker2,freq34
-0.004564829,-0.0009300868,0.002983124,-0.005701218,-0.008540387,-0.001128288,-0.009268184,-0.009227158,-0.004615233,-0.003621459,0.02090127,0.03965316,0.02596357,0.01296653,0.02135564,0.02574913,0.03121238,0.02474176,0.02904668,0.03254688,0.0195886,0.01226229,0.01217091,0.03923466,0.0116704,0.02169536,0.01915148,0.01921855,0.01887894,0.01267254,0.04674733,0.004271461,-0.001350785,-0.006482034,0.003258902,-0.002288932,0.01034997,0.01936872,0.03700573,-0.00585935,0.04309267,0.0218449,0.08706961,0.008091928,0.008274063,0.01933927,0.08093089,0.02093795,0.0538651,0.01170229,-0.000202722,-0.0001244619,0.02735123,0.00216538,0.05665716,-0.00106803,0.01983525,0.001460938,0.01483279,0.003376791,0.02088726,0.02232579,0.0289536,0.008495104,0.03013227,0.02926285,0.03719335,0.01707988,0.02567922,0.03513637,0.05915013,0.01735036,0.06448084,0.008495199,0.01155653,0.01147855,0.03667992,0.04145394,0.06556202,0.02257616,0.006317419,0.006473337,0.0175082,0.008495046,-0.01141772,0.005189546,0.02606363,0.005832912,0.008604703,0.01601014,0.007645964,-0.002617966,0.02163244,0.008495215,0.01993825,-0.003636114,0.004955749,0.0005533849,0.007448497,0.005806613,0.01246138,0.05147487,0.009749656,0.00849524,0.009429025,0.01923434,0.01954429,0.01432331,0.01569638,0.06588108,-0.0003846229,0.0008951589,0.0487175,0.00849512,0.01219076,0.00584807,0.03519142,0.005681068,0.00702856,0.02062342,anteriorHippocampus,sub-S05,p,randomWalker3,freq34
0.02473761,0.02217992,0.0402208,0.02970923,0.04461521,0.0217297,0.01763461,0.03215282,0.02718458,0.03018068,0.02732223,0.02124484,0.03382815,0.01213753,0.0327439,0.03200273,0.03505971,0.03063156,0.03377954,0.03253925,0.02920397,0.02850657,0.02551959,0.04309984,0.02495528,0.02995056,0.02753825,0.02743759,0.02939231,0.02811006,0.01468855,0.03099224,0.01715459,0.0408335,0.0177548,0.03034251,0.01686915,0.02158983,0.01875165,0.03413504,0.08639551,0.06886889,0.1205268,0.06251808,0.06461314,0.06763862,0.1074168,0.07469531,0.09826935,0.06646428,0.03414876,0.02429374,0.04127434,0.03253044,0.05682183,0.02875597,0.03647482,0.03783846,0.04507328,0.03858972,0.02833829,0.02505198,0.03455397,0.01102959,0.03053756,0.02701316,0.03520717,0.02196438,0.02888402,0.04975889,0.0637783,0.04673672,0.07541543,0.01102944,0.02478263,0.04451257,0.03495031,0.06571514,0.06835017,0.04200463,0.02134935,0.01697779,0.02712724,0.01102952,-0.0009218319,0.01601851,0.02784457,0.01400836,0.0191673,0.04119631,0.04374406,0.0363175,0.06745503,0.01102962,0.02652012,0.03291802,0.03429409,0.04079463,0.04346376,0.03549229,0.02407377,0.04413635,0.02331617,0.01102936,0.02356016,0.02323219,0.02657283,0.02354831,0.02471754,0.06746621,0.01889184,0.02054822,0.06980848,0.01102939,0.02498351,0.002398532,0.03412684,0.03632055,0.03064578,0.02302085,posteriorHippocampus,sub-S05,p,randomWalker3,freq34
-0.002646747,0.003847401,0.00659674,-0.01551376,-0.007449972,0.002162684,0.002304814,-0.001418593,-0.005094253,-0.003967184,0.02079957,0.03683167,0.02704888,0.02487302,0.02690565,0.03045406,0.02784716,0.03056308,0.02553587,0.02517337,0.01524987,0.0170179,0.009615606,0.007621758,0.01039044,0.01137917,0.01870694,0.01293111,0.01767636,0.01934056,0.01132373,0.0132887,0.04055664,-0.006478175,0.0215214,0.01040434,-0.001858446,-0.001711323,0.01123626,0.007564832,0.04295607,0.02894166,0.01123501,-0.01756955,0.02573256,0.008960299,0.02392801,0.01190523,0.02271078,0.009058779,0.001349766,0.003232611,0.01455659,-0.01980859,0.02117726,0.002183939,0.03195636,0.01503817,0.01091014,-0.003715792,0.02444427,0.01664443,0.02154865,0.01764911,0.01461066,0.02813393,0.0236737,0.01912775,0.02309492,0.0300963,0.03759217,0.03581297,0.01833981,0.005544699,0.01461063,0.05828786,0.02914001,0.06194401,0.06467698,0.004142303,0.009223906,0.006235891,0.01008774,0.01169042,0.01461068,0.01744238,0.01204568,0.0105244,0.01090252,0.01197037,0.003379554,0.007664367,0.02532834,0.009068273,0.01461048,0.01026998,0.02540494,0.01054719,0.008644243,0.007301334,0.01176526,0.03464164,0.005511558,-0.005012427,0.01461055,0.01563852,0.01127525,0.01201352,0.01110611,0.02533476,0.009051325,0.08460028,0.01304524,0.002899586,0.01461053,0.05860514,0.03213346,0.03039013,0.01457199,-0.01119829,anteriorHippocampus,sub-S05,p,randomWalker4,freq34
0.03082043,0.02449286,0.02153894,0.01404637,0.04801962,0.02381563,0.03975499,0.04151808,0.0310426,0.03239428,0.02666252,0.02233435,0.03322828,0.0252603,0.03395795,0.03362383,0.033171,0.03108297,0.03162926,0.02684415,0.03007376,0.03185582,0.02517468,0.02438921,0.02569616,0.02677706,0.0292877,0.02644617,0.02917092,0.03375895,0.03846852,0.02563165,0.02580235,0.01007949,0.00986514,0.02436882,0.01551953,0.03192932,0.02811787,0.02797709,0.08949441,0.07692757,0.04983089,0.01877023,0.08374937,0.05912365,0.07886677,0.0693152,0.07610817,0.06598543,0.03581214,0.0303787,0.02955131,0.01339248,0.03855037,0.02194213,0.04104603,0.04761932,0.04479172,0.03082705,0.02654008,0.01996448,0.02796129,0.02127244,0.03201309,0.0314934,0.02932005,0.026851,0.0285434,0.01951204,0.06091578,0.06112881,0.02711744,0.02258819,0.032013,0.06032208,0.03690073,0.06427091,0.0707842,0.03067209,0.01971759,0.01525957,0.01864315,0.01645203,0.03201288,0.02688208,0.02175432,0.02029077,0.02180998,0.02649011,0.03972506,0.03228305,0.06396519,0.03864053,0.03201297,0.0450474,0.04699579,0.05119175,0.0445158,0.0325021,0.0268129,0.03914192,0.02291563,0.01977592,0.03201311,0.02881381,0.02685399,0.02587145,0.02633523,0.04469911,0.05326295,0.1147797,0.02382508,0.02338188,0.03201298,0.07984369,0.05672726,0.03416882,0.05183147,0.02987935,posteriorHippocampus,sub-S05,p,randomWalker4,freq34
-0.001585094,0.01097893,-0.003421033,0.005909967,0.016218,0.01055847,0.01781196,0.0016853,0.000642513,-0.002429723,0.02242345,0.02061407,0.02672904,0.02439683,0.03922632,0.05146296,0.02754567,0.05626708,0.02946177,0.0265743,0.01771487,0.07818969,0.01454287,0.02549585,0.01137842,0.0359006,0.02309967,0.01479518,0.02072417,0.01788382,0.03961313,0.005030493,0.001799535,0.0008091879,0.006083117,0.02244744,0.004188046,0.03373153,0.03482417,0.001124866,0.02600316,0.002838286,0.01324151,0.05796037,0.02370288,0.009166067,0.08114188,0.02177521,0.024692,-0.001558178,-0.00574913,0.003585571,0.02006113,0.02645685,-0.001196905,0.009205642,0.01232085,-0.008676068,0.01132945,0.001614334,0.03307397,0.003471361,0.02618656,0.01940138,NaN,0.03755083,0.02363965,0.0336048,0.03122954,0.05003195,0.05844144,0.02946333,0.02382644,0.01332801,NaN,0.027781,0.03806527,0.08145081,0.06843217,0.08022571,0.01843833,0.007827465,0.00698016,0.007608567,NaN,0.009406791,0.01839113,0.02067361,0.01692682,0.006984196,0.008496866,0.004268697,-0.004048957,-0.005278529,NaN,0.006670886,0.004212353,0.04611286,0.007735914,0.03000133,0.01492087,0.07022142,0.01520873,0.01381904,NaN,0.03493121,0.01974341,0.05074659,0.01848833,0.01215751,0.02919449,0.0007905199,0.02279274,0.03902774,NaN,0.01775606,0.04417453,0.1143492,0.04120931,0.0603407,anteriorHippocampus,sub-S05,p,randomWalker5,freq34
0.03415592,0.02600628,0.02775035,0.03367745,0.06811658,0.02592687,0.04881095,0.04700746,0.03363575,0.03296752,0.03073266,0.006968594,0.03183102,0.02682338,0.03545822,0.02830074,0.03612897,0.03763459,0.03595566,0.03687761,0.03281396,0.05999267,0.02936606,0.04027936,0.02788339,0.03241621,0.03323647,0.02767224,0.0302353,0.03553247,0.02441375,0.04189672,0.02114048,0.05087086,0.02351938,0.02389446,0.02226469,0.03931115,0.0352849,0.04846696,0.07448003,0.050022,0.06870382,0.09427644,0.0808665,0.05912411,0.09310235,0.07821598,0.07567444,0.05253471,0.0212534,0.02732754,0.03515052,0.04306704,0.05230683,0.02223705,0.04069123,0.03243612,0.03748202,0.0356902,0.03271683,0.01375495,0.03113296,0.01806649,NaN,0.0347631,0.02845631,0.03352042,0.03198272,0.04012928,0.06702624,0.05636918,0.02852307,0.04134781,NaN,0.06768957,0.05209639,0.1058862,0.06688408,0.07293581,0.02556975,0.01518402,0.01774907,0.01023992,NaN,0.02575411,0.02425331,0.02774055,0.02525504,0.01928081,0.03748783,0.02982315,0.03258996,0.01837852,NaN,0.05111391,0.03118813,0.0809181,0.0428575,0.06559224,0.02873042,0.1004493,0.02895115,0.02965081,NaN,0.01493386,0.03260046,0.0589185,0.02803582,0.0248284,0.04683447,0.03692256,0.03751102,0.07334842,NaN,0.05787753,0.06354203,0.09268714,0.04929018,0.0516376,posteriorHippocampus,sub-S05,p,randomWalker5,freq34
0.008547415,0.005400144,-0.02187805,-0.002949448,-0.006377197,-0.001822919,0.03080084,-0.005067337,-0.005763785,-0.004359656,0.02607189,0.04586907,0.0235817,0.02651089,0.02411203,0.03849557,0.02464466,0.04303743,0.02466625,0.02905395,0.01426522,0.004721009,0.007963846,0.02160377,0.007783093,0.006109975,0.01703165,0.01464462,0.01551934,0.01848754,0.05754137,0.0002075242,0.0001966724,0.02802878,-0.003800533,0.006014784,0.005644748,0.005578495,0.02666324,0.007844063,0.09290378,0.00740162,0.008725968,0.007490745,-0.00284433,0.01603616,0.08147521,0.01023886,0.02948704,0.005512367,0.0462842,0.001450773,0.017483,0.01643152,0.03749243,-0.001169753,0.02254158,-0.00382658,0.006769215,-0.005071881,0.02660097,0.02637858,0.02524129,0.04558254,NaN,0.02161736,0.03526879,0.01514863,0.02312547,0.02713929,0.04498149,0.04452949,0.0102954,0.03864861,NaN,0.03302362,0.01329956,0.0530259,0.05944846,0.009475778,0.007705938,0.002128386,-0.0004118111,0.009882896,NaN,-0.002222522,0.0006385712,0.002789848,0.00686902,0.01113509,0.009503616,0.001381717,-0.01197441,0.006143996,NaN,0.01107825,0.005142357,0.00436582,0.004928008,0.001831351,0.01138328,0.01560293,0.01218515,0.04238881,NaN,0.007549731,0.01832433,0.01530781,0.0131743,0.06294722,0.02012769,0.02903776,0.009669277,0.01443851,NaN,0.022945,0.009870936,0.03570248,0.02277856,0.02758105,anteriorHippocampus,sub-S05,p,randomWalker6,freq34
0.03767292,0.02298118,0.01445707,0.02784457,0.03659089,0.02383812,0.04307045,0.03622713,0.02857614,0.0298779,0.03222086,0.02864008,0.02901295,0.0272007,0.0352751,0.03749011,0.03522079,0.03246353,0.03222942,0.02906207,0.03182574,0.02689015,0.02613136,0.03620488,0.02623995,0.02458831,0.03127326,0.02833712,0.03074255,0.0354562,0.08213805,0.03471958,0.0205957,0.03404094,0.01966819,0.03610522,0.02072595,0.0365186,0.04348397,0.05708596,0.1146124,0.05347971,0.06407607,0.06351876,0.0507536,0.06674469,0.09099998,0.06492376,0.07958324,0.05939477,0.05983533,0.0218567,0.03834984,0.04883285,0.02895802,0.02140647,0.03536227,0.0180157,0.02750067,0.016503,0.02954325,0.03097529,0.02938809,0.03618573,NaN,0.02985665,0.03746591,0.02687849,0.0297234,0.03366691,0.05709503,0.05158006,0.03220128,0.05868226,NaN,0.04645006,0.03025989,0.08423441,0.06702013,0.03728145,0.02065864,0.02239244,0.005516998,0.01870043,NaN,0.02357595,0.007677334,0.0244283,0.02236282,0.03208065,0.03993657,0.02676196,0.02335413,0.03160232,NaN,0.04402144,0.04070987,0.04506003,0.03971668,0.03069901,0.02954508,0.02487679,0.03208146,0.05699394,NaN,0.02428086,0.02985982,0.0255798,0.02826968,0.05407774,0.04757368,0.03921122,0.04300349,0.0315855,NaN,0.03620656,0.027363,0.05856248,0.04723975,0.05706305,posteriorHippocampus,sub-S05,p,randomWalker6,freq34
-0.006532698,0.007830621,0.006618085,-0.0007928317,-0.01017446,0.002079722,0.002382338,-0.003167797,-0.003933818,0.001250579,0.02730615,0.02173401,0.02743261,0.02404165,0.04709607,0.03772068,0.02544449,0.01663239,0.02791082,0.03803444,0.02144148,0.01918473,0.01330106,0.01916106,0.006435188,0.01568452,0.01700058,0.01727758,0.01964524,0.01948342,0.0102309,0.0123451,0.004469939,0.01127761,0.02446936,0.03318717,0.008383563,0.01237314,0.01712604,0.01917119,0.03639013,0.04240724,0.08703927,0.03856781,0.02170206,0.01656427,0.04295515,0.02177045,0.03956505,0.008587999,-0.007586136,0.003551082,0.01486385,-0.008389396,0.03382009,0.006561437,0.02683332,0.003752819,0.01805435,0.002459579,0.02754034,0.02287429,0.02964182,NaN,0.01021822,0.03082391,0.03281178,0.03716434,0.02774196,0.011022,0.05400154,0.02996741,0.01773866,NaN,0.1310136,0.03119642,0.05507014,0.05954346,0.05763025,0.04911288,0.01188466,0.006344614,0.01937549,NaN,0.009510086,0.005016748,0.01681993,0.01994687,0.01541591,0.002279907,0.005398818,0.01042184,0.03439296,NaN,0.1193881,-0.002214691,0.01695926,0.01264826,0.008405959,0.005353166,0.01861699,0.03325031,0.008789589,NaN,0.08458437,0.01162467,0.014928,0.01183944,0.01549429,0.020416,0.0303304,0.03822979,0.01769045,NaN,0.1103544,0.02617073,0.04100173,0.04681953,0.03718934,0.003543371,anteriorHippocampus,sub-S05,p,randomWalker7,freq34
0.0256453,0.02304192,0.02551213,0.02555546,0.03398693,0.02600742,0.03150598,0.04087899,0.02776879,0.02877897,0.03224826,0.03277496,0.03506631,0.02709813,0.03400825,0.046066,0.03518555,0.02082225,0.03455199,0.03762567,0.032699,0.04577474,0.02908156,0.02442935,0.02512742,0.03086887,0.02892012,0.02596261,0.03286482,0.03934496,0.0235466,0.02381458,0.01837649,0.02593274,0.01909176,0.02598317,0.01489197,0.02586345,0.02581255,0.02465561,0.08034002,0.08076293,0.107508,0.08288492,0.07597398,0.06742757,0.09114377,0.07601938,0.08522303,0.06179324,0.02628299,0.02481362,0.0325434,0.02817472,0.04009243,0.01975606,0.03597395,0.04013135,0.03741427,0.02643862,0.03053999,0.02595976,0.03465356,NaN,0.01375923,0.03893042,0.03399273,0.03843167,0.0321069,0.01944033,0.06034232,0.04440043,0.03244559,NaN,0.121734,0.03806547,0.04211232,0.07199439,0.06219598,0.03869472,0.02513953,0.02170716,0.02927846,NaN,0.01279032,0.0210465,0.02636118,0.03227243,0.02674234,0.01289915,0.0400562,0.04430223,0.06055837,NaN,0.1142724,0.03437742,0.050349,0.05237447,0.04379677,0.04382959,0.03021789,0.03324474,0.02595005,NaN,0.063412,0.02435198,0.02773775,0.0230533,0.02718944,0.02896705,0.03174539,0.03236939,0.03423301,NaN,0.1069018,0.03368634,0.03881283,0.06302918,0.04179469,0.009528639,posteriorHippocampus,sub-S05,p,randomWalker7,freq34
0.001238226,0.0008898,0.003279247,-0.003987839,-0.01292668,-0.004961851,-0.009721999,-0.005627047,-0.005539816,-0.003764756,0.01972247,0.04094687,0.02315971,0.01780044,0.03544506,0.03716135,0.0259243,0.03707009,0.02350271,0.03539324,0.02803548,0.01829426,0.0134827,0.02235147,0.01111056,0.02154527,0.01899659,0.01507901,0.01795929,0.01713245,0.01017889,-0.006871156,-0.0002832221,0.008641629,-0.001389785,0.02583891,-0.005936006,-0.004755597,0.02426206,0.0001578203,0.07631953,0.02334692,0.09172963,0.006726369,0.0186745,0.02535279,0.08321492,0.01584228,0.03532274,0.009667634,0.01055929,0.0005380735,0.02245464,0.01498649,0.02117123,-0.007452458,0.02148624,0.003111254,0.02633948,0.006422256,0.02304786,0.01887579,0.03550569,-0.01800457,0.01305912,0.0414796,0.02194037,0.02664471,0.02257943,0.02269999,0.06136845,-0.001224527,0.04909527,-0.03052134,0.01305914,0.02067653,0.02934732,0.04681594,0.06079512,0.04029581,0.006794999,0.005687605,-0.003885658,-0.01452515,0.01305908,0.001655891,0.009130673,0.005906209,0.007128817,0.007346903,0.01483455,0.003276074,0.02327834,-0.02082072,0.01305879,0.009251242,0.01577857,0.005342278,0.00993596,0.01592761,0.01512562,0.01513438,0.0131093,-0.02609813,0.01305911,0.04302625,0.0128595,0.02486843,0.01562805,0.01708863,0.0244056,0.08473356,0.05599068,-0.02957455,0.01305909,0.08491299,0.02024731,0.007397055,0.0162366,0.03481531,anteriorHippocampus,sub-S05,p,randomWalker8,freq34
0.03397734,0.02545182,0.02239184,0.03102519,0.03270446,0.02100824,0.03010189,0.03413786,0.03634596,0.03591882,0.03053458,0.03387977,0.03156598,0.02837015,0.03795108,0.03743287,0.03526432,0.03707363,0.03230581,0.03276255,0.03647069,0.03025487,0.02891253,0.03462425,0.02610825,0.03368821,0.03054463,0.02793563,0.03091182,0.03267865,0.03279953,0.02499281,0.01932189,0.02673982,0.01264582,0.01750639,0.01763209,0.02205491,0.02413498,0.02628651,0.1184865,0.08076174,0.1151001,0.06329514,0.07836192,0.08049913,0.1229332,0.07471319,0.09000359,0.0688753,0.03827184,0.0273239,0.03503349,0.0403537,0.02126219,0.01691489,0.02978086,0.03232695,0.05611675,0.03827443,0.03080195,0.02011476,0.02105357,0.02828785,0.03371062,0.02957784,0.03129079,0.03074562,0.03103055,0.02673835,0.07184257,0.03044632,0.05463744,0.008172151,0.03371065,0.04733892,0.03385051,0.06044981,0.06600953,0.04488324,0.02464903,0.02840482,0.01423394,0.03305685,0.03371066,0.02506552,0.02618591,0.0261849,0.02476743,0.02600041,0.04950775,0.03789001,0.05816893,0.02398227,0.03371093,0.04535072,0.05767468,0.04297785,0.04863404,0.0552062,0.02679371,0.04427199,0.024814,0.01087265,0.03371074,0.03439173,0.02687487,0.02915682,0.02607617,0.02875979,0.05191764,0.06553332,0.06717329,0.01033946,0.03371066,0.08504902,0.03025105,0.05050897,0.04751209,0.04483645,posteriorHippocampus,sub-S05,p,randomWalker8,freq34
-0.0003630381,0.005082935,0.005164153,-0.002804676,0.006964144,0.002828466,-0.01652092,-0.005574133,-0.0004709501,-1.650783e-05,0.01992642,0.03656303,0.02286128,0.02151226,0.0182372,0.0287809,0.02675635,0.02742132,0.0239344,0.01851307,0.01273631,0.02783861,0.01728521,0.02940139,0.00877705,0.01257231,0.01730278,0.01103261,0.0172679,0.008657584,0.02259361,0.0064819,0.02753331,0.01912418,-0.009556315,0.03237322,0.005128161,-0.002207152,0.02038742,0.003383193,0.04617069,0.01629992,0.01166244,0.002981019,0.03071238,0.03485972,0.004470775,0.0107451,0.05371279,0.00731495,0.01155464,-0.0002484925,0.0283709,0.001149495,0.03336567,0.006693902,0.02491623,0.01698427,0.02927025,-0.0011589,0.02088976,0.02568351,0.02399288,0.01201677,NaN,0.02187796,0.02174902,0.02721708,0.02194802,0.01601498,0.06226492,0.02669005,0.01569239,0.04346439,NaN,0.07011981,0.01743359,0.05806663,0.05593923,0.008894908,0.006797754,0.008183857,0.008888522,0.007700377,NaN,0.01101658,0.009200482,0.01053396,0.008505103,0.006344827,0.004201822,0.005007964,-0.00471592,0.030454,NaN,0.00518355,0.005077995,0.0115606,0.008713273,-0.003034447,0.01377767,0.03151746,0.00840561,0.05382874,NaN,0.007711046,0.01007577,0.01620595,0.01437414,0.02070625,0.04823766,0.01139974,0.01579077,0.02929593,NaN,0.04221669,0.09146104,0.06749175,0.08575623,-0.002073236,anteriorHippocampus,sub-S05,p,randomWalker9,freq34
0.03563735,0.02946327,0.02433025,0.02966768,0.05545531,0.02185497,0.0133576,0.04116604,0.03465667,0.03136906,0.02845195,0.02849973,0.03260675,0.02946703,0.03156878,0.03525399,0.03595731,0.03281718,0.03305257,0.02680888,0.02994099,0.04771556,0.03484584,0.03487695,0.02551894,0.02758157,0.02954686,0.02594109,0.03216497,0.03273232,0.02909438,0.027771,0.02283726,0.0281635,0.02123067,0.02631075,0.02011186,0.04332089,0.03130838,0.03314339,0.09495424,0.07090314,0.06557509,0.0576828,0.08687828,0.07733817,0.05926796,0.06824408,0.1003297,0.06350079,0.04402331,0.02572295,0.03860709,0.02733737,0.03559996,0.02675716,0.04113925,0.04248286,0.05180338,0.02694207,0.02994364,0.02711564,0.03459943,0.02999559,NaN,0.02714305,0.03280272,0.0297325,0.03040543,0.02834199,0.07076898,0.06046263,0.0307063,0.05670537,NaN,0.07610399,0.03232739,0.05821574,0.05741481,0.04246622,0.0220035,0.02185478,0.02199869,0.02346589,NaN,0.01956514,0.02417232,0.02136014,0.02295739,0.02457687,0.03919417,0.04501558,0.04196489,0.04356117,NaN,0.03279144,0.04373233,0.05273303,0.04435595,0.03280437,0.02909721,0.02585679,0.02530876,0.0549362,NaN,0.02401339,0.02674961,0.02627875,0.02819698,0.02704151,0.05929096,0.04550851,0.02993983,0.04492095,NaN,0.06192211,0.1090957,0.05893891,0.09784012,0.03208077,posteriorHippocampus,sub-S05,p,randomWalker9,freq34
0.07579318,0.06934559,0.03492454,0.03922391,0.09716363,0.06903984,0.08690305,0.09887166,0.08592511,0.06392255,0.06763767,0.01613531,0.07222962,0.06502723,0.06526311,0.07687803,0.09063924,0.06041366,0.07771041,0.08228789,0.06753017,0.08174226,0.05780146,0.07632301,0.05827098,0.05972938,0.06678552,0.05854181,0.06344916,0.1004321,0.07022852,0.07067282,0.03995562,0.05317608,0.05219229,0.07531082,0.05765533,0.09838369,0.07425229,0.06550439,0.1283745,0.1295918,0.1221738,0.1143605,0.1147109,0.1214238,0.1162225,0.1207658,0.1242918,0.1179913,0.01273088,0.05522748,0.04453621,-0.003987016,0.05379533,0.05118776,0.07212361,0.08020522,0.01912112,0.03536027,0.06796954,0.02791268,0.07223959,0.07439899,0.1029085,0.0338282,0.08191594,0.0291913,0.0580469,0.05422676,0.06773431,0.059499,0.08015364,0.06540347,0.06006998,0.05439847,0.07804288,0.04126605,0.05214776,0.04627204,0.07071798,0.06757374,0.04798471,0.05720663,0.06867164,0.077603,0.07391132,0.08666255,0.07260815,0.09183172,0.06589268,0.06444656,0.05110907,0.06007121,0.04829231,0.06977566,0.06393553,0.07469593,0.06951953,0.04914253,0.06218902,0.0234955,0.06021662,0.06338546,0.05797143,0.04436998,0.06180988,0.05652543,0.05921572,0.04719985,0.08255394,0.03942377,0.09032379,0.06741603,0.05956203,0.03684093,0.03356021,0.06056555,0.06396367,0.03710099,anteriorHippocampus,sub-S06,p,randomWalker0,freq34
0.0709419,0.07160934,0.02694459,0.03592088,0.09063209,0.07013567,0.07867893,0.09414696,0.08244545,0.06506657,0.04224214,-0.0007014988,0.05051427,0.04349144,0.0469574,0.07225785,0.0692912,0.01409309,0.05152676,0.06667748,0.07687289,0.1203795,0.07154346,0.07379457,0.06660867,0.07855225,0.07907331,0.07209122,0.07399168,0.10422,0.06328202,0.07550929,0.06610586,0.04650646,0.08174298,0.07922001,0.07847144,0.09889072,0.05668533,0.06376414,0.1028676,0.09950082,0.09715538,0.09472968,0.1081409,0.1048521,0.09750026,0.1041786,0.1026444,0.1089737,0.03587141,0.05321118,0.09568367,0.03866611,0.07408597,0.04654228,0.08439449,0.0650465,0.03694148,0.03629405,0.04027664,0.007889793,0.04768858,0.05431016,0.07761569,0.01023696,0.05357829,0.03612099,0.03110709,0.06170513,0.1162608,0.06152774,0.1009385,0.06419013,0.08042751,0.05689966,0.1015375,0.06325606,0.12084,0.04077813,0.04370449,0.04419092,0.02495232,0.03135373,0.01606876,0.05209466,0.04496766,0.05980916,0.04631152,0.06485941,0.0546849,0.05629319,0.03504267,0.07216451,0.05597243,0.06143633,0.05302107,0.06111022,0.05848841,0.04008806,0.08477155,0.08409674,0.08912476,0.07249516,0.08076924,0.07605807,0.08177127,0.08757984,0.08543245,0.04323217,0.1013689,0.04085626,0.1341343,0.07121418,0.08106703,0.03951076,0.04942258,0.06687518,0.07196762,0.03116808,posteriorHippocampus,sub-S06,p,randomWalker0,freq34
0.09040674,0.06800462,0.0585595,0.07428538,0.1041107,0.08051001,0.07122973,0.09655837,0.08393051,0.09633505,0.07659689,0.06750331,0.07471462,0.06756603,0.03176341,0.07883717,0.0865723,0.06823324,0.08175332,0.08863562,0.0716776,0.05439887,0.05721385,0.06182827,0.05623078,0.05745574,0.06392868,0.05457587,0.06815634,0.05741772,0.09180259,0.09523135,0.04563228,0.08819062,0.08289658,0.08936602,0.0433001,0.1117791,0.1041566,0.1110126,0.1262919,0.1135925,0.124239,0.1112071,0.1137409,0.1205712,0.121762,0.1150099,0.1207421,0.1093812,0.01368016,0.04007612,0.05693381,0.02497664,0.06050669,0.02474499,0.07306125,0.03057075,0.005068735,0.04386883,0.0711697,0.07931431,0.08223076,0.06999948,NaN,0.09052441,0.08695507,0.08381899,0.07603906,0.09581949,0.02977463,0.008788089,0.05792823,0.02000312,NaN,0.02421977,0.05185246,0.05151279,0.0357847,0.06329237,0.06005115,0.04647622,0.02274758,0.02345777,NaN,0.08787403,0.06898465,0.0624703,0.06269221,0.09679373,0.0699778,0.06588777,0.1080072,0.03397987,NaN,0.05315611,0.07960884,0.08463991,0.06759311,0.05623024,0.05352327,0.05361678,0.05499792,0.0680852,NaN,0.0541891,0.05265942,0.05324752,0.05379522,0.05934137,0.08853145,-0.008807705,0.05434394,0.05136643,NaN,0.02105737,0.08842653,0.08160461,0.09619057,0.02835002,anteriorHippocampus,sub-S06,p,randomWalker1,freq34
0.08320528,0.06673805,0.04988345,0.07080889,0.1021862,0.07846708,0.05010741,0.09333471,0.07848649,0.09229232,0.05085536,0.05146591,0.05087876,0.0453948,0.03318934,0.06846084,0.06572796,0.05045739,0.05870677,0.07013693,0.07341639,0.0699118,0.0708851,0.04542778,0.07338659,0.07179737,0.07529996,0.07168661,0.07266932,0.0684591,0.08604401,0.09750652,0.0807495,0.0918588,0.085808,0.09297129,0.01296807,0.109313,0.09721215,0.1104906,0.1004901,0.1009295,0.1010955,0.1021255,0.1010363,0.1030321,0.101328,0.09948296,0.09985447,0.1005981,0.009992303,0.03506439,0.07320403,0.01706753,0.03833982,0.01568799,0.07440738,0.02634358,0.02953929,0.03788611,0.04403593,0.0520617,0.05565232,0.04958225,NaN,0.06495442,0.06307497,0.05498573,0.04899441,0.06988226,0.09300943,0.06351874,0.07526395,0.06181655,NaN,0.09325681,0.07965181,0.0885901,0.1023073,0.06049005,0.03766846,0.04432568,0.006185544,0.008137594,NaN,0.0805742,0.04806955,0.05973123,0.04222203,0.09137436,0.05438446,0.0605262,0.122778,0.01391543,NaN,0.04562232,0.06806637,0.07175563,0.05546846,0.04515067,0.08354189,0.07771005,0.07204773,0.08284014,NaN,0.07426441,0.07673548,0.07466948,0.07747273,0.08022719,0.102913,0.05439603,0.07066962,0.0618987,NaN,0.09346768,0.1063277,0.09898201,0.1368555,0.0248859,posteriorHippocampus,sub-S06,p,randomWalker1,freq34
0.07663578,0.06293184,0.07805351,0.06956475,0.1037434,0.06160135,0.08185661,0.1081721,0.0837347,0.08351902,0.04685399,0.02787365,0.05548237,0.02786834,0.0130706,0.08412483,0.08812479,0.06206845,0.07129769,0.08574332,0.0661351,0.07882223,0.05475712,0.02492933,0.03930673,0.07298694,0.0638119,0.06383792,0.06213793,0.1283133,0.09152436,0.06963769,0.05512775,0.1023768,0.05483193,0.06722344,0.05375523,0.1086857,0.04596717,0.06694252,0.1269968,0.1147757,0.125068,0.1172572,0.1331001,0.1136213,0.1263,0.1162681,0.1237226,0.1156222,0.02829091,0.04855987,0.04686776,0.04931178,0.05795199,0.03841556,0.06617554,0.1039751,0.02467209,0.05979757,0.05960039,0.03484904,0.08457615,0.01919521,0.1202659,0.08377641,0.07764371,0.06379528,0.07052489,0.05946543,0.03719669,0.0391925,0.07337018,0.08742841,0.120266,0.04053073,0.05645818,0.06269936,0.04273025,0.05229628,0.03695161,0.03114128,0.02123896,0.1016642,0.1202659,0.06201535,0.06432103,0.04622706,0.05590758,0.0602166,0.06555955,0.04791963,0.07299101,0.08919253,0.1202659,0.06587537,0.09790127,0.06699769,0.06340022,0.07157088,0.05318062,-0.002991882,0.05901102,0.07262772,0.1202659,-0.0094103,0.05478111,0.05639515,0.05384374,0.01881039,0.04504223,0.01518962,0.06734607,0.0766452,0.1202659,0.01681706,0.05231988,0.07346286,0.04160553,0.05307345,anteriorHippocampus,sub-S06,p,randomWalker2,freq34
0.06899688,0.06328423,0.06294245,0.06447907,0.08339801,0.06102189,0.06827954,0.1024711,0.07706137,0.0834014,0.02453967,0.01044208,0.03474022,0.01237953,0.0004259013,0.06206025,0.0660546,0.04022717,0.04866363,0.05876582,0.0599701,0.09892868,0.07072707,0.01113339,0.03826208,0.08806795,0.07593138,0.07288031,0.07059389,0.1707244,0.06455694,0.07097406,0.07787461,0.1044485,0.07838713,0.06799927,0.0746957,0.09585907,0.05803768,0.04378675,0.1045647,0.1049697,0.1039237,0.1066637,0.1090242,0.1081982,0.1056748,0.1025153,0.104244,0.1061352,0.03043345,0.04473294,0.07535668,0.04457258,0.08460929,0.03444378,0.07477671,0.08436711,0.03988542,0.05894372,0.04361999,0.01693506,0.06026746,0.02253885,0.1231668,0.05707673,0.05551147,0.04175892,0.04950142,0.04335402,0.1085808,0.03199311,0.06542031,0.0764645,0.1231668,0.03555944,0.06814496,0.06584717,0.09692498,0.05022897,0.02043337,0.01674468,0.001102554,0.0814718,0.1231668,0.05545121,0.04056887,0.0249088,0.03630331,0.04292684,0.05476768,0.04179266,0.04922411,0.07654218,0.1231668,0.06074432,0.08046176,0.0520508,0.05271218,0.05990752,0.08672044,0.02106669,0.06879927,0.0657389,0.1231668,0.006805096,0.07558548,0.0710227,0.08098879,0.04435725,0.04035205,0.01129319,0.06907733,0.07081552,0.1231668,0.01405384,0.03010025,0.06625457,0.04549753,0.04630697,posteriorHippocampus,sub-S06,p,randomWalker2,freq34
0.06088496,0.07190995,0.06670272,0.06846966,0.1055019,0.07381838,0.0406208,0.1004517,0.0694207,0.08154117,0.07410646,-0.02533786,0.07489578,0.01853749,0.07149936,0.08112855,0.07808082,0.07291716,0.07674138,0.07166119,0.05775171,0.06736818,0.05420271,0.0495303,0.05182645,0.0559346,0.05578056,0.05552946,0.05896512,0.05758284,0.02055551,0.1010717,0.05076659,0.1058011,0.04995675,0.09319693,0.03523725,0.08255776,0.0609575,0.1029324,0.1242849,0.1228764,0.123934,0.1151574,0.1079609,0.1224722,0.1265525,0.1168458,0.1236462,0.1136133,0.04198227,0.05792182,0.05360052,0.04475786,0.06553602,0.08052097,-1.697668e-05,0.08255094,0.03219145,0.0819672,0.07743878,0.04790046,0.0829419,0.0155785,0.06021859,0.04552509,0.05880943,0.04913614,0.0681181,0.07753502,0.0376224,0.04033848,0.08815173,0.01557825,0.05301878,0.0686077,0.0459083,0.01415141,0.03032913,0.05234456,0.06487443,0.04923414,0.06635581,0.0155785,0.04551348,0.04818009,0.05722434,0.03618735,0.05487748,0.0908761,0.05934809,0.06753362,0.108102,0.01557846,0.04667812,0.07585604,0.05535634,0.05865875,0.06208406,0.0600744,0.05319684,0.05887787,0.0529395,0.01557843,0.05310185,0.04298919,0.05407041,0.05251979,0.05429993,0.07249371,0.05152849,0.002603154,0.07492384,0.01557851,0.05311164,0.03984309,0.03457627,0.06374926,0.04922008,0.01578402,anteriorHippocampus,sub-S06,p,randomWalker3,freq34
0.05737063,0.07090528,0.06152445,0.0639296,0.1000152,0.07313325,0.03610178,0.09881751,0.06579595,0.08097588,0.04752163,-0.01212759,0.06420034,0.00205969,0.07556411,0.05757783,0.06288091,0.05101939,0.05763373,0.0659823,0.07108385,0.09480494,0.07100258,0.05581566,0.06827158,0.06580313,0.07354586,0.07055024,0.07565168,0.07783996,0.02625306,0.08685293,0.07925184,0.1018044,0.07565288,0.09206253,0.06767873,0.06874079,0.03929695,0.09997135,0.09860496,0.1001821,0.1027656,0.1045321,0.0999013,0.1008427,0.09945075,0.1017182,0.09939865,0.1016349,0.03100708,0.05106928,0.08394725,0.04178276,0.0557498,0.06645693,0.02368623,0.06482765,0.03727218,0.06926205,0.04815347,0.02194757,0.05917007,0.001998802,0.04235236,0.02030092,0.0427428,0.02375366,0.0402909,0.06221692,0.09774949,0.04258093,0.07945514,0.001998819,0.07405053,0.05834715,0.06395406,0.03959575,0.08541023,0.04854536,0.04455679,0.02726029,0.03614638,0.001998814,0.05612526,0.02622107,0.03823363,0.01720127,0.03336881,0.06479695,0.04620865,0.05818576,0.08811992,0.001998836,0.07518388,0.0677939,0.04946077,0.04519185,0.05010552,0.047974,0.07807432,0.110678,0.07223219,0.001998912,0.07187184,0.06678157,0.07420558,0.0787314,0.08173628,0.07968176,0.01938038,0.01049683,0.06797269,0.001998879,0.07282783,0.03891575,0.07389225,0.02099776,0.02471505,0.02403872,posteriorHippocampus,sub-S06,p,randomWalker3,freq34
0.0750132,0.06837936,0.05707214,0.07053731,0.09522053,0.0710936,0.05105984,0.09755514,0.07820741,0.08246247,0.07077909,0.03591799,0.07841294,0.05794363,0.08146269,0.07622822,0.08274041,0.07023289,0.08125667,0.07276547,0.06674608,0.06851243,0.05579834,0.05881161,0.05461296,0.05772347,0.06072947,0.05690652,0.06122792,0.07284858,0.09066754,0.05901864,0.006631494,0.09431683,0.06343558,0.06592054,0.04229569,0.09477544,0.08868176,0.07206012,0.1233529,0.1233266,0.1118203,0.1076541,0.1056149,0.1205002,0.1124851,0.1112568,0.1186613,0.1127265,0.04906565,0.06177989,0.05659169,0.02846657,0.06011079,0.05256276,0.07525831,0.09221167,0.03039947,0.05078519,0.06241055,0.04153994,0.07158078,0.04975423,0.1005906,0.07521844,0.07729322,0.06973112,0.07379534,0.02593211,0.03077667,0.05699838,0.05313748,0.05182156,0.1005906,0.06050907,0.07546349,0.06780703,0.0424878,0.03973118,0.05504166,0.03813855,0.05347893,0.03859942,0.1005907,0.07520203,0.06226035,0.05612506,0.06199824,0.05722941,0.06049662,0.04567105,0.09906793,0.06183261,0.1005907,0.06113977,0.04567299,0.08002853,0.05786682,0.04127277,0.05707222,0.05660158,0.0548416,0.05454134,0.1005905,0.05713331,0.06032931,0.0560433,0.0578673,0.04892534,0.1237503,0.1236045,0.05059923,0.05406859,0.1005907,0.05436734,0.08891224,0.0529509,0.1182981,0.1221975,anteriorHippocampus,sub-S06,p,randomWalker4,freq34
0.06854357,0.06477898,0.05184374,0.06259587,0.08545955,0.066977,0.04068676,0.09437434,0.07177027,0.07906873,0.04270922,0.003902792,0.0582675,0.03139523,0.06133039,0.05263158,0.05894129,0.04755834,0.05542581,0.04313004,0.07530926,0.08801939,0.07140117,0.06905545,0.06780851,0.07424263,0.07174265,0.07089575,0.07387505,0.07970011,0.07944542,0.05304784,0.00965828,0.09234599,0.03760477,0.06216407,0.07473954,0.09287976,0.07548346,0.06877103,0.09791689,0.09852276,0.09086307,0.0976458,0.09391026,0.1020458,0.09756152,0.09972432,0.09977838,0.1014989,0.03726026,0.05444324,0.07747619,0.01337458,0.08759803,0.0395234,0.08810847,0.07539428,0.03040658,0.04396775,0.03329648,0.01725262,0.04394487,0.02607796,0.07566293,0.04695559,0.04954138,0.04234767,0.04460574,0.01629851,0.04820387,0.06664535,0.07843945,0.0700952,0.07566295,0.09916415,0.07982603,0.08822245,0.09458535,0.03502559,0.0313045,0.01724092,0.02738436,0.0161227,0.07566295,0.04805315,0.03683795,0.03202705,0.03750986,0.03550436,0.04959708,0.04195266,0.0771838,0.04905971,0.07566297,0.04897168,0.04026797,0.06823106,0.04629912,0.03620649,0.08390276,0.1116403,0.07436728,0.08234207,0.07566293,0.07971147,0.07566432,0.07350702,0.0805537,0.05172161,0.1247455,0.1071067,0.0734254,0.07655827,0.07566296,0.1139077,0.1088211,0.08208597,0.1312814,0.1195449,posteriorHippocampus,sub-S06,p,randomWalker4,freq34
0.08550344,0.06673018,0.06999185,0.06800242,0.09839629,0.06600825,0.08118176,0.09481762,0.07916464,0.09079818,0.07597082,-0.009496429,0.07226183,0.05591234,0.06471532,-0.009127178,0.09047467,0.0444087,0.08381128,0.09400886,0.06993645,0.1058082,0.05463819,0.07443865,0.05572158,0.04150795,0.06324314,0.05698728,0.05867928,0.08127768,0.03974438,0.09164805,0.05151147,0.103548,0.05305723,0.04842464,0.05220516,0.06919931,0.06157561,0.1034813,0.1241002,0.1208112,0.1129146,0.1134067,0.1117834,0.1215723,0.09853452,0.11545,0.1197335,0.1176345,0.03147665,0.05959242,0.04321608,0.03527135,0.09600566,0.05276563,0.08583174,0.05379616,0.03803233,0.07166144,0.06325466,0.02290327,0.06839479,0.02187122,NaN,0.04065271,0.07066288,0.06293019,0.05839798,0.06835569,0.05693825,0.04417318,0.04881754,0.01553978,NaN,0.1060644,0.06193652,0.103735,0.04995259,0.06548341,0.06355917,0.03269032,0.05047978,0.01662637,NaN,0.0749656,0.05983595,0.06712896,0.06565441,0.05295815,0.05280764,0.02803862,0.06412185,0.03528516,NaN,0.102923,0.0451971,0.09599758,0.07004249,0.09658166,0.05460915,0.1058614,0.05356622,0.05355849,NaN,0.02098544,0.05850859,0.06292062,0.04872406,0.05137464,0.09433605,0.1349954,0.0681871,0.04711494,NaN,0.1046796,0.08653715,0.1058226,0.08603205,0.05385188,anteriorHippocampus,sub-S06,p,randomWalker5,freq34
0.07770161,0.06452395,0.0633947,0.06383421,0.08087526,0.06367943,0.06664317,0.08792691,0.07203398,0.08696639,0.05187029,0.003421488,0.04934769,0.03447577,0.04988722,0.004999556,0.06703968,0.01597955,0.06016104,0.07620662,0.0766028,0.1809487,0.07053892,0.09012566,0.0722026,0.06869598,0.07707088,0.07582884,0.07570127,0.1081093,0.03755335,0.08716545,0.07979321,0.09901401,0.07543588,0.04583326,0.07824304,0.04735723,0.04625078,0.09759979,0.09830531,0.09984261,0.09833659,0.0914623,0.095797,0.09954361,0.09039133,0.09774421,0.09607013,0.1040123,0.01925139,0.05078724,0.08206891,0.05124939,0.09967441,0.04607768,0.09554534,0.06899055,0.04053304,0.05716537,0.03650432,0.01074603,0.04066657,0.007917558,NaN,0.01989705,0.04211197,0.03716628,0.03247797,0.04036425,0.1250516,0.03424424,0.05892423,0.05256033,NaN,0.08330911,0.09603178,0.09412622,0.100059,0.09879965,0.03978565,0.01409103,0.02818522,0.00352275,NaN,0.04895345,0.03625362,0.0428478,0.04122378,0.02560217,0.03603522,0.006952828,0.04906085,0.0241068,NaN,0.0881062,0.03462846,0.07767864,0.05423201,0.0732826,0.08473502,0.08141349,0.07500065,0.07314898,NaN,0.02990568,0.07765365,0.08654428,0.07876431,0.07507803,0.1175053,0.160751,0.09279365,0.1395379,NaN,0.07570253,0.1310795,0.177345,0.1129668,0.08336304,posteriorHippocampus,sub-S06,p,randomWalker5,freq34
0.06462188,0.06383051,0.02769906,0.03048806,0.09058901,0.07106446,0.05302198,0.09344941,0.07205116,0.07797476,0.07139815,0.009836832,0.0702262,0.06538496,0.06959378,0.05983053,0.08653046,0.05412436,0.0781713,0.06345106,0.06724866,0.06981881,0.05350686,0.09252723,0.05181774,0.05243531,0.05377869,0.05462264,0.05845368,0.07241183,0.1109399,0.0925573,0.04741214,0.07614768,0.09575886,0.0965722,0.04521237,0.1045468,0.09086742,0.1117035,0.1260198,0.1192797,0.1053106,0.105678,0.1092992,0.1186317,0.1061347,0.1112869,0.117834,0.1121371,0.02311732,0.05277985,0.06224091,0.04925255,0.03651098,0.04685381,0.06841934,0.04673145,0.01204522,0.03100641,0.06641793,0.06702054,0.06641348,0.04795456,NaN,0.06616586,0.04976937,0.07364092,0.07227243,0.06055859,0.06567471,0.02861405,0.08580536,0.04592273,NaN,0.05263001,0.06818397,0.08507573,0.04658133,0.02764811,0.06057139,0.04717168,0.01435334,0.04924838,NaN,0.04523854,0.01809202,0.05814109,0.06415134,0.02913628,0.04851547,0.0500345,0.01691569,0.0281071,NaN,0.06477741,0.06302573,0.07502256,0.05733102,0.03276129,0.05824576,0.03669224,0.06140242,0.1014317,NaN,0.04673806,0.05110838,0.03976183,0.05140107,0.04154951,0.1097286,0.0140063,0.1064747,0.07537229,NaN,0.03837422,0.07562853,0.04197109,0.1006667,0.09941249,anteriorHippocampus,sub-S06,p,randomWalker6,freq34
0.06164365,0.06197185,0.02065671,0.02930637,0.08731618,0.06873564,0.05144933,0.09038055,0.06768997,0.07583743,0.05297219,0.003594056,0.04719866,0.03986752,0.06823979,0.0591847,0.07048599,0.02699769,0.05585821,0.0425838,0.0748404,0.09267982,0.07587904,0.08410348,0.07280647,0.07720665,0.067289,0.06684763,0.07119653,0.07555633,0.08225791,0.0884047,0.08101325,0.04173927,0.1039501,0.08127589,0.07906533,0.08169865,0.05200786,0.09601576,0.1037104,0.09836718,0.09700618,0.09700962,0.1017854,0.09996729,0.09019224,0.09907168,0.09683055,0.1007795,0.100737,0.04810649,0.08351094,0.07922737,0.05073164,0.03541537,0.07629979,0.03421172,0.03040616,0.02738381,0.04017362,0.04177767,0.04409146,0.02997621,NaN,0.0373257,0.04330773,0.0452956,0.04494266,0.05362782,0.1105152,0.0846739,0.09962253,0.05749176,NaN,0.1003981,0.08904964,0.07636087,0.107434,0.02799249,0.03611988,0.03890579,0.02389471,0.02671385,NaN,0.04027323,0.005760819,0.04733535,0.04256996,0.01140145,0.03958055,0.04588412,0.002179278,0.02167558,NaN,0.05576264,0.05484564,0.06540777,0.0484272,0.02711056,0.08634041,0.07033326,0.0860182,0.135175,NaN,0.07460319,0.07539672,0.06854852,0.07988242,0.1028049,0.142737,0.08193265,0.1359126,0.07795465,NaN,0.09092589,0.1055416,0.05527591,0.139322,0.1145486,posteriorHippocampus,sub-S06,p,randomWalker6,freq34
0.07745582,0.06370463,0.06901007,0.06962795,0.1022222,0.07923752,0.07569899,0.1041694,0.08184498,0.08424219,0.07262246,-0.004804883,0.07386492,0.05572837,0.0503974,0.08965267,0.08646039,0.04500825,0.07841726,0.06777942,0.06388058,0.06444626,0.05517417,0.04131579,0.05484128,0.06136361,0.05649245,0.05438261,0.06193611,0.06963354,0.07376857,0.05929536,0.03216441,0.06935067,0.07894378,0.06590227,0.0242267,0.09162643,0.07325486,0.06421722,0.1261147,0.1270071,0.1184519,0.1253566,0.1160788,0.1210801,0.1182608,0.1157962,0.1249633,0.117065,0.02229974,0.05158754,0.06231617,0.01048166,0.06748486,0.03870371,0.06757693,0.09105011,0.01929967,0.05788917,0.05938574,0.04284232,0.08126719,NaN,0.0160939,0.08677668,0.07749059,0.062843,0.06643734,0.0436437,0.008629965,0.0006886845,0.06277474,NaN,0.1149451,0.02979489,0.03436154,0.07539232,0.03576338,-0.005965235,0.06101733,0.06156368,0.07692908,NaN,0.01420364,0.03892267,0.06799949,0.06097726,0.06505662,0.03489882,0.06591049,0.0716124,0.06460481,NaN,0.1185605,0.07786583,0.09598912,0.08610942,0.07056565,0.08774232,0.05363753,0.01011185,0.05424636,NaN,0.06063401,0.05039901,0.04786245,0.04924365,0.05147843,0.05262462,0.06587236,0.06218255,0.06598587,NaN,0.1096142,0.00919829,0.04980469,0.05807431,0.07367374,0.0865692,anteriorHippocampus,sub-S06,p,randomWalker7,freq34
0.07269661,0.06329052,0.06996594,0.06629356,0.09738161,0.07891534,0.07487597,0.1012566,0.07828671,0.0840796,0.05141639,-0.01056959,0.05992709,0.03836185,0.0381298,0.1022129,0.06775363,0.01982054,0.05906725,0.04878063,0.07275344,0.1177397,0.07112213,0.02902028,0.07566631,0.08255488,0.07422165,0.07739956,0.07845763,0.09241007,0.07178032,0.0593169,0.07014909,0.06869882,0.06745889,0.05514304,0.06014689,0.08467174,0.06474278,0.06231896,0.1011785,0.09795386,0.09851943,0.1009572,0.1017014,0.1036576,0.09961352,0.1007363,0.1010994,0.1040469,0.0189517,0.04868618,0.0801978,0.02529124,0.0465486,0.03454091,0.07367905,0.08213717,0.03982551,0.05285656,0.03827382,0.02336353,0.05890272,NaN,0.004149626,0.05983431,0.05405837,0.04278045,0.04407448,0.02457061,0.08363896,0.05725222,0.07675677,NaN,0.1237452,0.05131657,0.05260723,0.08529167,0.1023509,0.04540709,0.0428608,0.03853335,0.05390413,NaN,0.003042602,0.004885583,0.04590016,0.0477966,0.04539842,0.01784508,0.05377227,0.05954366,0.05093859,NaN,0.1146122,0.06805561,0.08896,0.07237021,0.05747624,0.08041053,0.0853797,0.07977511,0.07579964,NaN,0.09592132,0.07771595,0.06807742,0.07647588,0.08223284,0.08240423,0.07434164,0.07241911,0.08127285,NaN,0.1095419,0.04099817,0.06312753,0.06612516,0.09182568,0.0901342,posteriorHippocampus,sub-S06,p,randomWalker7,freq34
0.06007928,0.07570695,0.0532328,0.06307653,0.1053288,0.07900345,0.1047205,0.09895583,0.08186768,0.07754574,0.07908063,0.02677664,0.06920131,0.06895901,0.07215803,0.07173993,0.08417489,0.05954759,0.07623387,0.06455226,0.07161618,0.07860853,0.06074039,0.07089002,0.05596304,0.06732009,0.06217443,0.05608287,0.0629159,0.07049607,0.08064269,0.1035718,0.04747137,0.09674229,0.1058589,0.07781818,0.04783724,0.1050041,0.08168162,0.1068824,0.127604,0.1182263,0.1165033,0.1153375,0.1099221,0.1211581,0.1240313,0.1129264,0.1208689,0.1105848,0.03756421,0.06177797,0.04563443,0.04219097,0.05977984,0.0440007,0.05758784,0.08367892,0.03638029,0.05199235,0.06627028,0.006683625,0.01007238,0.06681123,0.0990152,0.01691678,0.07430647,0.05395736,0.0687054,0.02616725,0.03186232,0.04326713,0.04686651,0.03313049,0.09901512,0.03849787,0.05898253,0.01263132,0.03572426,0.07150183,0.06723672,0.07532026,0.03909511,0.1045001,0.09901513,0.05892615,0.07170223,0.06488138,0.06705865,0.07561611,0.05889221,0.05617856,0.06709679,0.06879198,0.09901527,0.06844372,0.0845836,0.06062682,0.06470744,0.06746091,0.05384004,0.07416723,0.05146859,0.05770955,0.09901527,0.03086126,0.05725587,0.04992189,0.05213118,0.05937627,0.1016418,0.06494237,0.04867575,0.02603619,0.09901517,0.06660815,0.06658313,0.1162156,0.1036663,0.08537673,anteriorHippocampus,sub-S06,p,randomWalker8,freq34
0.0559325,0.07233264,0.049813,0.05614762,0.09585828,0.07362745,0.1010992,0.09484185,0.07358821,0.07281493,0.04927468,0.01182029,0.04367823,0.03998774,0.05535232,0.04738911,0.05908436,0.0531675,0.04800899,0.03603166,0.05723091,0.1090861,0.07284307,0.06306041,0.07083552,0.07516288,0.0709426,0.06917069,0.07040755,0.09393394,0.07578701,0.1015222,0.07603856,0.08663892,0.08817632,0.06187474,0.08056261,0.09899904,0.05657133,0.09642832,0.1012693,0.1004863,0.1029264,0.1003661,0.09742373,0.1008477,0.1005608,0.0996046,0.0992424,0.09902757,0.04006223,0.05398953,0.08851109,0.04227272,0.03740079,0.02936739,0.07336946,0.06506588,0.04692942,0.04975499,0.03489757,-0.01449291,0.004687519,0.05130715,0.07498164,-0.0004199272,0.04531466,0.02268892,0.03798881,0.002426165,0.09483325,0.03605375,0.1034781,0.01334737,0.07498157,0.04482073,0.07029201,0.04561827,0.08649923,0.1139041,0.03993909,0.05368104,0.01514886,0.0930732,0.07498164,0.04341029,0.04422645,0.04422385,0.04028042,0.0459471,0.04578777,0.04316258,0.06259672,0.05358034,0.07498156,0.05473794,0.06911839,0.04336223,0.051121,0.05915183,0.07691447,0.05555557,0.07695077,0.03821786,0.07498159,0.05272521,0.07328687,0.07784586,0.0747878,0.08035654,0.1420661,0.09040906,0.1019962,0.005643028,0.0749817,0.09647822,0.08857135,0.1433856,0.1388949,0.1033528,posteriorHippocampus,sub-S06,p,randomWalker8,freq34
0.08603178,0.07679536,0.06962412,0.06337683,0.1119516,0.06400424,0.05165038,0.1042101,0.07994379,0.08587784,0.07217075,0.04407594,0.07853007,0.07239542,0.06567352,0.08020329,0.08565181,0.0782218,0.08017332,0.08182745,0.06625104,0.07892422,0.06910878,0.06843171,0.05424323,0.05393516,0.05923491,0.05328714,0.0647857,0.07827181,0.06868134,0.0785843,0.005316128,0.08816547,0.05291287,0.04496294,0.03498497,0.1076994,0.07602041,0.08841673,0.1227545,0.1188006,0.1130015,0.1121783,0.1139061,0.1244678,0.112244,0.1109968,0.1228261,0.1139889,0.03143843,0.05546995,-0.005145972,0.02761968,0.04778581,0.04375908,0.07531743,0.08182044,0.02727251,0.05746758,0.07335116,0.05432942,0.08432795,0.08865775,NaN,0.05692719,0.08221348,0.06334008,0.07382742,0.07261733,0.0284765,0.09062171,0.06353782,0.04958818,NaN,0.0490673,0.06835176,0.06389088,0.04785007,0.05636032,0.05726645,0.04805566,0.06059658,0.06559527,NaN,0.04325638,0.06783915,0.04750034,0.05803092,0.06239773,0.05921043,0.0798694,0.08050584,0.04944348,NaN,0.04837416,0.04726294,0.08373217,0.06297808,0.06107483,0.05547608,0.003515919,0.05678299,0.05865289,NaN,0.052104,0.05764746,0.05021709,0.05397142,0.008472812,-0.03135851,0.0498085,0.06146532,0.04611281,NaN,0.02507807,0.1155793,0.03926283,0.08851167,0.0310949,anteriorHippocampus,sub-S06,p,randomWalker9,freq34
0.0792096,0.07338183,0.06582515,0.05422532,0.09106173,0.05872362,0.04280588,0.09770595,0.07287159,0.08250432,0.04358897,0.02009267,0.05360109,0.04557943,0.05067455,0.05388635,0.06431273,0.04998729,0.05471079,0.04928483,0.07263847,0.1346482,0.0797338,0.06050792,0.07005209,0.06975628,0.07306407,0.06965098,0.07609639,0.09785213,0.05711839,0.07709469,0.0304533,0.09581739,0.08133733,0.0371794,0.07130764,0.0973153,0.06350752,0.08721249,0.09745254,0.1006652,0.09495943,0.09611607,0.09764834,0.09450344,0.1032883,0.09878991,0.09689217,0.1009804,0.0287948,0.04743939,0.05609351,0.0260963,0.07166427,0.03716689,0.09606867,0.05690625,0.05284813,0.04801282,0.04386955,0.02459546,0.0596799,0.06062651,NaN,0.03152085,0.05539793,0.03538281,0.04433351,0.04270557,0.08381557,0.07440025,0.07475375,0.08497152,NaN,0.1106169,0.08339066,0.0678514,0.09427579,0.0482479,0.03433519,0.02951509,0.03412051,0.03896955,NaN,0.02081257,0.04165104,0.02677456,0.03567422,0.04296833,0.04616363,0.06592295,0.06627007,0.04996661,NaN,0.0346445,0.0351541,0.06735409,0.05010671,0.04932794,0.08159385,0.04544654,0.07610184,0.06706697,NaN,0.07494086,0.07487824,0.07104281,0.0772664,0.02608003,0.04324529,0.04051859,0.07851994,0.05524581,NaN,0.1014393,0.09479018,0.05646689,0.0902882,0.02314902,posteriorHippocampus,sub-S06,p,randomWalker9,freq34
0.069708,0.04098458,0.03674633,0.0432398,0.08495023,0.0415752,0.1188283,0.07762092,0.07078973,0.04669427,0.04295604,0.05709933,0.05368497,0.04668378,0.04760335,0.07292955,0.06002642,0.0198571,0.04818989,0.06054992,0.059346,0.05051433,0.05342179,0.0590508,0.05591837,0.05387531,0.0615664,0.05664725,0.05618929,0.05649415,0.03487387,0.0358475,0.04380076,0.01746665,0.04472992,0.03805658,0.05420454,0.05640826,0.03519394,0.03304657,0.144705,0.1387344,0.1258541,0.1105821,0.09007329,0.106905,0.150485,0.1190184,0.1351396,0.08838397,0.02810337,0.04667902,0.05393314,0.03672034,0.04714917,0.04100502,0.0393716,0.08259814,0.05418027,0.0494216,0.05408228,0.05891294,0.05406136,0.05214605,0.05029341,0.0618229,0.05681283,0.03528718,0.05934892,0.04437042,0.0283056,0.09907319,0.03023521,0.04236165,0.05429945,0.08685084,0.03630435,0.07597214,0.04019958,0.07951643,0.0429282,0.04794618,0.03783597,0.0363161,0.01551336,0.04725918,0.04248751,0.04963229,0.04410275,0.05798263,0.09355684,0.085783,0.07518154,0.09331274,0.05448636,0.0775464,0.0836956,0.09264112,0.08954548,0.08214913,0.05549945,0.04856177,0.05507276,0.0608588,0.05276613,0.04141536,0.05729263,0.05001139,0.05395591,0.08212135,0.03133701,0.07118999,0.02873576,0.04974793,0.05363109,0.06497566,0.04207594,0.02668476,0.02181488,0.05961619,anteriorHippocampus,sub-S08,p,randomWalker0,freq34
0.07744242,0.05605861,0.04833615,0.04797659,0.0948474,0.05741339,0.1100489,0.09145451,0.08114965,0.05890771,0.05671627,0.06021494,0.06763414,0.05903164,0.05323231,0.09252652,0.07769813,0.02141166,0.06481878,0.07862345,0.06660172,0.073209,0.05304725,0.07245418,0.0526287,0.05513614,0.0695173,0.0565925,0.06109128,0.07893365,0.06491243,0.05713,0.04844556,0.05294858,0.05066278,0.06110548,0.05415018,0.0818884,0.07572939,0.05960317,0.1502851,0.1428368,0.1319831,0.1139124,0.1107963,0.1213198,0.1463129,0.1325852,0.1433284,0.1102372,0.06089407,0.05230669,0.07096155,0.0728923,0.04966949,0.05251787,0.0649483,0.08588756,0.06674943,0.05296244,0.06638972,0.06229066,0.06854674,0.06440794,0.08335178,0.06580082,0.07466619,0.05304589,0.07029261,0.07557442,0.06752827,0.09602924,0.05051368,0.05969494,0.05487945,0.08833171,0.06153287,0.09569915,0.0780323,0.08028535,0.06226367,0.06346448,0.04953668,0.05301258,0.04190031,0.06723761,0.06339455,0.07192636,0.06349961,0.07953521,0.09168413,0.08250789,0.07772734,0.09498485,0.04484461,0.07699899,0.08254975,0.0923246,0.08879353,0.07978593,0.06177902,0.08575764,0.05790105,0.06510042,0.05293919,0.05052617,0.05935022,0.05165095,0.05984841,0.08514476,0.07316536,0.07343442,0.06819914,0.06454333,0.05418696,0.0752148,0.05032953,0.04843381,0.06888118,0.06889556,posteriorHippocampus,sub-S08,p,randomWalker0,freq34
0.06714304,0.04463984,0.05811471,0.06285014,0.0632583,0.04862193,0.07626579,0.07266874,0.06499409,0.07689124,0.05141982,0.06243494,0.04577628,0.04949128,0.02422077,0.06909931,0.06149704,0.04741257,0.05595896,0.06618016,0.06269684,0.05494834,0.05751819,0.04935728,0.05755861,0.05999721,0.06478696,0.05755939,0.0638997,0.05890097,0.05762208,0.06209615,0.03500086,0.04746861,0.03675514,0.03949219,0.02709757,0.06123334,0.05924053,0.07219309,0.1384816,0.1108004,0.1689127,0.1007689,0.1141301,0.116697,0.168861,0.1215112,0.1344827,0.09997153,0.04071192,0.04613532,0.0500243,0.06686302,0.02659409,0.02158044,0.0527672,0.02940293,0.05337708,0.08189344,0.05159714,0.0588494,0.047585,0.05605642,NaN,0.05846006,0.06076221,0.05089003,0.05260696,0.05694617,0.03420766,0.03034486,0.04024783,0.03232959,NaN,0.03134984,0.0446765,0.04319581,0.03598383,0.107944,0.04241052,0.06961159,0.03536286,0.04040339,NaN,0.05746122,0.04801153,0.06312208,0.04603807,0.07315004,0.09552497,0.0743553,0.1648018,0.06999445,NaN,0.07266586,0.07249303,0.0921346,0.09002744,0.09179224,0.05177527,0.05773357,0.05589234,0.07811831,NaN,0.05836225,0.0543813,0.05668385,0.05570028,0.0555601,0.0144774,0.02323117,0.04410914,0.0516884,NaN,0.03190149,0.03329919,0.04385522,0.02186565,0.06860361,anteriorHippocampus,sub-S08,p,randomWalker1,freq34
0.0772742,0.05767723,0.06346506,0.07078115,0.08093459,0.0602415,0.0830646,0.08464041,0.0736738,0.08747423,0.06342646,0.06318337,0.06448885,0.05732769,0.03527461,0.07943773,0.07737315,0.05355046,0.07108813,0.08181292,0.06528204,0.04593368,0.05175034,0.04612314,0.05290934,0.05757874,0.0693984,0.05188086,0.06767289,0.0538395,0.07722447,0.08349875,0.0378348,0.07246152,0.0594569,0.06366088,0.04284248,0.09179031,0.08741555,0.09989627,0.1439474,0.1254257,0.1646858,0.119881,0.1294745,0.1297331,0.1570343,0.1341263,0.1411881,0.1187978,0.04791656,0.05057884,0.0506056,0.06501074,0.04557818,0.02715678,0.06557937,0.04251361,0.06587742,0.07873696,0.06341847,0.07212045,0.07021395,0.06204448,NaN,0.07823072,0.07432137,0.06806529,0.0665332,0.08566637,0.06653246,0.0642079,0.03909117,0.07058109,NaN,0.09002029,0.05226566,0.05479482,0.07674135,0.1066153,0.05581746,0.07538426,0.03530931,0.03853802,NaN,0.0837026,0.06352803,0.07523237,0.06005396,0.09877213,0.08995869,0.07386392,0.1519677,0.07347513,NaN,0.07038131,0.07657615,0.09561081,0.08481432,0.08931987,0.05585137,0.05716366,0.048609,0.1009857,NaN,0.05984265,0.05269095,0.05390473,0.05547896,0.04722908,0.07829303,0.06291755,0.04039558,0.04679476,NaN,0.09456159,0.06558076,0.05673691,0.0938651,0.07573987,posteriorHippocampus,sub-S08,p,randomWalker1,freq34
0.07290164,0.03213092,0.08340534,0.06290697,0.0889305,0.03214695,0.08836951,0.09215137,0.07372041,0.05324462,0.03323204,0.06255107,0.03877924,0.03704765,0.0350659,0.06400571,0.05726042,0.044433,0.04712595,0.04763613,0.04544541,0.05783996,0.05157867,0.03023329,0.02993711,0.0596604,0.06310301,0.0599646,0.05511408,0.03108751,0.08746058,0.03588215,0.05309598,0.06141261,0.05242374,0.03127959,0.05294212,0.08571881,0.04519319,0.04693038,0.1472467,0.07335689,0.1727786,0.09299173,0.1526565,0.06863036,0.1791323,0.1168921,0.1277979,0.09742713,0.06190583,0.0403023,0.03144471,0.080155,0.05850645,0.03137161,0.05215333,0.1299307,0.070264,0.06424452,0.04784127,0.05509406,0.05119892,0.05991413,0.1796514,0.05429164,0.05263675,0.04319769,0.05082211,0.06606881,0.0616897,0.06250183,0.0550676,0.1237086,0.1796514,0.06378566,0.0212503,0.04133419,0.03262711,0.08446694,0.06130353,0.07098012,0.03615976,0.09476057,0.1796514,0.0751593,0.03775214,0.03487814,0.04490661,0.0518129,0.09024025,0.04711843,0.06007716,0.1182318,0.1796514,0.04981397,0.1166442,0.06880234,0.08190023,0.08247189,0.05054421,0.003643356,0.05886633,0.1009042,0.1796513,0.00930122,0.05497048,0.05647768,0.0530551,0.04608412,0.03974823,0.02568934,0.0569995,0.116993,0.1796513,0.01984863,0.03284561,0.09710557,0.0383983,0.08004238,anteriorHippocampus,sub-S08,p,randomWalker2,freq34
0.08176519,0.05243488,0.08668258,0.06849426,0.09593683,0.05271756,0.090545,0.1102947,0.08259771,0.07471786,0.04371376,0.05093905,0.05145663,0.03727451,0.02785675,0.08218066,0.07753767,0.05222371,0.06355468,0.07019883,0.06272339,0.08337571,0.05086699,0.03447437,0.03660376,0.07282268,0.07197212,0.06232828,0.06615461,0.1172947,0.09662846,0.05965978,0.05283197,0.09068947,0.05245994,0.05779252,0.0505078,0.1117455,0.04117389,0.06826012,0.1527868,0.09601487,0.1638176,0.1128554,0.1493417,0.09502546,0.171935,0.1319384,0.1391038,0.1183603,0.06962352,0.04867966,0.03241638,0.07327374,0.05848936,0.04342476,0.07167433,0.1255663,0.0799348,0.06469873,0.05666283,0.0476957,0.07108616,0.05547267,0.1710193,0.07438447,0.06959118,0.05678686,0.06476559,0.06537878,0.09700494,0.06304124,0.06605471,0.1127975,0.1710192,0.06344318,0.03826261,0.05016345,0.07050867,0.0839877,0.05490897,0.05599192,0.03256832,0.102937,0.1710192,0.07541075,0.05727804,0.04618806,0.05640478,0.0637574,0.08861204,0.05237379,0.05338124,0.1095364,0.1710192,0.06100401,0.1115411,0.06613011,0.08061936,0.08106225,0.06582408,0.04960203,0.0580452,0.08936405,0.1710193,0.04718422,0.06153133,0.05467251,0.06256739,0.06292784,0.04459662,0.03361077,0.06302969,0.1053251,0.1710192,0.03041077,0.06708667,0.1046802,0.04041736,0.078803,posteriorHippocampus,sub-S08,p,randomWalker2,freq34
0.04971956,0.04121888,0.07326154,0.06120208,0.08187793,0.03928513,0.04197154,0.06595973,0.05509001,0.05713261,0.04422564,0.03086827,0.05544313,0.03946261,0.05808324,0.0537175,0.06131599,0.04971689,0.05544542,0.04364298,0.05713848,0.04896741,0.0549838,0.06128797,0.05466656,0.05373834,0.05942901,0.05568688,0.05620941,0.05234905,0.01885416,0.05501955,0.04871881,0.07518447,0.04832641,0.05308572,0.04279703,0.0233714,0.02333267,0.06540438,0.1377087,0.1164371,0.1721149,0.1015238,0.1015871,0.1139895,0.1650285,0.1150324,0.1456477,0.1073657,0.07130162,0.0504263,0.04078395,0.07908894,0.06360874,0.05859583,0.02027962,0.08387784,0.08195665,0.07757505,0.05153892,0.05352643,0.07084574,0.03267421,0.04971209,0.05796606,0.05116454,0.04541117,0.0533442,0.115529,0.03984904,0.09117204,0.09607565,0.03267417,0.05398871,0.08858658,0.04309144,0.08310723,0.05428651,0.08842745,0.03792002,0.03425365,0.08291881,0.03267426,0.06811061,0.03153041,0.04493641,0.03563895,0.03703108,0.08640211,0.08506477,0.08229226,0.1163415,0.03267419,0.05075976,0.07253801,0.06649711,0.08308665,0.08661453,0.08849256,0.0493988,0.0651421,0.05401564,0.03267416,0.05436164,0.05565754,0.05604238,0.05005279,0.04752196,0.1131372,0.04430035,0.0496763,0.1024709,0.0326742,0.05526496,0.005016201,0.03855173,0.06244814,0.05755001,0.04862967,anteriorHippocampus,sub-S08,p,randomWalker3,freq34
0.05780115,0.06006835,0.07865047,0.06613449,0.1047689,0.05957783,0.04879133,0.09022151,0.06569213,0.07492013,0.06622478,0.04505218,0.07368113,0.03436794,0.0743544,0.07413358,0.07721516,0.0690342,0.07310148,0.0749141,0.06385612,0.05986227,0.05718649,0.08421169,0.05480499,0.0559752,0.06838607,0.06010458,0.06405815,0.05518316,0.05324433,0.09247123,0.05267944,0.1008426,0.05015003,0.08546919,0.0492079,0.08232695,0.07444846,0.09373169,0.1417429,0.1298824,0.1633931,0.122037,0.1196458,0.1284751,0.1600922,0.1305435,0.1494877,0.1235748,0.07074561,0.05797339,0.03887725,0.06995466,0.03949461,0.0651014,0.01977733,0.08688594,0.07753269,0.08130507,0.07313228,0.05969786,0.08420084,0.03168798,0.06182493,0.05995533,0.05585885,0.05556434,0.06811534,0.1075575,0.07980175,0.08744142,0.08756024,0.03168757,0.05717993,0.08540094,0.063182,0.08527381,0.0850836,0.08326518,0.06063604,0.05052644,0.06899076,0.03168764,0.04870129,0.04887291,0.05491306,0.04442517,0.05452992,0.09153788,0.08450904,0.08192039,0.121291,0.03168765,0.05276786,0.07709604,0.06571249,0.08476083,0.08521777,0.07965706,0.05724326,0.1012069,0.05550713,0.03168768,0.05592557,0.06327777,0.06798609,0.05833584,0.05997443,0.1172973,0.05883319,0.05572862,0.08870851,0.03168776,0.05828097,0.01555129,0.06901439,0.07579809,0.06944191,0.04701528,posteriorHippocampus,sub-S08,p,randomWalker3,freq34
0.06127112,0.03771815,0.02730135,0.04574099,0.07568752,0.03764495,0.08547641,0.073349,0.06301138,0.06275476,0.04216939,0.03325952,0.05292064,0.03931668,0.05340922,0.05571597,0.05578984,0.04747823,0.05147773,0.03467419,0.05916738,0.06046033,0.05540691,0.05515701,0.05434723,0.05629788,0.06074536,0.05668259,0.05950871,0.05897021,0.06290869,0.02899017,-0.01224346,0.02365439,-0.005354183,0.02858399,0.038181,0.0550124,0.04112198,0.04028054,0.1369332,0.1235378,0.1014501,0.05526188,0.1187687,0.103259,0.1209293,0.1055196,0.1192041,0.1022767,0.07253192,0.05617893,0.05119634,0.05481238,0.0541418,0.03644165,0.04332232,0.0810172,0.07553663,0.06823044,0.04695813,0.04180389,0.04581274,0.03573865,0.04829872,0.05432982,0.04776935,0.04427192,0.04823145,0.04085639,0.08750016,0.1067514,0.03824442,0.03935692,0.04829863,0.052358,0.01939181,0.06972763,0.05968149,0.0665511,0.03895938,0.03849759,0.03699514,0.03200722,0.04829857,0.04523322,0.0380628,0.0389615,0.04026862,0.04351332,0.07913294,0.06329527,0.10577,0.06871503,0.04829852,0.08653773,0.08056257,0.09586474,0.08649535,0.06532346,0.05220544,0.03588611,0.05375396,0.04924645,0.04829838,0.05428591,0.0569371,0.05569583,0.05346499,0.07567805,0.09011776,0.1483202,0.04757942,0.045633,0.04829831,0.06490843,0.06745265,0.04942579,0.07528597,0.05793172,anteriorHippocampus,sub-S08,p,randomWalker4,freq34
0.06757431,0.05437583,0.04160644,0.05074355,0.1004337,0.05612779,0.08155943,0.09248232,0.07147055,0.07752854,0.06095256,0.0278075,0.07072702,0.05147749,0.07075154,0.0715438,0.07334314,0.0616533,0.07100376,0.05494535,0.06736978,0.07181721,0.05522259,0.05322187,0.05178232,0.05760374,0.06631637,0.05775208,0.06536708,0.07055397,0.08279523,0.04663206,0.05377547,0.05539119,0.05909197,0.04855662,0.04351212,0.08300285,0.07493285,0.05932398,0.1424803,0.1339363,0.11154,0.07619577,0.1287845,0.1208465,0.1312917,0.1232191,0.1312893,0.1216962,0.06821887,0.05975806,0.05568071,0.04525277,0.05462418,0.04897389,0.06471041,0.09237403,0.07416742,0.06605045,0.0591338,0.04762036,0.06327584,0.04761792,0.08221151,0.06990145,0.06608885,0.06295202,0.06596483,0.04689328,0.08372037,0.09379695,0.03704657,0.04046031,0.08221153,0.06601474,0.054309,0.06391328,0.07866965,0.06267165,0.05351523,0.04490481,0.05185058,0.04141107,0.08221146,0.06519133,0.05624327,0.05404826,0.05748339,0.05713839,0.07605573,0.06125092,0.1063064,0.06866508,0.08221151,0.08433642,0.08417913,0.09499158,0.08228272,0.06347297,0.0610087,0.07953084,0.05405604,0.0519615,0.08221156,0.06076371,0.05934531,0.05826386,0.05937746,0.07711267,0.122814,0.1662018,0.0489922,0.04879904,0.08221139,0.1050024,0.1018775,0.06207374,0.1163381,0.09826799,posteriorHippocampus,sub-S08,p,randomWalker4,freq34
0.06547969,0.03535891,0.05018574,0.06212,0.1086023,0.0356901,0.09829044,0.08211767,0.06100407,0.05881691,0.04450563,-0.007311295,0.04825882,0.0417853,0.04641583,0.05454716,0.05824533,0.04567963,0.055895,0.04612126,0.05965663,0.06038762,0.05769237,0.03935503,0.05679733,0.04346152,0.06289176,0.04983396,0.05557632,0.04878175,0.0229202,0.06392945,0.05115492,0.07890161,0.0518917,0.02338123,0.05050216,0.05753466,0.04384467,0.07604671,0.1210347,0.09520339,0.1110591,0.1471717,0.1159499,0.1043678,0.1486882,0.1145741,0.1224527,0.09037258,0.05182399,0.05505133,0.04742865,0.08186829,0.08482211,0.03313487,0.05767937,0.0190852,0.07014991,0.07845978,0.05350694,0.03470931,0.05391232,0.04570881,NaN,0.06559201,0.04718468,0.05156034,0.05580274,0.04654459,0.03200019,0.09531037,0.04105855,0.0496363,NaN,0.1125645,0.0193445,0.1570558,0.05762777,0.08712005,0.043083,0.03641946,0.04168439,0.04805861,NaN,0.04408849,0.03969419,0.04528121,0.042239,0.04634587,0.07846979,0.05977733,0.0676875,0.0534578,NaN,0.09389093,0.06884576,0.1348073,0.08645403,0.1182868,0.04879067,0.1560011,0.05722154,0.05598518,NaN,0.0132697,0.05948948,0.08112456,0.04887999,0.05175016,0.02434952,0.02963503,0.04222011,0.02775952,NaN,0.1048171,0.0242535,0.07040782,0.02095628,0.06093381,anteriorHippocampus,sub-S08,p,randomWalker5,freq34
0.07768989,0.0545713,0.06394543,0.06307276,0.1136498,0.05420135,0.08868831,0.09508876,0.07035755,0.07818728,0.06430944,0.03082938,0.06186516,0.04914351,0.05607772,0.05419679,0.07760052,0.03923785,0.07374912,0.08109226,0.06718496,0.1305605,0.05668407,0.05450591,0.05487647,0.05194148,0.07205682,0.04812829,0.06121952,0.06975564,0.06022868,0.08782835,0.0519931,0.1022858,0.05000114,0.04278984,0.04931001,0.08445539,0.07882936,0.09992468,0.1304484,0.1107085,0.1224009,0.1381632,0.1295602,0.1181055,0.1352313,0.1295953,0.1287412,0.1119044,0.05773311,0.05949945,0.05423874,0.08379781,0.1058766,0.04315523,0.09068788,0.07881575,0.07288321,0.07753488,0.06246993,0.03592747,0.06591153,0.03796631,NaN,0.06432964,0.06073659,0.05775731,0.06226473,0.04221938,0.0835541,0.09441153,0.04923897,0.08289349,NaN,0.1105255,0.07461095,0.1444108,0.0826513,0.09920211,0.05545264,0.04047939,0.05013108,0.03663019,NaN,0.06418172,0.05180269,0.05804074,0.05652424,0.05528196,0.07670735,0.06585958,0.06780611,0.04990122,NaN,0.09851247,0.06618913,0.1268773,0.08328419,0.1083388,0.05441827,0.1462329,0.05783441,0.05289343,NaN,0.04867943,0.06440401,0.08471487,0.05385151,0.05386087,0.07129002,0.1088798,0.05882012,0.1067814,NaN,0.1027757,0.09552912,0.1376109,0.06992489,0.07731909,posteriorHippocampus,sub-S08,p,randomWalker5,freq34
0.07331777,0.03445658,0.04010173,0.06636541,0.07399131,0.04389889,0.08815619,0.06972468,0.06003822,0.05974548,0.05124135,0.05797115,0.04921692,0.04528234,0.05855894,0.06380928,0.06182441,0.05291223,0.05349839,0.039438,0.05923541,0.04509454,0.05704257,0.06026164,0.05557137,0.05386593,0.05891773,0.05556303,0.05820368,0.05358564,0.1216761,0.06247631,0.04849852,0.05270695,0.03285157,0.06778522,0.04657443,0.0630792,0.06850345,0.09790339,0.1736289,0.1026047,0.107442,0.1000338,0.0890935,0.1120853,0.1495132,0.1040517,0.126604,0.09877292,0.0397877,0.04525847,0.06135672,0.01527693,0.03906023,0.03906443,0.05344892,0.04788624,0.05292451,0.04586615,0.05524374,0.05695219,0.05210318,0.05909083,NaN,0.05582486,0.05971545,0.04947001,0.0551107,0.07292447,0.01800585,0.03986287,0.04536249,0.03322554,NaN,0.04161113,0.04901759,0.132413,0.038403,0.0666716,0.04244136,0.06087812,0.04348182,0.0394809,NaN,0.07218282,0.04164674,0.06069369,0.04653684,0.08397827,0.08453788,0.060016,0.04466225,0.05402619,NaN,0.08418218,0.08724075,0.09090275,0.0846418,0.06782631,0.05583736,0.05127518,0.0628611,0.04760841,NaN,0.0530698,0.05675558,0.05045656,0.05389398,0.07103325,0.03083627,0.0216521,0.04626681,0.03663441,NaN,0.04035368,0.0663783,0.08455624,0.02768435,0.0348042,anteriorHippocampus,sub-S08,p,randomWalker6,freq34
0.07515601,0.05252953,0.05636353,0.06526368,0.08773483,0.06127006,0.08471616,0.08777893,0.06966676,0.07497846,0.06772618,0.06151945,0.06577706,0.05810884,0.0701088,0.0818999,0.08204433,0.05593377,0.07427172,0.06398346,0.06856021,0.06202042,0.06112366,0.0876547,0.0569895,0.05887967,0.06259483,0.05704642,0.06433802,0.06541199,0.1231095,0.0843827,0.05371876,0.08373934,0.06364671,0.09003101,0.05477313,0.0980166,0.09089834,0.1138733,0.1638482,0.1175004,0.1203244,0.1182684,0.1114101,0.1274268,0.141782,0.1220917,0.1355058,0.1187616,0.09353916,0.05159444,0.07238635,0.0876773,0.05745525,0.05169858,0.07144816,0.04718664,0.0636719,0.04745705,0.06821401,0.07099903,0.06547108,0.05674884,NaN,0.07271625,0.07440807,0.07141448,0.07281842,0.07759704,0.07193366,0.06155345,0.06960406,0.06754256,NaN,0.05707267,0.07621173,0.1182468,0.07929174,0.07402485,0.06052006,0.06455555,0.04203469,0.05353428,NaN,0.06896446,0.04135257,0.0693731,0.06437598,0.0730592,0.08116703,0.06169887,0.05901992,0.06403103,NaN,0.08457418,0.08337595,0.09054792,0.08181832,0.06844514,0.06622864,0.05728789,0.07067987,0.1108833,NaN,0.05569297,0.06589799,0.0521995,0.06189642,0.1117613,0.09113713,0.07185726,0.08063311,0.06404712,NaN,0.05945241,0.07625835,0.09140667,0.08706176,0.116779,posteriorHippocampus,sub-S08,p,randomWalker6,freq34
0.05990186,0.03729174,0.04242722,0.05301368,0.07308095,0.04910998,0.06027231,0.07685534,0.06051972,0.05464148,0.05258205,0.06039459,0.05519032,0.04355437,0.03838983,0.05751113,0.05935751,0.05379806,0.05572423,0.03834753,0.061759,0.0009109466,0.05727155,0.02365471,0.05383789,0.05656483,0.05945253,0.05080105,0.05857971,0.04958798,0.03506245,0.03222603,0.04113378,0.0312795,0.01758615,0.02256319,0.02559359,0.04059258,0.03258279,0.0278477,0.1302287,0.1349489,0.1626575,0.1332692,0.1154723,0.1127978,0.1337075,0.114407,0.1333359,0.1032494,0.05934302,0.05277002,0.05600021,0.05500776,0.0603803,0.03770566,0.05476892,0.07950882,0.06462134,0.06191608,0.05294576,0.04988516,0.05991187,NaN,0.03799672,0.07435508,0.06123031,0.06716358,0.05542596,0.03690226,0.02969501,0.06142735,0.05556621,NaN,0.1739689,0.04947382,0.04968901,0.1046791,0.03507935,0.03764254,0.05030762,0.03954927,0.04891531,NaN,0.04483435,0.04688084,0.04437351,0.06833637,0.04979015,0.03644115,0.08550543,0.08777169,0.1018709,NaN,0.1673247,0.07430339,0.08728206,0.1014223,0.09058108,0.08852172,0.05380028,0.02238778,0.05641568,NaN,0.08605182,0.05509897,0.05354258,0.05121912,0.05167567,0.05559295,0.0231915,0.02010377,0.05603159,NaN,0.1574756,0.0325826,0.0436785,0.09261074,0.02387195,0.01532741,anteriorHippocampus,sub-S08,p,randomWalker7,freq34
0.06893251,0.05048259,0.05943947,0.05835363,0.09294159,0.06593076,0.07284898,0.09727907,0.07137321,0.07253271,0.06896625,0.05670663,0.07267915,0.05500857,0.04813109,0.09513707,0.08062937,0.06775822,0.0741436,0.05930356,0.06896041,0.08218598,0.05838845,0.04017883,0.05341088,0.06627297,0.06503315,0.05353916,0.06764524,0.06506895,0.0544396,0.04461818,0.04974415,0.05045323,0.06771047,0.06794502,0.03824831,0.07943322,0.0601569,0.05222901,0.1398154,0.1396144,0.161516,0.1417529,0.1306756,0.1278424,0.1451081,0.1302264,0.1425247,0.1214607,0.06213222,0.05460889,0.0637299,0.0576753,0.07342587,0.05338434,0.07099921,0.08958735,0.07330455,0.06538729,0.06501413,0.05751975,0.07640549,NaN,0.03787588,0.09358964,0.07770845,0.07897566,0.0700465,0.05071609,0.07704975,0.07652287,0.06133669,NaN,0.164193,0.07502482,0.04028537,0.1095318,0.07364702,0.05203953,0.06450901,0.05916544,0.0693447,NaN,0.03982739,0.05141463,0.06327585,0.07464234,0.06546044,0.04637196,0.08309723,0.08645624,0.09876158,NaN,0.1644926,0.07812671,0.0953091,0.09998446,0.08825956,0.08884722,0.06432962,0.06888207,0.05732069,NaN,0.1075201,0.06066361,0.04818942,0.05394806,0.05874535,0.06148953,0.05089219,0.05365185,0.06446053,NaN,0.1557992,0.06932379,0.04097532,0.1011484,0.056217,0.03800283,posteriorHippocampus,sub-S08,p,randomWalker7,freq34
0.06723872,0.04773841,0.03931353,0.07267028,0.07754857,0.04886145,0.06727093,0.07088908,0.07665557,0.07693385,0.04852104,0.04145165,0.04933275,0.04615916,0.0595828,0.05366697,0.0598915,0.04876987,0.05098456,0.04272821,0.05595025,0.05888944,0.05983267,0.05884745,0.05838146,0.0596265,0.06327011,0.05816317,0.06085589,0.05823361,0.04933281,0.05887758,0.05048032,0.04659903,0.03563782,0.01972462,0.04644312,0.05238218,0.0360579,0.05602947,0.1656272,0.1206236,0.1694059,0.1078277,0.114564,0.1236084,0.1693704,0.1123765,0.133122,0.1076097,0.07150929,0.05641711,0.03703843,0.07979947,0.0408397,0.04234617,0.04996755,0.06997482,0.0833592,0.08384939,0.052249,0.06085063,0.06579029,0.06536628,0.05172107,0.06652879,0.05108744,0.05361875,0.0520356,0.058887,0.04478845,0.07026694,0.06310387,0.03993418,0.05172099,0.08569533,0.04041052,0.07113635,0.04659062,0.04427029,0.04231029,0.05106669,0.03918717,0.07977939,0.05172103,0.060235,0.04381459,0.0524867,0.04285035,0.04300174,0.09193468,0.07947045,0.1027546,0.06003847,0.05172123,0.09066559,0.1007746,0.08477127,0.09227025,0.1072301,0.05232422,0.08864208,0.05203703,0.04622498,0.05172114,0.04263395,0.06037615,0.04187223,0.05319415,0.05606702,0.02046583,0.03715564,0.08973645,0.0417613,0.05172115,0.09328419,0.05746444,0.05770889,0.03828993,0.03900782,anteriorHippocampus,sub-S08,p,randomWalker8,freq34
0.06617367,0.06308969,0.0432344,0.06829399,0.09432895,0.06427754,0.08982655,0.08974393,0.08125918,0.08048187,0.06662996,0.05503466,0.06305905,0.06094654,0.06825364,0.06667268,0.07548479,0.05947702,0.06675272,0.06060616,0.063715,0.08146716,0.05905401,0.06068942,0.05459218,0.06492741,0.0651559,0.05584919,0.06291777,0.06459334,0.07222175,0.08433499,0.04910003,0.08457533,0.07472069,0.07012489,0.04652647,0.08384561,0.0828222,0.08875965,0.1638545,0.1342578,0.1593047,0.1201465,0.1286786,0.1358096,0.166989,0.1277565,0.1418174,0.1224572,0.07256589,0.06067717,0.05771282,0.07723454,0.05392056,0.05111868,0.05453182,0.08181011,0.08956324,0.0774468,0.06374829,0.052938,0.05364413,0.07461279,0.08200199,0.05699029,0.06521019,0.05969283,0.06454159,0.06086119,0.08093684,0.06581124,0.09402449,0.05084378,0.0820018,0.08171342,0.0480111,0.07726371,0.06988864,0.08142419,0.06045062,0.06868415,0.04795365,0.09123397,0.08200198,0.06526589,0.06316771,0.0646909,0.06059399,0.06472675,0.08738164,0.0750966,0.09520244,0.07142957,0.08200206,0.08424351,0.09963313,0.08203427,0.08817617,0.097587,0.05475263,0.08755021,0.05357538,0.04719101,0.08200171,0.06051328,0.05979668,0.04995991,0.05449416,0.05819728,0.09967763,0.09653591,0.1116327,0.05063418,0.08200196,0.1223058,0.06387397,0.1166493,0.1015647,0.06820287,posteriorHippocampus,sub-S08,p,randomWalker8,freq34
0.06753896,0.0486815,0.03851664,0.06764939,0.103909,0.03736652,0.04836773,0.07817806,0.06742128,0.05752762,0.04359571,0.03512977,0.0508768,0.04568925,0.04618737,0.05639195,0.05951711,0.05064923,0.05140863,0.03808909,0.05884248,0.04411513,0.06144242,0.05281867,0.05472451,0.05442649,0.06069512,0.05390453,0.06028327,0.05141165,0.02888189,0.04314121,0.02240967,0.0155834,0.05458573,0.01082324,0.03627247,0.07192862,0.03690844,0.05508819,0.140181,0.1119742,0.1116725,0.1034449,0.1240093,0.1290348,0.0993664,0.1046273,0.1467558,0.1016102,0.08429598,0.05091406,0.04429653,0.06614971,0.04000201,0.04699596,0.05383314,0.07990824,0.08108782,0.05979783,0.04866495,0.04474059,0.05557201,0.04448991,NaN,0.04449845,0.05185508,0.045594,0.04902976,0.04711542,0.0636897,0.1102578,0.05536946,0.04613635,NaN,0.05712319,0.04721678,0.07357295,0.03981454,0.09126985,0.04089349,0.04865206,0.03565764,0.03632885,NaN,0.03527986,0.03871117,0.04372757,0.0425893,0.04696812,0.08164429,0.08682698,0.08812404,0.06828585,NaN,0.07200453,0.08083457,0.09975199,0.08735924,0.07231194,0.05641494,0.02872666,0.05791152,0.09343933,NaN,0.05141143,0.05780152,0.05379725,0.05537108,0.03216892,0.04340461,0.07809943,0.05684855,0.06137284,NaN,0.02401577,0.1635883,0.0877076,0.1376446,0.06481002,anteriorHippocampus,sub-S08,p,randomWalker9,freq34
0.07791506,0.06459243,0.0548535,0.0636885,0.1080952,0.04923895,0.05252811,0.09542291,0.07275855,0.07443601,0.06175488,0.04600856,0.06950419,0.06211683,0.0654537,0.07228362,0.07809947,0.06647238,0.07039898,0.06330665,0.06125947,0.09077545,0.0672486,0.05956429,0.05008394,0.05107316,0.06465055,0.04974934,0.06524287,0.06114579,0.06819519,0.06486201,0.04939917,0.06156721,0.05490978,0.04898321,0.04455978,0.1033346,0.0767914,0.07782055,0.1453212,0.1271004,0.1175785,0.1103018,0.1361622,0.1332517,0.1181963,0.1218144,0.1487439,0.1197365,0.07596692,0.05517885,0.05841003,0.06742973,0.0373647,0.05767387,0.07694072,0.08286245,0.08718718,0.06056068,0.06593303,0.05186301,0.07664261,0.07344899,NaN,0.05444538,0.07311881,0.05548624,0.0661519,0.06657748,0.08396076,0.1015401,0.06178339,0.09741606,NaN,0.085962,0.06091435,0.06994735,0.06855159,0.08127847,0.05656609,0.05583778,0.0551217,0.05829378,NaN,0.04571436,0.06044236,0.05231858,0.05757925,0.0624246,0.07802757,0.08617584,0.09290321,0.08368441,NaN,0.06813895,0.08201375,0.09405994,0.08271559,0.0719802,0.06192943,0.05407784,0.05875519,0.09601717,NaN,0.04998577,0.05929829,0.05530942,0.05923273,0.05940574,0.09640946,0.07832323,0.06191169,0.08670862,NaN,0.08602465,0.1614044,0.1048797,0.1537265,0.06557256,posteriorHippocampus,sub-S08,p,randomWalker9,freq34
0.03055391,0.04122319,0.02113729,0.01819202,0.02440251,0.03676645,0.01361923,0.03421561,0.03327227,0.03324172,0.0629828,0.08146171,0.05135518,0.0502244,0.06186199,0.0719092,0.05622166,0.08488498,0.05742476,0.06546565,0.07916213,0.08773194,0.07350296,0.07728608,0.07105865,0.0746538,0.08064576,0.07427792,0.07827369,0.07440172,0.0422561,0.04228981,0.07132073,0.0371504,0.07176032,0.04082358,0.06982954,0.03727987,0.05770385,0.04250617,0.05497576,0.06070145,0.0528727,0.03556009,0.02931639,0.04015908,0.03835082,0.03906408,0.04688602,0.0328708,0.00942122,0.03250954,0.1031032,0.01970185,0.08381683,0.02206411,0.08391508,0.04934635,0.02198648,0.0146734,0.05117343,0.06620796,0.04872521,0.04177409,0.0455744,0.05714026,0.04735842,0.03982314,0.05472358,0.06290346,0.1032412,0.0113057,0.08165864,0.07049809,0.06724913,0.01112868,0.0855053,0.05057274,0.1065554,0.004529378,0.04149861,0.04032692,0.04062046,0.04015552,0.03287684,0.04166042,0.03919203,0.04455459,0.04271341,0.04441284,0.01570327,0.02123538,0.01350758,0.004396363,0.07059805,0.02118953,0.01277518,0.02302073,0.02064118,0.008470566,0.08257426,0.07713027,0.08084419,0.07557387,0.06564575,0.08288105,0.07563006,0.07731949,0.08371248,0.000747167,0.058712,1.602913e-05,0.09638204,0.07596359,0.06606974,-0.004316939,0.06599846,0.04231035,0.05082762,0.007860191,anteriorHippocampus,sub-S09,p,randomWalker0,freq34
0.05735574,0.05024104,0.0426763,0.03736994,0.0635078,0.05103032,0.07257205,0.06347793,0.05894312,0.04849192,0.04242242,0.05436289,0.04324472,0.04468678,0.04927971,0.04820728,0.05012587,0.0425388,0.04462371,0.045107,0.07045761,0.07918674,0.07142712,0.06501845,0.07067766,0.07404103,0.07142369,0.07244271,0.07165449,0.06446877,0.04258654,0.05158379,0.06308709,0.03498204,0.06511949,0.05125542,0.07120949,0.05750744,0.041264,0.04342856,0.09577727,0.0912174,0.08375465,0.07261492,0.06961813,0.07608993,0.09772219,0.08259709,0.09081275,0.0690084,0.01830904,0.04305006,0.06144968,0.02358719,0.07852378,0.03863197,0.06818004,0.05713096,0.0313975,0.03857544,0.04602716,0.0479391,0.04411256,0.0462498,0.03649723,0.04487583,0.0456736,0.04738136,0.04744273,0.05406767,0.07567073,0.06110269,0.06474694,0.06033819,0.07023179,0.05174043,0.0738176,0.05840326,0.0768766,0.05573284,0.03471227,0.03266967,0.03047037,0.02955025,0.01484061,0.03422352,0.03289729,0.04098904,0.03587735,0.04175325,0.06379582,0.05753132,0.05781713,0.04975295,0.07043892,0.05409955,0.05697161,0.06430822,0.06238062,0.05800276,0.07515217,0.06183732,0.07473,0.07007482,0.06972615,0.07291687,0.07298953,0.07242364,0.07461317,0.05772616,0.07236759,0.04440694,0.07626355,0.06638353,0.0698166,0.03941756,0.05933991,0.05174433,0.06127313,0.04685279,posteriorHippocampus,sub-S09,p,randomWalker0,freq34
0.03719446,0.04017472,0.04261156,0.03072486,0.03149881,0.03704551,0.009284718,0.03465026,0.03566235,0.03099381,0.05291313,0.05566054,0.05200666,0.04469664,0.09032611,0.07031011,0.05827257,0.08025993,0.0563336,0.06067551,0.0685816,0.07312725,0.07100771,0.0517808,0.07172298,0.07649315,0.08012573,0.07795448,0.07518087,0.07790559,0.04751751,0.04230105,0.04746976,0.0444676,0.03801244,0.03728411,0.01597066,0.02798588,0.04347331,0.03671377,0.05313607,0.03013519,0.06262656,0.02737983,0.03263215,0.03846313,0.05828437,0.03476303,0.04242957,0.02585942,0.03285541,0.02351693,0.08178528,-0.008781182,0.06867512,0.01427094,0.07736485,0.02163243,0.01873759,-0.003105796,0.05438608,0.04888797,0.04540458,0.04762377,NaN,0.05094697,0.05131368,0.05307642,0.05143705,0.04452125,0.09760655,0.08454394,0.07801902,0.03967857,NaN,0.07621986,0.09695877,0.09705246,0.09612523,0.02580111,0.0453031,0.01606217,0.03765301,0.03794764,NaN,0.03857831,0.04555697,0.03036404,0.04302667,0.04542298,0.01958051,0.023872,0.05918945,-0.0004083693,NaN,0.01322779,0.02700646,0.02497786,0.01790949,0.02046601,0.08408237,0.07506643,0.06798879,0.07196786,NaN,0.07986497,0.07338113,0.07632785,0.07836746,0.08152235,0.05123811,0.0828224,0.07765074,0.04416128,NaN,0.089228,0.07807834,0.06882243,0.08065992,0.004555942,anteriorHippocampus,sub-S09,p,randomWalker1,freq34
0.05507401,0.04602522,0.0524765,0.04999366,0.05430134,0.04742072,0.05685979,0.05610077,0.05248026,0.05728422,0.04558444,0.05195295,0.04176743,0.04387027,0.05203017,0.05850912,0.05095619,0.05041286,0.04815302,0.05246926,0.06546848,0.07216476,0.07189668,0.04844847,0.07279922,0.07370843,0.07092103,0.07338616,0.06839625,0.07221023,0.05165816,0.0559385,0.05732862,0.05092527,0.04898523,0.04972082,0.02454984,0.05473003,0.05238069,0.05980772,0.08824271,0.0755377,0.1078479,0.07108404,0.07782525,0.0776509,0.1068545,0.0813988,0.08696158,0.07093744,0.01715873,0.03172439,0.06620654,0.0396743,0.04199873,0.01386383,0.06249574,0.01498692,0.02565159,0.04825078,0.045526,0.04760933,0.03874526,0.04846625,NaN,0.04580715,0.04857088,0.04281665,0.0449171,0.03963741,0.06001275,0.05376818,0.06877521,0.02424124,NaN,0.05366605,0.07012217,0.07386745,0.06891267,0.0751567,0.03652254,0.004591758,0.02553705,0.02603113,NaN,0.0245384,0.03704186,0.01991817,0.03440192,0.02760316,0.06105793,0.04723061,0.1044913,0.05592121,NaN,0.04367306,0.05182974,0.06179912,0.05612976,0.06533816,0.07593111,0.07236551,0.07146305,0.03859897,NaN,0.07409479,0.07210719,0.07296526,0.07376149,0.0753183,0.05456498,0.05142878,0.07001367,0.0632113,NaN,0.06309933,0.06965695,0.07314765,0.08108349,0.04976545,posteriorHippocampus,sub-S09,p,randomWalker1,freq34
0.02660542,0.03726546,0.04234443,0.02019638,0.02445484,0.03558702,0.02848768,0.02817348,0.02605847,0.03468629,0.04965142,0.0702103,0.04723918,0.04484461,0.04411135,0.05736799,0.05379489,0.05075424,0.05599403,0.05504458,0.0758312,0.09134853,0.07919352,0.04213789,0.07486244,0.07889994,0.08193386,0.06833033,0.08302888,0.0845146,0.09156705,0.04276003,0.06520116,0.03576763,0.06478759,0.04135725,0.06868901,0.02878332,0.08768994,0.0856718,0.05436713,0.03477177,0.07519055,0.03124429,0.06789865,0.03051687,0.07607099,0.03387896,0.04497141,0.02948661,-0.001426026,0.02495357,0.04933184,0.001156692,0.05330218,0.02462132,0.084831,0.03618872,-0.001440902,0.02313326,0.06085685,0.05783384,0.04528443,0.07885523,0.08850733,0.04953672,0.05311894,0.04555875,0.05443623,0.06685261,0.08532793,0.004401674,0.06309895,0.01237305,0.08850726,0.008898214,0.09415638,0.07838374,0.1014525,0.002129154,0.02508999,0.02574201,0.01884532,0.03518162,0.08850729,0.03027631,0.04236523,0.04059292,0.03783278,0.02608494,0.0146282,0.01756782,0.000416691,0.01526342,0.08850725,0.02471849,0.02241251,0.01518682,0.01263644,0.01388268,0.09246857,0.0379475,0.07042088,0.004381447,0.08850738,0.05541971,0.08275466,0.07105885,0.08692496,0.06240841,0.06093041,0.001302864,0.06991588,0.005067176,0.08850736,0.002072195,0.05934584,0.06690689,0.05393729,-0.005840365,anteriorHippocampus,sub-S09,p,randomWalker2,freq34
0.05581505,0.04190595,0.05976893,0.04621283,0.06175533,0.04283768,0.06090098,0.06754404,0.05499985,0.05095116,0.03189358,0.05219929,0.03633199,0.02913553,0.02289227,0.04952534,0.04767214,0.04257957,0.04392602,0.04083256,0.0566747,0.07108895,0.07259172,0.02622167,0.0490477,0.07345318,0.07107722,0.06721721,0.06953897,0.07558411,0.0602972,0.04565897,0.07023856,0.05703911,0.0698975,0.0425968,0.07070839,0.064983,0.06331081,0.04619875,0.09494919,0.05937147,0.1078353,0.06792285,0.09577269,0.0585757,0.1140667,0.08039539,0.08452522,0.07059484,0.03207023,0.03685322,0.05658683,0.04562428,0.06687353,0.03457496,0.06644454,0.08291508,0.03901921,0.05099681,0.04670411,0.0461702,0.04332415,0.06650569,0.118001,0.04471046,0.04654722,0.03979233,0.04622494,0.05622569,0.0734365,0.03888657,0.05670937,0.07109581,0.118001,0.04209756,0.06237235,0.05950761,0.07151701,0.04754665,0.02193065,0.01860555,0.01628479,0.0577521,0.1180011,0.02191039,0.03238449,0.02925703,0.02882001,0.03212122,0.05954111,0.03940171,0.02878618,0.06987461,0.1180011,0.04462765,0.07078182,0.04187744,0.05379817,0.05360748,0.07881758,0.01470235,0.06989031,0.0525663,0.1180011,0.02558044,0.07481097,0.07134292,0.07726575,0.05057649,0.04920333,0.01963053,0.06538105,0.06498282,0.1180011,0.01923014,0.02985779,0.08423753,0.04722047,0.04606722,posteriorHippocampus,sub-S09,p,randomWalker2,freq34
0.02604997,0.03394027,0.02698758,0.02254573,0.0245766,0.03408648,0.01797245,0.03254956,0.02879195,0.0333623,0.05067758,0.05855845,0.06754964,0.03722057,0.0771303,0.05283803,0.05915288,0.05597879,0.05709934,0.07438801,0.07777383,0.08339536,0.07429546,0.02669986,0.0735148,0.07524432,0.08093338,0.08011589,0.08006538,0.0785178,0.0680358,0.03789512,0.06224425,0.03057025,0.06740091,0.03269557,0.06026536,0.03764567,0.05815552,0.03362452,0.04868502,0.04536695,0.05407998,0.03205612,0.02700012,0.04383191,0.06282549,0.0364689,0.05032072,0.03136555,0.0007493532,0.02468324,0.08930229,0.002294106,0.09414297,0.03539268,0.08693147,0.03396418,0.02298601,0.02934247,0.04559537,0.04548723,0.04462656,0.03320898,0.05270045,0.04719108,0.03863374,0.04298178,0.0468357,0.03388952,0.1038497,0.009509092,0.1064234,0.03320891,0.07636561,0.02947578,0.0808581,0.06157,0.09466409,0.00580775,0.03548258,0.03480974,0.04161033,0.03320901,0.03427937,0.03420442,0.03788595,0.0327761,0.03563779,0.03629455,0.008830865,0.01708047,0.03890433,0.03320903,0.08680747,0.02600054,0.00698301,0.009752627,0.01225062,0.01127288,0.07916015,0.07620813,0.07190605,0.03320894,0.07233601,0.08138771,0.08155144,0.08065206,0.08340514,-0.0002222061,0.001052866,-0.01994221,0.08882219,0.03320899,0.07587873,0.002327739,0.09135163,0.001658393,-0.002681344,0.01582417,anteriorHippocampus,sub-S09,p,randomWalker3,freq34
0.0409411,0.0443636,0.053041,0.0440224,0.06427898,0.04462534,0.03735126,0.05707586,0.04546272,0.04988752,0.04381891,0.03035518,0.05822902,0.02896702,0.06819783,0.04987527,0.0550105,0.04926668,0.05197366,0.05135089,0.07111444,0.08050432,0.07350937,0.05615119,0.0732212,0.06865107,0.07315327,0.0717536,0.07385232,0.07835349,0.0415637,0.05019983,0.06890193,0.0603076,0.06999212,0.05015476,0.0626478,0.03642823,0.03181595,0.05657421,0.08659621,0.07750633,0.1072046,0.07227027,0.07267936,0.0766113,0.1014717,0.07837552,0.0926337,0.07460637,0.03844995,0.03640608,0.07073352,0.0418477,0.07329632,0.0426067,0.05130102,0.05390926,0.04345204,0.04873344,0.04503163,0.04445368,0.05687869,0.02411132,0.04786126,0.04980253,0.04713152,0.04064645,0.04783912,0.04447004,0.07659681,0.04762522,0.08301731,0.02411132,0.07363881,0.04965601,0.06473131,0.05475942,0.07056379,0.05045613,0.03196064,0.03180056,0.04891076,0.02411144,0.0565809,0.03086022,0.04043711,0.02893331,0.03305851,0.05061129,0.05489169,0.05332834,0.07459902,0.02411112,0.07439228,0.05013138,0.03545401,0.05814233,0.05552345,0.05018678,0.07704239,0.08365013,0.07264747,0.02411134,0.0729854,0.0717096,0.07404054,0.07685781,0.07879712,0.0715403,0.03073426,0.02250197,0.07962897,0.02411128,0.07376011,0.01409603,0.07202423,0.04400508,0.0367643,0.02530906,posteriorHippocampus,sub-S09,p,randomWalker3,freq34
0.02802082,0.03493107,0.03336268,0.0190896,0.01711295,0.03536796,0.01013338,0.03419768,0.02681681,0.02956448,0.04674307,0.05911952,0.05796257,0.0409546,0.05585578,0.05502124,0.04994243,0.05926764,0.05164764,0.05736034,0.07376127,0.08222481,0.07087485,0.05915669,0.06959432,0.07378142,0.07537898,0.07340704,0.07687986,0.07573019,0.04858545,0.03837653,0.03778144,0.02553375,0.03780372,0.03833942,0.05972216,0.03428891,0.04275544,0.04057796,0.04623234,0.04466101,0.04706904,0.0280009,0.0304959,0.03924325,0.03400854,0.03038419,0.0379513,0.03078111,0.01154211,0.02829795,0.0789782,-0.006113845,0.08593813,0.02898825,0.08528103,0.04811973,0.01095388,0.01019152,0.04365382,0.04038206,0.04031455,0.03809585,0.04743873,0.0477533,0.04181164,0.04607752,0.04424267,0.05003339,0.04122898,0.02485624,0.08838896,0.07438961,0.04743865,0.1012494,0.06664328,0.1090834,0.09224111,0.007973623,0.03466528,0.03199641,0.03150738,0.03584439,0.0474388,0.03866926,0.03864262,0.03530722,0.03680296,0.03082873,0.01138777,0.01282229,0.04131322,0.02157291,0.04743896,0.01874036,9.325205e-05,0.02473812,0.008812719,0.008937518,0.08034275,0.08682312,0.06959645,0.06208861,0.04743877,0.08039109,0.07132941,0.07432228,0.07729506,-0.001713629,0.05640935,0.07451073,0.07956754,0.07125293,0.04743865,0.07061847,0.0844849,0.09444647,0.07052134,0.03369286,anteriorHippocampus,sub-S09,p,randomWalker4,freq34
0.04454082,0.04072643,0.03800396,0.03911072,0.06302198,0.04271048,0.05310414,0.05703357,0.04700894,0.04972291,0.04305929,0.0399627,0.05277861,0.04124578,0.0530549,0.05213675,0.05041546,0.05011738,0.04866997,0.04229548,0.07047532,0.07749435,0.07290182,0.06624667,0.07224514,0.07394647,0.07116453,0.0728486,0.07214165,0.07152539,0.04997021,0.03622011,0.02921759,0.04310446,0.02723677,0.04076783,0.06343924,0.05056829,0.04132988,0.04313808,0.08597018,0.0793064,0.06895285,0.04995006,0.08115102,0.07054,0.07997791,0.07366423,0.07837881,0.0721221,0.03901289,0.03874796,0.07307965,0.02488591,0.07570767,0.03002431,0.06936456,0.05197164,0.03689087,0.04164239,0.04522337,0.03950715,0.04377437,0.03773243,0.04136217,0.05010393,0.04519266,0.04385666,0.04566687,0.03664666,0.04861257,0.0571612,0.07408848,0.06629629,0.0413623,0.0727921,0.05504685,0.08002055,0.07345331,0.03890266,0.03333005,0.02926908,0.03330651,0.03275428,0.04136226,0.04112434,0.03648138,0.03471948,0.03516058,0.03516405,0.04783341,0.03728804,0.06208751,0.04037405,0.04136232,0.0567864,0.05298819,0.05751129,0.05241134,0.04026247,0.07679261,0.08432304,0.07260243,0.06960755,0.04136239,0.07764522,0.07271651,0.07400782,0.07607846,0.03922147,0.07227375,0.09600789,0.07453225,0.07010888,0.04136219,0.07040973,0.07967856,0.07837838,0.0767896,0.05736849,posteriorHippocampus,sub-S09,p,randomWalker4,freq34
0.03373891,0.03996736,0.03187319,0.02799705,0.01738532,0.0393082,0.01636749,0.03192884,0.03399983,0.03555105,0.05787122,0.01039264,0.05581379,0.04793038,0.07897539,0.06276066,0.05643651,0.07477392,0.05960826,0.0635469,0.07495545,0.07145874,0.07677617,0.082608,0.07397787,0.08768035,0.08262224,0.08338825,0.0850907,0.0858462,0.05064182,0.03880266,0.06550602,0.0329135,0.0695788,0.03631455,0.06777917,0.07325362,0.06470751,0.03450591,0.04102015,0.03705405,0.02720279,0.02747273,0.02812424,0.03563165,0.01553158,0.02936738,0.03308881,0.02856227,0.001780747,0.02711476,0.09454517,-0.009498306,0.02851392,0.03325937,0.06852461,-0.001659045,0.01192842,0.01878813,0.05529686,0.03648032,0.05121306,0.04776022,NaN,0.05413473,0.04859501,0.05260012,0.05435738,0.06026856,0.09957282,-0.01462733,0.08590645,0.000239944,NaN,0.04270587,0.08085404,0.03758737,0.09576576,0.07786543,0.04358014,0.04024146,0.03573203,0.03339882,NaN,0.03964928,0.04513502,0.04409235,0.04344117,0.02752385,0.01070259,-0.001106901,0.01261478,0.01083833,NaN,0.0338011,0.004910015,0.02536975,0.01576752,0.01179525,0.08624083,0.02637948,0.07820626,0.07622605,NaN,0.07138089,0.08217941,0.09419814,0.08707462,0.07735658,0.06427308,0.04714617,0.08289406,0.08600717,NaN,0.02699093,0.08950219,0.05033389,0.06867989,0.08271565,anteriorHippocampus,sub-S09,p,randomWalker5,freq34
0.05394183,0.04455218,0.04870815,0.04250896,0.07657189,0.0438533,0.05611265,0.06079501,0.05001006,0.05354146,0.04224661,0.00380922,0.04576969,0.0397763,0.0530689,0.05215853,0.04997728,0.04685304,0.04965702,0.04412109,0.0691986,0.1062642,0.07286501,0.07304243,0.07231714,0.08989862,0.07131743,0.07241715,0.07287337,0.083866,0.02660555,0.05517462,0.06831814,0.06302804,0.07103106,0.03674119,0.06982446,0.04604178,0.03768685,0.06141969,0.08192035,0.06918078,0.07673515,0.09095116,0.08133187,0.07301624,0.08947624,0.07979018,0.08145931,0.06815805,0.03036711,0.04077289,0.07278384,0.04721364,0.0682281,0.03618523,0.06770025,0.03947183,0.04062617,0.04930235,0.04674479,0.02382062,0.04637712,0.03352312,NaN,0.05353851,0.0421209,0.04374797,0.0478282,0.04556548,0.07413355,0.06302686,0.06914927,0.0353582,NaN,0.07268577,0.05482934,0.1006511,0.07776009,0.09789344,0.03691164,0.02661398,0.02706539,0.02116731,NaN,0.03587876,0.03680277,0.03979036,0.0365583,0.02888475,0.05505007,0.04369409,0.04668701,0.03775181,NaN,0.0644403,0.04357219,0.08484662,0.05734366,0.07026784,0.07665055,0.09810538,0.0729671,0.0729695,NaN,0.03955219,0.07401661,0.08490232,0.07445882,0.07340127,0.0678056,0.05328891,0.07756322,0.07822388,NaN,0.067785,0.06949172,0.1083068,0.07563621,0.08865158,posteriorHippocampus,sub-S09,p,randomWalker5,freq34
0.03360987,0.0372702,0.007513122,0.007504043,0.02934672,0.03444793,0.004815933,0.03284851,0.02879965,0.03168861,0.05863015,0.06804853,0.04836854,0.04475838,0.07241864,0.07691208,0.05993519,0.05926894,0.0573708,0.06683469,0.07101806,0.07432394,0.07307522,0.06865963,0.07224088,0.07366674,0.07498499,0.06811803,0.07456524,0.07476411,0.07728008,0.03922405,0.06549952,0.06225686,0.03628162,0.04423696,0.07203324,0.03677604,0.06046382,0.03502392,0.05921595,0.03993326,0.02717394,0.02470328,0.02566519,0.03813258,0.04473624,0.029137,0.0394998,0.02911363,0.06077815,0.03048797,0.08043058,0.03098983,0.08595525,0.02638559,0.07924592,0.02572518,0.01437131,0.01292523,0.0481827,0.05341646,0.04405912,0.0498904,NaN,0.04935935,0.07481879,0.0449539,0.04873771,0.0571807,0.09280138,0.1081821,0.07512959,0.04771978,NaN,0.1062011,0.08455078,0.04984689,0.102706,-0.01071967,0.03628876,0.03073186,0.01399358,0.03658872,NaN,0.0217669,0.0211827,0.03347995,0.03670758,0.008854591,0.008542183,0.02318289,-0.00726467,0.00580496,NaN,0.02631712,0.01688588,0.02223405,0.01395818,-0.0003895246,0.08013774,0.07810234,0.07651614,0.08945208,NaN,0.07268621,0.08369788,0.07768925,0.08058424,0.03695888,0.07243574,0.0879894,0.06982849,0.04675578,NaN,0.09711198,0.07766777,0.046686,0.07952958,0.05759275,anteriorHippocampus,sub-S09,p,randomWalker6,freq34
0.05268875,0.0451397,0.04360939,0.04827213,0.05768656,0.04813331,0.05102662,0.05848456,0.04998641,0.05241026,0.05173781,0.05472554,0.04654006,0.04346472,0.06485354,0.06044873,0.05562096,0.04982341,0.0504223,0.04409813,0.06893999,0.08019497,0.07289988,0.05989548,0.07264628,0.07409034,0.0716511,0.06816948,0.07153551,0.07074802,0.07603399,0.05642068,0.06975087,0.04806364,0.05784366,0.05393681,0.0732642,0.05616558,0.0501942,0.06945939,0.1085792,0.07147364,0.07523175,0.0727561,0.06804524,0.0768467,0.09052962,0.07420818,0.08353515,0.07194532,0.04732486,0.03974469,0.06638443,0.03116043,0.06159659,0.03291785,0.06787588,0.02961301,0.02430278,0.03251008,0.04872894,0.0503675,0.04734299,0.0540289,NaN,0.04618108,0.05771747,0.04223958,0.04764136,0.06042909,0.0673636,0.06271339,0.06403968,0.03014682,NaN,0.07592214,0.07406229,0.07938626,0.07331746,0.04194212,0.03406708,0.02316445,0.02095102,0.03555005,NaN,0.01402678,0.02462127,0.02567475,0.03271665,0.005069337,0.05595216,0.04281274,0.03307319,0.0480163,NaN,0.05547046,0.05628351,0.06010744,0.05549381,0.04581647,0.07539421,0.06945408,0.07266147,0.06288818,NaN,0.07198183,0.07515451,0.07131276,0.07520656,0.0710086,0.07582222,0.0556373,0.06269266,0.04914065,NaN,0.07366564,0.08596083,0.05472869,0.08357803,0.04158201,posteriorHippocampus,sub-S09,p,randomWalker6,freq34
0.0291312,0.03882673,0.04046819,0.03090523,0.02655527,0.03890609,0.03510139,0.03284092,0.03278155,0.03863756,0.05040526,0.0553164,0.06229109,0.04228928,0.09630477,0.0879514,0.05520069,0.04982475,0.05379068,0.06423033,0.07546009,0.08726687,0.07512654,0.04250277,0.07222188,0.08235607,0.08044454,0.08770291,0.0814498,0.08607447,0.03809068,0.03970731,0.05646622,0.03809487,0.03420317,0.04605744,0.04732855,0.0377372,0.03859862,0.03986147,0.04998011,0.05357681,0.06406569,0.04812008,0.03263693,0.03739051,0.04296831,0.0321726,0.04768943,0.03072771,0.006513984,0.02598236,0.07756896,0.002704558,0.08004459,0.02193434,0.08016227,0.03528571,0.02822038,0.02369969,0.0485239,0.04740991,0.0430279,NaN,0.03257621,0.04202819,0.04145339,0.05568076,0.0489261,0.04104574,0.08773182,0.04424118,0.07678733,NaN,0.06763973,0.06803335,0.1044172,0.07623874,0.1051217,0.0946622,0.03788334,0.03761129,0.0424611,NaN,0.03152451,0.02420841,0.0425723,0.03070782,0.0393414,0.02579638,0.015476,0.02192339,0.03326279,NaN,0.04958164,0.02688439,0.05147636,0.02454709,0.01821705,0.02974344,0.08632654,0.09119201,0.07410809,NaN,0.007067367,0.07767052,0.07659304,0.07833297,0.08352727,0.08828787,0.04543461,0.04301085,0.07884089,NaN,0.03518464,0.0634601,0.09368578,0.06166033,0.05276945,0.01666913,anteriorHippocampus,sub-S09,p,randomWalker7,freq34
0.05248996,0.04588324,0.04970533,0.04532471,0.06246985,0.05268132,0.05301273,0.06415851,0.0536906,0.05482501,0.04793567,0.02722287,0.05356947,0.04159066,0.05715403,0.06351864,0.051656,0.03746409,0.04990061,0.04362837,0.06983077,0.06536581,0.07312352,0.03521444,0.07373114,0.07682914,0.07431027,0.07348158,0.07426641,0.0819143,0.04676421,0.04382798,0.05954682,0.04396519,0.04070189,0.03947921,0.05046379,0.04916751,0.04187782,0.04495168,0.08689471,0.08800802,0.1083752,0.08823554,0.08147997,0.07922853,0.0906484,0.08092589,0.08901495,0.07532704,0.03330225,0.03989912,0.06890689,0.03051383,0.05096085,0.02659729,0.0657502,0.06001334,0.03699467,0.04245326,0.04797891,0.04405065,0.04922252,NaN,0.02586621,0.05274465,0.04947716,0.05613324,0.04885638,0.03494955,0.05528197,0.03502959,0.06933422,NaN,0.1168961,0.04486185,0.06029411,0.0771734,0.06913791,0.05436176,0.03485969,0.03316775,0.04292165,NaN,0.02554874,0.02995772,0.04094398,0.03480966,0.03790684,0.02494162,0.05815111,0.06046689,0.07552388,NaN,0.1138682,0.05644605,0.06657891,0.06791849,0.06165027,0.05976058,0.0779774,0.06319276,0.07378195,NaN,0.06477623,0.07342922,0.06982026,0.07261179,0.07653844,0.07743462,0.05492973,0.05370631,0.07081521,NaN,0.1072781,0.03873328,0.06331686,0.06913649,0.06790205,0.04590846,posteriorHippocampus,sub-S09,p,randomWalker7,freq34
0.02018402,0.03422016,0.02728601,0.01515594,0.02353967,0.02974688,0.02896225,0.03089391,0.0226376,0.02300625,0.04716732,0.07819153,0.05540224,0.04418219,0.06711798,0.06678282,0.05365029,0.08587644,0.05257435,0.06808116,0.06305528,0.08764761,0.07256556,0.06070988,0.07190055,0.07505254,0.07459138,0.07504825,0.07426555,0.08449315,0.03932122,0.03127214,0.062576,0.03605361,0.02253777,0.03753668,0.05701476,0.02786013,0.04719467,0.03230399,0.05985849,0.03681119,0.04362077,0.03018487,0.03067287,0.04058807,0.06081284,0.03151957,0.04259541,0.02785213,0.002659728,0.02709451,0.09524177,-0.004863709,0.06421203,0.01573118,0.08332918,0.03407666,0.01622734,0.006981376,0.04998319,0.04870553,0.06266006,0.002968499,0.04742545,0.06805383,0.0454104,0.05488339,0.04940713,0.0507101,0.09337009,0.009342661,0.07491803,-0.007380884,0.04742551,0.01470397,0.08873869,0.07040719,0.1056445,0.09420963,0.04002609,0.03948229,0.01751967,0.02065209,0.04742549,0.02976276,0.04109249,0.03685564,0.03980414,0.04003158,0.007572957,0.009903566,0.01420414,0.003753119,0.04742539,0.01297245,0.02739367,0.009202033,0.01218923,0.01356903,0.07969337,0.01112325,0.07855063,0.001311241,0.04742569,0.08134381,0.07345175,0.08669631,0.07932003,0.08135911,0.0761711,0.03936473,0.04497965,-0.01037968,0.04742563,-0.009199225,0.0797473,0.05724725,0.0769117,0.06498922,anteriorHippocampus,sub-S09,p,randomWalker8,freq34
0.04414625,0.04606862,0.03517096,0.04479673,0.0574712,0.04768214,0.05690595,0.05646437,0.05338398,0.05124389,0.04472241,0.04663399,0.04790824,0.04267403,0.05738349,0.05300065,0.05127168,0.0619852,0.04719535,0.04327324,0.05780715,0.08098405,0.07323074,0.06178609,0.07293327,0.07214607,0.07106011,0.0730745,0.07087987,0.082486,0.04430729,0.05405847,0.06767671,0.04611854,0.04150717,0.03472596,0.0666268,0.05027838,0.0366798,0.05073054,0.1029849,0.07940959,0.104141,0.07204177,0.07743137,0.08007065,0.1067411,0.0759639,0.08513097,0.07360212,0.04108863,0.04157505,0.07708514,0.04545993,0.04434476,0.03088569,0.06840955,0.04690617,0.04932166,0.04500614,0.04674888,0.04015201,0.05108248,0.05380099,0.04058078,0.05909784,0.04598349,0.04810834,0.04669432,0.04384761,0.06844104,0.03958835,0.07633644,0.03861858,0.04058065,0.04341102,0.06707073,0.05146862,0.07262471,0.0847801,0.03489943,0.03287371,0.02468978,0.05704424,0.04058056,0.02523632,0.03646231,0.03131605,0.0349378,0.03686496,0.05875628,0.05052016,0.06184331,0.05214885,0.04058057,0.0541213,0.06352313,0.05499184,0.05863201,0.06352688,0.07616406,0.04628151,0.07608027,0.03801805,0.04058044,0.06523769,0.07286411,0.07973315,0.07518614,0.07929774,0.07207062,0.07146659,0.07559641,0.03592462,0.04058062,0.08001447,0.07302409,0.06552552,0.07541108,0.08417694,posteriorHippocampus,sub-S09,p,randomWalker8,freq34
0.03003061,0.03562881,0.03387344,0.01411761,0.02899116,0.02978868,0.01135638,0.02713006,0.02676884,0.03202032,0.04288338,0.06334493,0.0488474,0.04101386,0.06524329,0.04889606,0.05685399,0.04721014,0.05125179,0.04687911,0.06823689,0.09923215,0.07447411,0.06281944,0.07098905,0.07413965,0.07791024,0.07385463,0.07596786,0.0761295,0.0401184,0.03689172,0.05996765,0.03699091,0.05235726,0.03666224,0.05312831,0.02526041,0.04059425,0.03590686,0.04430289,0.03318737,0.02874414,0.02408853,0.03391666,0.04616371,0.02973225,0.02655321,0.04567651,0.02760686,0.01506137,0.02324944,0.09566007,-0.007819191,0.09250376,0.01359589,0.08975548,0.04615138,0.01765197,0.01760347,0.0428232,0.04512619,0.05518449,0.04397251,NaN,0.0413329,0.05068347,0.0438152,0.04496538,0.04147311,0.08152497,0.03829293,0.07756359,0.01570137,NaN,0.08857672,0.08333899,0.09292239,0.09922505,0.01679621,0.03465195,0.03217129,0.0369705,0.03962493,NaN,0.03699568,0.03711418,0.03424399,0.03519007,0.03480763,0.0120714,0.02043361,0.01568228,0.01666858,NaN,0.004442342,0.001165555,0.01468068,0.01001439,0.01408114,0.08016551,0.08894563,0.07381786,0.005242777,NaN,0.07169084,0.07428987,0.07970101,0.08002971,0.05336163,0.06971482,0.01022971,0.08005707,0.01473536,NaN,0.08304076,0.06760605,0.08528119,0.08323628,-0.002612417,anteriorHippocampus,sub-S09,p,randomWalker9,freq34
0.05187437,0.04595337,0.04326715,0.0418627,0.06718097,0.04022508,0.04248056,0.05985922,0.04850853,0.05012124,0.04280249,0.03407305,0.04704416,0.04414346,0.0513949,0.05052591,0.05363283,0.04754639,0.04850816,0.03750405,0.06946121,0.08783756,0.07078495,0.06040988,0.07299912,0.07456082,0.07337191,0.07393162,0.07243567,0.07584925,0.0334712,0.0468029,0.04447579,0.0497348,0.06716099,0.03069395,0.06090691,0.05815466,0.03713151,0.05158707,0.08941315,0.07567369,0.07435679,0.06879371,0.08306485,0.0803327,0.07114342,0.07324774,0.09289601,0.07154543,0.04339109,0.03862127,0.06012848,0.03479436,0.07594674,0.02583209,0.0739887,0.05005652,0.04524239,0.03937465,0.04510375,0.04388944,0.05082506,0.04019842,NaN,0.04355938,0.0479724,0.04492068,0.04571721,0.04281938,0.06022584,0.06009831,0.07118489,0.04832753,NaN,0.07645799,0.07160723,0.07995665,0.07670062,0.04935228,0.03272418,0.03188926,0.0352427,0.03564098,NaN,0.03402065,0.03541093,0.03384421,0.03352103,0.03224828,0.05248115,0.05590787,0.06012961,0.05364944,NaN,0.04239094,0.04856608,0.05847689,0.05307503,0.04891932,0.07581268,0.05294594,0.07376648,0.05465589,NaN,0.07272794,0.07346611,0.07463288,0.07532759,0.02819206,0.04795447,0.04392236,0.07385508,0.0492138,NaN,0.07214065,0.1055007,0.09105568,0.09603305,0.03662066,posteriorHippocampus,sub-S09,p,randomWalker9,freq34
0.06094416,0.04588454,0.01945755,0.01867433,0.08019694,0.04482946,0.07686392,0.07907883,0.0681247,0.04846069,0.05213536,0.0312016,0.06154951,0.0524196,0.03372297,0.06569049,0.05692696,0.04341058,0.05452847,0.05572062,0.02986728,0.04593183,0.01893012,0.04314316,0.01525545,0.01965262,0.0316661,0.01794267,0.02527566,0.05267021,0.04516903,0.04665238,0.003550716,0.02631191,0.01465705,0.0477212,0.01839643,0.06689257,0.03354568,0.04265956,0.1439174,0.1348286,0.1212574,0.09699631,0.09814654,0.1101979,0.1315054,0.1244507,0.1360183,0.09705127,-0.002800634,0.03616931,0.03484032,-0.02110479,0.01232386,0.02702331,0.04042666,0.05678201,0.0029535,0.02549062,0.05543633,0.03433024,0.06114606,0.05034431,0.08153381,0.03965332,0.05947588,0.01025379,0.05469952,0.04583451,0.02060144,0.04253959,0.03585952,0.042157,0.02157508,0.03815154,0.03444977,0.03690106,0.007185749,0.01953663,0.06595596,0.06912716,0.05706739,0.06207886,0.04868018,0.07139566,0.06837673,0.06697859,0.06587298,0.07772114,0.05175874,0.04969943,0.0304881,0.03046479,0.006905145,0.04813639,0.04284027,0.05786789,0.05626574,0.03253188,0.02146554,-0.003559578,0.01744418,0.02612825,0.02026288,0.005739511,0.02258489,0.01721312,0.01756183,0.02361122,0.04912487,0.02086219,0.0435662,0.03801473,0.02155512,0.02045526,0.005687934,0.03434959,0.03186635,0.00059427,anteriorHippocampus,sub-S10,p,randomWalker0,freq34
0.06455874,0.04663323,0.009458588,0.009353577,0.1025194,0.04920982,0.08979831,0.0959555,0.07697987,0.04860631,0.05687392,0.03577952,0.06691649,0.05039898,0.02922605,0.08709946,0.07608836,0.0162849,0.06380247,0.07717188,0.05258589,0.08300179,0.03048079,0.06423712,0.02560459,0.03569661,0.05631421,0.03240536,0.04345534,0.08029889,0.04323423,0.05215015,0.009478232,0.01919815,0.02740329,0.05699045,0.03274476,0.08908001,0.03560198,0.04102288,0.1487873,0.1344461,0.1254128,0.1104239,0.1279938,0.1291857,0.1391392,0.1423406,0.1464293,0.1261151,0.006553732,0.02426892,0.07193094,0.0345832,0.02465719,0.01648797,0.07057673,0.05681286,0.00773107,0.01667772,0.06377773,0.05713069,0.06995719,0.05066576,0.1076526,0.06502479,0.07436799,0.02718118,0.06959637,0.07418094,0.07979836,0.0486833,0.07366215,0.05343016,0.03679326,0.04301962,0.07475158,0.05654828,0.08390073,0.03084035,0.07231792,0.07390469,0.05370361,0.06447333,0.06089095,0.08015577,0.07645343,0.08044843,0.0728964,0.09400838,0.05510631,0.04947118,0.02788925,0.06417225,0.01352668,0.05038328,0.04738035,0.05741319,0.0578012,0.0411401,0.04366355,0.05264459,0.03713882,0.04409432,0.03469787,0.02063258,0.03973823,0.03606153,0.0395802,0.03772421,0.07620239,0.02808367,0.09522263,0.05467135,0.03674532,0.02914869,0.01011702,0.03939663,0.04988042,0.01467011,posteriorHippocampus,sub-S10,p,randomWalker0,freq34
0.06316362,0.05020449,0.04863318,0.05772179,0.06318108,0.04688046,0.05451136,0.07229674,0.06046693,0.07457513,0.05386512,0.03857164,0.06270507,0.0496781,0.02773696,0.04871123,0.05900308,0.03233517,0.05807791,0.0605173,0.03273945,0.00485883,0.01168575,0.03105408,0.01215405,0.01437537,0.02785311,0.007591475,0.02954131,0.01016861,0.06345586,0.07436403,-0.0002621359,0.06296248,0.04245982,0.04420492,0.01511046,0.07122578,0.06955761,0.08563707,0.137515,0.1161271,0.1576853,0.1092324,0.1211565,0.1205093,0.1381803,0.126766,0.1336081,0.1081002,-0.01078204,0.02665014,0.02626316,-0.008545958,-0.006230164,-0.000177063,0.04107541,0.006679709,-0.006881424,0.03221692,0.05503216,0.05859315,0.07112436,0.04627079,NaN,0.06702208,0.05517616,0.05872763,0.05810739,0.07937228,0.005720447,-0.01232006,0.01364368,0.01568335,NaN,-0.001341215,0.01557188,0.009303226,0.003507856,0.05763298,0.06058082,0.06033359,0.04874345,0.05027601,NaN,0.09128891,0.06601895,0.07953001,0.06572589,0.1044618,0.05362359,0.05240496,0.122353,0.02396428,NaN,0.03844037,0.05809385,0.07843596,0.05233075,0.05546805,0.01138521,0.01103571,0.008539937,0.07962102,NaN,0.01269985,0.008939626,0.009203977,0.01146072,-0.006218244,0.05653772,-0.008176382,0.01216761,0.006058753,NaN,0.03085512,0.05554614,0.0463168,0.07000624,0.0218239,anteriorHippocampus,sub-S10,p,randomWalker1,freq34
0.07245681,0.04831007,0.03285147,0.06273195,0.09328122,0.05703256,0.05459896,0.08976436,0.06716033,0.0932853,0.05917108,0.03819365,0.07080862,0.04709641,0.03053373,0.0696658,0.07592541,0.0443164,0.06989253,0.08050881,0.05257225,0.01627765,0.02701412,0.0213738,0.02873123,0.03483811,0.0544618,0.02405177,0.05191047,0.02729056,0.06877112,0.09096409,0.024589,0.07550521,0.06172528,0.06863789,8.735859e-05,0.1102802,0.08608875,0.1146778,0.1419001,0.1391214,0.1539312,0.1362085,0.1421506,0.1383957,0.1312896,0.1449447,0.144704,0.1351962,-0.01658602,0.009158447,0.04784298,-0.004468305,-0.01425751,-0.0160957,0.06447191,-0.003373842,0.01271338,0.04152593,0.06208816,0.06985658,0.08246553,0.04462018,NaN,0.08434363,0.06895827,0.07200617,0.06644633,0.1046292,0.0770367,0.032132,0.03536098,0.06888247,NaN,0.06752404,0.04168159,0.04657504,0.07880799,0.05654728,0.06016389,0.07605501,0.0332735,0.03736751,NaN,0.1072748,0.07068547,0.09180216,0.06784176,0.1219008,0.05480553,0.04980033,0.1250923,0.02054431,NaN,0.03653561,0.06465026,0.0856685,0.05476007,0.05363292,0.03615107,0.0323086,0.02195444,0.106097,NaN,0.03655538,0.02609178,0.02761306,0.03134536,0.008132057,0.08188982,0.02575759,0.02944415,0.01629611,NaN,0.07338432,0.08585005,0.07029032,0.1172804,0.01775035,posteriorHippocampus,sub-S10,p,randomWalker1,freq34
0.06533395,0.0451184,0.06556386,0.05122062,0.07772592,0.04325343,0.06598707,0.1006787,0.06780445,0.06506755,0.05768022,0.03567212,0.05872831,0.05173893,0.04744687,0.05917295,0.06314845,0.05146193,0.06004107,0.06150993,0.0488891,0.05755342,0.01186677,0.04985339,0.03770689,0.03781896,0.02902558,0.02728452,0.03300781,0.08704347,0.06009571,0.05298134,0.01530414,0.07868683,0.01555135,0.04845658,0.009809452,0.09945407,-0.01496414,0.008232021,0.1489859,0.08006246,0.1483872,0.1006543,0.1446989,0.07803377,0.159547,0.1257163,0.1329645,0.1080615,0.007061839,0.03400936,0.0005848599,0.0276619,0.02625938,0.02461461,0.03838241,0.1120612,0.01549251,0.0446741,0.05433854,0.04622089,0.06361683,0.02573918,0.1546802,0.06431934,0.06110444,0.05881069,0.05908809,0.04300247,0.007931634,0.02485185,0.04591614,0.08256204,0.1546801,0.02649712,0.02013745,0.02993945,0.00669045,0.04187451,0.06369019,0.05726964,0.05240112,0.08445381,0.1546801,0.07755451,0.06793161,0.06071543,0.06864741,0.06776049,0.05369676,0.03169789,0.03220092,0.08400063,0.1546801,0.0451984,0.08755925,0.04274822,0.04875986,0.05271427,0.01147628,7.75366e-05,0.01809609,0.05343467,0.1546802,-0.02001621,0.01712083,0.01461419,0.01298407,0.002480492,-0.006221859,0.007219171,0.03157255,0.06622559,0.1546802,0.002240045,0.004124612,0.07631085,-0.01131483,0.03491324,anteriorHippocampus,sub-S10,p,randomWalker2,freq34
0.06306911,0.03672143,0.04275719,0.05169174,0.08748873,0.0361855,0.05750844,0.1230563,0.0715547,0.07213286,0.04913791,0.04674564,0.05247007,0.0329599,0.02231056,0.08410604,0.0790895,0.04288789,0.06465586,0.07847894,0.06285983,0.09163538,0.03192668,0.03037537,0.03253474,0.06603821,0.05811581,0.04460457,0.05501581,0.1451221,0.05950838,0.04669797,0.0305651,0.1010735,0.03054694,0.04309997,0.02460309,0.124663,-0.01744243,0.006713281,0.1562238,0.1056857,0.1409314,0.1265891,0.14981,0.1099983,0.1540206,0.1451508,0.1451573,0.1340793,0.002914394,0.01524994,0.02106931,0.02989463,0.04697407,0.006071088,0.06701718,0.1127198,0.02654639,0.04275695,0.05973852,0.04500902,0.07298654,0.05012104,0.1582077,0.08077166,0.07077177,0.05507051,0.06626397,0.05704645,0.08796857,0.01270398,0.05743774,0.08873562,0.1582076,0.01920243,0.04895005,0.04371782,0.07380105,0.04418791,0.05739698,0.05261512,0.03916057,0.09639092,0.1582077,0.08449568,0.06907628,0.05234421,0.06584211,0.05904416,0.04725252,0.02136657,0.04493966,0.09277649,0.1582076,0.04278999,0.09093942,0.04057301,0.04486458,0.05312545,0.0474762,-0.01175287,0.03141709,0.06330487,0.1582076,-0.01958511,0.04228091,0.02809891,0.04130198,0.02910623,-0.02358049,-0.006863906,0.04555604,0.07717822,0.1582076,-0.00513283,0.001801258,0.06997515,-0.02125188,0.03632371,posteriorHippocampus,sub-S10,p,randomWalker2,freq34
0.04602582,0.05311508,0.0608637,0.05086732,0.0920284,0.05164166,0.02901763,0.07939195,0.05551919,0.06851433,0.06198595,-0.01098899,0.04943666,0.04649978,0.03864859,0.05901213,0.04892025,0.05794742,0.05510551,0.04213732,0.01813758,0.01158481,0.01350137,0.01125482,0.01143658,0.0121262,0.02210171,0.01314092,0.01766364,0.01046384,-0.008583033,0.07576612,0.01582612,0.09004842,0.01124175,0.07551957,0.006148051,0.05616664,0.03056213,0.0828158,0.1342757,0.1221554,0.1560124,0.1134639,0.1108442,0.1208394,0.1494074,0.1239711,0.1442879,0.1152808,0.01969663,0.04595211,0.01911327,0.01528425,0.003967615,0.06025712,-0.01414525,0.0685611,0.02643547,0.07260669,0.06513592,0.05645114,0.05896178,0.04368443,0.04738247,0.05099587,0.03856486,0.05817404,0.05865488,0.09635895,0.01545577,0.03775352,0.027327,0.04368439,0.01479065,0.06326067,0.02418771,0.01286669,0.007991021,0.04030096,0.07111518,0.06165736,0.001720964,0.04368448,-0.02514734,0.06106091,0.05241833,0.0566732,0.06415,0.0794152,0.04832564,0.06139527,0.1122684,0.04368445,0.00552778,0.06265894,0.02718166,0.054383,0.05314672,0.04817766,0.01503232,0.01584491,0.01341525,0.0436845,0.01391072,0.005696722,0.02204518,0.01304779,0.01422567,0.05490195,0.06099467,0.005535259,0.03350761,0.04368439,0.01509739,0.02042641,0.01575574,0.06286286,0.06059986,0.006651099,anteriorHippocampus,sub-S10,p,randomWalker3,freq34
0.0391319,0.0540495,0.05293192,0.04933309,0.1187645,0.05498537,0.01765615,0.09920043,0.05261059,0.07342076,0.07006226,-0.002554194,0.06468632,0.03114519,0.06248799,0.07140654,0.06309386,0.0663411,0.06493128,0.07187833,0.03981061,0.04300467,0.02845242,0.0323575,0.02447487,0.02778503,0.04630152,0.03341339,0.04019464,0.02982497,-0.02010886,0.09290455,0.03042656,0.1128345,0.0207444,0.09070215,0.01815553,0.0674031,0.02380319,0.1033223,0.1376392,0.1318194,0.1557695,0.1365855,0.134396,0.1323117,0.1426577,0.1410738,0.1482402,0.1360791,0.0157865,0.03248246,0.03831482,0.01757031,-0.004427725,0.05554373,0.02902487,0.07155279,0.02588042,0.07208645,0.08040641,0.06376921,0.07732904,0.02347672,0.04366876,0.05976596,0.02875572,0.06007839,0.06867156,0.1111741,0.0772415,0.04026294,0.05779277,0.02347675,0.03152245,0.054297,0.05244654,0.04471178,0.06983083,0.0408867,0.07353447,0.05586033,0.006106389,0.02347677,-0.006322875,0.0543943,0.04329139,0.04653168,0.06079227,0.08638065,0.04600939,0.06319692,0.1159854,0.02347678,0.02283211,0.06171191,0.02316322,0.05531466,0.05049632,0.05165264,0.0343476,0.08580702,0.02589216,0.02347672,0.02745398,0.02973032,0.04718747,0.03117873,0.03856659,0.07777045,0.06408121,0.01957615,0.06360228,0.02347682,0.03108993,0.03486261,0.05761513,0.06997098,0.06635489,0.02194053,posteriorHippocampus,sub-S10,p,randomWalker3,freq34
0.05832053,0.05086878,0.03854262,0.03605293,0.08504128,0.05051731,0.05601722,0.08560639,0.06160008,0.07043658,0.06127469,0.04514105,0.05479246,0.05538491,0.05244248,0.05529493,0.05726113,0.05075751,0.06033151,0.05416326,0.03262203,0.02985187,0.01544238,0.02148418,0.01302823,0.01738527,0.02410317,0.016638,0.02371259,0.03326996,0.07681946,0.04594576,0.00868194,0.0347989,0.009361625,0.04457664,0.01278982,0.0740797,0.06126959,0.05751626,0.1369895,0.1275333,0.09916103,0.05901254,0.1185435,0.1114016,0.1226463,0.114512,0.1241256,0.1127255,0.03587883,0.05025354,0.02078793,-0.001875641,0.02137325,0.03914625,0.03301629,0.0841139,0.02839123,0.04326332,0.05788749,0.05578995,0.06194315,0.0548982,0.07864992,0.057829,0.06059798,0.06303926,0.06160914,0.04247528,0.03028929,0.05408061,-0.001218697,0.021675,0.07864989,-0.00918451,0.04419434,0.003606239,0.00811629,0.02112966,0.06518833,0.06002356,0.06293648,0.05390537,0.07864994,0.06688327,0.06508306,0.06460861,0.06724966,0.0641055,0.04931307,0.03562464,0.09745276,0.04442163,0.07865,0.05793405,0.02386892,0.08236393,0.05163543,0.02514852,0.01910273,0.007290927,0.01621438,0.0216206,0.07864992,0.01559905,0.0195321,0.01625864,0.01847073,0.03338147,0.1102614,0.1671356,0.00886309,0.02423529,0.07864996,0.009602821,0.07863034,0.005598513,0.1008337,0.08111196,anteriorHippocampus,sub-S10,p,randomWalker4,freq34
0.06087432,0.05145364,0.03330018,0.05166211,0.1125106,0.05408876,0.05934672,0.1029641,0.06863787,0.08186007,0.06422583,0.02025403,0.06555954,0.0464514,0.06406383,0.06416046,0.06738422,0.05423624,0.07027229,0.06076143,0.05241039,0.05733085,0.02867812,0.03047672,0.02374082,0.03328615,0.04430149,0.03199398,0.04458854,0.05654806,0.07295848,0.03489346,0.003772495,0.06998891,0.01518956,0.04388109,0.01778685,0.09421176,0.06480604,0.05599975,0.1413083,0.1357394,0.1042296,0.09002122,0.1368077,0.1296221,0.1381582,0.1377535,0.1388153,0.1373824,0.02965523,0.03879846,0.03716169,0.006980183,0.03978322,0.02592603,0.06100025,0.08394084,0.03168656,0.04200825,0.05924649,0.04882471,0.06185487,0.04457128,0.1037487,0.06645806,0.06470238,0.06737074,0.06748598,0.06441694,0.04777454,0.04945518,0.02193048,0.03759665,0.1037487,0.05665458,0.06739343,0.05014617,0.07513071,0.01363495,0.06149217,0.04972556,0.0572966,0.04077432,0.1037487,0.07012746,0.06506547,0.06102643,0.06714509,0.05354862,0.04835453,0.02406136,0.09441416,0.02897687,0.1037488,0.05243734,0.03536472,0.08180372,0.05103991,0.01791733,0.0423694,0.07443541,0.0287722,0.03549064,0.1037486,0.03788245,0.03457306,0.03210015,0.03794947,0.02981898,0.13669,0.1708838,0.02195295,0.03988057,0.1037486,0.0911881,0.09390462,0.03027356,0.1293782,0.1239499,posteriorHippocampus,sub-S10,p,randomWalker4,freq34
0.06797783,0.04868753,0.05357512,0.05578744,0.09894187,0.0490773,0.063154,0.0879545,0.06156739,0.06920344,0.06490885,0.007763921,0.05784569,0.0539219,0.04060088,0.0009811666,0.06289043,0.0423919,0.06065399,0.07259954,0.03338675,0.05371629,0.01677806,0.02721536,0.016523,0.01532402,0.03157484,0.008661361,0.01941261,0.02648354,0.0227991,0.08168646,0.01534746,0.09472524,0.01467689,0.03918445,0.01285336,0.04411016,0.045925,0.09178956,0.1220153,0.09841309,0.1126822,0.1220243,0.121045,0.1076321,0.09983543,0.1221558,0.1195589,0.09947685,0.0062287,0.04607646,0.02737938,0.00740586,0.09263801,0.03330465,0.07172889,0.04280172,0.02902398,0.06074941,0.0561694,0.05434667,0.05873841,0.04998089,NaN,0.0429239,0.06086064,0.05982709,0.05448865,0.03415754,0.01336271,0.01117001,0.01933357,-0.003887212,NaN,0.09862115,0.05193787,0.1111011,0.01346623,0.04132617,0.06294585,0.05841497,0.06607445,0.05075259,NaN,0.07277588,0.0597899,0.06211009,0.06435011,0.06821407,0.0365167,0.01114839,0.03753015,0.01663387,NaN,0.08784507,0.02159561,0.1041827,0.05512629,0.0821401,0.01035315,0.1218105,0.01695178,0.0120597,NaN,-0.007824346,0.02207897,0.01575421,0.007489387,0.01620037,0.06647192,0.07546932,0.04879755,0.03275689,NaN,0.08777893,0.06755773,0.05026902,0.06266039,0.02172407,anteriorHippocampus,sub-S10,p,randomWalker5,freq34
0.07000207,0.04002957,0.04931424,0.04383585,0.1118745,0.03971592,0.06437684,0.09639943,0.05753139,0.07832781,0.06959132,-0.02072927,0.05606275,0.03860516,0.04524356,0.02027551,0.07636359,0.03076096,0.07226922,0.09467614,0.0524402,0.146771,0.03061396,0.04805759,0.02915172,0.04335478,0.05698505,0.0289027,0.04273307,0.06480826,0.0004355913,0.08830297,0.03032104,0.1109306,0.02453199,0.018097,0.02310892,0.03920022,0.03259994,0.1076589,0.1308512,0.1138158,0.1308676,0.1266004,0.1380887,0.1223581,0.1064343,0.1393783,0.1307273,0.1242069,-0.007998788,0.0284243,0.04716771,0.02971597,0.117744,0.01132603,0.09836739,0.09184187,0.02200931,0.05720413,0.06183952,0.03639878,0.06847076,0.03147012,NaN,0.06024148,0.06194251,0.0533574,0.062434,0.01744826,0.08800636,0.02682314,0.03259453,0.03779309,NaN,0.09497149,0.08721621,0.1177378,0.073948,0.1026518,0.05406419,0.03985703,0.05649387,0.02907441,NaN,0.07002898,0.04869923,0.05364035,0.0571521,0.05849095,0.02810927,-0.004444258,0.03360013,0.007075299,NaN,0.09210078,0.01553751,0.1053197,0.05150398,0.0899682,0.03370816,0.1263827,0.03217289,0.02362674,NaN,-0.01789596,0.04262051,0.05998315,0.02770176,0.02915607,0.09208078,0.1389557,0.06324185,0.1053379,NaN,0.09435887,0.1126651,0.1504437,0.09167074,0.07361592,posteriorHippocampus,sub-S10,p,randomWalker5,freq34
0.06172552,0.04663552,0.02476209,0.02842368,0.07843515,0.05269996,0.02433831,0.07890712,0.05776415,0.06659912,0.05083025,0.02203351,0.05617693,0.05122021,0.03353233,0.03127389,0.05688975,0.04177586,0.05880969,0.04477974,0.0316427,0.03072569,0.02014058,0.06252699,0.01565377,0.01911529,0.01812954,0.01839979,0.02330092,0.02938491,0.1066929,0.07632979,0.01808275,0.04241947,0.04442387,0.07656386,0.01773849,0.07781742,0.0629937,0.1054207,0.153772,0.1068131,0.1090868,0.1076364,0.09896169,0.1186964,0.1158142,0.1126831,0.1280157,0.1081896,-0.005217485,0.04065412,0.04886445,0.02139089,-0.003690663,0.03227245,0.03915891,0.02055492,-0.001582509,0.01680896,0.0559296,0.05643224,0.05548256,0.03882792,NaN,0.06324032,0.04283792,0.06822055,0.06150707,0.03578173,0.02623683,-0.01738298,0.04716432,0.03315091,NaN,-0.006455194,0.03708127,0.08378522,0.006894886,0.004820731,0.06809345,0.06965257,0.02346493,0.05902428,NaN,0.06272051,0.0481359,0.07718002,0.07252108,0.04556099,0.03727559,0.04212716,-0.006082104,0.0003283205,NaN,0.0616465,0.0542158,0.07077044,0.04917415,0.01045273,0.02356398,0.002512094,0.03224957,0.07335294,NaN,0.01155686,0.01901376,0.001878783,0.01593059,0.03685698,0.07728844,-0.00979798,0.05369795,0.06530377,NaN,-0.002927628,0.02530779,0.0360256,0.07056948,0.07258816,anteriorHippocampus,sub-S10,p,randomWalker6,freq34
0.04839856,0.04291805,0.02081553,0.02585584,0.09312197,0.0549176,0.03491268,0.09362179,0.05958389,0.07282751,0.05632742,0.04475435,0.05639982,0.04573911,0.04886182,0.0571141,0.07431307,0.04081592,0.06958862,0.06133987,0.04894523,0.05504781,0.03575372,0.0890171,0.02814925,0.0351014,0.03246383,0.02692216,0.0388774,0.04685601,0.090747,0.08578952,0.03011337,0.04282514,0.08149792,0.08162732,0.03114779,0.1004285,0.05357485,0.1219439,0.1475637,0.1222284,0.1326212,0.134543,0.1292107,0.1362226,0.1079592,0.137081,0.1401634,0.1342118,0.07789676,0.02594836,0.07059716,0.06124615,0.001786822,0.01290789,0.06007206,0.0007148832,0.005693441,0.001571817,0.06071429,0.06451522,0.05187685,0.03223312,NaN,0.07500477,0.06306138,0.07818603,0.07098582,0.04618463,0.08552288,0.04183207,0.08143752,0.0600031,NaN,0.04138223,0.07502909,0.08877759,0.07791916,0.008987306,0.06677015,0.07323375,0.02098723,0.05161336,NaN,0.0744174,0.03219763,0.08200308,0.07398611,0.05719972,0.03620304,0.02813108,-0.01993908,-0.007133694,NaN,0.05057329,0.05403534,0.07212473,0.04744265,0.01076676,0.04552535,0.0167239,0.05439396,0.1248982,NaN,0.02412952,0.04261764,0.01072132,0.03456848,0.1017083,0.1198358,0.04003277,0.1062204,0.06486501,NaN,0.03030739,0.07222048,0.04839914,0.1158514,0.1208786,posteriorHippocampus,sub-S10,p,randomWalker6,freq34
0.05432749,0.0427219,0.0553418,0.04563779,0.07716237,0.0564083,0.06629976,0.08599433,0.05907899,0.06377691,0.05364368,0.04386359,0.05252141,0.04757279,0.007984272,0.06499629,0.05937196,0.01916789,0.05585838,0.04919859,0.02786948,0.06092668,0.01800911,0.03909317,0.01424572,0.02703123,0.02173189,0.00665049,0.02730322,0.02998239,0.03871683,0.03852464,0.01017358,0.04228735,0.03004869,0.03826189,0.001568165,0.05777054,0.04207201,0.03743386,0.1311917,0.1304089,0.1501329,0.1322884,0.121012,0.1168259,0.1361674,0.1204768,0.134066,0.1094794,-0.002163628,0.03448131,0.03208547,-0.02178361,0.01867704,0.02664077,0.03431912,0.07602168,0.01129243,0.04627254,0.05231624,0.05237241,0.05264255,NaN,0.04499321,0.06261616,0.04879039,0.04910972,0.05442324,0.05557801,0.005903099,-0.007215579,0.02441576,NaN,0.1391837,0.0145136,-0.005843665,0.04918232,0.006140488,-0.002451278,0.06559793,0.06478088,0.06064441,NaN,0.04467871,0.005215053,0.05878085,0.06804768,0.06351744,0.05314723,0.04899401,0.05424755,0.06236662,NaN,0.1332394,0.05795846,0.08777811,0.07729097,0.05672715,0.0740851,0.01698842,-0.001822659,0.01695615,NaN,0.04197102,0.01772848,0.001052028,0.01047339,0.01285423,0.003488196,0.03948131,0.03548332,0.03000376,NaN,0.1104109,0.002051797,0.003976714,0.03985783,0.04301933,0.001688046,anteriorHippocampus,sub-S10,p,randomWalker7,freq34
0.06252315,0.04013264,0.05447427,0.0463051,0.1032444,0.06363521,0.06903846,0.1076905,0.06767337,0.07323698,0.06120625,0.051907,0.06485847,0.04081414,-0.01176382,0.09867579,0.07798254,0.0349009,0.06754477,0.05474844,0.04683598,0.1109936,0.0308096,0.0251256,0.02605175,0.04889904,0.04187402,0.03524169,0.04829451,0.05218266,0.04607091,0.03234658,0.02571748,0.04147065,0.04921554,0.03802356,0.006299385,0.0751171,0.04328721,0.03909801,0.1377877,0.1312252,0.1413313,0.1389742,0.1409242,0.1348975,0.1467959,0.1407017,0.1417519,0.1333332,-0.002395026,0.02204587,0.05200119,-0.01118536,0.02175568,0.01433633,0.05756399,0.0824277,0.02183186,0.04204824,0.05769851,0.05392136,0.06616247,NaN,0.02600745,0.09004015,0.07021862,0.06779191,0.06388424,0.04984037,0.0726578,0.03440608,0.04267072,NaN,0.1394027,0.02934593,0.01518283,0.07829981,0.07235731,0.02647626,0.06791992,0.06625548,0.06837546,NaN,0.02830123,-0.001213595,0.0619075,0.07107126,0.06594724,0.04160475,0.05207357,0.05309227,0.05332407,NaN,0.1322969,0.06112024,0.08326237,0.08176231,0.05929557,0.07891335,0.03879908,0.04006238,0.03015282,NaN,0.09929986,0.03465411,0.01447159,0.02182061,0.0306709,0.02381073,0.04751422,0.04643726,0.04936422,NaN,0.1181129,0.02232638,0.0247374,0.06575846,0.06471543,0.05128318,posteriorHippocampus,sub-S10,p,randomWalker7,freq34
0.04765209,0.05708765,0.03936701,0.04765833,0.07761156,0.05341153,0.07556788,0.07891924,0.06693188,0.06948536,0.0607553,0.04289388,0.0545969,0.05952404,0.03718583,0.04655388,0.05605752,0.03184045,0.05782786,0.05023325,0.0364382,0.03500135,0.01638335,0.02638716,0.01196698,0.02019717,0.02146152,0.01205042,0.0222108,0.01306328,0.06937893,0.06947149,0.009987387,0.06724835,0.04798617,0.03702323,0.01430534,0.06560195,0.04741263,0.07109059,0.1575077,0.126003,0.1360235,0.1084639,0.1198394,0.1274139,0.1597359,0.1185898,0.1342335,0.1123024,0.01234556,0.04901984,0.004456758,0.01837276,-0.004137899,0.02990448,0.01651391,0.06643924,0.03255311,0.05277749,0.05705246,0.03293529,0.01665173,0.0466471,0.07960813,0.0368175,0.05744242,0.05282697,0.0576399,0.03725736,0.01178946,0.02140466,0.01772832,0.01041662,0.07960801,0.02849552,0.01429269,0.008229501,0.004966413,0.01767161,0.06963284,0.07823886,0.05941949,0.07353189,0.07960803,0.07511474,0.06998315,0.07413689,0.06950784,0.07162874,0.04287236,0.03552085,0.06217525,0.04501006,0.0796083,0.04955011,0.07990336,0.04259406,0.05389955,0.0673604,0.0121759,0.0580839,0.004552614,0.01220908,0.07960807,-0.002129726,0.01617296,0.005021045,0.00924532,0.01002111,0.07732453,0.044376,0.04280335,0.002004636,0.07960814,0.03318544,0.009388446,0.102095,0.07766575,0.05191908,anteriorHippocampus,sub-S10,p,randomWalker8,freq34
0.04142903,0.05872735,0.02478396,0.05078122,0.106668,0.0613201,0.1023994,0.09800299,0.07454389,0.07632302,0.06782551,0.04803523,0.05845097,0.06025193,0.04982749,0.05572464,0.06920137,0.04710189,0.06418955,0.06267022,0.0470935,0.07945906,0.03536664,0.03920421,0.02862413,0.04421314,0.04361686,0.0321153,0.04281095,0.04821149,0.06585851,0.0958161,0.02463151,0.08183929,0.07962733,0.04464822,0.02809164,0.09414954,0.05282431,0.09494156,0.1554264,0.1426932,0.1327163,0.1296718,0.1397995,0.140705,0.1570581,0.139258,0.1440378,0.1352661,0.01040287,0.03748193,0.04537724,0.02978674,0.000298611,0.01524862,0.0403386,0.06508525,0.04288383,0.05142733,0.06250726,0.05548425,0.04024643,0.06097385,0.1038887,0.05065991,0.06086063,0.05744502,0.06275775,0.06158093,0.08159328,0.01520417,0.07237141,0.01288415,0.1038887,0.03619188,0.04331664,0.04228087,0.06391629,0.07536024,0.07115489,0.08369034,0.04387387,0.1023288,0.1038887,0.07756468,0.07362237,0.07660408,0.07079188,0.07700548,0.04433968,0.03502169,0.06267578,0.06079102,0.1038888,0.05065029,0.07550272,0.04147603,0.0539737,0.07508946,0.03253498,0.05965459,0.02486978,0.02393293,0.1038888,0.02390813,0.03538782,0.02845401,0.02807581,0.03299693,0.1310971,0.08834413,0.08846389,0.0007428261,0.1038887,0.1011943,0.0445809,0.1461411,0.1274345,0.08328162,posteriorHippocampus,sub-S10,p,randomWalker8,freq34
0.06980639,0.06151455,0.0507207,0.04236882,0.09428205,0.04310877,0.03301515,0.08445103,0.06318066,0.06830165,0.06033965,0.03847534,0.06201977,0.05793295,0.05972294,0.05622364,0.05760634,0.05562985,0.06015376,0.06068378,0.0263319,0.04196785,0.03297041,0.0317171,0.01002693,0.01011334,0.02141074,0.008278333,0.02637026,0.02501496,0.05561305,0.06152097,-0.004013659,0.04386061,0.02437477,0.03541582,0.01606252,0.08817314,0.06293663,0.07351581,0.1388719,0.1181821,0.1056565,0.09857359,0.1287162,0.1240629,0.1040194,0.1121792,0.1420491,0.1094149,0.01845326,0.04217583,0.0002317346,-0.01157147,-0.000704776,0.02944746,0.04208307,0.05374738,0.02550071,0.04343718,0.06103066,0.05306086,0.06199393,0.07378533,NaN,0.05389887,0.06341858,0.05233325,0.06014725,0.06467266,0.003225684,0.08365604,0.02806031,0.002466934,NaN,0.01189214,0.02848045,0.02412939,0.006750624,0.04688199,0.06764561,0.06580455,0.06409744,0.06712838,NaN,0.05595316,0.0685159,0.06144491,0.0675308,0.07309627,0.04732521,0.06731245,0.07499902,0.007597005,NaN,0.02178019,0.05118858,0.0730583,0.05201653,0.04861314,0.01506446,-0.01715291,0.01820365,0.02904664,NaN,0.01047872,0.01997667,0.009804906,0.01495463,0.004766253,0.07188098,0.04116612,0.02265167,0.000102115,NaN,0.01964249,0.1479295,0.07805016,0.1431186,0.01652808,anteriorHippocampus,sub-S10,p,randomWalker9,freq34
0.07600541,0.0622256,0.0499767,0.04468951,0.1077451,0.04041201,0.04115409,0.1077977,0.06621943,0.07781448,0.06248764,0.0458469,0.0695093,0.05846038,0.07073671,0.06439824,0.07419281,0.0605826,0.06959165,0.0757274,0.04298445,0.1054841,0.05403283,0.04049838,0.0236765,0.02667384,0.04406062,0.02449321,0.04769743,0.05466071,0.04816634,0.0663878,-0.0007775777,0.06555975,0.04256462,0.02068557,0.02184646,0.1176619,0.06051704,0.08430337,0.1451887,0.1380235,0.1224102,0.1213273,0.1452681,0.1267176,0.1300195,0.1366192,0.1458887,0.134843,0.02000373,0.03072219,0.03653981,0.005440815,0.01204063,0.01198981,0.07331502,0.05648733,0.04568464,0.03776051,0.06649072,0.04800696,0.07795905,0.08983629,NaN,0.04835414,0.07585998,0.04718412,0.06656568,0.07294419,0.06690765,0.07982369,0.04764157,0.05589146,NaN,0.09259231,0.05636038,0.05608083,0.06660318,0.04541296,0.06533261,0.05901329,0.06288151,0.07038466,NaN,0.04409777,0.07118204,0.05323609,0.06542952,0.07389455,0.04677044,0.06870311,0.08997945,0.02690972,NaN,0.02188189,0.05116722,0.07743461,0.05220554,0.04918474,0.03694562,-0.004100696,0.03684237,0.05616391,NaN,0.02273842,0.03827279,0.02744116,0.03523853,0.001653995,0.07372736,0.03836476,0.04358291,0.02662511,NaN,0.08441355,0.1375329,0.06276634,0.1348082,0.01377899,posteriorHippocampus,sub-S10,p,randomWalker9,freq34
0.03376033,0.002649084,0.001859078,0.006011573,0.05644649,0.01057405,0.05857276,0.04985664,0.03763791,0.0130053,0.0410804,0.04852963,0.03535993,0.02873418,0.05424279,0.08029958,0.05775518,0.1101127,0.04577938,0.0682831,0.06528413,0.06922031,0.04985804,0.06468339,0.04479191,0.05303149,0.06903393,0.05318189,0.05834091,0.06588115,0.005866045,0.004593068,0.05770719,-0.01560172,0.06187818,0.009371981,0.05484374,0.03921714,0.03570344,0.001151738,0.09289009,0.08213936,0.07445658,0.05639397,0.07496811,0.07256387,0.0864256,0.08767914,0.09089244,0.0712992,0.02723798,-0.001012405,0.07817823,0.02348823,0.04559359,-0.0005438147,0.06041849,0.03217661,0.01014501,0.01297069,0.04215073,0.0485478,0.03838524,0.0336055,0.05740228,0.0433939,0.05110263,-0.006826507,0.04849006,0.06922927,0.06308239,0.05360537,0.03761361,0.04558445,0.05583122,0.0338859,0.05253231,0.03982728,0.06089365,0.05448598,0.02782379,0.02392432,0.01676165,0.02217134,0.02379885,0.02921405,0.02870233,0.03941205,0.02891489,0.04549199,0.0483956,0.04179827,0.03946704,0.07308048,0.03164097,0.03144595,0.03919413,0.04470548,0.04409412,0.04834659,0.06373064,0.04022345,0.0607543,0.06526804,0.05509837,0.05160055,0.0606162,0.05885363,0.06436709,0.05475779,0.01188404,0.04312568,0.05173075,0.05640048,0.05573658,0.02680061,0.05182979,-0.01278867,-0.001951467,0.05377988,anteriorHippocampus,sub-S11,p,randomWalker0,freq34
0.07814569,0.06157061,0.03789538,0.0454639,0.09327585,0.06164296,0.09359391,0.0917085,0.08311759,0.06558129,0.1051587,0.07695197,0.104216,0.09336937,0.09643947,0.131733,0.1184456,0.09311538,0.1110781,0.1231533,0.09919894,0.1157268,0.08174239,0.1098249,0.07773323,0.08420591,0.100244,0.08249017,0.09242969,0.118944,0.04920873,0.06147846,0.06017056,0.03135942,0.07163883,0.06190206,0.08106484,0.08094865,0.04196131,0.04944758,0.1335265,0.1241657,0.1184761,0.1018859,0.1089899,0.1123956,0.1235679,0.1238761,0.129603,0.1063553,0.03903857,0.05462829,0.1144261,0.04012015,0.07753717,0.04717377,0.114918,0.06276397,0.0290858,0.04830125,0.1065213,0.08960601,0.1063369,0.09706146,0.1206979,0.08737181,0.1158238,0.01809929,0.1084395,0.05722012,0.1134291,0.07222304,0.09509525,0.102032,0.08430053,0.06125522,0.1085787,0.06499162,0.1018393,0.06507041,0.09766901,0.09491171,0.08057924,0.08820538,0.05133871,0.1010493,0.09884465,0.1099643,0.09933237,0.1142896,0.07993179,0.07945298,0.06365631,0.08017544,0.06364422,0.07359816,0.07223654,0.08104987,0.08042108,0.07076978,0.09315203,0.06845586,0.08629394,0.09563569,0.08180951,0.06924929,0.08997063,0.0841437,0.08991737,0.06917629,0.07411753,0.06190928,0.1115933,0.1042623,0.08375689,0.05091834,0.05030448,0.04840808,0.04656465,0.05852866,posteriorHippocampus,sub-S11,p,randomWalker0,freq34
0.03556995,0.01664959,0.02154496,0.03187769,0.0425162,0.01526137,0.03597485,0.04391797,0.03168787,0.04826366,0.04535976,0.05099264,0.0402685,0.03132236,0.05755547,0.073805,0.05758394,0.08154718,0.05065421,0.06399368,0.0610664,0.04876878,0.04799151,0.04877512,0.05019397,0.0541115,0.06823697,0.0555211,0.06501794,0.05566949,0.02873539,0.04749512,0.04037525,0.03038512,0.01555768,0.02177502,-0.01829923,0.06184502,0.04178654,0.06686332,0.08808861,0.08634105,0.1016296,0.0860393,0.09052891,0.0832619,0.0909274,0.09214573,0.0890125,0.08702473,-0.01103891,0.0002743474,0.05421156,0.02369073,0.03100673,-0.02623512,0.05942278,-0.02824655,0.008834095,0.03635757,0.04679175,0.04848535,0.04359194,0.03894848,NaN,0.05478625,0.05540602,0.05390821,0.04621774,0.06594493,0.04895194,0.02403449,0.0363423,0.01254545,NaN,0.04713637,0.06977516,0.06510147,0.05057294,0.05144188,0.02787051,-0.02065896,0.009965313,0.009626912,NaN,0.03310104,0.03221084,0.01269493,0.02772139,0.04465297,0.04550236,0.02568419,0.09243839,0.02716802,NaN,0.02529444,0.03521362,0.0538376,0.04024008,0.04736886,0.06103188,0.05997929,0.04563301,0.07044866,NaN,0.05849021,0.05399486,0.05553954,0.05954021,0.0463674,0.02249479,0.04299864,0.03624001,0.03679717,NaN,0.07933053,0.04372999,0.03550699,0.0604763,0.02702642,anteriorHippocampus,sub-S11,p,randomWalker1,freq34
0.08006137,0.06791738,0.06406582,0.07726543,0.08134262,0.06695564,0.06537817,0.08877331,0.07885449,0.09090327,0.1084274,0.09601472,0.1061613,0.093412,0.0863353,0.1206986,0.1187793,0.1126829,0.1138077,0.1233319,0.1051968,0.07507639,0.08090661,0.09184102,0.08103795,0.08577003,0.1019793,0.08026315,0.1036529,0.08478794,0.07576013,0.09242167,0.06031521,0.08124631,0.06183979,0.0646055,0.03889155,0.08942357,0.08043349,0.1017727,0.1291918,0.1200144,0.1408443,0.1165706,0.1250402,0.1212924,0.121009,0.1273175,0.1290301,0.1163216,0.01735603,0.043719,0.09785938,0.02581548,0.02657872,0.02777812,0.1124115,0.03382282,0.02811732,0.06079725,0.1087431,0.1102547,0.1109502,0.09565442,NaN,0.1196396,0.1156364,0.1172748,0.1099523,0.123914,0.09833682,0.05184359,0.08308806,0.05497148,NaN,0.08092202,0.09916743,0.09744936,0.09637681,0.06910908,0.09216129,0.06072992,0.05904457,0.06017518,NaN,0.1087794,0.1001951,0.09076338,0.09468748,0.1211913,0.08045232,0.07162286,0.1155724,0.04620198,NaN,0.06440594,0.07522316,0.08914237,0.07850709,0.0775732,0.08946071,0.08466215,0.07584088,0.1308898,NaN,0.08697493,0.07923768,0.08137966,0.08598553,0.06461094,0.08232988,0.0517158,0.07949281,0.06381665,NaN,0.1028029,0.1114161,0.09927566,0.127361,0.03896017,posteriorHippocampus,sub-S11,p,randomWalker1,freq34
0.03667751,-0.002754891,0.0298652,0.02211425,0.0489192,0.0009813569,0.03850326,0.07656693,0.03749636,0.03288705,0.0235094,0.04236431,0.02454537,0.0104259,0.004120168,0.06849603,0.05538616,0.03140349,0.04167988,0.05810934,0.05125344,0.07675778,0.04355449,0.004158873,0.02671458,0.06823138,0.07040435,0.05850729,0.06148773,0.09292597,0.06177343,0.007609379,0.05313225,0.05533775,0.05368829,0.003331195,0.04965556,0.08749439,0.05192488,0.0654194,0.1055885,0.05609849,0.1020881,0.0744053,0.1142981,0.05968549,0.1080364,0.09809514,0.09443826,0.08485807,0.01318801,-0.004792708,0.03186702,0.03806762,0.05911892,-0.01432547,0.07250507,0.07813317,0.02297989,0.02522163,0.04143552,0.03137266,0.04484687,0.07881153,0.09717144,0.05249104,0.04775267,0.02871191,0.04353222,0.05855145,0.05175391,0.01843506,0.05126511,0.06088396,0.09717151,0.01551685,0.05029186,0.04604885,0.06432309,0.02737754,0.001566197,-0.007857264,0.007485917,0.05633503,0.09717147,0.007075357,0.03000254,0.01951776,0.0214844,0.01450178,0.04020822,0.00740073,0.01977653,0.0590047,0.09717142,0.01411273,0.05779851,0.02200106,0.03480026,0.03509476,0.06629071,-0.01564491,0.05344332,0.04632912,0.09717139,0.003809404,0.06214052,0.05148439,0.06329659,0.002919229,0.06310294,-0.006604876,0.05460506,0.05981144,0.09717139,-0.02435947,0.06265405,0.08157057,0.05322699,0.02998002,anteriorHippocampus,sub-S11,p,randomWalker2,freq34
0.08067219,0.05929444,0.07592549,0.07158232,0.08641689,0.05756461,0.08201347,0.1101725,0.08314453,0.07992636,0.08595376,0.08047258,0.08917435,0.06512368,0.05100857,0.1235769,0.1193835,0.09516342,0.107542,0.1206974,0.1070515,0.1264768,0.08043636,0.05743781,0.07758356,0.1106009,0.103256,0.09832431,0.1024932,0.1412876,0.06799399,0.06642698,0.0801497,0.0939915,0.08006126,0.06033941,0.07636442,0.1048187,0.04855976,0.04022912,0.1406297,0.09096102,0.1249654,0.1082892,0.13918,0.09256797,0.1350487,0.1277684,0.1301526,0.11548,0.02999259,0.05133668,0.06021768,0.0643875,0.08609874,0.03475184,0.1186813,0.1089739,0.03994513,0.07406355,0.1022497,0.07913178,0.1117713,0.06270476,0.1106419,0.1154199,0.1132143,0.09497655,0.1079697,0.105868,0.08567424,0.04904443,0.1084942,0.09819015,0.1106421,0.03994323,0.1029031,0.09988441,0.1001212,0.0611905,0.0673979,0.06163226,0.05371152,0.1148478,0.110642,0.08665601,0.09556065,0.08095764,0.08765262,0.076971,0.07719194,0.05569575,0.06460582,0.09883881,0.1106419,0.06437199,0.09949967,0.06817928,0.07430677,0.07696426,0.09275789,0.01617285,0.08736642,0.08259292,0.1106419,0.0112536,0.09213822,0.08258666,0.09034859,0.0416612,0.04384284,0.02796132,0.1000635,0.09188756,0.1106419,0.01489327,0.03931966,0.1149861,0.0458644,0.06445136,posteriorHippocampus,sub-S11,p,randomWalker2,freq34
0.01447337,0.01723031,0.03525786,0.02313568,0.07692258,0.01647409,0.007822921,0.0561505,0.0238486,0.03731689,0.04460713,0.01742688,0.05835132,0.008316432,0.06667078,0.05221364,0.06080626,0.04679187,0.05195398,0.07675862,0.05980828,0.04862829,0.05097461,0.08944768,0.04820857,0.05562344,0.06452875,0.06108166,0.05923291,0.04308269,0.04201382,0.06575607,0.05485176,0.06935961,0.054707,0.0515474,0.05278191,0.05198526,0.04766239,0.06239576,0.08604683,0.08195704,0.09948466,0.08669326,0.09038597,0.08277702,0.09587348,0.09188423,0.09627587,0.08696783,0.0228276,0.008437653,0.04691331,0.03348326,0.04985743,0.0242918,0.04677753,0.05194714,0.02501544,0.03827971,0.05111402,0.03806284,0.06222671,0.004569925,0.03814498,0.03930695,0.03289798,0.0323936,0.0458681,0.06393284,0.06186289,0.03840506,0.04911293,0.004569814,0.05448717,0.03200828,0.06505915,0.04822468,0.05525674,0.05457105,0.02586208,0.02148215,-0.01029523,0.004569937,0.0271752,0.02043979,0.02322992,0.01388872,0.02221535,0.05781757,0.03941109,0.04197855,0.07181679,0.004569665,0.06034356,0.03321601,0.01915573,0.0447807,0.0412492,0.04784635,0.05405955,0.03827939,0.05261047,0.004569795,0.05152684,0.06775048,0.06727517,0.05708766,0.05588175,0.08235014,0.02728485,0.03227947,0.05696682,0.004569981,0.0548897,-0.002739854,0.07317697,0.04588745,0.0346004,0.0612295,anteriorHippocampus,sub-S11,p,randomWalker3,freq34
0.06433409,0.06972288,0.07612075,0.07065011,0.1066909,0.06820717,0.04915328,0.09524643,0.07297242,0.08384211,0.1089438,0.006816213,0.1116289,0.05664217,0.1078337,0.1131642,0.1129449,0.1077265,0.1107012,0.1135283,0.09006874,0.0840206,0.07886116,0.07777309,0.07502314,0.08415312,0.09273149,0.08682767,0.08982625,0.07566935,0.0259853,0.08390812,0.07530422,0.1031961,0.07179475,0.08955938,0.05948178,0.06233942,0.04019768,0.0971697,0.1275735,0.1211369,0.1389077,0.120329,0.1192845,0.1206674,0.1341683,0.1268481,0.1358358,0.120935,0.04853516,0.0613493,0.08375635,0.04853548,0.04917332,0.08357604,0.02764334,0.07575991,0.04137219,0.09495179,0.1122601,0.09087806,0.1162168,0.04574492,0.0897315,0.08827541,0.08211555,0.08837812,0.1047722,0.1133112,0.1030373,0.05309768,0.06470477,0.04574494,0.08106319,0.07257973,0.1080587,0.04799157,0.08864083,0.07746048,0.09265079,0.08126489,0.02882512,0.04574504,0.03439735,0.0794436,0.08476968,0.06976946,0.08565355,0.1151066,0.0707147,0.08165362,0.1123998,0.04574504,0.07630058,0.08071958,0.05529856,0.0737793,0.07531738,0.08017246,0.08345036,0.08726762,0.07746398,0.04574498,0.07773011,0.08135534,0.09711341,0.08176839,0.08658016,0.09587177,0.07676576,0.03180643,0.06430256,0.04574496,0.08104406,0.03548371,0.1104639,0.08823492,0.08067412,0.05695998,posteriorHippocampus,sub-S11,p,randomWalker3,freq34
0.02428329,0.01036117,-0.006867585,0.01309708,0.08535437,0.01384105,0.04653058,0.05965599,0.03119278,0.04209248,0.0409136,0.03599836,0.05386966,0.03051366,0.05462525,0.05493761,0.05337501,0.04957813,0.05181048,0.05030372,0.06513826,0.06764811,0.05328793,0.05336221,0.04823506,0.05632161,0.06642182,0.05684447,0.06547973,0.06460784,0.03399222,-0.00441975,0.01619559,0.01767526,0.03702109,-0.0009264079,0.05199971,0.05080371,0.02466156,0.01644182,0.0894376,0.08409887,0.0622139,0.03726313,0.09949231,0.07698194,0.08794268,0.09174745,0.08652359,0.09026925,0.02190757,0.01151028,0.05983839,0.01881227,0.06644817,0.0004438008,0.06327631,0.04956834,0.02468674,0.02609737,0.04036229,0.02729854,0.03666334,0.02268479,0.06405969,0.05125683,0.0423251,0.0416351,0.04493765,0.1079508,0.03342,0.04784781,0.04339806,0.04842725,0.06405963,0.06623174,0.03928027,0.0494949,0.05922755,0.02699416,0.02568329,0.01737094,0.02341798,0.01792473,0.06405979,0.03766112,0.03170419,0.02646773,0.03035592,0.02485097,0.03402381,0.02280618,0.04876583,0.01767798,0.06405977,0.04289255,0.05844635,0.04817493,0.04113488,0.02913399,0.06405688,0.05473289,0.05421966,0.05672323,0.06405966,0.05796692,0.05949019,0.05708212,0.06014518,0.03505815,0.07830161,0.1132088,0.05407697,0.05592888,0.06405982,0.06896289,0.08816527,0.06472745,0.08289888,0.07159407,anteriorHippocampus,sub-S11,p,randomWalker4,freq34
0.07884672,0.06843711,0.05577157,0.06250028,0.1033021,0.06849892,0.08032507,0.1022492,0.08144521,0.08877744,0.105241,0.07562383,0.1133643,0.09317715,0.1133832,0.1134628,0.1150814,0.1073956,0.115371,0.1112535,0.105069,0.1044854,0.08473577,0.08978522,0.08072124,0.0884267,0.09950138,0.08842099,0.09901559,0.1067659,0.08534314,0.05714609,0.02037222,0.05876695,0.03085333,0.06108441,0.06650028,0.09137619,0.06912033,0.07315848,0.1322479,0.1261281,0.1077192,0.07790347,0.1239182,0.1172374,0.1264861,0.1233049,0.1266722,0.1222445,0.05861086,0.06868532,0.09296875,0.03799513,0.09719037,0.05024033,0.1112583,0.08598699,0.04598973,0.06712639,0.09947368,0.07962117,0.1012763,0.08122852,0.1243969,0.1108347,0.1075958,0.1044631,0.1079101,0.06924492,0.0505968,0.06933843,0.07494151,0.08936349,0.1243969,0.09210459,0.1029605,0.07377098,0.08821418,0.0545218,0.08752847,0.07289682,0.08451209,0.07147213,0.1243969,0.1046411,0.09531846,0.08876435,0.0945793,0.08588465,0.07513465,0.06483518,0.09525399,0.06632819,0.124397,0.08211305,0.07283469,0.09570993,0.07786187,0.06032741,0.09583306,0.1007899,0.08378055,0.08459283,0.124397,0.09061704,0.09182098,0.08779757,0.0922227,0.06459801,0.1310555,0.1537322,0.08095283,0.09245386,0.124397,0.09362359,0.134461,0.0854397,0.1392635,0.1023291,posteriorHippocampus,sub-S11,p,randomWalker4,freq34
0.03066029,-0.0009273174,0.01953783,0.01015741,0.07049944,-0.001144606,0.0413819,0.05160255,0.02066603,0.03386518,0.04238411,-0.04332916,0.03746811,0.02067393,0.0621955,0.02427866,0.05585507,0.07775868,0.05420101,0.06319387,0.05924941,0.09244458,0.0504588,0.03453654,0.04883577,0.02806977,0.0670497,0.0502467,0.05994702,0.04718824,-0.002513977,0.04902061,0.05329896,0.06630927,0.04784652,-0.02169196,0.0478364,0.06413911,0.04149517,0.06486272,0.07762045,0.06171232,0.07549137,0.07279751,0.09071314,0.06755565,0.07302874,0.08812302,0.07493222,0.0718726,0.005305432,0.005015564,0.06166529,0.05909409,0.07091946,-0.01880361,0.06190111,0.08509073,0.01346383,0.02935374,0.04937628,0.0004642063,0.0467846,0.01366435,NaN,0.04950236,0.03862858,0.03998455,0.04713408,0.06143035,0.05929145,0.04287311,0.04740592,0.05293373,NaN,0.04871259,0.05223076,0.07667263,0.04184575,0.02224371,0.02333298,0.01120142,0.01589478,-0.0001929014,NaN,0.02663577,0.02178693,0.02568105,0.02447655,0.0163426,0.03248667,-0.0006183778,0.01935433,0.02244427,NaN,0.04545498,0.02515867,0.06930162,0.03608318,0.05341037,0.0511547,0.08155059,0.05702977,0.04718957,NaN,0.02562288,0.06142073,0.02202475,0.0546887,0.05301995,0.02805419,0.07020216,0.05237185,0.07884377,NaN,0.04511071,0.06641156,0.07408368,0.03212778,0.01848271,anteriorHippocampus,sub-S11,p,randomWalker5,freq34
0.08243836,0.06146068,0.06859462,0.07095826,0.1062859,0.06157971,0.08701278,0.09987564,0.07616671,0.08421612,0.1100157,-0.009343995,0.1014111,0.08237457,0.1080254,0.02215865,0.1194043,0.1043281,0.1165728,0.1263929,0.100824,0.1331226,0.08107818,0.08972788,0.07953849,0.07590812,0.1014943,0.0797177,0.09210169,0.09774739,0.02888714,0.09350072,0.07495426,0.1087128,0.07432587,0.04448563,0.07103308,0.05169117,0.04759854,0.1049161,0.1195226,0.1035111,0.1186249,0.1190707,0.1246198,0.1113309,0.1048648,0.125266,0.1191597,0.1094225,0.03045899,0.06081244,0.09342282,0.05236563,0.1163067,0.04393999,0.1214473,0.0906448,0.04335467,0.0800551,0.1073081,0.06136614,0.1059913,0.0600679,NaN,0.09035321,0.1032845,0.102121,0.1023084,0.09635068,0.1056721,0.03824675,0.08683352,0.05639929,NaN,0.09658279,0.1183671,0.1094319,0.08188345,0.08316668,0.09064807,0.0671857,0.08220612,0.05063853,NaN,0.09563129,0.08734971,0.09250439,0.09242011,0.07790829,0.06229404,0.01628615,0.05937159,0.0510806,NaN,0.09740636,0.05324781,0.1127654,0.07656809,0.09458087,0.0808025,0.1213783,0.08378696,0.0755466,NaN,0.02261208,0.09265762,0.0640677,0.07828821,0.07952207,0.1035501,0.1153779,0.1086429,0.1106592,NaN,0.08558118,0.1384314,0.114465,0.107444,0.07230201,posteriorHippocampus,sub-S11,p,randomWalker5,freq34
0.02904565,0.003147533,0.01356413,0.03200793,0.04975049,0.01764181,0.06022877,0.05101692,0.02732435,0.03561444,0.04914347,0.05785895,0.039915,0.03601831,0.06380116,0.08544721,0.06440543,0.05491221,0.05450183,0.0662372,0.06102933,0.04695377,0.05841648,0.07292349,0.05196765,0.05514806,0.05533056,0.05571857,0.05822538,0.05413999,0.04258727,0.04389416,0.05705845,0.07191712,0.027066,0.04428869,0.05402176,0.07598861,0.03559424,0.07312651,0.09707554,0.07058143,0.08313429,0.09082723,0.08278613,0.08380026,0.09073877,0.08947881,0.08787613,0.08631616,0.04657491,0.0007960871,0.07020403,0.06299172,0.0280742,-0.00288062,0.06351852,-0.01148941,0.008987742,0.00747276,0.04594806,0.04943623,0.03904371,0.04788378,NaN,0.05092982,0.06869382,0.04641946,0.0497851,0.06748364,0.05712214,0.04591928,0.05077612,0.02180799,NaN,0.04585009,0.06418826,0.06565708,0.05870483,0.02967119,0.02844387,0.007495633,0.01261196,0.02543847,NaN,-0.009021779,0.007217326,0.01629863,0.02809312,-0.03529605,0.04286315,0.01696077,0.004186125,0.03262893,NaN,0.03549773,0.04213527,0.04668462,0.04048521,0.02999858,0.06576587,0.05710503,0.07293387,0.08796621,NaN,0.05446359,0.06066736,0.05087737,0.06044566,0.06396735,0.06299213,0.04618474,0.04519973,0.0199035,NaN,0.05971581,0.0598869,0.03531283,0.06559017,0.08456386,anteriorHippocampus,sub-S11,p,randomWalker6,freq34
0.08044522,0.06194808,0.0392476,0.05838376,0.09318403,0.06945772,0.07419866,0.09355491,0.07567353,0.08263028,0.1030949,0.06743874,0.09916443,0.0945693,0.1014844,0.1067575,0.1172076,0.09755397,0.1116506,0.1062843,0.09701078,0.09134753,0.08416657,0.1235466,0.07768573,0.08198733,0.08321661,0.084791,0.08919185,0.09402598,0.09319626,0.08884879,0.07538418,0.04755734,0.07117141,0.08140291,0.07606913,0.08326171,0.05969637,0.1095124,0.1330925,0.1102441,0.1181932,0.1180701,0.1123072,0.1218676,0.1148191,0.1206133,0.1269087,0.1173773,0.07633061,0.05745526,0.1137698,0.071408,0.03945736,0.04249898,0.1061353,0.04253069,0.02959808,0.04404757,0.101612,0.1030916,0.09839594,0.0885464,NaN,0.1049769,0.1049152,0.1061778,0.1074178,0.09687977,0.1087669,0.0689621,0.1068612,0.08293345,NaN,0.07077295,0.1050941,0.08703654,0.09658877,0.04251711,0.09048758,0.07958206,0.03353638,0.08217841,NaN,0.06982981,0.05028117,0.08841534,0.09342791,0.03049161,0.06907228,0.06440899,0.02212836,0.04275233,NaN,0.07792349,0.07980971,0.0880525,0.07492576,0.04937608,0.09262941,0.06689153,0.1024772,0.1451119,NaN,0.07412177,0.08632419,0.06571303,0.08359506,0.09932572,0.1267629,0.06556661,0.1069013,0.07901824,NaN,0.07206254,0.09769009,0.05524045,0.1283595,0.1197029,posteriorHippocampus,sub-S11,p,randomWalker6,freq34
0.02450916,-0.00269578,0.01418046,0.007363447,0.0571361,0.01944703,0.03003254,0.05998692,0.02564522,0.02863593,0.0418149,0.01196086,0.04904421,0.0211991,0.08642367,0.0813737,0.05559846,0.08282305,0.04787204,0.04609158,0.06279801,0.04835634,0.05074854,0.0006337421,0.04564727,0.05886128,0.05939793,0.05718541,0.06096228,0.04646271,-0.004811893,-0.01284347,0.05358502,-0.00812126,0.02054696,0.01288368,0.04129557,0.03796748,-0.001967168,-0.007806666,0.08231212,0.07874938,0.09953652,0.08055626,0.08941299,0.07949983,0.09357749,0.09041756,0.08640796,0.08037966,0.016127,0.005374562,0.05940907,0.03162203,0.05572618,-0.005987798,0.0633157,0.04149725,0.01901552,0.01401396,0.0374639,0.02997279,0.05016545,NaN,0.003932631,0.07076911,0.0595067,0.05911776,0.0430024,0.01892159,0.04888741,0.02455089,0.0552928,NaN,0.09940474,0.02229731,0.05753155,0.03616867,0.05507857,0.01707016,0.02218557,0.0239244,0.03593337,NaN,0.001346721,-0.0436999,0.02930531,0.01330808,0.02535401,0.006884169,0.03918156,0.03871126,0.05000709,NaN,0.09274293,0.03158912,0.04296001,0.05065665,0.04301479,0.03731742,0.06257723,0.05804116,0.05244273,NaN,0.0784338,0.06067402,0.04357871,0.05680171,0.05757057,0.05655828,-0.008911565,-0.01112695,0.05752806,NaN,0.09193708,0.03786375,0.04822346,0.04501277,0.001387175,0.01015497,anteriorHippocampus,sub-S11,p,randomWalker7,freq34
0.07301451,0.05875861,0.07163114,0.06554307,0.0934227,0.07284701,0.08296213,0.1006434,0.07640707,0.07961556,0.1052031,0.06307803,0.1089979,0.08304322,0.05311351,0.1338252,0.1182471,0.03391994,0.1112314,0.1071514,0.09817,0.1171773,0.08246129,0.06146913,0.0762051,0.09531818,0.08894309,0.0837798,0.09685016,0.09444467,0.05450793,0.0532079,0.06011797,0.05845026,0.04412911,0.04317514,0.04052037,0.06840675,0.05072916,0.0489573,0.1265313,0.1227307,0.1380486,0.1265971,0.1259948,0.1202868,0.1355129,0.1252941,0.1298179,0.1168805,0.02286563,0.05582869,0.1008715,0.01450662,0.04296344,0.0364688,0.107443,0.08401269,0.03453532,0.06141103,0.09762351,0.08664047,0.1102257,NaN,0.04869857,0.120046,0.1116948,0.1089273,0.1039815,0.08157273,0.09327108,0.03524086,0.09486346,NaN,0.1003197,0.04495622,0.07328007,0.07247894,0.09807412,0.04251021,0.09250753,0.09060021,0.1042073,NaN,0.04841023,0.01112179,0.09674788,0.08973377,0.09481245,0.06288111,0.07547669,0.07768928,0.07208953,NaN,0.1116554,0.0768467,0.09805362,0.09298446,0.08042879,0.08945841,0.08927733,0.07231701,0.08057101,NaN,0.09612685,0.08378933,0.06931209,0.07558812,0.08205523,0.07528494,0.05873651,0.05278787,0.09949241,NaN,0.1015746,0.04103237,0.08299828,0.0627914,0.07190867,0.03971737,posteriorHippocampus,sub-S11,p,randomWalker7,freq34
0.02469153,0.02361521,-0.002292352,0.03078699,0.0600425,0.02673106,0.05768923,0.05546239,0.04282354,0.04162024,0.04523969,0.05348229,0.04285639,0.03712757,0.06553139,0.06196712,0.05601663,0.06682126,0.04693493,0.06942593,0.05306197,0.07216489,0.05574569,0.05255374,0.0541463,0.05889674,0.06483555,0.05342614,0.06132001,0.0544312,0.02862102,0.04975207,0.05674943,0.04885426,0.04587384,0.03072484,0.05331387,0.05156496,0.05438428,0.05746449,0.1042102,0.09325712,0.09557294,0.07812818,0.09480836,0.08977159,0.108372,0.09270982,0.09359004,0.08871261,0.02358165,0.01527079,0.05389336,0.04836792,0.0369134,0.005930824,0.06539579,0.04058338,0.03575544,0.03613904,0.04543374,0.02997258,0.01593051,0.04763069,0.06469954,0.04913112,0.04154332,0.04622414,0.04472321,0.04638427,0.05811937,0.01893051,0.02748659,0.009192524,0.06469928,0.02866664,0.05899445,0.04215931,0.06188417,0.05863989,0.03432688,0.03481966,0.009453453,0.05535584,0.0646994,0.01621392,0.03700918,0.02879621,0.03360406,0.03961375,0.04666182,0.03650054,0.05310194,0.04634425,0.06469946,0.04377664,0.05141314,0.03968479,0.04637442,0.05918794,0.0593478,0.02569865,0.05198329,0.01511028,0.06469927,0.01127227,0.06208064,0.05025346,0.05912779,0.0529439,0.0743946,0.05671993,0.04306566,0.001586042,0.06469938,0.07909713,0.0739988,0.08314653,0.08262384,0.04262916,anteriorHippocampus,sub-S11,p,randomWalker8,freq34
0.06938238,0.07240941,0.05475688,0.0740296,0.09325205,0.07047988,0.09235824,0.0941017,0.08453969,0.08698557,0.1074538,0.09633945,0.1007615,0.09847959,0.1086851,0.1133555,0.11389,0.1050831,0.1077261,0.1185601,0.100444,0.108751,0.08641839,0.0945852,0.08123243,0.09304985,0.09502629,0.08268153,0.09433116,0.08738278,0.07908958,0.08638103,0.07338192,0.07618015,0.06435943,0.04803596,0.07203148,0.08107169,0.05446965,0.08335959,0.1427628,0.1285627,0.1260798,0.1142375,0.1261717,0.1280724,0.1455612,0.124933,0.1322639,0.1200118,0.03713569,0.06496333,0.08412377,0.0614864,0.03271049,0.04123109,0.09564822,0.07166363,0.0508888,0.07447467,0.1029469,0.06100232,0.02767727,0.06948919,0.1222097,0.08286709,0.1022818,0.09929349,0.1031769,0.07909286,0.09310598,0.04400953,0.07282925,0.03477426,0.1222097,0.05075972,0.09827376,0.05387318,0.08850557,0.09521491,0.09635246,0.1013139,0.05894053,0.08922571,0.1222097,0.08522027,0.1003589,0.09479227,0.09588116,0.1026159,0.07395442,0.06803899,0.08818202,0.0680041,0.1222097,0.0792238,0.09248115,0.0696719,0.07911762,0.09362701,0.08632349,0.07144555,0.07577504,0.04640702,0.1222098,0.04994975,0.08838611,0.0800726,0.08298327,0.08113667,0.1398078,0.07078798,0.08280403,0.02873851,0.1222097,0.0894656,0.09704275,0.1449289,0.1436301,0.09114129,posteriorHippocampus,sub-S11,p,randomWalker8,freq34
0.03690511,0.02266912,0.01078054,0.02265974,0.06006725,0.002538406,0.01963007,0.06081003,0.02928814,0.03625047,0.0383661,0.08385227,0.0455516,0.03600246,0.04945127,0.05135698,0.05966865,0.04611831,0.04891847,0.05385184,0.0570749,0.08005346,0.06548754,0.05184862,0.04519984,0.04492127,0.06135349,0.04457084,0.0626785,0.05544518,0.02028517,0.02510544,0.04042965,0.01186372,0.05748621,-0.008413665,0.0528669,0.07905443,0.03465967,0.0435365,0.09479521,0.08675524,0.07587473,0.06791855,0.09848297,0.07830215,0.08166737,0.09048032,0.09666921,0.08641707,0.0262417,0.008049851,0.06742488,0.04459722,0.03648078,-0.00487871,0.07585136,0.0260447,0.02749125,0.01536081,0.04265017,0.03568776,0.05655189,0.05143238,NaN,0.02962677,0.05099028,0.03475074,0.04424775,0.04377624,0.05159997,0.03749978,0.06250212,0.08107062,NaN,0.04783453,0.06154349,0.01513268,0.05015342,0.03325268,0.02665372,0.01799863,0.02979741,0.03527027,NaN,0.01915188,0.03345049,0.01945151,0.02665665,0.02778402,0.03662819,0.04109622,0.05757574,0.07212049,NaN,0.03194657,0.03917074,0.04552367,0.03867332,0.03130695,0.06461354,0.04585165,0.0577535,0.07981576,NaN,0.05332395,0.05822933,0.05508472,0.06140196,0.01358456,0.07471871,0.02431882,0.0641184,0.07024185,NaN,0.07087423,0.1087317,0.09466416,0.112779,0.01782288,anteriorHippocampus,sub-S11,p,randomWalker9,freq34
0.08580252,0.07643137,0.06665669,0.06992156,0.103049,0.06042125,0.05942949,0.09964681,0.08087785,0.08436088,0.1029092,0.1066872,0.1097254,0.09997182,0.1074977,0.111653,0.1188075,0.1082222,0.1120992,0.114542,0.09592051,0.1304038,0.1049395,0.098965,0.07653757,0.07844447,0.09325425,0.07666751,0.09888858,0.09817187,0.05511934,0.07664471,0.03332572,0.0643444,0.08185794,0.03495516,0.06218643,0.100695,0.06309509,0.08921272,0.1341774,0.1231888,0.1092284,0.1057101,0.1330653,0.1206708,0.1163108,0.1215376,0.135598,0.118726,0.03329476,0.0586854,0.0767578,0.04433423,0.05888078,0.04413501,0.118309,0.06025786,0.05224576,0.0638646,0.1053678,0.09294998,0.1183274,0.1158452,NaN,0.08830906,0.1144799,0.09470247,0.1064543,0.105806,0.07084221,0.08710672,0.1002184,0.06219158,NaN,0.08748503,0.1051808,0.06171358,0.08800437,0.06128522,0.08947133,0.08020829,0.09184684,0.09809714,NaN,0.07539422,0.09782035,0.07959563,0.09026789,0.093826,0.07461143,0.08554906,0.09265512,0.07232977,NaN,0.06193652,0.06630614,0.08894692,0.07725121,0.07267958,0.08976675,0.04346541,0.08711123,0.08375268,NaN,0.07867975,0.08931804,0.08168644,0.08857157,0.03037565,0.09229081,0.05682653,0.09618983,0.06356619,NaN,0.1038275,0.1403154,0.1058199,0.1455382,0.04109056,posteriorHippocampus,sub-S11,p,randomWalker9,freq34
0.05191782,0.02194918,0.02353497,0.043829,0.04933432,0.02027643,0.09032989,0.0453576,0.04813495,0.03550341,0.04354807,0.03670812,0.04561412,0.04382149,0.05540096,0.06368106,0.05700447,0.04909415,0.0490953,0.05188113,0.05378664,0.03895183,0.04412923,0.05538621,0.03964632,0.04399051,0.05666998,0.04661959,0.04927459,0.03377147,0.01471588,0.01209219,0.04004829,0.0001845368,0.03391349,0.009622149,0.04539925,0.01817711,0.003765509,0.01481576,0.09798249,0.09023021,0.08132154,0.07018975,0.04770863,0.06307221,0.1065109,0.07681606,0.09089687,0.04415315,0.05053144,0.04269163,0.04186006,0.02433789,0.03900992,0.03467587,0.04137192,0.06469398,0.05923108,0.05210253,0.04869316,0.04091388,0.0461823,0.04822186,0.04595519,0.0380244,0.05393693,-0.009814796,0.05039073,0.01841558,0.02463356,0.08626477,0.006661951,0.04547892,0.04466461,0.07983146,0.02190427,0.08122791,0.03745658,0.06803699,0.03522438,0.03383382,0.02268248,0.02671297,0.01828111,0.03732705,0.03589848,0.04377798,0.03617967,0.05149636,0.07823481,0.07537676,0.06224423,0.06951831,0.03305199,0.06309298,0.06793024,0.07569939,0.07362656,0.06948514,0.04816046,0.04520817,0.04420203,0.05615225,0.04345405,0.04032414,0.04826121,0.04285306,0.04762265,0.06759964,-0.02820839,0.06645648,-0.001905584,0.04970908,0.04402247,0.06119971,0.03242419,-0.003195128,-0.03055642,0.04914361,anteriorHippocampus,sub-S13,p,randomWalker0,freq34
0.01047445,-0.004314933,-0.005832222,0.002929527,0.01054058,-0.006909748,0.04958425,0.007527102,0.00857593,0.002640067,-0.008968,0.02099316,-0.007996649,-0.007256944,0.004361873,0.01594474,-0.001506935,0.03147618,-0.006755885,0.002593217,0.02586661,0.03730181,0.01848577,0.01342589,0.01817454,0.02522062,0.03156639,0.02371095,0.02275701,0.009118657,-0.006399247,-0.005160298,0.03054179,-0.01258319,0.02557562,-0.009877049,0.02376094,-0.01058542,0.003913771,-0.00271121,0.06161416,0.05049032,0.03608403,0.02379541,0.01366477,0.02478619,0.07242774,0.04199371,0.05536387,0.0100473,0.0364282,0.001974856,0.0310895,0.05067649,0.04113563,-0.004502977,0.02099636,0.04159342,0.04161832,0.009185207,-0.002717746,0.01614691,-0.007732076,-0.004266917,-0.008322102,0.009751262,-0.002384013,-0.002384664,0.003694531,0.03526657,0.06499732,0.05043966,-0.0122957,0.001176498,0.02046838,0.04705331,0.01195616,0.08930527,0.09719645,0.03531597,-0.01767164,-0.01835187,-0.01844474,-0.0203401,-0.008426754,-0.0178621,-0.01818227,-0.01356682,-0.01715316,-0.01090212,0.03451205,0.02361997,0.02393063,0.05033782,0.0179893,0.01481918,0.02432273,0.03061267,0.02769064,0.03020955,0.03154172,0.08974188,0.03080887,0.02108186,0.02003692,0.04261503,0.02383308,0.02869672,0.03401161,0.04169376,0.01219065,0.02882765,0.02116662,0.01064855,0.01993978,0.03455134,0.02543994,-0.008116576,0.007079407,0.02821557,posteriorHippocampus,sub-S13,p,randomWalker0,freq34
0.03860572,0.03446091,0.0488917,0.04801841,0.01950587,0.02157312,0.04563034,0.04267699,0.04309464,0.04710308,0.05431877,0.0607898,0.04735273,0.04664754,0.0536195,0.07212748,0.06246448,0.06010246,0.05813935,0.06617641,0.05596674,0.04396682,0.04612551,0.05522888,0.04786071,0.05154081,0.0616331,0.04922572,0.05895437,0.05011655,0.02777683,0.03602289,0.0216502,0.02384931,-0.002205576,-0.003902612,-0.009829582,0.01548865,0.02106846,0.03415298,0.08811741,0.06871685,0.1094465,0.05955596,0.0723202,0.07149351,0.1065028,0.07870473,0.0882857,0.05974172,0.04075447,0.05077088,0.04676973,0.04366076,0.01257442,0.02405231,0.05457915,0.04284709,0.05665002,0.06289285,0.05367988,0.05662098,0.048915,0.05588836,NaN,0.0579038,0.05960012,0.05526154,0.05380717,0.05617541,0.04778476,0.05723314,0.03365544,0.009967705,NaN,0.04530552,0.05206439,0.04975522,0.04922544,0.0842483,0.03851106,0.02620581,0.01202889,0.01239087,NaN,0.04820924,0.04308343,0.03792695,0.0389027,0.06105931,0.07377819,0.06632616,0.1206257,0.04189648,NaN,0.06210602,0.04702495,0.0669165,0.07143591,0.07357991,0.05074655,0.05043907,0.04403073,0.07609612,NaN,0.05359969,0.0482894,0.05040566,0.05150853,0.03380101,-0.0196924,0.04737193,0.03581623,0.03409247,NaN,0.03785545,0.02176441,0.02421909,-0.00728864,0.05368011,anteriorHippocampus,sub-S13,p,randomWalker1,freq34
-0.004915726,0.004984128,0.0166708,0.006534754,-0.0186929,-0.01638596,0.02606671,-0.001470831,-0.0007293429,0.002224499,-0.009153998,-0.001001165,-0.01535288,-0.009439958,0.01732785,0.00845922,-0.005329958,0.01125932,-0.008497735,-0.002073742,0.005019344,0.01724254,0.01603535,2.700357e-05,0.01926331,0.02354573,0.02554174,0.02364453,0.0139045,0.02030952,-0.008169891,0.00204068,0.02004226,-0.004745137,-0.02700042,-0.02799429,0.006006944,-0.01716059,-0.01309554,-0.0006089397,0.04881881,0.03241237,0.07868425,0.02517094,0.03701157,0.03146697,0.08092739,0.04408562,0.04979084,0.02647517,0.02492645,0.01113468,0.003403018,0.03280262,0.04728767,-0.01525226,0.004483572,0.01060519,0.04889042,0.02993011,-0.00863858,-0.00880714,-0.01538308,-0.004944957,NaN,-0.01008953,-0.006723308,-0.009567937,-0.01011895,-0.006434206,0.09299194,0.0760648,0.006671964,0.07890175,NaN,0.1035026,0.03239207,0.04494997,0.1017923,0.07156669,-0.01679694,-0.001003877,-0.01603404,-0.01655227,NaN,-0.008525008,-0.01545799,-0.007237739,-0.01683268,-0.001493465,0.02623443,0.0190961,0.1003349,0.02591923,NaN,0.01583473,0.0005025454,0.02458595,0.0218251,0.03582483,0.03326342,0.0208765,0.01576348,0.02859284,NaN,0.02955311,0.02433522,0.02521206,0.02566545,0.02743557,0.001782811,0.06486272,0.007631009,0.01357594,NaN,0.0763853,0.01056792,0.01220157,0.03897727,0.04272465,posteriorHippocampus,sub-S13,p,randomWalker1,freq34
0.06014737,0.02827938,0.07454962,0.05193556,0.05859149,0.02565865,0.07549809,0.05930373,0.05725137,0.03744545,0.03034665,0.03823778,0.03524956,0.01534847,-0.0001341355,0.06202576,0.05800569,0.04529605,0.05093622,0.05417421,0.05172956,0.06023967,0.04247336,0.005107374,0.03027438,0.05422178,0.0613995,0.05547106,0.05655473,-0.003526344,0.04426051,0.02953272,0.04486753,0.03218841,0.04454393,0.02372489,0.04419677,0.04819433,0.03338608,0.01703757,0.09878878,0.02979256,0.1076354,0.05171874,0.09402771,0.02572595,0.1126531,0.07622884,0.08364984,0.05718261,0.05838805,0.0440149,0.02101263,0.0701012,0.04509128,0.02996955,0.05649462,0.09821005,0.06561067,0.05627128,0.0464294,0.03203655,0.05048839,0.04535906,0.1019517,0.05276329,0.05397611,0.04093717,0.050731,0.05860123,0.05936451,0.0591935,0.05294991,0.09450722,0.1019516,0.0529114,0.03881526,0.0447414,0.041572,0.0754194,0.01602028,0.01090228,0.006698026,0.07484331,0.1019515,0.0338744,0.03599967,0.02627513,0.03055844,0.04010634,0.07862221,0.04310526,0.03706598,0.08807171,0.1019517,0.0389663,0.08823995,0.05073855,0.06992303,0.06636142,0.04868426,0.039257,0.05012329,0.07781553,0.1019516,0.03505194,0.05440361,0.0479904,0.05056544,0.05469828,0.0176332,0.02370541,0.05075958,0.08949261,0.1019517,0.007762353,-0.007052396,0.0779673,0.01697891,0.06915235,anteriorHippocampus,sub-S13,p,randomWalker2,freq34
0.01176362,0.0003194511,0.0240258,-0.0003701861,0.009760131,-0.001581863,0.02300148,0.01788558,0.006844234,-0.0005759198,-0.01686673,0.00776774,-0.01559721,-0.01181485,-0.01061445,-0.002201383,-0.008617369,-0.009188736,-0.01134115,-0.008869073,-0.004634862,0.02394032,0.0176924,-0.016224,-0.01566243,0.01934203,0.02542484,0.005250507,0.01391679,0.0329741,0.05159689,0.004190805,0.01475294,-0.00432576,0.01491017,0.001303647,0.01614729,0.01727011,0.03493295,0.03535393,0.06017101,-0.01153537,0.07653178,0.008672943,0.05570672,-0.01377652,0.08247366,0.04077489,0.04161629,0.01740804,0.03693689,0.001816985,0.01317101,0.01823276,0.01115075,0.000370398,0.01408507,0.06039641,0.05693629,0.006121628,-0.01164688,-3.413829e-05,-0.01288778,0.05924378,0.1073662,-0.0112019,-0.009915267,-0.01362405,-0.01091542,-0.0003903993,0.1225066,0.0118127,-0.007095568,0.04381902,0.107366,0.01453781,0.0248597,-0.0004612568,0.08841408,0.04497559,-0.01381941,-0.01465903,-0.01309574,0.002505962,0.107366,-0.01377511,-0.01828988,-0.01792323,-0.01741391,-0.009773199,0.02775303,-0.006200019,-0.01119192,0.03407228,0.1073661,-0.007144504,0.0339867,-0.007939506,0.01624917,0.01080874,0.04462716,0.02195418,0.009513261,0.0236646,0.1073661,0.03562039,0.02937776,0.01302886,0.03444012,0.07915141,0.01155094,-0.01678012,0.00161908,0.04040338,0.1073662,-0.02475438,0.008102605,0.01596917,0.008683227,0.02760425,posteriorHippocampus,sub-S13,p,randomWalker2,freq34
0.04734447,0.03020887,0.06703904,0.05423829,0.04820098,0.02560852,0.04179546,0.039101,0.04832727,0.04565767,0.04858749,0.0357277,0.05765058,0.006608395,0.05484504,0.05368802,0.06421454,0.05255289,0.05798354,0.04677505,0.05346488,0.03383115,0.04691648,0.04805277,0.04601014,0.04955763,0.05768745,0.05229025,0.05057373,0.0370866,0.01759943,0.0286918,0.04031678,0.045785,0.04049224,0.03438283,0.03427767,0.001971857,0.00642101,0.03895937,0.09048043,0.07329209,0.1112044,0.06173901,0.06280147,0.07118357,0.1040782,0.07387417,0.09611949,0.06760044,0.06007507,0.05068341,0.02384964,0.06433698,0.02779529,0.05233371,0.04483972,0.05840364,0.07456082,0.07174701,0.05023748,0.03959236,0.0622777,0.0009378195,0.05897056,0.0403777,0.04944757,0.03580941,0.04947556,0.06922005,0.04002364,0.07507186,0.04406125,0.0009380377,0.04903362,0.07750141,0.05866564,0.05064041,0.05326032,0.07937012,0.03081788,0.02885519,0.01221755,0.0009377761,0.02385216,0.02716115,0.03863073,0.01926043,0.02939853,0.07601655,0.06970511,0.06563867,0.08347181,0.0009377873,0.04970717,0.05921734,0.06364904,0.06329719,0.07178165,0.06951299,0.04568264,0.03833398,0.04724034,0.0009378701,0.04713408,0.05438613,0.05783698,0.04644221,0.04516132,0.08314999,0.0505867,0.01898428,0.05518192,0.000938092,0.04972044,-0.01368578,0.05910287,0.05997507,0.05981419,0.03371095,anteriorHippocampus,sub-S13,p,randomWalker3,freq34
0.003176142,-0.005134303,0.02312499,0.003960683,0.006601709,-0.00812275,0.0001115816,-0.00293374,0.003098905,0.005168176,-0.01183102,0.03524026,-0.001692106,-0.0105356,0.01621817,-0.009106486,-8.881398e-05,-0.00969752,-0.005870578,0.01511121,0.02110464,0.03102898,0.01946079,0.03921353,0.01977269,0.01508223,0.02834132,0.02269297,0.02308927,0.02463302,0.02079374,-0.0008776736,0.01297828,0.004533523,0.01440138,-0.001979008,0.01502426,-0.008806563,0.01002264,0.0003244549,0.04577534,0.02781862,0.08624721,0.02039158,0.02597271,0.02696519,0.06688542,0.03337123,0.05716836,0.02584259,0.02672,0.00344336,0.002196681,0.02288829,0.04973515,-0.0009341636,0.04901911,0.0201162,0.05051453,0.01076648,-0.009291326,-0.005166858,-0.002834624,-0.01260054,-0.003446865,0.001031202,-0.0009083099,-0.01062727,-0.007550966,0.01137856,0.09613179,0.04733992,0.09388424,-0.01260077,0.02216091,0.03373225,0.02063542,0.08497652,0.1020711,0.02860975,-0.01669668,-0.01804793,0.03067628,-0.01260088,0.03837662,-0.01879199,-0.008125761,-0.01705361,-0.01704337,0.001537654,0.02504519,0.01026033,0.03694323,-0.0126007,0.03744075,0.00465785,0.01788173,0.01791505,0.02299698,0.01148332,0.02536007,0.1031201,0.01836575,-0.01260073,0.01876615,0.02271475,0.02579306,0.02797189,0.03100589,0.06868229,0.01226896,0.003125609,0.09929679,-0.01260062,0.02203942,-0.04566295,0.04413078,0.01126698,0.02542125,0.00271405,posteriorHippocampus,sub-S13,p,randomWalker3,freq34
0.05015349,0.03022025,0.02196344,0.02047561,0.04562468,0.02566508,0.06919139,0.0511769,0.0483297,0.04674359,0.04887382,0.03413264,0.05810824,0.04267701,0.05455711,0.06176757,0.06052712,0.05820731,0.05794626,0.04735382,0.05842896,0.05503881,0.05035611,0.05052431,0.04728735,0.05170493,0.06072713,0.05302006,0.05889651,0.05383622,0.04598919,0.02801265,0.006052754,-0.01797835,-0.0286943,0.01752205,0.03443721,0.03367331,0.02029342,0.03296924,0.09166868,0.08017995,0.06091456,0.01541242,0.07432687,0.06203299,0.0804823,0.0673155,0.0784572,0.06421255,0.06396796,0.0556261,0.0508053,0.0353545,0.04916006,0.03540867,0.04508162,0.06334452,0.0670353,0.06008806,0.04673999,0.03112005,0.04856222,0.03258264,0.052924,0.05650125,0.05162952,0.04833623,0.05143612,0.03237758,0.07936639,0.09464791,0.03993515,0.04328758,0.05292396,0.05630234,0.02257931,0.05512449,0.05407813,0.0642179,0.03463224,0.02437709,0.03270596,0.02323614,0.05292404,0.04735873,0.03899174,0.0354144,0.0388377,0.04910052,0.06753833,0.0684882,0.08552482,0.06730332,0.05292399,0.07330944,0.06470573,0.07855534,0.07262631,0.0651731,0.05241995,0.04457978,0.04950143,0.04379328,0.05292407,0.05083078,0.05257684,0.05252634,0.05136522,0.0764842,0.05308273,0.0836988,0.04758371,0.04625919,0.05292409,0.03906087,0.04711135,0.04746998,0.04882771,0.01877801,anteriorHippocampus,sub-S13,p,randomWalker4,freq34
-0.0008092733,-0.001848368,-0.00197188,-0.02953192,0.009249697,-0.005400069,0.01709785,0.006897082,-0.001634409,0.001783498,-0.01363129,-0.004230604,-0.007751014,-0.01043648,-0.008547948,-0.006333581,-0.007224794,-0.007566207,-0.009320201,-0.01191944,0.01306538,0.02891182,0.01741983,0.00138627,0.01573659,0.01936822,0.01889313,0.01894908,0.02036113,0.01683596,0.005608013,0.005314904,-0.001333277,-0.03621675,0.006114931,-0.004547697,0.01618476,-0.004149581,-0.01121439,0.004440296,0.04482323,0.03181371,0.002377837,-0.02500614,0.04454916,0.01358794,0.03450395,0.02571902,0.03091032,0.0217071,0.0196981,0.008229352,0.01381939,-0.01374865,0.02073256,0.0004138639,0.01194486,0.02453819,0.04650565,0.0100425,-0.01002422,-0.01110692,-0.01279644,-0.01419549,-0.007422748,-0.00893098,-0.01183735,-0.01400192,-0.01172645,0.04575795,0.07941926,0.06122734,0.0314107,-0.002238107,-0.007422711,0.08501039,-0.00380993,0.08621253,0.1036399,0.02105838,-0.01731644,-0.01693171,-0.0160036,-0.01580206,-0.007422647,-0.01454557,-0.0170258,-0.01679332,-0.01685884,-0.009691121,0.0152684,0.01709002,0.04161322,0.01745607,-0.007422793,0.0227851,0.0375686,0.02379626,0.02245636,0.02000207,0.02492039,0.07182125,0.01726498,0.01170059,-0.007422522,0.02933689,0.01458269,0.02119418,0.02295806,0.04265941,-0.0002021672,0.0486533,0.02395967,0.003129279,-0.007422515,0.1219551,0.007165767,0.04577041,0.003635,-0.01566274,posteriorHippocampus,sub-S13,p,randomWalker4,freq34
0.0484474,0.02542994,0.04074944,0.06333344,0.07793082,0.02747465,0.08198774,0.06229104,0.05105394,0.03788171,0.04702189,0.02469552,0.04988063,0.03465923,0.05931544,0.03678814,0.05907841,0.05111602,0.05710502,0.04954289,0.0531503,-0.01923175,0.05064983,0.02366893,0.04855268,0.03197394,0.06035912,0.04197625,0.05169576,0.02540057,0.02051577,0.04882652,0.04417564,0.05529154,0.0455684,0.02320655,0.04385012,0.02777602,0.02873063,0.05204577,0.07697885,0.05321004,0.07355714,0.1071752,0.07457105,0.06438313,0.1074122,0.0745929,0.08289246,0.05019087,0.04406313,0.05542739,0.04901503,0.07128178,0.05817456,0.03083011,0.05413304,0.02651604,0.07003932,0.06826353,0.04944789,-0.002704607,0.04804517,0.009450676,NaN,0.04573381,0.04493158,0.04547694,0.04693259,0.05307523,0.03040446,0.05379014,0.04639742,0.04106924,NaN,0.08776021,0.01970105,0.112746,0.05439618,0.05097834,0.03514078,0.01678464,0.0255708,-0.0009888496,NaN,0.04051327,0.03368676,0.03935395,0.03573619,0.03031929,0.06702899,0.0342669,0.05755677,0.05083114,NaN,0.07105557,0.06312852,0.105202,0.07308141,0.08725946,0.04340279,0.1112651,0.0530118,0.04628617,NaN,0.01958051,0.0547955,0.0476491,0.04750565,0.04980524,-0.0009857193,0.002127944,0.04243406,-0.003756171,NaN,0.07203809,0.01410981,0.0175379,-0.008114995,0.0395373,anteriorHippocampus,sub-S13,p,randomWalker5,freq34
0.0007627899,0.002646392,0.003596194,0.0128334,0.03065816,0.004002564,0.01863964,0.01371656,0.005591709,-0.003608029,-0.01456943,0.02431114,-0.01172707,-0.01105696,0.002470672,0.04955655,-0.007967698,0.01670502,-0.008474971,-0.003375043,0.01215564,0.1197441,0.01842878,0.008315485,0.01641639,0.06519923,0.02631798,0.02564513,0.02790331,0.03910754,0.0125414,0.0131129,0.01268918,0.0135411,0.01542733,0.01426536,0.01618695,0.02519019,0.01915031,0.01183558,0.03090599,0.005004988,0.02260475,0.05851092,0.036929,0.0131999,0.07088631,0.03270237,0.03218418,0.004357241,0.01643691,0.008235506,0.01816954,0.04869444,0.01063658,0.002302334,0.008698547,0.01258819,0.04408262,0.009526612,-0.003677965,-0.01690089,-0.008798984,-0.006084566,NaN,0.01071567,-0.01289101,-0.004666068,-0.003192073,0.00168346,0.0974332,0.05339856,0.01092662,0.05283001,NaN,0.0463852,0.0311705,0.1012717,0.1046066,0.122104,-0.0157498,-0.01810884,-0.01936981,-0.01320734,NaN,-0.02001981,-0.01590463,-0.01426966,-0.01695419,-0.01387822,0.02089434,0.03188599,0.009479226,-0.000668465,NaN,0.014479,0.01863909,0.05144492,0.01843372,0.03475338,0.03178132,0.06898095,0.02041225,0.01680948,NaN,0.03619211,0.02213489,0.09648482,0.03332498,0.02404105,0.02362858,0.008030539,0.03448455,0.08670889,NaN,0.03762316,0.04761074,0.1288365,0.04599298,0.1062327,posteriorHippocampus,sub-S13,p,randomWalker5,freq34
0.07169246,0.02648904,0.02677634,0.05835202,0.04950992,0.03133582,0.07136772,0.0454817,0.04741597,0.04469508,0.04870246,0.05052993,0.04801825,0.04434196,0.05139086,0.06519046,0.05748151,0.05016625,0.05323559,0.0435677,0.05009108,0.03162558,0.05104981,0.05588626,0.04707702,0.0482109,0.05029281,0.04963201,0.05062703,0.03714836,0.08477836,0.04085417,0.04348184,0.003229089,-0.01326678,0.04122555,0.04560765,0.02358731,0.03416202,0.06206346,0.1076584,0.0578838,0.0661958,0.05923518,0.04820388,0.06758241,0.1040835,0.06213147,0.08110916,0.05654051,0.05497408,0.04673621,0.05739713,0.01087049,0.03709447,0.04165908,0.05197445,0.04847208,0.0608095,0.04952684,0.04993341,0.05312392,0.05036192,0.05189135,NaN,0.04971317,0.067004,0.04599614,0.05115956,0.07220764,0.01961762,0.05711278,0.03261939,0.02073973,NaN,0.03978312,0.04506062,0.09545095,0.0398532,0.04886362,0.03490951,0.02263196,-0.008341138,0.03242278,NaN,0.02080138,0.006105197,0.0310658,0.03525247,0.01192069,0.0678822,0.06176751,0.02054978,0.03760567,NaN,0.07611178,0.07094807,0.07150153,0.06926167,0.05120736,0.05133986,0.04788199,0.05839369,0.03669549,NaN,0.0470049,0.05317554,0.04600408,0.04994043,0.04416662,0.006337152,0.05118591,0.01156282,0.03177048,NaN,0.04296684,0.02813993,0.07708488,0.007859367,0.01992414,anteriorHippocampus,sub-S13,p,randomWalker6,freq34
0.01882015,-0.003818906,0.002231296,0.01590473,0.0001247158,-0.007108206,0.0328773,-0.0005479982,-0.001837684,-0.0008091517,-0.01498679,0.03208048,-0.01605412,-0.0147678,0.004372198,0.01573913,-0.007387002,-0.0005922875,-0.01399561,-0.007123991,0.01022779,0.02334898,0.01840224,0.0006873674,0.01809944,0.02077741,0.01717559,0.006508661,0.01503238,0.01240116,0.06681789,-0.001395609,0.01918502,0.01705424,-0.03944026,0.005214896,0.02780607,7.912783e-05,0.0233905,0.01639046,0.08220934,0.01035157,0.02047656,0.02133147,0.006091792,0.02171542,0.05680864,0.02086241,0.0361746,0.01470567,0.09821888,0.001409537,0.001015599,0.04874772,0.05574125,0.001423934,0.007317108,0.0008201543,0.04192997,0.002274645,-0.01229168,-0.0127618,-0.01148511,0.01015523,NaN,-0.01448298,0.004452105,-0.01947019,-0.01467038,0.005634934,0.05305048,0.0642563,-0.0109912,0.03350224,NaN,0.06560613,0.01925468,0.08401505,0.09150516,0.03581941,-0.02385159,-0.01854199,0.02131536,-0.02190968,NaN,-0.01067486,-0.01246364,-0.01998783,-0.02356076,1.235885e-05,0.02263497,0.009178692,0.01645329,0.02706823,NaN,0.02508232,0.0157905,0.01673256,0.01774837,0.01953712,0.02334884,0.02514737,0.01530951,0.05164046,NaN,0.01971374,0.0341554,0.0250225,0.02648232,0.1087825,0.02216498,0.059136,-0.0107176,0.01145527,NaN,0.04816776,0.04379333,0.07602327,0.04210972,0.04303585,posteriorHippocampus,sub-S13,p,randomWalker6,freq34
0.03885759,0.0262824,0.03369077,0.04268313,0.03432784,0.02831848,0.04972065,0.04320368,0.03896105,0.03286738,0.0504856,0.01560625,0.05308378,0.035753,0.04019098,0.0522812,0.05670434,0.01779049,0.05405725,0.03678491,0.05601011,-0.004306602,0.04807303,0.005849472,0.04289738,0.0491739,0.05353479,0.04296057,0.05191695,0.02929966,0.006698977,0.02393367,0.03360558,0.01662366,-0.0215771,-0.0007876906,0.01740365,0.006392275,0.01030438,0.005501766,0.08337267,0.08624585,0.1072153,0.0865087,0.07320559,0.06856386,0.08985797,0.07209606,0.08698013,0.06020429,0.04850778,0.05719643,0.04909612,0.04870535,0.02666789,0.04352272,0.04977474,0.0533575,0.06638408,0.05658174,0.04555661,0.03392611,0.05456339,NaN,0.001349612,0.06283498,0.05449922,0.06034601,0.04978054,0.02559388,0.0388666,0.06932601,0.04701986,NaN,0.09684654,0.05662032,0.04609635,0.07317735,0.04096397,0.05501595,0.03376686,0.03301999,0.04439194,NaN,-0.001481808,0.006741994,0.03917274,0.03722201,0.03697253,0.01614386,0.06870831,0.07317735,0.07918788,NaN,0.1053902,0.05652209,0.06966821,0.0775457,0.07195772,0.06950281,0.0485598,0.04601517,0.04813623,NaN,0.05662869,0.05154591,0.04250359,0.04665358,0.04634469,0.0420386,-0.009097059,-0.01766962,0.04740836,NaN,0.09987134,0.04668704,0.03862461,0.06318618,-0.02294268,-0.04309595,anteriorHippocampus,sub-S13,p,randomWalker7,freq34
-0.00894748,-0.004238636,0.004466168,-0.006487095,-0.007743493,-0.007211473,0.007842836,0.001753791,-0.007242416,-0.003945132,-0.01192226,0.006933462,-0.01069717,-0.01194764,0.04789685,0.02241062,-0.01017738,0.04203917,-0.01087486,-0.008567016,0.01376272,0.0462715,0.01708813,-0.01471779,0.01801425,0.02524603,0.02803332,0.03708566,0.02107174,0.02042138,-0.02267548,-0.002033939,0.01310966,-0.011582,-0.02691206,-0.01046448,0.01700573,-0.01745657,-0.0174444,-0.01366382,0.03763335,0.04004866,0.0630223,0.04009658,0.03374351,0.02373834,0.04584757,0.03416679,0.04233021,0.01827547,0.02588164,0.006581197,0.004174496,0.04207294,0.05522809,0.004090234,0.004879775,0.009323602,0.05149252,0.006629691,-0.009359166,-0.009070443,-0.009193415,NaN,-0.0110807,-0.004124618,-0.004869864,-0.001865802,-0.01006853,-0.01931648,0.09011663,0.07856934,0.008058661,NaN,0.1127632,0.07340712,0.02485037,0.1031041,0.08864839,0.06011216,-0.01866215,-0.02283872,-0.01702262,NaN,-0.01112233,0.002053377,-0.01850782,-0.00803053,-0.01758356,-0.01863244,0.01509176,0.01995278,0.04785213,NaN,0.1035899,0.003832661,0.02054925,0.02248508,0.01787855,0.01201871,0.0326457,0.06109052,0.02004379,NaN,0.08274139,0.02568389,0.01954997,0.02632152,0.0309523,0.03695456,-0.002380327,-0.001920556,0.009640356,NaN,0.1030176,0.07317872,0.0170064,0.0921998,0.008042131,-0.03210739,posteriorHippocampus,sub-S13,p,randomWalker7,freq34
0.06337605,0.03343077,0.04336449,0.05920092,0.03456171,0.02493882,0.02888651,0.03939958,0.05494776,0.05871252,0.04894398,0.05407039,0.05136701,0.04485385,0.06274607,0.06222021,0.06056123,0.05730334,0.05362923,0.05754085,0.05055525,0.04130119,0.0491719,0.04638134,0.04915142,0.04810099,0.05691659,0.04941477,0.053922,0.03494725,0.04047952,0.01992075,0.04078376,0.01662719,-0.006364908,-0.007447743,0.03582352,0.01272511,0.003696087,0.01876213,0.1048298,0.07472681,0.1114054,0.06382929,0.07190864,0.07680931,0.1078489,0.06906615,0.08548563,0.06532705,0.06423887,0.05075336,0.04440286,0.06891556,0.02053265,0.03452975,0.05493405,0.04632581,0.0716911,0.07475772,0.05013475,0.03623339,0.0302265,0.03542269,0.05129149,0.04509344,0.0499616,0.04924167,0.05045093,0.04752072,0.04570772,0.05934507,0.06389665,0.01067169,0.05129174,0.07612944,0.04791519,0.0682676,0.05358222,0.02613837,0.03978695,0.04343922,0.01839068,0.03728644,0.05129152,0.03392977,0.04183368,0.03933102,0.03933682,0.04398042,0.07347941,0.06434449,0.08884896,0.02949926,0.05129158,0.07273609,0.08048876,0.06449409,0.07340954,0.08446591,0.04927745,0.06991057,0.04399322,0.01387906,0.05129185,0.05148973,0.05391559,0.04458328,0.04964791,0.04346061,0.01548719,-0.05070226,0.07552761,0.01299547,0.05129166,0.02533395,0.05048312,0.04055047,0.03449435,-0.02208003,anteriorHippocampus,sub-S13,p,randomWalker8,freq34
0.01604216,-0.002061927,0.006516546,0.00405251,-0.009186828,-0.01406199,-0.0101599,-0.002645873,0.005656865,0.008195953,-0.01239639,0.009623614,-0.01068141,-0.01291547,0.003756909,0.0008876289,-0.005386658,0.01082831,-0.009532189,0.005614531,-0.004251422,0.04815141,0.01946123,-0.0006739598,0.02071547,0.01705023,0.02000436,0.02318848,0.01701426,0.03854686,0.005725748,-0.01641927,0.01734596,-0.01178262,-0.02728718,-0.01411537,0.01823657,-0.02003502,-0.001346259,-0.01272613,0.07638098,0.03722597,0.08443675,0.02110517,0.03773484,0.03628412,0.08055364,0.03287049,0.04675981,0.02814857,0.04574215,0.006847169,0.03622181,0.03353746,0.0609922,-0.003288928,0.02823869,0.01043944,0.07012714,0.02345821,-0.00801176,0.0275708,0.05130789,-0.001851874,-0.00530284,0.02915482,-0.010764,-0.0031593,-0.009018841,0.02154978,0.1033412,0.02134874,0.09507281,-0.01543154,-0.005303218,0.05334003,0.01812932,0.09487237,0.09544117,0.07222867,-0.01708335,-0.01641047,-0.011354,-0.008369175,-0.005303122,-0.01524683,-0.01609507,-0.01552804,-0.01706351,-0.01592082,0.03233502,0.01768981,0.04027615,-0.007906524,-0.005303144,0.02096895,0.03293721,0.02204948,0.0274683,0.03244533,0.02834992,0.03855107,0.02925164,-0.02863111,-0.005303075,0.07178684,0.02159522,0.04724916,0.0287621,0.03488118,0.03500574,0.07360106,0.1006277,-0.008849848,-0.005303024,0.1064218,0.03916046,0.01825056,0.03266623,0.03732629,posteriorHippocampus,sub-S13,p,randomWalker8,freq34
0.04922963,0.03728713,0.0268424,0.05448167,0.0662557,0.02679397,0.02808614,0.04585297,0.05249476,0.0390253,0.04672975,0.05201956,0.05370848,0.04702031,0.05671132,0.05871132,0.06204002,0.05458856,0.05531547,0.04689543,0.05041086,0.03662189,0.05469194,0.051016,0.04434725,0.04455784,0.05538237,0.04444093,0.05408863,0.03720191,0.0210781,0.02886138,0.02640703,-0.02217522,0.04053379,0.008695329,0.03223408,0.03495863,0.025177,0.03744057,0.09086575,0.06855036,0.06654848,0.06284886,0.07969736,0.0813519,0.05639599,0.06390993,0.09573089,0.06008338,0.06405269,0.04732832,0.05465186,0.04348639,0.03698732,0.05454057,0.05293381,0.05550667,0.07380309,0.05260106,0.04964349,0.04307418,0.05956308,0.04912379,NaN,0.04070498,0.05571817,0.04689778,0.05081996,0.04757824,0.06017753,0.0850727,0.05392086,0.02119976,NaN,0.05345485,0.04801461,0.0532988,0.04893305,0.07145787,0.03505351,0.02937721,0.03621695,0.03994941,NaN,0.02737639,0.03912595,0.0292456,0.03534085,0.03757169,0.0660257,0.06744544,0.057258,0.05250085,NaN,0.05977213,0.06624685,0.07598593,0.0713864,0.05714144,0.05183582,0.04687834,0.05158893,0.07012907,NaN,0.04580972,0.05223507,0.05127199,0.05210681,0.05380103,0.02338563,0.07005262,0.05337048,0.03960454,NaN,0.03297523,0.1060567,0.06966653,0.08519136,0.05295205,anteriorHippocampus,sub-S13,p,randomWalker9,freq34
0.003495868,0.004311761,-0.001469878,-0.0006521903,0.01349474,-0.005646199,-0.02070341,0.0006063516,0.003835185,4.402202e-05,-0.01454886,0.01477942,-0.01224213,-0.01406383,-0.007345341,-0.008982834,-0.006007192,-0.01100558,-0.01142063,-0.01239116,0.007608022,0.08092152,0.01069488,-0.003198414,0.01802559,0.02123756,0.02430497,0.02158751,0.0162951,0.01710794,0.001278569,0.001867729,0.01121227,-0.02349689,0.009949367,0.002336415,0.02393022,-0.0008420316,0.002590569,0.004664213,0.05067078,0.024559,0.02584252,0.01517443,0.04121445,0.03344415,0.01197296,0.02338131,0.05703858,0.01786344,0.04558916,0.007814413,0.03015076,0.02249401,0.06834114,0.02019274,0.02464346,0.04845037,0.07260989,0.00357461,-0.01309551,-0.008069965,-0.008912892,-0.01415537,NaN,-0.01147707,-0.0116763,-0.01014664,-0.01279589,-0.01423018,0.1033649,0.04758454,0.01109462,0.06220754,NaN,0.1051325,0.01288924,0.09250444,0.08498272,0.03283492,-0.01786375,-0.01589733,-0.0182702,-0.0182543,NaN,-0.01612517,-0.01768567,-0.0152791,-0.01710931,-0.01743164,0.01538453,0.01503214,0.005597156,0.04020754,NaN,0.01422953,0.02497193,0.02322753,0.02090623,0.00634675,0.02319531,0.05631097,0.021124,0.05149394,NaN,0.01741211,0.01817984,0.02888302,0.02358397,0.04871815,0.02273258,0.04166197,0.02087926,0.04662984,NaN,0.0793224,0.05999533,0.02824252,0.03189116,0.02387139,posteriorHippocampus,sub-S13,p,randomWalker9,freq34
0.0875532,0.04984999,0.08912349,0.09840082,0.07935544,0.05685922,0.1336773,0.06848307,0.0777859,0.06636246,0.08426701,0.07165395,0.07529341,0.08567028,0.09984542,0.06688671,0.0847448,0.05491599,0.08400219,0.0712878,0.1045968,0.09494787,0.1145702,0.1057091,0.1104716,0.1076362,0.1008285,0.1100302,0.1092451,0.08551814,0.003373916,0.03866056,0.09032734,-0.01467777,0.08873159,0.03138429,0.1095025,0.02999707,-0.04810066,0.01306964,0.1035753,0.09657437,0.09262993,0.09509201,0.06255599,0.07147781,0.1255924,0.0830911,0.09717922,0.05270198,0.08084565,0.06942501,0.07749307,0.07071042,0.09663483,0.07769791,0.08921205,0.05190405,0.07140791,0.09147699,0.08121534,0.07570059,0.07840546,0.08292238,0.05117914,0.07866838,0.07822982,0.01340303,0.07885692,-0.02279383,0.07906995,0.1145267,0.09277886,0.09955432,0.1102615,0.1022416,0.08548114,0.08126471,0.07429471,0.128101,0.06821072,0.06355249,0.06359154,0.06471,0.02584897,0.06493206,0.06492581,0.07172828,0.06871407,0.07593209,0.1288042,0.1148471,0.1278785,0.1239694,0.1096191,0.1100061,0.1250466,0.1225149,0.1201834,0.1292216,0.1039164,0.02219705,0.1034785,0.1121868,0.1105281,0.0824626,0.1095585,0.1018944,0.1018436,0.1309766,0.008621013,0.1143958,0.08112826,0.105928,0.1102872,0.104482,0.09892083,0.02929006,-0.0203786,0.1283278,anteriorHippocampus,sub-S14,p,randomWalker0,freq34
0.09548012,0.05011749,0.08557577,0.09154235,0.09350838,0.0590421,0.1450202,0.08490644,0.08880462,0.06682465,0.06729929,0.03421449,0.06230855,0.07075255,0.09493826,0.07462747,0.08570336,0.04016592,0.07422208,0.07193271,0.1210091,0.1235216,0.1274912,0.11414,0.1249902,0.1256465,0.1208962,0.1266273,0.1239381,0.1070021,0.0006701249,0.04009728,0.1092351,-0.0276168,0.1092663,0.03529737,0.1275756,0.0458304,-0.05156833,0.008408836,0.1322974,0.1214475,0.1153745,0.1092084,0.0846368,0.09261587,0.1514623,0.1095693,0.1250577,0.07323047,0.08851816,0.06531965,0.08666929,0.07580083,0.1166913,0.07572895,0.09842034,0.05192662,0.07346644,0.08656187,0.06630204,0.03747313,0.06478485,0.07763468,0.04684781,0.03791123,0.07170597,0.008459769,0.05849559,0.003651495,0.08678966,0.1321742,0.08931132,0.09818055,0.1277881,0.1099462,0.09588563,0.08698038,0.07980456,0.1372333,0.04770461,0.04212254,0.03430499,0.03662853,-0.03006348,0.046487,0.04391366,0.06210212,0.04974935,0.06774233,0.1383497,0.1229566,0.134712,0.1367251,0.1224975,0.1146403,0.1304251,0.1327415,0.1288485,0.135458,0.1247838,0.0720861,0.1256918,0.1260068,0.1280347,0.1071546,0.1277667,0.1214869,0.1233426,0.1418438,0.03130006,0.1211861,0.09724712,0.1120769,0.1278506,0.1061473,0.1121621,0.02449652,-0.01257791,0.1322781,posteriorHippocampus,sub-S14,p,randomWalker0,freq34
0.06676926,0.05910168,0.08500034,0.07946561,0.03982885,0.05411904,0.1031569,0.0625203,0.07191714,0.06921898,0.08574253,0.1075514,0.0795812,0.0818257,0.09152563,0.1011033,0.08942278,0.08769737,0.08809342,0.0896983,0.1158346,0.1133829,0.1146787,0.1001396,0.1126923,0.1094892,0.1049889,0.1086725,0.1117634,0.1122332,0.03110962,0.04690765,0.07997029,0.03884953,0.02789511,0.01997435,-0.006518277,0.01839319,0.01203651,0.0322439,0.08845983,0.07286018,0.1219172,0.06196612,0.07530648,0.07347774,0.1287995,0.0804561,0.0923357,0.06325068,0.04991446,0.07831229,0.1179847,0.1196061,-0.03516326,0.05653391,0.1071854,0.02498581,0.0704929,0.1199247,0.08580411,0.08551151,0.06928541,0.0926246,NaN,0.07908107,0.08606666,0.07784695,0.08345336,0.05936439,0.06603108,0.02264446,0.1202402,0.07584272,NaN,0.04220339,0.09894526,0.09030038,0.06397127,0.1281681,0.0693538,0.03545904,0.04491153,0.04412455,NaN,0.03336436,0.0630626,0.02575881,0.06005161,0.03374027,0.125159,0.09435045,0.1190052,0.1324642,NaN,0.1030573,0.07811382,0.08931436,0.117447,0.124202,0.1002975,0.1094499,0.114528,0.05226275,NaN,0.1047165,0.1078977,0.1080723,0.1073823,0.1023114,-0.003020128,0.009796111,0.1213392,0.1169497,NaN,0.02881352,0.08260006,0.08486827,0.04379119,0.1187067,anteriorHippocampus,sub-S14,p,randomWalker1,freq34
0.07981852,0.05926317,0.08892734,0.0860123,0.05746124,0.05991439,0.11619,0.07860913,0.08159979,0.08547785,0.07976966,0.1043226,0.06891058,0.07338245,0.07453435,0.1068178,0.08976843,0.08590395,0.08422669,0.0930833,0.1239711,0.1269635,0.1290628,0.09436609,0.1293716,0.1262834,0.1215551,0.1248567,0.1232144,0.1251915,0.0444525,0.06597172,0.1039721,0.05135706,0.03825105,0.03366184,-0.02297785,0.03992857,0.03131147,0.05963963,0.1198378,0.1014717,0.1608486,0.09046434,0.1067259,0.1021643,0.1667993,0.1120651,0.1231302,0.09178408,0.05154213,0.06998688,0.1189368,0.1234531,-0.03078061,0.04949394,0.1097711,0.02364049,0.08015753,0.1221068,0.07539026,0.07877228,0.06139817,0.08706082,NaN,0.07783406,0.08749666,0.07395682,0.07543043,0.06016038,0.06569282,0.04021081,0.1222774,0.1000445,NaN,0.08488778,0.1081861,0.107023,0.0789557,0.1480355,0.05302294,0.04259675,0.01735092,0.01808717,NaN,0.03373347,0.051645,0.02548976,0.04576113,0.04216723,0.1344849,0.09764894,0.1636605,0.1376197,NaN,0.1050727,0.08634126,0.1031363,0.1243009,0.1348707,0.1226375,0.1293645,0.1301586,0.07630526,NaN,0.1251164,0.1284806,0.1270321,0.1269617,0.1220048,0.02108573,0.04132868,0.1249478,0.132653,NaN,0.09237768,0.09960724,0.09888226,0.09223241,0.1250803,posteriorHippocampus,sub-S14,p,randomWalker1,freq34
0.09142879,0.05081652,0.09051745,0.089484,0.08510686,0.05491575,0.1084756,0.06840403,0.08684529,0.05804218,0.06913011,0.0899666,0.0730347,0.05723952,0.03817009,0.08133012,0.08196145,0.08348964,0.08474021,0.07346963,0.1078979,0.09734984,0.1140986,0.04507301,0.1141199,0.1020068,0.1033282,0.1196129,0.1115313,0.04406155,0.01995671,0.04614486,0.1100798,0.04230759,0.1091475,0.03735993,0.1111225,0.03712716,0.07874335,0.004965475,0.09698788,0.03753995,0.1196971,0.05977137,0.09056365,0.03561657,0.125275,0.07775391,0.08398902,0.06280565,0.0975325,0.07363676,0.09597217,0.12088,0.1096484,0.06746197,0.09549581,0.1028625,0.09362246,0.1037454,0.09640545,0.08424743,0.07558434,0.07597519,0.1200382,0.07879005,0.08608624,0.07586726,0.08895992,0.1068565,0.06872189,0.09872194,0.1094257,0.1263479,0.120038,0.09075959,0.09349619,0.1152465,0.06936502,0.09540255,0.02474719,0.01494082,0.01888748,0.09999889,0.120038,0.02555704,0.06439184,0.05961991,0.05143424,0.06616277,0.121576,0.08976795,0.06689616,0.1223909,0.1200381,0.07831025,0.118504,0.08895329,0.1162919,0.1129454,0.08970451,-0.01961786,0.1179016,0.1201622,0.1200381,-0.01331128,0.1043078,0.1159482,0.09904753,0.003645753,0.06786519,0.09463831,0.1164185,0.12896,0.1200381,0.08128358,-0.007841268,0.1186132,0.08323859,0.1173636,anteriorHippocampus,sub-S14,p,randomWalker2,freq34
0.1017526,0.0450925,0.1044201,0.09284978,0.09739678,0.05072811,0.1222545,0.0909536,0.09720643,0.06772881,0.04406374,0.05113287,0.05327222,0.02915182,0.007803306,0.07728855,0.08106666,0.07091834,0.07276408,0.07053293,0.1017903,0.1154386,0.1260007,0.0145808,0.09571917,0.1231313,0.1216704,0.1290264,0.1208004,0.09991748,0.01175595,0.04453501,0.1304023,0.06184573,0.1298632,0.03293237,0.1295345,0.05570332,0.09072497,0.008216445,0.1307719,0.05392063,0.1623971,0.07958882,0.1317914,0.05218862,0.1687286,0.1060411,0.1129482,0.08556931,0.108488,0.06764144,0.1110289,0.1274487,0.1328588,0.05720589,0.1045857,0.1247853,0.1081112,0.1087541,0.08069509,0.05464083,0.07178861,0.03028854,0.1676437,0.07098176,0.07950955,0.06161524,0.07792693,0.09255167,0.09309796,0.1016693,0.1102414,0.1433189,0.1676437,0.09271001,0.08274485,0.1101102,0.0760555,0.1065563,0.006646272,0.003029818,-0.01026728,0.10917,0.1676436,0.02148464,0.04548396,0.03475159,0.03133186,0.05135943,0.1337908,0.08720899,0.06110216,0.1358476,0.1676437,0.08003982,0.1348756,0.0925712,0.1243542,0.1204457,0.1185242,-0.030982,0.130723,0.1290065,0.1676437,-0.03728995,0.1248045,0.1311475,0.1238023,0.02437252,0.08332602,0.08173973,0.1243997,0.1434199,0.1676436,0.06634359,0.002878274,0.1482527,0.09740283,0.1259486,posteriorHippocampus,sub-S14,p,randomWalker2,freq34
0.08116812,0.05709914,0.1005211,0.09073652,0.05972681,0.05416051,0.09253819,0.05119543,0.07810489,0.06483579,0.08263411,0.01995499,0.1069121,0.04142908,0.1017228,0.09054699,0.1011114,0.0939616,0.09673662,0.06485385,0.1125278,0.1069806,0.1136395,0.1109334,0.1128264,0.1188779,0.1056144,0.111436,0.1113474,0.10935,0.007255186,0.0001728646,0.1070319,0.0470036,0.106769,0.03584109,0.0888666,-0.0399273,-0.05962065,0.03843952,0.09697144,0.07420305,0.1268847,0.06248119,0.06553837,0.07111865,0.1196655,0.07425623,0.1010341,0.07156246,0.1127007,0.06857757,0.107645,0.1171963,0.08717084,0.07555525,0.07249669,0.05235056,0.08650225,0.09001752,0.07769933,0.07744373,0.09436585,0.04014636,0.09529997,0.08137343,0.09366261,0.0748596,0.08435744,0.05200711,0.06373987,0.08891331,0.08130766,0.04014638,0.1108684,0.07594138,0.09197234,0.0734238,0.06712459,0.1148181,0.05278305,0.06443876,0.05530592,0.04014635,0.0547572,0.06370248,0.07240526,0.05352881,0.05937297,0.09631534,0.1225451,0.1046266,0.08602627,0.04014628,0.09773338,0.08870333,0.1114241,0.1193022,0.119589,0.113662,0.10582,0.04250268,0.1136566,0.04014622,0.1130477,0.1065289,0.1070187,0.1036334,0.1022142,0.1240132,0.05856154,0.09596712,0.06209707,0.04014625,0.1109384,0.05031303,0.07803436,0.09946652,0.0788048,0.1051482,anteriorHippocampus,sub-S14,p,randomWalker3,freq34
0.07924534,0.0580212,0.1079893,0.09254211,0.08159085,0.05568296,0.08635462,0.06962057,0.08055622,0.07322384,0.0692535,-0.03462226,0.1058508,0.01223229,0.1173121,0.08446112,0.1007642,0.08225731,0.09039432,0.0742786,0.126252,0.1292553,0.1306587,0.1311082,0.1298203,0.1264538,0.1250747,0.1251322,0.1280031,0.1297632,0.01940221,0.01260114,0.128777,0.06823052,0.1268131,0.05082522,0.1142765,-0.03576204,-0.05929894,0.05769509,0.123642,0.0996219,0.1593685,0.08811219,0.09243947,0.09631973,0.1529955,0.1023013,0.1311706,0.09742168,0.1179988,0.06524743,0.1118271,0.1224614,0.09122152,0.07767029,0.05042618,0.06101643,0.08990579,0.09619236,0.06434269,0.04966419,0.09331793,0.01028415,0.0793088,0.05341722,0.08059286,0.04853045,0.06750348,0.06097792,0.07254007,0.0973952,0.07241835,0.01028408,0.1288301,0.08080807,0.09124871,0.08099492,0.06742191,0.1268076,0.03406569,0.04034268,0.05883867,0.01028399,0.09143124,0.03895527,0.05750535,0.02623637,0.03781522,0.1034162,0.1293524,0.1110221,0.1071315,0.01028403,0.1171696,0.09559644,0.113073,0.1261955,0.1268694,0.1199839,0.1268049,0.09233443,0.1313565,0.01028407,0.1308622,0.1225464,0.1245572,0.1266949,0.1251507,0.1536429,0.03907032,0.08888619,0.06794004,0.01028405,0.1293987,0.02415749,0.09108631,0.08875792,0.06954527,0.09904071,posteriorHippocampus,sub-S14,p,randomWalker3,freq34
0.07709175,0.05389819,0.05521385,0.07171071,0.06274882,0.05310769,0.1097798,0.05911071,0.07639376,0.06560943,0.0821199,0.07376199,0.09871818,0.07832768,0.09866084,0.0969741,0.09109164,0.09856069,0.08857112,0.08187343,0.1122149,0.1015435,0.1134365,0.1276437,0.1141705,0.1114662,0.1112714,0.1118071,0.1092196,0.104331,0.0416395,0.04038078,-0.05306794,0.009358094,-0.07898746,0.04365218,0.08899013,0.04020483,0.006885562,0.04942551,0.09444084,0.08103757,0.08233838,0.0373531,0.07624117,0.06314489,0.08750244,0.06797223,0.08096255,0.06417607,0.09462302,0.07420622,0.1147411,0.0885553,0.1065562,0.04896584,0.1070498,0.03909675,0.083469,0.098755,0.08052184,0.07009976,0.07988123,0.07163385,0.05660263,0.08946853,0.0814883,0.08241857,0.08209654,-0.003807985,0.07385983,0.09976649,0.1057181,0.1233126,0.05660277,0.07826649,0.07508356,0.08922185,0.06827834,0.110552,0.0616567,0.05388143,0.05703241,0.06156607,0.05660268,0.07205487,0.06757959,0.06262771,0.06350297,0.08865233,0.1122456,0.1013219,0.06761295,0.09550983,0.05660275,0.1145509,0.1312376,0.09362946,0.1189957,0.1170626,0.1036723,0.05686148,0.1120023,0.1085259,0.05660277,0.1033635,0.1169344,0.1107082,0.107385,0.1140012,0.05980168,0.08630983,0.1055937,0.1182921,0.05660278,0.06842977,0.08389633,0.0853708,0.06965328,0.01400649,anteriorHippocampus,sub-S14,p,randomWalker4,freq34
0.08179487,0.05339546,0.04839833,0.07355982,0.08126073,0.0549887,0.1139152,0.07724202,0.08276795,0.07569464,0.06959219,0.04548811,0.09673537,0.06310208,0.1005143,0.09194299,0.09043537,0.09024422,0.08445486,0.07426415,0.1280802,0.1296843,0.1318713,0.1350464,0.1308877,0.1310535,0.1286718,0.130236,0.1280913,0.1252211,0.05312347,0.03122916,-0.02110502,0.02288386,-0.05681675,0.04049739,0.1154783,0.05577851,0.0145006,0.05080873,0.1190271,0.1038684,0.1037164,0.04953974,0.1053197,0.08398826,0.1115561,0.09166388,0.1038886,0.08726846,0.09910393,0.07465392,0.1298742,0.09010632,0.1247885,0.04198946,0.1155604,0.04640932,0.08993475,0.09998836,0.06388058,0.04439553,0.06936068,0.0512881,0.06113917,0.08076913,0.07477927,0.06856438,0.07145526,0.02895693,0.08187986,0.1206085,0.1158134,0.122103,0.06113901,0.08367839,0.07273257,0.09015689,0.07924552,0.1154747,0.04089212,0.02792404,0.03586767,0.03565221,0.06113913,0.06255118,0.04989407,0.04280825,0.04566494,0.074668,0.116482,0.1036437,0.07654685,0.1012632,0.06113904,0.1240631,0.1430794,0.1045297,0.1248765,0.1199962,0.12822,0.1043503,0.1321228,0.1309438,0.06113927,0.1289896,0.134262,0.1314089,0.1305453,0.1260453,0.09364726,0.1265528,0.125317,0.1283843,0.06113907,0.1146481,0.1250345,0.1137363,0.1117011,0.03510975,posteriorHippocampus,sub-S14,p,randomWalker4,freq34
0.06813314,0.04449144,0.07379276,0.07832046,0.1068402,0.04580206,0.1139588,0.07064889,0.07181388,0.05310389,0.08265696,0.02439712,0.09122164,0.07829364,0.1042087,0.04054122,0.08779068,0.07601999,0.09055728,0.06837651,0.1095719,0.04216868,0.1141864,0.115082,0.113891,0.0764273,0.1027165,0.1065261,0.1040453,0.09575672,-0.04326253,0.04580657,0.1074934,0.05597877,0.1113343,0.0313178,0.1089701,-0.01839143,-0.03411915,0.04774824,0.07686781,0.05481124,0.08894955,0.1254931,0.07822092,0.06780402,0.1373641,0.07623919,0.09093114,0.05330476,0.09213621,0.07360468,0.1028133,0.1078994,0.0904802,0.05077307,0.09661768,-0.002203719,0.08134501,0.09141324,0.08178692,0.02685387,0.08462655,0.05690067,NaN,0.08652594,0.07997264,0.07145309,0.08378939,0.1017972,0.07341985,0.1340238,0.1159494,0.08243542,NaN,0.0745885,0.05674439,0.1236109,0.07054666,0.06451008,0.06753334,0.05721274,0.05043665,0.02564401,NaN,0.07020056,0.07211453,0.07412621,0.06817131,0.0544888,0.1230141,0.1153033,0.1086308,0.1107294,NaN,0.08409103,0.1233556,0.1264791,0.1151595,0.1202484,0.1023025,0.1322877,0.111702,0.1148402,NaN,-0.036271,0.1101057,0.06123517,0.1004465,0.1065235,0.05032805,-0.0152158,0.08700807,0.04067099,NaN,0.06595404,0.05419248,0.0587786,0.05544978,0.04903537,anteriorHippocampus,sub-S14,p,randomWalker5,freq34
0.07848979,0.04108775,0.07736683,0.07840791,0.1255111,0.04183872,0.1229476,0.08870886,0.07757791,0.06602846,0.06886602,-0.009193114,0.07799599,0.0601639,0.09069933,-0.02355705,0.08530263,0.05429048,0.08237189,0.06664461,0.1216196,0.1291987,0.1272321,0.1216639,0.1279043,0.1017797,0.1180623,0.1176937,0.1182156,0.1250214,-0.06300452,0.0634766,0.1272572,0.08139724,0.1279639,0.01278922,0.1279363,-0.01297588,-0.03522162,0.07173806,0.103407,0.07639081,0.1130063,0.1483096,0.1089328,0.09012543,0.1640948,0.1047135,0.1149541,0.07605987,0.09757299,0.07195843,0.1133153,0.1258816,0.1144964,0.04061779,0.1110387,0.03345599,0.08829087,0.09633521,0.06294984,0.003823963,0.06528427,0.02889918,NaN,0.05330721,0.06437205,0.05689718,0.0608607,0.09108758,0.0868072,0.1509086,0.1147809,0.11143,NaN,0.09167237,0.06665162,0.1539491,0.07647177,0.09392666,0.05190537,0.03050524,0.02918684,0.004393939,NaN,0.05635468,0.05452849,0.06065505,0.05253042,0.03306772,0.1290432,0.1263112,0.1111911,0.1066511,NaN,0.1007952,0.1242173,0.1488579,0.122402,0.1316752,0.121618,0.158484,0.1269832,0.1292517,NaN,-0.02139528,0.1251598,0.07893457,0.1187584,0.1244786,0.07087786,0.03676772,0.1041558,0.1099753,NaN,0.07629007,0.094267,0.1324698,0.07674756,0.07894457,posteriorHippocampus,sub-S14,p,randomWalker5,freq34
0.08768259,0.04742277,0.09578378,0.1171791,0.06696079,0.05572315,0.1366255,0.05945617,0.07544062,0.06374831,0.1007097,0.06564641,0.08848604,0.08442336,0.106985,0.09181255,0.09266764,0.09085078,0.09144707,0.07322819,0.1065328,0.09705305,0.110722,0.08419548,0.1100262,0.1077092,0.1108685,0.1205351,0.1100877,0.09736405,0.05688024,0.04636373,0.1022948,-0.0194588,0.03679417,0.02075179,0.09727764,-0.005615422,-0.01095927,0.05864339,0.1276142,0.06327547,0.08426278,0.06572174,0.05730224,0.07162595,0.129293,0.06748354,0.08873852,0.06173279,0.05951173,0.0639189,0.1047755,0.07636406,0.03390095,0.05386255,0.1060993,0.06496129,0.07246656,0.09024783,0.08834102,0.09294439,0.08973419,0.09434985,NaN,0.08383892,0.1049327,0.07650021,0.08523233,0.1188943,0.07043031,0.07235087,0.08823015,0.03760475,NaN,0.08432055,0.09419463,0.09418388,0.07185059,0.1326802,0.0637017,0.0306196,-0.02638568,0.07335566,NaN,0.02600358,0.03390493,0.03897047,0.05684554,0.01825328,0.1291752,0.08726453,0.1264714,0.1303885,NaN,0.09825485,0.1168201,0.1047627,0.1185092,0.1354801,0.1058363,0.09844702,0.1091047,0.05468576,NaN,0.1082261,0.0978397,0.1041159,0.1043943,0.06514683,0.04836575,0.023586,0.04655582,0.0352299,NaN,0.07262015,0.06968867,0.05902538,0.05907707,0.0590544,anteriorHippocampus,sub-S14,p,randomWalker6,freq34
0.09379058,0.0446212,0.09796307,0.1164322,0.08111131,0.05889719,0.143993,0.07561023,0.08057533,0.07270656,0.09491181,0.02061134,0.07847817,0.07218502,0.1185651,0.09830043,0.09972052,0.07271805,0.08691855,0.06946753,0.1237999,0.1228613,0.1296348,0.1002911,0.1283572,0.1281395,0.1267149,0.1286123,0.1263005,0.1182234,0.05830647,0.06143133,0.1256992,-0.02210964,0.0562894,0.02954303,0.1232578,0.004018455,-0.02605975,0.0788997,0.1611946,0.08304886,0.1079885,0.09055555,0.07900406,0.09536017,0.161369,0.09193284,0.1140777,0.08516004,0.08881371,0.05823734,0.113354,0.1022329,0.04494836,0.04636154,0.116592,0.06241977,0.07542695,0.08375864,0.07468107,0.07819072,0.08028204,0.07561115,NaN,0.06588516,0.09111423,0.06293712,0.07326351,0.1215225,0.08088192,0.05703572,0.09742309,0.04752733,NaN,0.09166508,0.1150529,0.1056802,0.07909347,0.1354475,0.04558358,0.01992561,-0.005562385,0.05292182,NaN,0.02311822,0.01100716,0.02752327,0.04090002,0.04373514,0.1338967,0.08622777,0.126,0.1334764,NaN,0.1053693,0.1226855,0.1140217,0.1234551,0.1344776,0.1287442,0.1200343,0.1282024,0.107735,NaN,0.1284934,0.1218783,0.1229768,0.1269902,0.1139267,0.09088048,0.04818462,0.0764636,0.03986721,NaN,0.09657749,0.1152165,0.05884734,0.1032442,0.09868456,posteriorHippocampus,sub-S14,p,randomWalker6,freq34
0.0712393,0.05046571,0.05419492,0.07072602,0.05133195,0.05035539,0.06613821,0.05098221,0.06513926,0.0505697,0.08479568,0.04944534,0.09548248,0.07653163,0.06175512,0.07837771,0.0844648,0.01354314,0.0856577,0.07300226,0.1097592,0.05763599,0.1113835,0.04903212,0.1101311,0.1030874,0.1023686,0.09718183,0.1056594,0.1029045,0.02959403,0.04646109,0.08324709,0.04352557,-0.05060397,-0.03768696,0.06046509,-0.01038275,0.008353995,0.02073744,0.08325321,0.08964139,0.1251227,0.08887964,0.07656253,0.07138038,0.09561031,0.07351687,0.08856368,0.06409647,0.09663888,0.07915514,0.1123635,0.08778907,0.004159195,0.04200078,0.1052908,0.05745912,0.06752537,0.06726535,0.08315676,0.07509821,0.0811398,NaN,0.04070345,0.08473687,0.07810901,0.09778512,0.08463083,0.06135809,0.05393719,0.07112778,0.1137556,NaN,0.1265016,0.02009117,0.1139391,0.06331813,0.0661528,0.03838472,0.05412903,0.06399756,0.07191432,NaN,0.03201282,0.07316281,0.07244577,0.03002669,0.05982289,0.04664447,0.1172931,0.1155797,0.1194706,NaN,0.1356593,0.09094869,0.07340944,0.1086579,0.1163123,0.08888812,0.09829634,0.02858667,0.1089655,NaN,0.09735499,0.1029068,0.1148171,0.1017509,0.09937073,0.09663894,0.02856036,0.01415779,0.1100046,NaN,0.1398241,0.01570763,0.114752,0.05388447,0.03916808,-0.01840231,anteriorHippocampus,sub-S14,p,randomWalker7,freq34
0.07668271,0.04549463,0.05505046,0.07003058,0.06959745,0.05639741,0.07348021,0.07307504,0.07246655,0.06037408,0.07781357,0.02580598,0.09194071,0.06325827,0.05923191,0.1010758,0.08606906,0.01780775,0.08254475,0.06563599,0.1228567,0.08641965,0.1262995,0.0266431,0.1271835,0.1238561,0.1222804,0.1121729,0.1230894,0.1244454,0.03135101,0.03696511,0.1078612,0.04063923,-0.04496759,-0.04074889,0.08656461,0.00114445,0.007598123,0.01649836,0.1090803,0.1135511,0.1644987,0.1142899,0.1053724,0.09615972,0.1271042,0.10206,0.115806,0.08870079,0.09672397,0.07452103,0.1221014,0.09128546,-0.01380611,0.03091395,0.1123955,0.07079422,0.06955328,0.06534462,0.06896969,0.05320453,0.08035052,NaN,0.01704156,0.08123138,0.07435045,0.08485218,0.07342173,0.04131463,0.06589971,0.08189154,0.1235139,NaN,0.1725096,0.02140902,0.09420763,0.06748147,0.07197297,0.0269006,0.0414173,0.04737429,0.06550001,NaN,0.01059982,0.06928747,0.06157011,0.02780035,0.04870099,0.02440478,0.1223644,0.12294,0.1357737,NaN,0.1806512,0.09743676,0.0901681,0.1205968,0.1234868,0.09938155,0.1234047,0.06493877,0.1272655,NaN,0.1314952,0.1250525,0.1252322,0.1220472,0.122679,0.1215664,0.0252787,0.009052,0.1223084,NaN,0.1834394,0.02419931,0.1069481,0.05804057,0.04457305,-0.0004413011,posteriorHippocampus,sub-S14,p,randomWalker7,freq34
0.09714442,0.05852386,0.06925289,0.101132,0.05641152,0.05922266,0.04728268,0.05587946,0.08922154,0.0846616,0.07899328,0.08008219,0.09246054,0.07815211,0.1073329,0.09595723,0.09050327,0.1067006,0.08663946,0.07304288,0.1126593,0.0862117,0.1133343,0.1172136,0.1129386,0.1122399,0.1117289,0.1105905,0.1133593,0.09908826,0.04267754,0.03546398,0.1040109,-0.0001215546,-0.01831035,-0.04706793,0.09818681,0.01658466,-0.05195593,0.009166224,0.1145611,0.07900952,0.1372305,0.07685231,0.07780837,0.08212621,0.1204854,0.07449184,0.09162162,0.07432408,0.1121293,0.07410903,0.08696873,0.1201087,-0.006599634,0.06366094,0.1060926,0.03952043,0.08913632,0.09489025,0.08353914,0.04083258,0.02624946,0.1033248,0.0567413,0.06842314,0.08244187,0.0842685,0.0840608,0.05991732,0.0674116,0.09828376,0.03660602,0.1056305,0.05674123,0.08435387,0.1101535,0.060808,0.07020311,0.06965141,0.06497084,0.05742198,0.02995238,0.06671824,0.05674129,0.03912073,0.06468453,0.0517807,0.0638205,0.06734777,0.1317878,0.123155,0.1236429,0.09674402,0.05674096,0.1209257,0.1051101,0.1246421,0.1231561,0.1213569,0.1052676,0.07021607,0.1010914,0.1066051,0.05674127,0.0235003,0.113423,0.09122638,0.1055049,0.1017018,0.04865792,0.05749265,0.06064197,0.1141272,0.05674125,0.116202,0.08997525,0.04157002,0.06199548,0.05975745,anteriorHippocampus,sub-S14,p,randomWalker8,freq34
0.09853844,0.06158739,0.05976429,0.1023592,0.0690274,0.0656338,0.06440974,0.07208673,0.09749998,0.0916665,0.07070811,0.05194078,0.07874238,0.06447812,0.1075849,0.08903646,0.08897247,0.1026263,0.07718818,0.06363349,0.1125589,0.1261878,0.1297474,0.1228068,0.129158,0.1277372,0.1262426,0.1261045,0.1262514,0.1282565,0.04757107,0.05197698,0.1255436,0.01138149,-0.009059423,-0.04614941,0.1226693,0.03105781,-0.05067999,0.02298771,0.1469281,0.104303,0.172927,0.09625006,0.1037524,0.1070211,0.1562406,0.09937612,0.1182354,0.09689362,0.1221402,0.07364643,0.1043454,0.1297207,-0.01087148,0.05961327,0.1157058,0.04401928,0.1030518,0.09952998,0.06696765,-0.003164002,-0.03551297,0.1098331,0.05813287,0.03021393,0.07264464,0.06102109,0.06910539,0.0195794,0.07913364,0.1032061,0.07612496,0.1089801,0.05813298,0.09419566,0.1052946,0.0645751,0.06875698,0.1090543,0.04638498,0.04294872,0.004770015,0.07649016,0.05813288,0.02262142,0.04895601,0.03500795,0.04547378,0.05224831,0.1412904,0.128608,0.1355651,0.1036521,0.05813294,0.1289081,0.1185557,0.1324144,0.1319631,0.1311344,0.1247679,0.07549661,0.1249338,0.1068477,0.05813285,0.04045906,0.130013,0.1144492,0.1251909,0.1268376,0.09327496,0.06093205,0.1004746,0.1162546,0.05813283,0.1511098,0.114509,0.08702673,0.1067628,0.08221527,posteriorHippocampus,sub-S14,p,randomWalker8,freq34
0.07444748,0.05780027,0.05613079,0.1032517,0.09238196,0.06175854,0.09206128,0.06378928,0.08207243,0.06068252,0.08128691,0.05055289,0.08651929,0.08368253,0.1010487,0.09374072,0.09561662,0.08939148,0.09030784,0.06773712,0.1169126,0.06433485,0.1117086,0.1170781,0.1128854,0.1111389,0.1067029,0.111291,0.1111035,0.1074579,-0.006091184,0.04943912,0.03040402,0.01164476,0.1076501,-0.006239143,0.07866869,0.02905092,-0.00571801,0.05238781,0.09782749,0.07492511,0.08435709,0.08469616,0.08636089,0.09256017,0.07192974,0.07171629,0.105205,0.06805341,0.09582733,0.07898318,0.06255198,0.1220536,0.0698319,0.05944616,0.1002791,0.0267329,0.08330891,0.08502369,0.08312077,0.08123384,0.09115918,0.06966103,NaN,0.08160131,0.08753886,0.08623571,0.08485644,0.07880165,0.06979708,0.07519946,0.1167436,0.1009496,NaN,0.07134782,0.1116509,0.06607759,0.07379516,0.088604,0.06184961,0.05342233,0.06878328,0.0722049,NaN,0.06672147,0.06554608,0.05840502,0.06089417,0.0579883,0.117829,0.1041522,0.09689323,0.1272737,NaN,0.1239609,0.1016793,0.1098166,0.1182519,0.1060299,0.1069549,0.0174832,0.1102542,0.1295806,NaN,0.1113551,0.1132948,0.1057291,0.108089,0.003906879,0.02406867,0.09367717,0.1099507,0.1237448,NaN,0.04105669,0.1256819,0.07491113,0.09209503,0.1070925,anteriorHippocampus,sub-S14,p,randomWalker9,freq34
0.08355237,0.06122872,0.05526689,0.1035255,0.1067721,0.05821096,0.08924096,0.08014598,0.08775427,0.06970359,0.06799675,0.04214546,0.07666027,0.07194602,0.08512647,0.08783968,0.09444398,0.08097948,0.0819357,0.05930266,0.1282777,0.1139487,0.1247682,0.1169302,0.1280605,0.1263289,0.1246618,0.1262665,0.1259671,0.1274874,-0.01155477,0.05394367,0.04279763,0.02531876,0.1302028,-0.02727506,0.1084583,0.04589293,-0.004660101,0.06431922,0.1250461,0.09720697,0.1043847,0.09812285,0.1147794,0.1144187,0.0956363,0.09440311,0.1333098,0.08931043,0.1044979,0.07684072,0.06019896,0.1307227,0.08374339,0.06202697,0.1192522,0.02865377,0.1038913,0.08431913,0.06988536,0.06093058,0.08468877,0.06148252,NaN,0.06287497,0.0783501,0.07052286,0.07133456,0.06325345,0.07171252,0.08633219,0.1258872,0.1346957,NaN,0.07969265,0.1193527,0.06912074,0.07741637,0.09741096,0.04026845,0.0321196,0.04775244,0.05247607,NaN,0.04153545,0.04720573,0.03599356,0.04029049,0.03928076,0.1231577,0.1126973,0.105251,0.1438405,NaN,0.1284744,0.1045479,0.1178443,0.124336,0.1092187,0.1279971,0.03215646,0.1287843,0.1473482,NaN,0.12818,0.1294073,0.1243068,0.1268842,-0.002181064,0.07637266,0.1002379,0.1260461,0.1431608,NaN,0.08516307,0.1668801,0.1282514,0.1452857,0.1108949,posteriorHippocampus,sub-S14,p,randomWalker9,freq34
0.06028007,0.06203712,0.03607572,0.0346556,0.06042786,0.06145206,0.05974119,0.06536283,0.0635987,0.05646996,0.07617127,0.05903182,0.07894615,0.07308044,0.07242621,0.0804312,0.07542391,0.07301868,0.07843035,0.08232523,0.04084263,0.05642371,0.03875529,0.05283411,0.03738524,0.03828005,0.03778932,0.03545433,0.04024377,0.06767286,0.05894785,0.06302492,0.02532033,0.05618807,0.02734864,0.06488802,0.03583512,0.06506822,0.04105343,0.05880946,0.07133465,0.07246745,0.07005059,0.06249358,0.0572461,0.06205976,0.06844568,0.06352322,0.06781892,0.05700919,0.01336638,0.05325064,0.07700252,-0.01337205,0.03669218,0.0490739,0.05794113,0.06464626,0.03423734,0.0365039,0.07968596,0.06720199,0.07883447,0.07902984,0.07029106,0.06018227,0.08088993,0.06331053,0.07805538,0.06112334,0.06660981,0.04252372,0.06985606,0.06080442,0.03922812,0.04770597,0.06670672,0.05909173,0.0670451,0.02892634,0.07171325,0.0713033,0.0643148,0.06592155,0.0117472,0.07320992,0.07130513,0.07718591,0.07311182,0.07464975,0.04758466,0.05236628,0.03076274,0.06019698,0.02943427,0.05397117,0.04609301,0.05225883,0.0522385,0.03686457,0.0393306,0.0348259,0.04156525,0.03880704,0.03764002,0.03230954,0.04115524,0.04252083,0.03826303,0.03284133,0.07077949,0.03525135,0.07621916,0.0532769,0.03904018,0.03990962,0.02555396,0.06315861,0.06538581,0.01931668,anteriorHippocampus,sub-S15,p,randomWalker0,freq34
0.03733272,0.03402619,0.004867585,0.01362911,0.05098528,0.03194046,0.05611294,0.04996154,0.04323487,0.03011995,0.07802228,0.07836382,0.08091331,0.07217716,0.06644112,0.09463196,0.07905348,0.06390273,0.08008493,0.09087624,0.05038549,0.0764177,0.04260479,0.06069765,0.03991266,0.0442914,0.05035365,0.04128579,0.0470705,0.07795347,0.03384722,0.03622046,0.03908875,0.02727163,0.04185155,0.03950525,0.04295871,0.05097772,0.03661874,0.03344445,0.07617851,0.07125638,0.06614154,0.05903555,0.06181574,0.062934,0.07350534,0.06902956,0.07268851,0.06167495,0.02225779,0.02343745,0.1007804,0.05262194,0.04292464,0.01968613,0.06875277,0.03876681,0.02217472,0.01771886,0.08344428,0.08392749,0.08260272,0.07379694,0.08331052,0.07989781,0.084921,0.02680507,0.08704092,0.05607768,0.09027765,0.03958408,0.07944976,0.06426778,0.04595709,0.03594068,0.07878574,0.05760055,0.09634064,0.03607965,0.07590668,0.07619969,0.06848438,0.07071985,0.02546453,0.07843944,0.07616562,0.08096357,0.07711542,0.07932542,0.03821187,0.03804069,0.02269954,0.05500517,0.03046016,0.03545829,0.03302985,0.03771894,0.03744536,0.03528663,0.05187491,0.07182197,0.0536778,0.04811727,0.04473128,0.04707067,0.04997798,0.05166758,0.05227899,0.04305098,0.0585719,0.03483599,0.09847974,0.05998258,0.04595512,0.03223434,0.03931692,0.03303215,0.04630319,0.03680878,posteriorHippocampus,sub-S15,p,randomWalker0,freq34
0.06627411,0.05565462,0.04877613,0.05701004,0.0611464,0.06447093,0.04432195,0.06444683,0.06309062,0.06272524,0.07670588,0.06878437,0.07181647,0.07428823,0.02527482,0.05930601,0.07224869,0.05807767,0.07395963,0.07175777,0.05423818,0.03405856,0.03736326,0.07513531,0.03564772,0.03395424,0.03683584,0.03164912,0.04513558,0.03439004,0.06970204,0.06562637,0.02226461,0.06443801,0.06792665,0.06747569,0.017458,0.05237237,0.06492934,0.06018857,0.07004167,0.05961933,0.07475013,0.05658526,0.06166751,0.0624839,0.06931851,0.06308196,0.06651609,0.05671586,0.04777365,0.03961322,0.05949216,-0.004594155,0.03138898,0.04607309,0.05975986,0.05140625,0.02756101,0.04157403,0.07540943,0.07530439,0.07317664,0.07253708,NaN,0.07520084,0.07627969,0.07766517,0.07590729,0.06831209,0.07301038,0.04285138,0.05094083,0.04508915,NaN,0.04185347,0.05242557,0.05083815,0.06360544,0.03903967,0.06821061,0.04686335,0.04734146,0.04899662,NaN,0.06877393,0.07265323,0.06103352,0.06959656,0.07247823,0.05006959,0.05277285,0.07074908,0.01304384,NaN,0.04871684,0.06202903,0.06162099,0.05270226,0.04158203,0.0378435,0.03527441,0.03573674,0.06820596,NaN,0.03170002,0.03295522,0.03298319,0.03492391,0.03246895,0.05939921,0.03274821,0.04634962,0.01752049,NaN,0.03405547,0.06713232,0.06188856,0.06960815,0.01472829,anteriorHippocampus,sub-S15,p,randomWalker1,freq34
0.04484337,0.03255465,0.02214167,0.03849525,0.0560689,0.04206421,0.03008925,0.0517795,0.04246161,0.05202406,0.08033366,0.06653161,0.07972554,0.07463572,0.04431025,0.07182069,0.08071613,0.06826065,0.08073615,0.08185194,0.06026239,0.03541303,0.03927264,0.06704286,0.03899645,0.03960254,0.0500177,0.03725226,0.05421795,0.03979742,0.04801454,0.05245106,0.02768731,0.04891134,0.04682514,0.05199046,0.02332976,0.06014779,0.05535744,0.0613432,0.07449722,0.07025988,0.08780196,0.06934118,0.07187726,0.06922277,0.0794453,0.07371271,0.07405613,0.0689627,0.01419064,0.01813525,0.06419454,0.009736392,0.02027641,0.01370994,0.06932335,0.02454247,0.03235728,0.03794269,0.08283134,0.08291785,0.08330447,0.07134677,NaN,0.08450072,0.08081921,0.08490009,0.08279675,0.08616833,0.09254847,0.07085474,0.04820511,0.07716683,NaN,0.08631048,0.06778974,0.06708158,0.09243187,0.04326826,0.07610221,0.08096124,0.05890215,0.06032842,NaN,0.09538656,0.08256439,0.08965848,0.07983948,0.1017521,0.038272,0.03763505,0.07544194,0.01356708,NaN,0.03331712,0.03921977,0.04712387,0.03930084,0.03422489,0.05086349,0.04638445,0.0367809,0.1012108,NaN,0.04256437,0.04083565,0.0404566,0.04521503,0.03686607,0.05938628,0.07464637,0.04404428,0.01859379,NaN,0.0982901,0.07294583,0.05768806,0.09776469,0.02549692,posteriorHippocampus,sub-S15,p,randomWalker1,freq34
0.05784225,0.05381814,0.05868449,0.05503441,0.05866998,0.05387932,0.05533136,0.06070212,0.06026394,0.06223201,0.06424905,0.05598871,0.06788711,0.05331583,0.04059455,0.07531202,0.0764536,0.07539571,0.07343403,0.07735265,0.06047855,0.05601563,0.03838698,0.04593015,0.05243456,0.05059248,0.03751276,0.04843754,0.04566361,0.07139809,0.05670524,0.05745437,0.03556677,0.06366831,0.03524379,0.05748539,0.0349962,0.05193006,0.0253748,0.02267631,0.07233876,0.05789908,0.07200311,0.05701871,0.07828733,0.05560765,0.07388667,0.06314784,0.06687046,0.05767477,0.01759863,0.04336781,0.02458822,0.03762148,0.03664989,0.03986909,0.0598545,0.0704119,0.02897594,0.04736843,0.07054922,0.05988452,0.07842729,0.07901833,0.06964825,0.07521428,0.07625158,0.07259624,0.07421093,0.07161846,0.06454577,0.03257117,0.06704025,0.06170363,0.06964821,0.03435743,0.06829763,0.06264515,0.06571766,0.04866545,0.05456787,0.05713731,0.04089414,0.07264699,0.0696482,0.06815254,0.06806844,0.06183758,0.06629901,0.0614473,0.04562724,0.04450915,0.06627328,0.06180855,0.0696483,0.05505604,0.061808,0.05793383,0.04774972,0.05260154,0.03825333,0.03371825,0.04008027,0.05881852,0.06964826,0.03859572,0.03440201,0.03754053,0.03625061,0.04430447,0.002960299,0.02353187,0.05314058,0.06021833,0.06964827,0.02693783,0.01081278,0.0458236,0.004634768,0.04357322,anteriorHippocampus,sub-S15,p,randomWalker2,freq34
0.0399694,0.03008688,0.0359338,0.03810671,0.04846997,0.02791396,0.04135943,0.06406785,0.04490812,0.0443167,0.07266831,0.08137731,0.07431151,0.06401188,0.05475887,0.09011649,0.08419024,0.07643429,0.08064736,0.08565619,0.06704421,0.08034763,0.03969614,0.05829933,0.04950039,0.06194794,0.05166843,0.05460957,0.05492713,0.1205192,0.04939086,0.03524251,0.04208102,0.05709807,0.04217703,0.03454117,0.03936028,0.06306802,0.02670636,0.0292714,0.08136901,0.06132342,0.08401427,0.06518987,0.07619255,0.06193112,0.09120893,0.0731445,0.07390165,0.06758462,0.01997047,0.0194899,0.02653791,0.0352745,0.04768821,0.01086374,0.07632609,0.06086422,0.03804729,0.03388618,0.0801752,0.07747428,0.08327277,0.08481545,0.08567817,0.0861729,0.0836681,0.07722933,0.082433,0.08425367,0.09166514,0.02151147,0.07084815,0.06010742,0.08567806,0.01900129,0.06795701,0.06424651,0.09198102,0.04099483,0.06979541,0.06770419,0.05518312,0.0768215,0.0856782,0.08722933,0.07812718,0.07096723,0.07807042,0.06470328,0.03769946,0.0225236,0.05439373,0.05975177,0.08567812,0.03196048,0.0574462,0.03777856,0.03625713,0.03961206,0.05735354,0.03915265,0.04430279,0.05262334,0.08567802,0.04250941,0.04606757,0.04164827,0.05110551,0.05106407,-0.003744269,0.01220149,0.05705767,0.05909217,0.08567812,0.008363759,0.01020702,0.07306753,0.001244514,0.03776537,posteriorHippocampus,sub-S15,p,randomWalker2,freq34
0.05150502,0.06093277,0.04971246,0.05395404,0.055368,0.06175034,0.03953666,0.06291543,0.05681935,0.06073931,0.07323631,0.03482891,0.06440014,0.04920379,0.05253027,0.07431588,0.06828365,0.0710286,0.0723406,0.05793252,0.03811307,0.04261129,0.03643422,0.03295529,0.03523225,0.03993394,0.0347344,0.03604824,0.03840697,0.03829032,0.0211953,0.05118471,0.03589275,0.05775574,0.03447752,0.05999016,0.02990247,0.03995283,0.03030385,0.06043587,0.06764357,0.06457742,0.0738901,0.05675092,0.05620777,0.06371979,0.07263941,0.06142775,0.0694645,0.05846438,0.02672476,0.05446251,0.07461614,0.0244834,0.04972994,0.06668983,0.004233383,0.05947192,0.03458777,0.06687309,0.07196274,0.06408887,0.07485004,0.03963699,0.06277604,0.06552173,0.07350291,0.063826,0.07253402,0.08348092,0.07035939,0.03662642,0.06311533,0.0396369,0.03774063,0.05765263,0.05645917,0.04511711,0.06161176,0.04753021,0.06450966,0.06158023,0.01670597,0.0396369,0.002698302,0.06016196,0.07354712,0.05588927,0.06414335,0.0746899,0.04437261,0.05655167,0.06720705,0.03963672,0.03300968,0.0608953,0.03847086,0.04599757,0.04821519,0.05472646,0.03939152,0.05510228,0.03621232,0.03963701,0.03660578,0.03069704,0.03777016,0.03562436,0.03891797,0.05859951,0.05752407,0.02409819,0.05121184,0.03963679,0.03669403,0.05281952,0.04610218,0.05293551,0.05824078,0.04645475,anteriorHippocampus,sub-S15,p,randomWalker3,freq34
0.03226214,0.03934775,0.03720915,0.03855453,0.0602031,0.04047433,0.0185174,0.05603363,0.03788005,0.045811,0.07923879,0.05156232,0.06774993,0.06191188,0.0572063,0.07888282,0.07060294,0.07599284,0.07544743,0.07798261,0.04163743,0.04625239,0.03738183,0.0643311,0.03488683,0.03948548,0.04245675,0.03995923,0.04288531,0.03743837,0.03729638,0.05186961,0.04256959,0.05998192,0.03886011,0.05208176,0.04065763,0.04048679,0.03331072,0.05757141,0.07366636,0.06811281,0.08758263,0.06909216,0.06797637,0.06755759,0.08413015,0.0708173,0.07802673,0.06859916,0.02519111,0.03232634,0.07082675,0.02559248,0.03060874,0.04697116,0.01959924,0.04283046,0.03534726,0.05460908,0.08325863,0.07946078,0.08250874,0.05130905,0.06365471,0.08105196,0.06522727,0.07605612,0.08175286,0.09465203,0.08941736,0.03992373,0.04696527,0.051309,0.04017638,0.04340241,0.06709186,0.05770373,0.0829842,0.04802636,0.0772457,0.068038,0.0102851,0.05130889,0.005365727,0.06637257,0.07248996,0.06439443,0.07266087,0.07225331,0.03562963,0.04279759,0.06290676,0.05130888,0.03805924,0.04384569,0.03207987,0.034246,0.03835016,0.04526749,0.04301051,0.07769544,0.03828411,0.05130895,0.03790909,0.0464337,0.04778314,0.04237552,0.04518143,0.07376902,0.06336533,0.04265296,0.04751604,0.05130893,0.03934578,0.04222084,0.06891962,0.05482582,0.06392843,0.0522668,posteriorHippocampus,sub-S15,p,randomWalker3,freq34
0.06014709,0.05754387,0.05241247,0.06060943,0.0519272,0.06011313,0.04905516,0.06377033,0.06077074,0.06180593,0.07346066,0.05474913,0.07051524,0.07337034,0.07162187,0.07230832,0.0754246,0.06978866,0.07512069,0.07493285,0.04884814,0.04246617,0.03768563,0.04865258,0.03793871,0.03904879,0.03953684,0.03772891,0.04030827,0.05011938,0.07027964,0.0523706,0.02958812,0.06254969,0.02116787,0.05865847,0.02966652,0.06235484,0.06625499,0.05872038,0.06885762,0.06654061,0.06764837,0.05801765,0.06008641,0.06173019,0.06210481,0.0580473,0.06311458,0.05728164,0.04268513,0.05309363,0.04840603,0.0292323,0.05601351,0.05444451,0.05825692,0.06362131,0.03643104,0.04684138,0.07347167,0.06217001,0.07406695,0.06542429,0.07162622,0.07536943,0.07731634,0.07183243,0.07543916,0.06758184,0.04615767,0.0385008,0.04402005,0.05784291,0.07162629,0.06199646,0.06634508,0.05914923,0.06051055,0.02726761,0.06618531,0.05803735,0.06485324,0.05798195,0.07162635,0.07591091,0.0699059,0.06708967,0.0696676,0.06446338,0.04996355,0.04089027,0.06776226,0.04860975,0.07162628,0.04918616,0.03279726,0.06350004,0.04832817,0.0311105,0.04240787,0.0458889,0.03780762,0.03987971,0.07162619,0.0382187,0.04039231,0.03672174,0.04034705,0.034754,0.07015682,0.06657083,0.03706956,0.0525954,0.07162626,0.04676987,0.05904755,0.03504549,0.07353236,0.05089903,anteriorHippocampus,sub-S15,p,randomWalker4,freq34
0.0427392,0.0360631,0.02667999,0.04178244,0.05364639,0.03706528,0.04096849,0.0565037,0.04409832,0.04738433,0.07886906,0.06588057,0.07444201,0.0754612,0.07362385,0.07768577,0.07845517,0.07300431,0.08013786,0.07887466,0.05587117,0.05302799,0.04159202,0.05148099,0.03939827,0.0439132,0.04824109,0.04257895,0.04856442,0.05613067,0.04847855,0.0293008,0.0300211,0.06016824,0.01349777,0.0347656,0.03791681,0.052665,0.04686772,0.03834164,0.07516898,0.07061705,0.06414978,0.05976396,0.06779771,0.06686351,0.07131992,0.06991697,0.07116245,0.06972008,0.02918387,0.03359008,0.05626707,0.01928773,0.0624396,0.02630639,0.07196832,0.05250374,0.03581777,0.03389593,0.0810767,0.07312603,0.07778977,0.06981626,0.08494607,0.08208553,0.08007862,0.07919452,0.08192507,0.06596557,0.04894299,0.04176753,0.04404413,0.0598996,0.08494615,0.07785533,0.07861368,0.06042749,0.08476471,0.02553565,0.07440227,0.06706015,0.07307737,0.0652231,0.0849461,0.08103066,0.07747115,0.07505625,0.07817589,0.06264503,0.03893351,0.03248691,0.05973678,0.0326919,0.08494606,0.03845906,0.04943031,0.05181064,0.04041043,0.02972113,0.05364392,0.0743713,0.04278886,0.04830188,0.0849461,0.04633916,0.04738995,0.04323399,0.04890194,0.0411864,0.08178747,0.1012673,0.04307127,0.05948449,0.0849461,0.09515172,0.09589144,0.05381982,0.08908375,0.06974464,posteriorHippocampus,sub-S15,p,randomWalker4,freq34
0.06567138,0.05820325,0.05602637,0.05434503,0.06071302,0.05699982,0.06195382,0.06590169,0.06084267,0.06614504,0.07369202,0.01539647,0.07265649,0.06851567,0.06173938,0.05832227,0.07500248,0.08397464,0.07425342,0.06890483,0.04972564,0.07915715,0.03516423,0.05139328,0.03676261,0.03876597,0.03865166,0.03813413,0.03633457,0.04862973,0.0399049,0.06364824,0.03437681,0.06380524,0.03497155,0.04667418,0.03276081,0.03329099,0.03796552,0.06365468,0.06605836,0.06235317,0.06267329,0.0681555,0.06314545,0.06309984,0.06447739,0.06286037,0.06472363,0.0580669,0.02985695,0.0536878,0.05571084,0.01721036,0.06147268,0.05087456,0.06149103,0.03151953,0.04182727,0.06219935,0.07625186,0.04508726,0.07216773,0.05167639,NaN,0.06422036,0.07538349,0.07877274,0.07221695,0.08153488,0.06545807,0.004970274,0.04300456,0.01139997,NaN,0.06906555,0.06015017,0.07525028,0.06061105,0.07208532,0.07126973,0.05348232,0.06362199,0.04508236,NaN,0.06867614,0.06937326,0.07227581,0.07112488,0.05865433,0.03660656,-0.003095936,0.04584107,0.03421849,NaN,0.06748369,0.03020304,0.06708063,0.05305093,0.06145934,0.03689421,0.07061408,0.03624839,0.03588314,NaN,0.02367455,0.03890353,0.0519835,0.03269329,0.03248998,0.06460474,0.03844963,0.05478955,0.05221939,NaN,0.0607493,0.06521662,0.07118032,0.06131468,0.05977711,anteriorHippocampus,sub-S15,p,randomWalker5,freq34
0.04521323,0.03243948,0.03297904,0.03943852,0.0595256,0.03194115,0.05330646,0.05550498,0.04130597,0.04848028,0.08226787,0.008714134,0.07657651,0.07188583,0.07015131,0.06815018,0.08282164,0.08966844,0.08395783,0.09050908,0.05702361,0.1144932,0.0406507,0.05439737,0.04144875,0.03369588,0.05279339,0.04284186,0.0473763,0.05911205,0.03447681,0.05067516,0.04567524,0.0606842,0.04093805,0.01986358,0.04042134,0.04067793,0.04025904,0.05917891,0.06744636,0.06144321,0.06892328,0.07672589,0.07076006,0.0647391,0.07396691,0.07215781,0.06882969,0.06426995,0.01596,0.03019402,0.06910222,0.04382223,0.06684972,0.02124628,0.07396642,0.04235175,0.03421963,0.04505986,0.08868045,0.06253873,0.08573139,0.06628019,NaN,0.08665062,0.0828961,0.08702502,0.08724868,0.07417166,0.100263,0.02619008,0.05148864,0.06792489,NaN,0.05945867,0.09904242,0.07385309,0.07832242,0.06827941,0.07677948,0.06246575,0.0725553,0.05489758,NaN,0.0747868,0.0740626,0.0766354,0.07711554,0.0687291,0.02739717,0.000121229,0.03034454,0.02213253,NaN,0.05678651,0.02605857,0.06708591,0.03955795,0.05805915,0.04778212,0.07617664,0.04608049,0.04141979,NaN,0.03397786,0.05075205,0.05932871,0.04576833,0.04200265,0.06620979,0.08833688,0.05937037,0.1243825,NaN,0.05574612,0.1077475,0.1050257,0.06373,0.05709689,posteriorHippocampus,sub-S15,p,randomWalker5,freq34
0.05463656,0.0582502,0.02757805,0.03150677,0.0646122,0.06177033,0.03793656,0.06569723,0.06052135,0.06344455,0.06998757,0.06385821,0.07342828,0.07681104,0.05371315,0.0442884,0.06939669,0.07868388,0.07247587,0.06559182,0.04965959,0.04892012,0.03706247,0.06487948,0.03643816,0.03647437,0.03596083,0.04251626,0.04132247,0.05152665,0.07358748,0.06766627,0.03201186,0.0289161,0.06771699,0.06314662,0.03080672,0.04529851,0.0527451,0.06244927,0.07409716,0.06279889,0.06057686,0.05753892,0.05641309,0.06319609,0.06044404,0.05970191,0.06576173,0.05845742,0.03518114,0.05170598,0.07079839,-0.01884384,0.03034768,0.0524543,0.05536183,0.05057524,0.02666892,0.03482833,0.07420462,0.06995074,0.0746371,0.07847547,NaN,0.06727318,0.04557434,0.07103191,0.07341361,0.0482327,0.06754427,0.06093168,0.07315693,0.04695451,NaN,0.05696387,0.05151904,0.07079899,0.06607401,0.009334556,0.06844871,0.06353801,0.01222285,0.06536546,NaN,0.05604443,0.04510217,0.06692734,0.07001563,0.06108063,0.03796519,0.04822894,-0.01319712,-0.004548412,NaN,0.05567586,0.05242048,0.05995685,0.04831791,0.01805541,0.04019227,0.02790285,0.04902141,0.04806505,NaN,0.03347946,0.03196852,0.02904584,0.03521325,0.0668304,0.06984069,0.04339992,0.07761667,0.05692182,NaN,0.04462061,0.04824748,0.05599286,0.06828424,0.01860479,anteriorHippocampus,sub-S15,p,randomWalker6,freq34
0.0374077,0.03358186,0.007610145,0.0256961,0.05205641,0.03768364,0.04237879,0.05217571,0.03909641,0.04360513,0.07142606,0.08228558,0.07410675,0.07499754,0.05716601,0.06591661,0.07416786,0.08222096,0.07733653,0.07801537,0.05251838,0.04979575,0.04262068,0.0748968,0.03922043,0.04141833,0.03946536,0.0447396,0.04494422,0.05191017,0.06250675,0.05091256,0.04058755,0.02490283,0.0630357,0.05219099,0.0393411,0.04889622,0.04011124,0.06216107,0.0848179,0.06281772,0.06614318,0.06686898,0.06349957,0.0671173,0.07254577,0.06684475,0.06945691,0.06532909,0.08563852,0.0261031,0.08060009,0.05934566,0.04133885,0.02164199,0.06156954,0.01981367,0.02991893,0.0163768,0.07956769,0.07781028,0.0745687,0.07532384,NaN,0.08038495,0.06619134,0.0803074,0.08103466,0.05146366,0.09427899,0.08022211,0.08242065,0.08463526,NaN,0.06385154,0.06219914,0.05543789,0.09030516,0.02577426,0.07427996,0.07974856,0.03906727,0.06852197,NaN,0.07973207,0.05590886,0.08243333,0.07812965,0.05949628,0.03154434,0.02801445,0.004622131,0.02207669,NaN,0.03749997,0.03920738,0.04465801,0.03527201,0.02160026,0.051455,0.04159445,0.05958311,0.1054174,NaN,0.04013779,0.04084642,0.03718094,0.045073,0.09475272,0.08607484,0.08144823,0.103251,0.04379194,NaN,0.06346662,0.0581126,0.05689734,0.08319397,0.07778711,posteriorHippocampus,sub-S15,p,randomWalker6,freq34
0.06308521,0.05743115,0.0577081,0.05914799,0.06185068,0.06460382,0.06064861,0.06461094,0.06471615,0.06529193,0.07746863,0.04785321,0.07154163,0.07255036,0.01769641,0.05401772,0.07549257,0.02414603,0.07734201,0.08031149,0.04355028,0.05954161,0.03807806,0.05528757,0.03697938,0.04230079,0.03414071,0.03305799,0.04233918,0.05051942,0.06690164,0.0544823,0.02722639,0.06057062,0.05344155,0.05548727,0.01424525,0.05896724,0.06309266,0.06255864,0.06964049,0.07133637,0.07174168,0.06823856,0.06345541,0.06373013,0.06909937,0.06277411,0.06956241,0.06013822,0.01821831,0.0469272,0.05858567,-0.02150496,0.04917562,0.04929765,0.05689579,0.06560972,0.0371857,0.05534599,0.07440184,0.06767175,0.08039876,NaN,0.0416539,0.068897,0.07928078,0.06970742,0.07571863,0.06529481,0.05438393,0.02888404,0.05157039,NaN,0.06111078,0.04752278,0.05969781,0.06715267,0.06588279,0.03276729,0.07421196,0.06853651,0.0785056,NaN,0.04401048,-0.004247282,0.07499249,0.07778385,0.07620269,0.05496731,0.05173545,0.05287353,0.04088167,NaN,0.06174408,0.06085517,0.07069562,0.063278,0.05482705,0.06570203,0.0371752,0.03889254,0.03672833,NaN,0.0801323,0.03366927,0.03387505,0.03096961,0.03514555,0.02877037,0.06235239,0.06188712,0.05403683,NaN,0.0520709,0.04062214,0.0581985,0.06037477,0.0653375,0.05634341,anteriorHippocampus,sub-S15,p,randomWalker7,freq34
0.03806829,0.03019715,0.03379743,0.03492018,0.05216191,0.04022258,0.04040278,0.05614293,0.04127155,0.04367395,0.07914646,0.07410383,0.07508469,0.07033794,0.03883122,0.08689963,0.08078756,0.02875996,0.0802585,0.08698227,0.05126735,0.09541595,0.04259601,0.06130769,0.04074436,0.05137562,0.04359896,0.04280344,0.05140623,0.056894,0.03951978,0.02785057,0.04268977,0.03519044,0.03864136,0.03530597,0.02393373,0.04586226,0.03643786,0.0331119,0.07054242,0.06935795,0.08638469,0.07215812,0.07002164,0.06626494,0.07550775,0.06989273,0.0720202,0.06522404,0.009033539,0.02340507,0.06532333,0.01359609,0.03686521,0.023351,0.06864533,0.04552839,0.03396593,0.03137932,0.07961643,0.077749,0.08153417,NaN,0.05270304,0.0834855,0.08521406,0.08197077,0.08125447,0.07023375,0.08925857,0.042572,0.05646371,NaN,0.07038521,0.05160194,0.0676829,0.06453439,0.09044375,0.06546282,0.07877692,0.07184502,0.07987781,NaN,0.05395754,0.01530181,0.07633382,0.08200617,0.07896268,0.0576378,0.0352444,0.03642091,0.02939506,NaN,0.08028785,0.03768538,0.05259607,0.04726171,0.03791103,0.04950484,0.05322131,0.07742437,0.04280408,NaN,0.07970429,0.04633711,0.03826431,0.04200076,0.04849101,0.04655864,0.03956429,0.04131148,0.05963067,NaN,0.07128062,0.05267814,0.05821738,0.05989503,0.05047079,0.06188898,posteriorHippocampus,sub-S15,p,randomWalker7,freq34
0.04800002,0.06003166,0.04381207,0.05521999,0.05590386,0.06380697,0.0610069,0.06377415,0.06011676,0.06060333,0.07663282,0.04519629,0.07039203,0.07446276,0.06237325,0.06983508,0.07441608,0.05085154,0.07498626,0.06992025,0.06224735,0.04244752,0.03862565,0.05571997,0.03586143,0.0401245,0.03938658,0.03547214,0.04249154,0.03864678,0.06009704,0.06286625,0.0342516,0.05750859,0.04796268,0.05121421,0.03242521,0.05717254,0.03566593,0.05633468,0.07511822,0.06239272,0.06857539,0.05812395,0.06068516,0.06420742,0.07571183,0.06001507,0.06655569,0.05798852,0.01287532,0.05318241,0.04753159,0.03494794,0.03460046,0.0503929,0.04558022,0.06244225,0.04212853,0.05377135,0.07381504,0.04885119,0.05797664,0.0433809,0.07110362,0.07013587,0.07621463,0.07077716,0.07416611,0.05420621,0.06333435,0.03358669,0.05864099,0.02097347,0.07110376,0.04035191,0.05868048,0.05469051,0.06549434,0.04793609,0.0699173,0.07229356,0.04555929,0.05440647,0.07110356,0.06453813,0.07236634,0.07046741,0.07010942,0.07177721,0.04094102,0.04168418,0.05395718,0.04428758,0.07110341,0.05201414,0.06268686,0.04268972,0.0492127,0.05940122,0.03776103,0.06336483,0.03435598,0.0383767,0.07110336,0.04260414,0.03673773,0.03575962,0.03484834,0.03348795,0.06729887,0.04627642,0.06900027,0.01178294,0.07110335,0.04324767,0.04040695,0.0631777,0.0671028,0.06499186,anteriorHippocampus,sub-S15,p,randomWalker8,freq34
0.03519863,0.04061404,0.02473834,0.04158864,0.05869034,0.04170774,0.05787375,0.05589158,0.04678055,0.04899041,0.08090305,0.07439892,0.07474335,0.07841252,0.06571119,0.07653259,0.07815733,0.06152523,0.07918584,0.08334563,0.06175779,0.06358428,0.04274915,0.05450947,0.03912182,0.04661186,0.04669141,0.03864424,0.04779544,0.04800841,0.04526171,0.0588358,0.04238623,0.05145883,0.05112302,0.04078668,0.03925672,0.05744483,0.03437098,0.05701342,0.08722215,0.07364311,0.08466858,0.06764255,0.07335552,0.07311331,0.08933787,0.07214988,0.07575516,0.07070323,0.0224102,0.03174284,0.07129226,0.04125577,0.01781731,0.01967546,0.05279072,0.04386079,0.04643243,0.04666469,0.08193118,0.07653259,0.06845088,0.03133594,0.08568282,0.08953763,0.07893322,0.08278303,0.08109751,0.08053767,0.09789602,0.02162551,0.08475705,0.005663558,0.08568285,0.03970599,0.06348809,0.06298003,0.08923207,0.07648979,0.07882326,0.08513496,0.05752772,0.05753561,0.08568292,0.08235999,0.08119787,0.08375293,0.07913564,0.08002688,0.03765898,0.03257491,0.05128928,0.03042767,0.08568291,0.04205882,0.04962828,0.0323169,0.04024314,0.05573001,0.04589735,0.0503844,0.04291892,0.02057339,0.08568294,0.05117105,0.04433938,0.04300394,0.04367257,0.04040828,0.1018596,0.06490458,0.09344299,0.002349499,0.08568304,0.07314519,0.05389003,0.09330823,0.09703653,0.05604234,posteriorHippocampus,sub-S15,p,randomWalker8,freq34
0.06228061,0.05881369,0.05733823,0.05288454,0.06163909,0.05514415,0.05025199,0.06071552,0.05943555,0.06230913,0.0744822,0.07272457,0.07482456,0.07456738,0.06044867,0.07503255,0.07123771,0.07643001,0.07421887,0.07551752,0.04883593,0.0588419,0.0543311,0.05946109,0.03636838,0.036407,0.03691033,0.0350972,0.04565177,0.0534162,0.05018894,0.06032027,0.02507776,0.06850668,0.03484707,0.05009121,0.02362953,0.04960328,0.05088819,0.0626112,0.0687736,0.06086379,0.05924184,0.05666098,0.06442254,0.06805869,0.05884653,0.05831775,0.07031495,0.05750646,0.02560425,0.04746301,0.05743103,0.009917132,0.04110767,0.04748183,0.05425652,0.05798475,0.04078362,0.05101594,0.07449005,0.07213434,0.07218556,0.0734457,NaN,0.06951501,0.07342602,0.07400887,0.07435803,0.07236049,0.05757027,0.06607867,0.04829461,0.0001137626,NaN,0.07049619,0.0548771,0.05398357,0.05805061,0.04685751,0.0660503,0.06306897,0.06682593,0.06819064,NaN,0.06005121,0.06930985,0.0635188,0.06719739,0.06815594,0.04738853,0.05859127,0.05820384,0.02397783,NaN,0.03484249,0.04759025,0.06026385,0.0502958,0.05077863,0.03858503,0.03022658,0.0367782,0.05348193,NaN,0.0370129,0.03888526,0.03182097,0.03805031,0.03818086,0.02051441,0.04697721,0.04189347,0.009635223,NaN,0.05656707,0.06753711,0.0303122,0.05692397,0.02603085,anteriorHippocampus,sub-S15,p,randomWalker9,freq34
0.0477337,0.04170341,0.03606836,0.03910802,0.0597279,0.03231567,0.02902477,0.05873006,0.04516098,0.04778127,0.08024021,0.08610023,0.08146416,0.07822416,0.07086354,0.07967602,0.07832611,0.08009288,0.08063547,0.08483479,0.0523479,0.09238903,0.06112848,0.06045687,0.03736669,0.03751785,0.04447401,0.03621072,0.0523637,0.05999913,0.03741718,0.04303033,0.04257291,0.06250742,0.04629836,0.02714832,0.0346502,0.06008286,0.04024946,0.0497651,0.07656069,0.07022261,0.05986037,0.06458735,0.07497405,0.0696459,0.06517246,0.0702524,0.07803003,0.06867886,0.02567564,0.02751472,0.08706457,0.03038424,0.03882977,0.03183678,0.07451214,0.04456774,0.05468621,0.03260523,0.08217464,0.0808633,0.08167139,0.08416854,NaN,0.07627986,0.08213685,0.07790478,0.082285,0.0829766,0.08588564,0.05590224,0.05643607,0.06273334,NaN,0.09065381,0.06459419,0.04781199,0.08081883,0.03552991,0.07670674,0.07448519,0.07589381,0.07750516,NaN,0.06894619,0.07975548,0.07367086,0.07819641,0.08075842,0.0369667,0.04571955,0.04861397,0.05377709,NaN,0.03054385,0.0400421,0.05208445,0.04136388,0.03580188,0.0520533,0.05635896,0.04356067,0.06238433,NaN,0.04298556,0.04546367,0.03957941,0.04846678,0.04866016,0.1048967,0.03707455,0.05116893,0.05271612,NaN,0.1064134,0.09009763,0.07081606,0.1044511,0.02328982,posteriorHippocampus,sub-S15,p,randomWalker9,freq34
0.01888169,0.006046839,0.01761214,0.01325551,0.02230342,0.008256228,0.02680692,0.0215459,0.01883607,0.01012978,0.01863305,0.02687891,0.01281735,0.01247534,0.02742792,0.0258533,0.02583709,0.03601887,0.02085778,0.02240896,0.030759,0.02445158,0.0258915,0.03158478,0.02624794,0.0246102,0.03144056,0.02659511,0.0292419,0.02598114,0.006497878,0.004257083,0.02401717,-0.003163976,0.01872277,0.005991429,0.02337253,0.01545358,0.01859952,0.005430423,0.04589465,0.04421515,0.0367117,0.02894393,0.02677687,0.03254174,0.04399373,0.03714552,0.04223814,0.02767198,0.02252053,0.00892766,0.02884137,0.02289507,0.034566,0.009186902,0.03353965,0.04249971,0.02617179,0.0126893,0.01631537,0.02147258,0.01458042,0.01462909,0.02580765,0.02281585,0.02032266,-0.009180558,0.01829814,0.008336912,0.04199203,0.02846603,0.01392523,0.0277329,0.02285686,0.02867415,0.02438808,0.04395655,0.05273628,0.02426535,0.01235821,0.01160489,0.005783183,0.01059534,0.002329831,0.01409379,0.01338446,0.01671036,0.01254628,0.02131881,0.02704506,0.02212046,0.02882422,0.008473824,0.02700742,0.01991018,0.02396488,0.02741355,0.02536778,0.02469382,0.02828084,0.05369525,0.02468805,0.02932516,0.02151603,0.02956632,0.02512942,0.02142157,0.02838251,0.02436464,-0.004210159,0.01970394,0.01902002,0.0305283,0.02219046,0.02250572,0.02640311,-0.002859276,-0.009382959,0.02595547,anteriorHippocampus,sub-S16,p,randomWalker0,freq34
0.04053884,0.03888103,0.02896605,0.02625696,0.04151942,0.03811732,0.04118105,0.0429155,0.04244165,0.03914766,0.02549213,0.02561052,0.02308458,0.02670181,0.03970432,0.02911092,0.03103253,0.04662821,0.02633186,0.02621469,0.03803573,0.04510816,0.03565812,0.03890488,0.04027003,0.03638031,0.03668882,0.03680272,0.03898394,0.04412069,0.03881223,0.03911626,0.01474674,0.03174268,0.01539126,0.03904304,0.02795482,0.03973565,0.03266608,0.04024429,0.05598552,0.05053518,0.04431458,0.04064471,0.0453332,0.04636411,0.05926862,0.05249238,0.05503736,0.04465357,0.03375214,0.03692731,0.04668206,0.03798274,0.05712018,0.03454932,0.05489301,0.0678653,0.05753795,0.02983902,0.01915935,0.01230379,0.01919808,0.02904667,0.01835622,0.007752277,0.02090033,0.0294749,0.01408058,0.04735354,0.09062491,0.05053974,0.04909915,0.04813835,0.02659987,0.0566382,0.06045619,0.08582995,0.1099046,0.02084076,0.01178972,0.009846869,0.008745217,0.00697288,-0.02693998,0.01160523,0.00966457,0.0190707,0.01336589,0.01688551,0.03501784,0.03461886,0.02577435,0.02349061,0.04522153,0.03548472,0.03273657,0.03874344,0.03688226,0.02271826,0.04146689,0.08710571,0.03822787,0.03795605,0.0239055,0.04019249,0.03526334,0.03178173,0.04000056,0.0219762,0.04244945,0.02861887,0.06497306,0.04795677,0.02512103,0.04169073,0.001875258,0.03510719,0.03246022,0.005985408,posteriorHippocampus,sub-S16,p,randomWalker0,freq34
0.0166433,0.008251845,0.01916799,0.0158547,0.01543087,0.007421738,0.02524041,0.01816287,0.01565355,0.01957654,0.01440365,0.01778202,0.01288111,0.005568567,0.03439749,0.02913224,0.02178943,0.03179283,0.01809883,0.02348294,0.02561737,0.02412012,0.02518448,0.01886038,0.02489613,0.02782424,0.0309854,0.02655648,0.02898508,0.02873318,0.01247822,0.01652261,0.006329806,0.008993732,0.002205314,0.004488538,-0.02128173,0.01902945,0.01513889,0.02226301,0.04207923,0.03420577,0.05085779,0.03178714,0.03517223,0.0353708,0.05214249,0.03758945,0.04031898,0.03166641,0.02557805,0.01226396,0.02396601,0.0310419,0.03134895,0.0002438132,0.02685915,0.01417391,0.03076798,0.02465309,0.01414552,0.01459467,0.01399869,0.01293291,NaN,0.0189657,0.01898171,0.01735012,0.01382355,0.0246004,0.05525086,0.04525506,0.02477446,0.04233936,NaN,0.04812984,0.03489791,0.03500519,0.0590377,0.04203473,0.004579676,0.02870665,-0.005666061,-0.005035018,NaN,0.02265084,0.006125689,0.01605915,0.004597426,0.03218989,0.02718329,0.01900761,0.05797625,0.03687334,NaN,0.01954314,0.01942015,0.02709765,0.02399078,0.03061127,0.02817137,0.02663408,0.02302225,0.02493259,NaN,0.03067132,0.02617236,0.02719623,0.02750752,0.02617822,-0.005503362,0.03566169,0.02555287,0.02382253,NaN,0.03753194,0.01518298,0.008511647,0.01326773,0.03423454,anteriorHippocampus,sub-S16,p,randomWalker1,freq34
0.04116951,0.04243607,0.04013271,0.04397953,0.03756471,0.03812965,0.03647022,0.04509501,0.04321449,0.04594382,0.02953671,0.03771469,0.02336167,0.0283834,0.0336269,0.03751108,0.03299018,0.03580229,0.03064336,0.03324137,0.03570611,0.03251173,0.03434179,0.03958493,0.03194832,0.03709849,0.03794658,0.03328062,0.03869254,0.03898258,0.04161124,0.04696818,-0.0006606337,0.04402345,0.0338689,0.03380287,-0.01626236,0.03978024,0.03899935,0.04734457,0.05569634,0.05572274,0.06611786,0.05405673,0.05602806,0.05343461,0.07229267,0.0585085,0.05850765,0.05424434,0.04188393,0.03672823,0.03620335,0.01372765,0.03343691,0.02420126,0.04184684,0.04925052,0.06173375,0.0380947,0.02494453,0.02456231,0.019402,0.03440444,NaN,0.02599659,0.0315474,0.02508837,0.02481644,0.02059581,0.09896629,0.08205046,0.04207226,0.04718666,NaN,0.08960921,0.04891793,0.05506128,0.1070385,0.05991611,0.0179029,0.004714414,0.006679968,0.006776831,NaN,0.01513871,0.01907201,0.009259798,0.01587748,0.0233613,0.03833522,0.04687971,0.1067035,0.02510196,NaN,0.03915218,0.0413844,0.05131677,0.03955973,0.03767051,0.03971036,0.02886007,0.03034754,0.0284022,NaN,0.03673736,0.02842965,0.0317296,0.03326679,0.03953997,0.04140078,0.06455504,0.04176787,0.01007002,NaN,0.06309479,0.05540283,0.04501756,0.06526501,0.03294862,posteriorHippocampus,sub-S16,p,randomWalker1,freq34
0.02074988,0.005599683,0.02644764,0.01488217,0.02311088,0.006775615,0.02646053,0.025473,0.01904665,0.01460248,0.004059463,0.01342922,0.003579261,-0.007332455,-0.01224875,0.02109249,0.01967313,0.008161342,0.01419967,0.01927422,0.0240876,0.02903165,0.02598343,-0.009234132,0.01695701,0.02664722,0.03016073,0.02413326,0.02888153,0.03095472,0.04391604,0.007513433,0.01996191,0.01797684,0.01960813,0.006166199,0.02117442,0.02848628,0.02659073,0.03297086,0.04438278,0.02052489,0.05489508,0.02639791,0.04936695,0.01948749,0.05476671,0.03489598,0.03740015,0.0283888,0.02849198,0.01010298,0.009159378,0.01924853,0.01802866,0.008841225,0.03092465,0.04202706,0.03363433,0.01747885,0.0136541,0.004198342,0.01360481,0.01762377,0.06296867,0.01625358,0.01601494,0.005433629,0.01399411,0.01867883,0.06257179,0.01984635,0.02177466,0.0284166,0.0629686,0.02010443,0.03787144,0.02681598,0.05621336,0.03291392,0.0009704339,-0.001260807,-0.004442471,0.01816288,0.06296868,0.01105836,0.007488105,0.001202803,0.003133688,0.001974915,0.02625815,0.0134967,0.01115649,0.0250269,0.06296857,0.0129673,0.02827856,0.01431566,0.02214696,0.0202126,0.0320815,0.01110178,0.02493906,0.01693104,0.0629687,0.02724209,0.02896149,0.02386247,0.02996345,0.05307379,0.01140811,0.01228626,0.02553485,0.02199677,0.06296853,0.005876097,0.002408565,0.02983375,0.01085678,0.02294267,anteriorHippocampus,sub-S16,p,randomWalker2,freq34
0.04272949,0.03878666,0.04748365,0.03764484,0.04026028,0.0377693,0.04465245,0.05061251,0.04268945,0.04291893,0.01439237,0.01678376,0.01849547,0.0118984,0.008924167,0.02399999,0.0285587,0.02712852,0.02527027,0.02253199,0.03411906,0.04356944,0.04357246,0.01165095,0.03407677,0.04164955,0.0387075,0.03384793,0.04051093,0.05618254,0.0595047,0.04123362,0.02316666,0.04344363,0.02189655,0.04047073,0.02781525,0.05268836,0.02588685,0.02466675,0.06052478,0.03536578,0.06913008,0.04637111,0.0591045,0.03760234,0.0693094,0.0569217,0.05455535,0.05017684,0.04078896,0.03434526,0.002880362,0.02611869,0.01348273,0.03130968,0.04833605,0.06675739,0.06474029,0.03300012,0.02250861,0.01429512,0.02452804,0.01316611,0.09565682,0.02103879,0.02545761,0.02132148,0.02368007,0.0231951,0.1221014,0.03069698,0.03484394,0.04708273,0.09565675,0.03834322,0.06886248,0.04543141,0.104105,0.06163365,0.00292646,0.008263269,-0.01045009,0.02972171,0.0956568,0.01331833,0.01248867,0.009851011,0.009123528,0.01719109,0.03861647,0.02998339,0.01968592,0.0429447,0.09565675,0.03630098,0.04548653,0.02971745,0.0349856,0.03537514,0.05133763,0.04599892,0.03664889,0.03311612,0.09565679,0.05370647,0.04017496,0.03396666,0.04476636,0.08668221,-0.01261348,0.01545795,0.03867471,0.03973386,0.09565675,0.01917373,-0.01731122,0.03289869,-0.01539517,0.03825554,posteriorHippocampus,sub-S16,p,randomWalker2,freq34
0.01617069,0.01250199,0.02638829,0.01876846,0.02638362,0.01154973,0.01716716,0.02205902,0.01783856,0.0194236,0.01541891,0.02219466,0.02633404,-0.008436063,0.03126683,0.01904156,0.02635541,0.01804786,0.0206891,0.028902,0.03001398,0.02654315,0.02727081,0.02414432,0.02694169,0.02935292,0.03129443,0.0298768,0.02980603,0.0271619,0.0246162,0.02557622,0.02086229,0.02559949,0.02123548,0.0189411,0.02055324,0.01120107,0.01765134,0.02410359,0.04243024,0.03698411,0.05559203,0.03303903,0.03284742,0.03690998,0.05114487,0.03721595,0.04587479,0.03394908,0.03114353,0.01609463,0.01833275,0.02442599,0.03675612,0.02162049,0.01543952,0.03582606,0.04047048,0.02502481,0.01564498,0.008721475,0.02064077,-0.009895285,0.01477024,0.007027763,0.01144257,0.006864558,0.01277737,0.02445823,0.0546369,0.03943975,0.05608439,-0.00989558,0.02671513,0.03714138,0.03231363,0.05611068,0.06363087,0.02300484,0.006438579,0.003623995,0.03047454,-0.009895329,0.01152019,0.00351555,-0.0009816082,-0.001312017,0.002965702,0.02172358,0.02941865,0.02352184,0.03735411,-0.009895525,0.02780542,0.02116078,0.02332598,0.02831988,0.0281234,0.02149997,0.02768952,0.05220812,0.02596564,-0.009895364,0.02598502,0.03308311,0.03206654,0.02865434,0.03014108,0.02479776,0.008846872,0.01888444,0.06117377,-0.009895441,0.02713466,0.005324344,0.03729864,0.02113908,0.0171235,0.01021334,anteriorHippocampus,sub-S16,p,randomWalker3,freq34
0.03966565,0.04047947,0.04554393,0.040109,0.04632028,0.03992974,0.03157883,0.04325071,0.04171438,0.04541996,0.01949108,0.03540755,0.03526272,0.005343366,0.03802083,0.02564711,0.03568988,0.02562557,0.03081834,0.03164284,0.04148442,0.05071908,0.0383101,0.004475783,0.03769722,0.04295921,0.0381182,0.03979031,0.04373264,0.04790201,0.01242752,0.04406079,0.01866825,0.04708089,0.02182246,0.04368036,0.01000287,0.02769643,0.01992721,0.0457355,0.05425656,0.04835027,0.07338015,0.05121312,0.05327268,0.04887748,0.06131458,0.05463338,0.05962832,0.05273779,0.03386516,0.04146812,0.05256981,0.02810946,0.05860262,0.03818921,0.04405829,0.05783268,0.06618179,0.04182731,0.01401095,0.006386288,0.02164211,0.005277016,0.03325425,0.007184859,0.0298806,0.007864491,0.01525954,0.0150954,0.1033891,0.06382509,0.09051289,0.005277027,0.03570092,0.06269975,0.05581149,0.09060018,0.1108732,0.03094899,0.007196389,0.007469994,0.02684246,0.005277072,0.007018852,0.007133421,0.02164729,0.004717456,0.008660238,0.02367599,0.03747374,0.03659438,0.05570719,0.005276973,0.03785634,0.04044457,0.03362698,0.0349655,0.03766265,0.02755173,0.04111312,0.09572105,0.03308616,0.005276949,0.0342069,0.03218939,0.04066167,0.03908667,0.04597042,0.0486835,0.00405069,0.02099225,0.08911531,0.005277012,0.03572609,0.01976986,0.06092434,0.01598217,0.0176491,-0.003767677,posteriorHippocampus,sub-S16,p,randomWalker3,freq34
0.01690044,0.009446002,0.004642385,0.009800794,0.02716049,0.009904429,0.02584404,0.02406784,0.0181226,0.01952431,0.01394614,0.005210603,0.02282305,0.006518967,0.02290449,0.02227488,0.02167564,0.02115417,0.02032554,0.01853702,0.02815191,0.02774523,0.0252339,0.02120043,0.0252197,0.02545635,0.02903501,0.02669982,0.02873017,0.02891861,0.02083618,0.004996404,-0.001802652,0.003013786,-0.004414956,0.003950165,0.01394754,0.01863346,0.01347083,0.01087092,0.0427449,0.03893971,0.02672167,0.01523079,0.03918855,0.03269823,0.03603875,0.03470299,0.03718209,0.03395715,0.02650183,0.01669712,0.02731688,0.0165389,0.02222773,0.01409603,0.03034018,0.03737793,0.03909233,0.0210854,0.01015925,0.002575639,0.01106584,0.001707746,0.02435258,0.01783151,0.0143134,0.01372357,0.01433174,0.01004163,0.05581739,0.03615153,0.0302935,0.02195954,0.02435247,0.0584454,0.01630421,0.06409171,0.06472541,0.02219407,0.005194244,0.001100344,0.002902545,-0.001052281,0.02435272,0.01073368,0.00798463,0.00503536,0.007405569,0.008349246,0.02367492,0.01921595,0.04294753,0.02334842,0.02435255,0.02812799,0.02679925,0.02862853,0.0263883,0.02253771,0.02696336,0.04576196,0.02367146,0.01839009,0.02435258,0.02902,0.02547836,0.02722952,0.02651281,0.02413415,0.02576925,0.05115005,0.02776611,0.02218482,0.02435265,0.05964118,0.02890505,0.04110823,0.02421839,0.02302245,anteriorHippocampus,sub-S16,p,randomWalker4,freq34
0.04105374,0.04041412,0.03587325,0.02716848,0.04590876,0.03949952,0.03122647,0.04744309,0.0410091,0.04367505,0.01958601,0.02244345,0.03120122,0.01949764,0.03166398,0.02892063,0.02994902,0.03096608,0.02645061,0.02141817,0.03438193,0.04156598,0.03297242,0.02808143,0.03459771,0.03476659,0.03556925,0.0344559,0.03599621,0.040191,0.04669457,0.03997245,-0.002149998,0.02402166,-0.02358615,0.03809449,0.006215387,0.04367434,0.03855461,0.04300771,0.05457231,0.04988535,0.03179118,0.02894144,0.05866117,0.04527788,0.0535643,0.05357068,0.05264676,0.05254238,0.04227307,0.04317167,0.03567206,0.01955035,0.04156819,0.0402648,0.055409,0.06409619,0.06536612,0.03639996,0.0150423,0.008512848,0.02043897,0.01533657,0.02160667,0.02179409,0.02271001,0.01779453,0.01884751,0.03129884,0.0951088,0.0685473,0.04825344,0.02993546,0.02160678,0.09669545,0.05167727,0.1049517,0.1144856,0.02663671,0.008768944,0.004704254,0.008209405,0.009524146,0.02160687,0.01769387,0.01201346,0.0101213,0.01063035,0.01516457,0.03635249,0.03313107,0.07147429,0.04186165,0.02160691,0.03708565,0.02138776,0.04917189,0.03568825,0.02455791,0.03793037,0.08679456,0.0283509,0.01760995,0.02160673,0.04248338,0.03383708,0.03452143,0.03659125,0.03842738,0.04036403,0.04845005,0.03621716,0.02697118,0.02160691,0.1056329,0.05050442,0.05870896,0.04263872,0.03816056,posteriorHippocampus,sub-S16,p,randomWalker4,freq34
0.02190628,0.01000481,0.01936987,0.01927232,0.03264932,0.01034987,0.02475107,0.02715247,0.02075108,0.02037864,0.02165939,-3.439986e-05,0.0197712,0.006887167,0.03353026,0.01551933,0.02794318,0.02303879,0.02693351,0.03257501,0.03281897,0.03280295,0.03097637,0.03328417,0.02939225,0.03990113,0.03596536,0.03111012,0.03510362,0.03508501,0.01544064,0.02448119,0.02417543,0.02739197,0.02618946,0.003554167,0.02452889,0.03373842,0.0256138,0.0279994,0.03982237,0.03099935,0.03255202,0.04209202,0.03700789,0.03326404,0.03836439,0.03684633,0.03778637,0.02984294,0.02694224,0.0186564,0.03070298,0.02411591,0.0253079,0.008422673,0.03256594,0.02430183,0.03210748,0.02520324,0.01963428,0.0006559832,0.02008052,-0.00133951,NaN,0.01907415,0.01652769,0.0132231,0.01871325,0.02740887,0.05875777,0.04308875,0.04052512,0.03276735,NaN,0.04532295,0.03550633,0.06103312,0.07276565,0.05959978,0.00835892,0.003948834,0.006995566,-0.004085908,NaN,0.01383637,0.008239384,0.0100161,0.009712496,0.007001772,0.03189258,0.04811498,0.025807,0.02225111,NaN,0.02923588,0.02773632,0.03911845,0.02858564,0.03216075,0.03159973,0.04534753,0.03098556,0.02979128,NaN,0.0306787,0.03319788,0.05550106,0.03384366,0.0303635,0.01112674,0.03231981,0.02381116,0.04497891,NaN,0.04272273,0.03525711,0.02013307,0.01391896,0.05335707,anteriorHippocampus,sub-S16,p,randomWalker5,freq34
0.04431745,0.04275886,0.04286653,0.04543058,0.0493881,0.04306871,0.0373084,0.05019917,0.04572089,0.0447862,0.02377231,0.02953352,0.02910458,0.02340704,0.03839261,0.0250151,0.03113073,0.02879784,0.02900738,0.02723897,0.03884076,0.1069554,0.03870006,0.06340688,0.03646021,0.07163064,0.03983635,0.04256865,0.0433693,0.06429153,0.041821,0.05100682,0.0206325,0.05133714,0.02927163,0.03974412,0.02521768,0.03965171,0.04108848,0.05197177,0.05162245,0.0412549,0.04980031,0.05817828,0.05724472,0.04602655,0.0589679,0.05640352,0.0530635,0.04689201,0.03070066,0.04284623,0.03934222,0.03205097,0.0417068,0.03898842,0.04389196,0.04602506,0.06003832,0.04160757,0.01836126,0.006057543,0.0165017,0.008863578,NaN,0.008525569,0.01922862,0.02198499,0.01507416,0.03591179,0.1072873,0.03340469,0.04780773,0.048615,NaN,0.07006035,0.05852299,0.09732156,0.1227931,0.1151887,0.01896316,0.008050661,0.00780422,0.004182309,NaN,0.01730573,0.0196488,0.02161171,0.01841029,0.004906453,0.03151605,0.02057919,0.0367333,0.01987245,NaN,0.04847336,0.02618574,0.0536722,0.03876886,0.04333698,0.04553997,0.06110162,0.03583587,0.03894897,NaN,0.03258616,0.04117978,0.09700447,0.04296943,0.03410548,0.05486609,0.03710126,0.05321606,0.08744904,NaN,0.0610396,0.06628352,0.1180832,0.06338749,0.09670494,posteriorHippocampus,sub-S16,p,randomWalker5,freq34
0.0202639,0.005630702,0.02528472,0.0230611,0.01961735,0.01020945,0.0213092,0.01978471,0.01535073,0.01605129,0.01918211,0.0165354,0.01339354,0.009852372,0.02847298,0.03578054,0.02454073,0.01484401,0.02026091,0.02226909,0.02703235,0.02294804,0.0256575,0.02927494,0.02489205,0.02508135,0.0284121,0.02530979,0.02800871,0.02784085,0.05015304,0.01835748,0.02042477,0.02011557,0.002768505,0.02660922,0.02420165,0.0285089,0.03486536,0.03104398,0.05575806,0.02994017,0.02985163,0.03156991,0.02776575,0.0341718,0.04391564,0.03302582,0.03796449,0.03132552,0.04961425,0.01012217,0.02115639,0.0324148,0.04899214,0.01235058,0.02887433,0.01285269,0.02771759,0.01432572,0.01351098,0.01723791,0.01249491,0.01263895,NaN,0.01727322,0.03394539,0.01474552,0.01572886,0.02912556,0.03357748,0.05417436,0.01444098,0.01652976,NaN,0.03759148,0.02912674,0.06057446,0.05415727,0.02964439,0.006933591,0.008850631,-0.01148283,0.004267221,NaN,0.01760253,-0.008389311,0.01183988,0.008070529,0.03431229,0.02584239,0.01647748,0.04064678,0.03794845,NaN,0.02569422,0.02220393,0.02361661,0.0235746,0.02649937,0.02699206,0.03086813,0.02419112,0.03680044,NaN,0.02560124,0.03098818,0.03040384,0.02865818,0.03702246,0.01299386,0.04401094,0.003291546,0.00913344,NaN,0.03233594,0.01565826,0.05178668,0.01542113,0.04735782,anteriorHippocampus,sub-S16,p,randomWalker6,freq34
0.04474295,0.03841723,0.03152241,0.02242939,0.04304373,0.03889922,0.01949874,0.043455,0.03962633,0.04173829,0.02979719,0.01803527,0.02573393,0.02425824,0.03780663,0.0297155,0.03224758,0.02372088,0.026274,0.02235374,0.03590434,0.04655493,0.03101818,0.03502064,0.03286106,0.03204464,0.03952226,0.03624516,0.0381712,0.04508406,0.08311114,0.04356596,0.01776205,0.01606909,0.02966827,0.04899867,0.02556544,0.04052847,0.04811149,0.05121026,0.07305525,0.04174472,0.04788187,0.05099569,0.04624542,0.04867668,0.05443602,0.0508292,0.05271731,0.04900126,0.09246504,0.0381855,0.03208605,-0.002597937,0.06290127,0.03884026,0.04262341,0.03666872,0.05639254,0.02718587,0.0198918,0.02107622,0.02537099,0.023194,NaN,0.01271515,0.02445835,0.01319947,0.01831765,0.03293898,0.08246355,0.08933575,0.04123146,0.03217436,NaN,0.07153168,0.0473891,0.09896047,0.1077027,0.02279183,0.008519916,0.002923755,-0.004489328,0.01057465,NaN,0.0003754305,-0.00120347,0.0040228,0.007857746,0.02647316,0.02786131,0.03713483,0.01123109,0.006161652,NaN,0.04647048,0.03446811,0.0411352,0.03382215,0.01717785,0.03642656,0.02915504,0.03310671,0.05329861,NaN,0.02875917,0.041068,0.03448829,0.03718436,0.09022886,0.0551505,0.06898955,0.03688908,0.04514727,NaN,0.05255204,0.04704065,0.09443258,0.06257927,0.02017916,posteriorHippocampus,sub-S16,p,randomWalker6,freq34
0.01592038,0.005983576,0.0102277,0.01141241,0.0227122,0.0122493,0.01697097,0.02433537,0.01593299,0.01510389,0.0177548,0.01982015,0.02333963,0.005004836,0.04920714,0.03799592,0.02423481,0.04584697,0.02069785,0.01785901,0.03120445,0.02811062,0.02871726,-0.007310231,0.02601748,0.03037157,0.03150453,0.03146083,0.03107094,0.02969881,0.003344694,0.003065826,0.01818146,0.002590911,0.001415264,0.003822896,0.005390917,0.01392097,0.0047568,0.001000892,0.040847,0.04219837,0.04838242,0.04078575,0.03763997,0.03580408,0.04073342,0.03804722,0.04180847,0.03382651,0.0273091,0.0126635,0.02794667,0.01414842,0.04078529,0.01174023,0.0335218,0.02458509,0.03579507,0.01748634,0.01387836,0.009543086,0.01904007,NaN,-0.004300269,0.02448546,0.01860575,0.02465571,0.01685476,0.00592782,0.05598732,0.04103511,0.02916004,NaN,0.06224393,0.04485049,0.04720069,0.06401267,0.05886256,0.06482239,0.007279525,0.01100753,0.01328358,NaN,-0.005283913,0.04574595,0.01081169,0.001638544,0.007146747,0.000526308,0.02527533,0.0267636,0.03995786,NaN,0.05654075,0.02135731,0.02631207,0.02837579,0.02661263,0.02308695,0.03207408,0.03562474,0.02716683,NaN,0.0140565,0.02999852,0.03035116,0.02861569,0.03073494,0.03453878,-0.003401641,-0.00580505,0.02855416,NaN,0.05429043,0.03718267,0.0410871,0.05636856,-0.002800338,-0.01065615,anteriorHippocampus,sub-S16,p,randomWalker7,freq34
0.03915654,0.03954376,0.04259461,0.03936589,0.04237516,0.04182413,0.04479283,0.04695232,0.04114231,0.04362435,0.02684358,0.00646358,0.03257107,0.02479078,0.04637798,0.04702232,0.02973431,0.04804397,0.02923828,0.03157757,0.03994506,0.06016707,0.03901716,0.02592928,0.03662661,0.04423463,0.03948566,0.0449738,0.04366545,0.05960589,0.03539252,0.03879048,0.005900402,0.03889209,0.02315465,0.03258308,-0.01089399,0.03816687,0.03688553,0.03665825,0.05256187,0.05155794,0.05611643,0.05362241,0.05504409,0.05120712,0.05470366,0.05563626,0.05475086,0.05125132,0.03387929,0.03800426,0.03593465,0.009455479,0.05096902,0.04469662,0.04124505,0.04973908,0.07282482,0.04507639,0.02090495,0.01374928,0.02609756,NaN,0.008032425,0.01639214,0.01912632,0.02055443,0.02158064,0.01370818,0.1002979,0.0798637,0.04105948,NaN,0.1044388,0.08127242,0.05974115,0.109611,0.107263,0.09989627,0.01317786,0.01078053,0.02197586,NaN,0.00716671,0.02948657,0.02016304,0.01690489,0.01654785,0.006198318,0.0350046,0.03969684,0.0456732,NaN,0.09133299,0.0407409,0.05283134,0.04424553,0.03736302,0.04635643,0.04524238,0.0596372,0.03472681,NaN,0.0671977,0.03189336,0.04143943,0.03187167,0.0417433,0.04812823,0.039044,0.03821063,0.0418472,NaN,0.08817489,0.07006108,0.05920195,0.09369143,0.04527699,0.01454044,posteriorHippocampus,sub-S16,p,randomWalker7,freq34
0.01992479,0.01279406,0.009011982,0.01817058,0.02130581,0.01337251,0.0197785,0.02079483,0.02139689,0.02045582,0.01321643,0.02761347,0.01446187,0.00807283,0.02919742,0.02576393,0.0211595,0.03318781,0.01561406,0.02451058,0.02501792,0.03182128,0.02767336,0.02614295,0.02666588,0.02985025,0.02958723,0.02862971,0.02913085,0.03047948,0.01349782,0.01688907,0.02054568,0.01639374,0.01153948,0.006518894,0.01582637,0.01642272,0.01715514,0.02075597,0.05128985,0.03665745,0.05128529,0.03118144,0.03442257,0.03689751,0.0512258,0.03404927,0.0397566,0.03210505,0.03143192,0.01645106,0.03681358,0.02382276,0.04019299,0.01837891,0.03261166,0.02936682,0.04537606,0.02260995,0.01154711,0.001593491,-0.007161836,0.02399457,0.02263735,0.004976454,0.0111972,0.01131051,0.01176611,0.01050096,0.05730059,0.0257958,0.04894167,0.02925372,0.02263734,0.04287159,0.03308469,0.06643108,0.06145208,0.05079027,0.007840141,0.01080296,-0.003602347,0.02094646,0.02263721,0.009004033,0.008467662,0.007183629,0.007254512,0.01067959,0.03074323,0.02643426,0.02807795,0.02280976,0.02263732,0.02584181,0.03183245,0.02987729,0.029136,0.02617202,0.02851645,0.03745155,0.02934456,0.01767223,0.02263775,0.05728856,0.02788961,0.03506223,0.02947606,0.03066049,0.02076192,0.005707887,0.04524695,0.03226734,0.02263741,0.03543691,0.0294273,0.02307692,0.02498884,0.0116326,anteriorHippocampus,sub-S16,p,randomWalker8,freq34
0.03984069,0.0410865,0.03626657,0.03409771,0.03874647,0.03651268,0.04013872,0.04328484,0.0418574,0.04306867,0.02368238,0.02612399,0.02741193,0.02026005,0.03894413,0.03584894,0.03173139,0.0407694,0.02672797,0.02503348,0.03859355,0.05207971,0.03753849,0.03921604,0.03366266,0.0459979,0.03711986,0.03823472,0.03774095,0.05324414,0.04508438,0.03764546,0.01543936,0.03906917,0.0240323,0.02748263,0.01052569,0.0363363,0.02564003,0.03955686,0.06696613,0.05646866,0.07006494,0.05076357,0.0576852,0.05407164,0.06722866,0.05629248,0.05746108,0.05502525,0.03714568,0.04109292,0.06276365,0.02862638,0.04590982,0.0345416,0.03859075,0.05102916,0.07759339,0.04309072,0.01889952,0.004077354,0.01905662,0.03460949,0.02277864,0.01216232,0.02409018,0.01647478,0.02038452,0.004714195,0.1053387,0.03929102,0.1035893,0.02753008,0.02277881,0.0723158,0.05378022,0.1014243,0.1066516,0.09161385,0.01199523,0.01181084,0.0004911876,0.03810694,0.02277862,0.005903274,0.01403123,0.009490603,0.01218552,0.01422415,0.03340724,0.0301169,0.04317483,0.03407096,0.02277878,0.03509557,0.05127355,0.03381539,0.03776863,0.03737006,0.03934485,0.06112084,0.0395056,0.02067919,0.02277865,0.08283991,0.03278202,0.05413691,0.03744924,0.04552396,0.06209201,0.0385604,0.1053648,0.02443147,0.02277865,0.07593498,0.04445412,0.05008518,0.05968538,0.05423119,posteriorHippocampus,sub-S16,p,randomWalker8,freq34
0.01812927,0.0123463,0.007967489,0.01455597,0.02674988,0.006911392,0.01522655,0.02205511,0.01684486,0.0157343,0.009518945,0.01411535,0.01384057,0.008752371,0.02213499,0.01799035,0.02299208,0.01518087,0.01660817,0.01478868,0.02509403,0.02899144,0.02452561,0.02638031,0.02420689,0.02584352,0.02878082,0.0256549,0.02694678,0.02313105,0.007955907,0.01081936,0.0190337,-0.004558616,0.01839376,-0.004029593,0.012361,0.02511776,0.01158467,0.01652281,0.04268732,0.03429876,0.03339535,0.02828531,0.03796777,0.03767022,0.02788932,0.03249878,0.04473045,0.03157983,0.03506782,0.01436108,0.0309357,0.02211735,0.03443807,0.01511488,0.0314982,0.04772304,0.03884709,0.01596515,0.01072454,0.004810047,0.02082084,0.01649392,NaN,0.002965591,0.01741315,0.007169825,0.01197282,0.01068974,0.06385458,0.04527751,0.02752132,0.02155434,NaN,0.05803682,0.02810968,0.07165799,0.06067296,0.03179789,0.003768768,-0.001148844,0.005018856,0.008919462,NaN,-0.002101018,0.006808671,-0.002671682,0.003055975,0.00586247,0.023577,0.02317143,0.02371228,0.02750339,NaN,0.02293431,0.02654993,0.02487849,0.02390233,0.02052815,0.02763416,0.0389621,0.02524438,0.01299129,NaN,0.02358,0.02584472,0.03002029,0.02802977,0.03879817,0.03067784,0.03340602,0.02785532,0.0289181,NaN,0.04377862,0.04751403,0.04009807,0.04343482,0.02743594,anteriorHippocampus,sub-S16,p,randomWalker9,freq34
0.04349439,0.04358177,0.0393937,0.03150949,0.04068289,0.03665166,0.02565953,0.04394442,0.04236653,0.04323692,0.01888966,0.01582642,0.02357324,0.02135451,0.02328895,0.02678033,0.03040416,0.02516915,0.02497914,0.01432578,0.03295635,0.06536399,0.03502611,0.04057631,0.03404241,0.03942961,0.03593932,0.03743153,0.03656255,0.04347277,0.04061574,0.04264815,0.005272683,0.03165708,0.01024426,0.03321821,-0.001514987,0.0456171,0.04179755,0.04520581,0.05705082,0.05077109,0.0485365,0.04631924,0.05593314,0.04611808,0.04526743,0.05206758,0.05882202,0.05019097,0.05168913,0.03892858,0.03799614,0.007994691,0.05775663,0.04911796,0.04545704,0.07444273,0.08214067,0.03752961,0.01749852,0.01449492,0.02565201,0.01653265,NaN,0.01702466,0.02273907,0.02074216,0.01824292,0.01333564,0.1090158,0.07759187,0.03461474,0.009377084,NaN,0.1200078,0.04319496,0.1099331,0.1082169,0.0570891,0.00760683,0.00758701,0.01027096,0.01033844,NaN,0.0103872,0.01057482,0.009018412,0.008463901,0.007983792,0.03274509,0.041753,0.0359951,0.007086472,NaN,0.02272299,0.04184849,0.04402921,0.0366377,0.03388717,0.03521934,0.05116344,0.02990502,0.02094542,NaN,0.02883835,0.03106394,0.037049,0.03549507,0.0699748,0.04016913,0.05854011,0.03548634,0.005550737,NaN,0.0890068,0.05279071,0.03777525,0.03905826,0.0341806,posteriorHippocampus,sub-S16,p,randomWalker9,freq34
0.01674139,-0.005579453,-0.0003617483,-0.009664433,0.03560577,-0.0009078958,0.03870154,0.03043834,0.01908362,-0.00215178,-0.006746988,-0.002925498,-0.0023752,-0.006703456,-0.01225099,0.01180655,0.001342435,-0.0194619,-0.005240364,0.003413751,0.01707805,0.03096078,0.0169286,0.01295111,0.0124237,0.02010365,0.02034886,0.01702464,0.01605012,0.01395562,-0.004222796,-0.007497218,0.0238543,-0.01810475,0.02680971,-0.003700531,0.02246197,0.0201363,0.008062586,-0.01181025,0.07885941,0.07547026,0.06529768,0.04873351,0.05218885,0.05814704,0.07444542,0.06796109,0.07474019,0.05058941,-0.01141631,-0.005264264,0.02363108,0.003420042,0.01741539,-0.006510374,0.01561206,0.03650275,0.007671231,-0.005583999,-0.002437784,0.0009169576,-0.0006748085,-0.007206976,0.004009696,0.008358249,-0.001048597,-0.007914462,0.001888713,0.003790049,0.0182831,0.02265943,0.007959004,0.006086468,0.02332883,0.02073014,0.01584083,0.03850421,0.02485845,0.008792141,-0.001848406,-0.0004980261,-0.003834638,-0.002653623,0.006478123,-0.000162951,-0.001497898,-0.0007951888,-0.001868766,0.003520811,0.02379064,0.01655723,0.01786847,0.004785561,0.007791742,0.01493847,0.01923931,0.02771636,0.02411378,0.0128645,0.02191862,0.02146766,0.02340619,0.01645338,0.02427311,0.02955863,0.02146377,0.02390198,0.02312632,0.009627151,-0.01106675,0.003255717,0.01441925,0.0118156,0.02396603,0.01015193,0.01884787,-0.01645976,-0.02586953,-0.001865171,anteriorHippocampus,sub-S17,p,randomWalker0,freq34
-0.001887589,-0.003694045,-0.02497432,-0.02674367,0.01853544,-0.006223115,0.02072591,0.01498471,0.00415076,-0.006397242,0.01113116,0.01235995,0.02278425,0.01352328,-0.007567879,0.02900091,0.01153989,-0.0162223,0.01081586,0.01735511,-0.0145041,0.01248128,-0.02307154,-0.004027413,-0.02937181,-0.01961467,-0.01290644,-0.02418851,-0.01870154,0.007837126,-0.004182668,-0.0001492021,-0.01556444,-0.008290134,-0.008347138,0.0002774748,-0.0187942,0.01198355,-0.00112255,-0.002870297,0.05698674,0.05569678,0.04602337,0.03344116,0.03795716,0.03962516,0.05314526,0.04742547,0.05215805,0.03593997,0.02014679,-0.01178721,0.02757971,0.04973576,-0.01521446,-0.01543457,0.01146752,0.01374932,0.0129903,-0.01925375,0.01632096,0.01238585,0.02045643,0.01126005,0.02365383,0.01881627,0.01535169,-0.005075741,0.01862406,-0.009512414,0.04064365,0.01862387,0.02018588,0.00741751,-0.01628288,0.009448561,0.01545152,0.0377652,0.05182955,-0.00701464,0.02238723,0.02662558,0.02104297,0.02160321,0.02788473,0.02623753,0.0230823,0.02049087,0.02269577,0.02092697,0.001426574,-0.002700079,-0.008698469,0.008785185,-0.03641611,-0.007193434,-0.005989201,0.004276718,9.500764e-05,-0.01096912,-0.01257324,0.02287631,-0.01357569,-0.01509877,-0.01489461,-0.007835096,-0.01549705,-0.01248125,-0.01246733,-0.003133161,0.0208343,-0.005546839,0.03986364,0.0001427838,-0.01517627,-0.003769002,-0.01317689,-0.002441603,0.009828406,-0.01843016,posteriorHippocampus,sub-S17,p,randomWalker0,freq34
0.0181026,-0.006092474,0.005468789,0.007457542,0.02221099,0.0003276555,0.0412552,0.02060642,0.01174645,0.02413969,-0.004582845,-0.00388287,-0.0004840439,-0.006763745,-0.005020303,0.009660542,0.003750952,-0.003901238,0.0002233413,0.006769212,0.01241493,0.0129137,0.01421957,-0.01090792,0.01674553,0.01413542,0.01685912,0.01379023,0.01360063,0.01016527,0.01274577,0.01607786,0.02875496,0.001892465,0.0003916744,0.004368561,0.02722139,0.03405161,0.02210973,0.03558947,0.07659794,0.06565281,0.08857302,0.0625427,0.06897256,0.06615563,0.08359908,0.07197116,0.07448506,0.06257794,0.01354274,-0.01182624,0.0122581,0.007052881,0.02023687,-0.01941526,0.009108162,-0.006425968,0.009441869,0.01353813,-0.00174606,0.001959459,0.00177712,-0.005336795,NaN,0.003722334,8.211564e-05,-0.002060571,-0.001226192,0.01036706,0.02521256,0.03087355,0.009988316,0.02244892,NaN,0.0270939,0.0167774,0.01958703,0.03556197,0.02964863,-0.001853148,0.02237217,-0.001559843,-0.0005968488,NaN,0.0143551,0.001181298,0.01634555,0.0009507429,0.02150376,0.0253398,0.004995899,0.05609434,0.02402255,NaN,0.006037671,0.01866154,0.0328631,0.0196295,0.02478746,0.02295229,0.02322609,0.01636609,0.03369548,NaN,0.01893914,0.02117681,0.01820481,0.02095969,0.01402214,-0.01663828,0.0313252,0.01031977,0.02001783,NaN,0.03727936,0.004995444,0.006038919,0.01915054,0.0125751,anteriorHippocampus,sub-S17,p,randomWalker1,freq34
0.0021511,-0.003928997,-0.009394423,-0.004190755,0.01185012,-0.005429741,0.01815589,0.009536141,-0.0009718485,0.0112076,0.01140865,-0.001565263,0.01918626,0.0130747,-0.006681922,0.005927465,0.01417328,-0.009940575,0.01411715,0.01473837,-0.006974691,-0.02351829,-0.02244849,-0.004324622,-0.02064409,-0.02183819,-0.01134878,-0.02281572,-0.01028545,-0.0237218,0.003354783,0.01190365,0.001102904,0.008279963,-0.003844854,-0.0007702759,0.02662789,0.02382251,0.01169626,0.02586724,0.05179569,0.04456697,0.06816451,0.04380157,0.04664825,0.04404743,0.07221085,0.04805378,0.04966104,0.04316363,0.01749631,-0.01827224,-0.004181464,-0.01214794,0.002276933,-0.01599043,0.004913402,0.002086883,0.02310432,-0.006065384,0.01406931,0.01695671,0.02265419,0.00839793,NaN,0.01809127,0.01126065,0.01238642,0.01527288,0.0211299,0.05936126,0.01690028,-0.01314036,0.07232486,NaN,0.04082472,0.0006661621,0.002803244,0.05406371,0.02138753,0.02214197,0.05988264,0.02100467,0.02332681,NaN,0.04821937,0.02797627,0.05256691,0.02820849,0.05235516,0.001866819,-0.008314309,0.07397366,-0.01134117,NaN,-0.009574087,-0.00210523,0.00932504,-0.002210255,-0.002496603,-0.007781793,-0.01403365,-0.02159117,0.05321971,NaN,-0.01770234,-0.01558695,-0.018795,-0.013782,-0.01872848,0.03238779,0.009719853,-0.01724659,-0.0144377,NaN,0.02667809,0.02232268,0.004851073,0.05558002,-0.005443046,posteriorHippocampus,sub-S17,p,randomWalker1,freq34
0.01569569,-0.01470651,0.01990608,0.002542382,0.03737423,-0.01178661,0.02150287,0.04734203,0.01605153,0.006834035,-0.005863538,0.009353491,-0.00543363,-0.005427868,-0.004960194,0.009721658,0.001280219,-0.01002352,-0.003116688,-0.003311842,0.004076376,0.02208901,0.008212372,-0.003678713,-0.00174226,0.01936289,0.0159063,0.01254299,0.0117756,0.02766792,0.03977475,-0.01026875,0.02091044,0.02389699,0.02122969,-0.01383287,0.0178495,0.05529118,0.01224216,0.00996645,0.08383606,0.03849188,0.08642936,0.0513104,0.08993336,0.03646672,0.0895953,0.07170163,0.07362457,0.05861837,0.0007243005,-0.01280788,0.01941658,0.001023969,0.02486727,-0.01338512,0.01594731,0.05980308,0.01179874,0.002688245,-0.0003101867,0.003376175,-0.002426834,-0.008721875,0.08503999,0.003331763,-0.0007044167,-0.005642847,-0.0006917152,0.005139944,0.03611387,9.577681e-05,0.003251216,0.03998983,0.08503991,0.006673296,0.0002487645,0.0007003876,0.02944968,0.0183969,0.007485492,0.001609037,0.005834649,0.01673689,0.08503991,0.009289634,-0.001155736,-0.003129739,0.001336152,-0.002198656,0.0169964,-0.005888879,-0.00361921,0.03745195,0.08503994,-0.00068221,0.04166042,0.008434825,0.01284791,0.01536686,0.0229719,-0.007665232,0.01194243,0.01789466,0.08503987,-0.008585767,0.01835955,0.01461577,0.02187326,0.009873766,0.0103953,-0.01886997,0.00885542,0.02932424,0.08503989,-0.02026388,0.02073735,0.04150989,0.007437836,0.007583432,anteriorHippocampus,sub-S17,p,randomWalker2,freq34
-0.002019325,-0.005430009,0.00602683,-0.01014057,0.01544376,-0.007672609,0.002809721,0.03231709,0.0009294073,0.002112084,0.01674525,0.0162957,0.01828603,0.01604356,0.01414895,0.01838156,0.01658356,0.01011989,0.01572654,0.01121084,0.003124331,0.0171398,-0.02202605,0.02169143,-0.006783032,-0.002571215,-0.01112198,-0.01046306,-0.009079528,0.06332015,0.01317406,-0.0009112291,-0.01321128,0.01797036,-0.01216852,-0.002220293,-0.01817464,0.03489194,-0.01832354,-0.007566364,0.05741807,0.02391767,0.08066921,0.03621082,0.05610506,0.02522886,0.08095979,0.04742423,0.04936757,0.04111556,0.003644381,-0.01582934,-0.005241237,-0.01403497,-0.002854533,-0.01827849,0.008050193,0.02973083,0.01493471,-0.01092822,0.01203181,0.01592057,0.01781402,-0.006232072,0.09996766,0.01900824,0.01536029,0.01736376,0.0151034,0.007650808,0.05608995,-0.0162828,0.0007669934,0.02701061,0.09996766,-0.01485363,0.009815318,-0.003486184,0.04155224,0.01012482,0.03623214,0.03420677,0.02485667,0.02200068,0.09996766,0.04686274,0.02438535,0.02160141,0.03046021,0.01874555,-0.002044821,-0.02057548,-0.002775023,0.02184472,0.09996767,-0.01251639,0.02505128,-0.00675096,-0.007210007,-0.004845341,-0.006537703,-0.008379616,-0.01977765,0.007865891,0.09996764,-0.00989165,-0.01331093,-0.01985518,-0.0104618,0.01411373,-0.008753735,-0.03493052,-0.01154676,0.02095797,0.0999677,-0.03101109,0.0002625429,0.01639635,-0.01350094,-0.00261021,posteriorHippocampus,sub-S17,p,randomWalker2,freq34
-0.002389672,-0.0009689342,0.01405739,0.004191148,0.04957321,-0.001183061,-0.003759658,0.02873578,0.004363049,0.01034609,-0.003982826,-0.0121749,0.003429336,-0.002782232,0.01216977,-0.0008511675,0.0008738599,-0.001727498,-0.001247066,0.001908498,0.01074176,0.01500904,0.01429252,-0.005751817,0.01359619,0.005536821,0.01608669,0.01030723,0.01258926,0.01238816,0.0104756,0.03354081,0.02503148,0.04018446,0.02106655,0.01893449,0.02754523,0.01431908,0.01414024,0.0312297,0.07423457,0.06638213,0.08984414,0.06335106,0.06553395,0.06618496,0.08464534,0.07003368,0.08136632,0.06494363,0.006733753,-0.0017313,0.01128892,0.003656725,0.01092358,-0.0001284052,0.02280034,0.03814235,0.01792696,0.0071763,0.002616485,0.005283286,0.008837834,-0.00415986,-0.00606627,0.006311938,-0.009917939,0.001457514,0.001424949,0.0341679,0.03096417,0.02862739,0.04568351,-0.004159851,0.01580349,0.02802656,0.01582216,0.04121068,0.03564916,0.01240456,0.000591857,-0.004316933,0.02261894,-0.004160021,0.01795956,-0.004739256,-0.009174203,-0.003258075,-0.002630878,0.00910998,0.02289673,0.02158073,0.0550467,-0.004159836,0.01145414,0.01573156,-0.001582123,0.02857302,0.02266224,0.01915463,0.01976296,0.04002022,0.01706226,-0.004159787,0.01649352,0.02252306,0.01990013,0.02087712,0.02103876,0.02520327,0.004769999,0.00197416,0.03500302,-0.004159865,0.01596838,-0.03823366,0.02840048,0.008473511,0.007720752,-0.01997854,anteriorHippocampus,sub-S17,p,randomWalker3,freq34
-0.01332922,-0.004399945,-0.006439861,-0.01113553,0.03252338,-0.004301052,-0.0230169,0.0177643,-0.007419478,0.002716888,0.01993944,0.003671042,0.00653959,0.02327901,-0.007080003,0.01736955,0.009101233,0.01728288,0.01503694,0.002697707,-0.01757156,-0.00883698,-0.0216845,0.002954686,-0.02419951,-0.02128717,-0.01571464,-0.01976065,-0.01599262,-0.02035005,-0.009194506,0.01494756,-0.007958528,0.02728162,-0.01284846,0.01525749,-0.007242456,0.01257892,-0.000590097,0.02013568,0.05492961,0.04680379,0.07223243,0.04576394,0.04346326,0.045627,0.0716371,0.04792657,0.05867546,0.04490427,-0.01109965,-0.0108804,0.00114053,-0.01794867,-0.007937584,-0.005303527,0.01588589,0.006398596,0.01003998,0.001754346,0.0245494,0.02629818,0.01905518,0.01723943,0.01208309,0.02500064,0.00902385,0.0251645,0.02286339,0.04867082,0.05282456,0.01400242,0.03279648,0.01723988,-0.01892613,0.007985656,0.01928788,0.04904393,0.05495716,0.002093405,0.03717747,0.02416954,0.01717094,0.01723941,-0.0209375,0.0235763,0.01990373,0.02568583,0.02977918,0.01332959,-0.002722714,-0.001489425,0.03414693,0.0172393,-0.01830127,-0.001688334,-0.01819359,-0.002684048,-0.002190939,-3.185838e-05,-0.01316064,0.04493702,-0.01938134,0.01723977,-0.02042449,-0.01397222,-0.008169353,-0.01255723,-0.009129341,0.04209518,0.01420789,-0.01683894,0.02680487,0.01723954,-0.01974964,-0.02115867,0.0221059,0.002771532,0.01032823,-0.03363121,posteriorHippocampus,sub-S17,p,randomWalker3,freq34
0.007679816,-0.006055819,-0.01439525,0.00488697,0.05777012,-0.002539569,0.0228925,0.03091318,0.01257204,0.01707983,-0.00414828,-0.0133165,5.375887e-05,-0.008617936,-5.474647e-05,0.0002315141,-0.001033008,-0.004710525,-0.00150386,-0.009029916,0.01445203,0.01696719,0.01391379,0.01152995,0.01138364,0.0138018,0.01375953,0.01254015,0.01365557,0.01195418,0.0193564,-0.0163837,0.01232939,0.007216224,0.03674956,-0.01191217,0.02356001,0.02094604,0.01346239,-0.004294818,0.07755751,0.07146049,0.05211865,0.02497825,0.08212565,0.06062307,0.07173081,0.06899767,0.0699329,0.06688093,0.01120049,-0.000584894,0.01739454,0.01178774,0.01266033,-0.004851358,0.01063329,0.0323359,0.02308871,0.008565187,-0.001305697,-0.0002956944,-0.003342084,-0.006285097,0.002595471,0.0008196001,-0.003938518,-0.001191644,-0.001269648,0.01913294,0.04058821,0.0202986,0.01280098,0.01312693,0.002595336,0.01892134,0.001840084,0.02542617,0.03817851,-0.0008259212,-0.001986142,-0.002488921,-0.001802961,-0.005132744,0.002595407,-0.002476604,-0.002795738,-0.002095109,-0.001571954,-0.007109723,0.01559838,-0.003275269,0.04443545,0.007130392,0.002595388,0.02287036,0.00897402,0.02997294,0.02045574,-0.002062159,0.02222508,0.03574777,0.01703542,0.02362406,0.002595437,0.01615383,0.01563775,0.01544228,0.01922229,-0.001120087,0.05163395,0.09992053,0.01547087,0.02049137,0.002595441,0.03546074,0.04309943,0.01749368,0.04693801,0.04177228,anteriorHippocampus,sub-S17,p,randomWalker4,freq34
-0.004789378,-0.004281554,-0.008107397,-0.01205362,0.0309817,-0.004348848,-0.003992716,0.01875816,-0.001941959,0.005360152,0.02336012,0.01155211,0.01500411,0.02022479,0.01154131,0.0176296,0.01763073,0.01329649,0.02034121,0.0139019,-0.006694729,-0.006492822,-0.01901332,-0.009917215,-0.02213087,-0.01722506,-0.01197846,-0.01879937,-0.0123849,-0.006980659,0.007850826,-0.00318717,0.003165305,0.001201348,0.01115664,-0.003445958,-0.005581272,0.0138946,0.003459942,-3.526686e-05,0.0552701,0.04996008,0.03711986,0.01512119,0.04459869,0.04289535,0.0497849,0.04726949,0.04931656,0.0469364,-0.01108065,-0.009194566,-0.006618158,-0.0217107,-0.004374904,-0.009833521,0.01932863,0.01131708,0.009483633,-0.01442936,0.02557512,0.02784024,0.02434994,0.0233542,0.0269967,0.02242297,0.02227136,0.02603353,0.02484303,-0.00344703,0.03164355,0.01678099,-0.008397821,0.0005422761,0.02699687,0.03164701,0.0422079,0.0233244,0.0546899,-0.02069481,0.03198442,0.03051264,0.03166525,0.0249406,0.02699676,0.02833586,0.03040352,0.03173404,0.03293092,0.01207663,-0.009115234,-0.01783791,0.02375143,-0.009163817,0.02699691,-0.003112227,-0.001088851,0.01041658,-0.00497914,-0.02330284,-0.005071232,0.03053296,-0.01653513,-0.005723167,0.02699695,-0.0122909,-0.01265808,-0.01655009,-0.009930321,-0.00729815,0.05235251,0.08502247,-0.01492012,0.0001400157,0.02699656,0.06065302,0.04321207,-0.001577313,0.04971841,0.03601491,posteriorHippocampus,sub-S17,p,randomWalker4,freq34
0.01273255,-0.01335908,0.001015606,-0.008432165,0.05635154,-0.01404067,0.01952219,0.02677171,0.003213942,0.01173557,-0.002098745,-0.02591121,-0.005117746,-0.008154495,-0.006339434,-0.007288408,0.00137055,-0.01022215,0.001624271,0.005943784,0.01351401,0.02245061,0.01383001,0.005427048,0.01508219,0.01854213,0.01623554,0.009237471,0.01203241,0.01605807,-0.02857563,0.01611245,0.02480101,0.03599279,0.01986246,-0.02653002,0.02180549,0.01190589,-0.002704801,0.0330983,0.06986443,0.05247024,0.06087298,0.06780017,0.07369762,0.05578889,0.06066382,0.07048658,0.06491013,0.05352242,-0.00202038,-0.005451054,0.01918036,-0.005659421,0.05225355,-0.01882889,0.02967663,0.02780901,0.007266715,0.009795378,0.00178186,0.001967662,0.004730887,0.0006651278,NaN,0.01330352,-0.00265781,-0.001376585,0.005209894,-0.02079187,0.02925566,0.02596911,0.01171952,-0.00252997,NaN,0.04874893,0.01786323,0.06958909,0.03747999,0.0623063,-0.004314498,-0.002405143,-0.001081126,-0.0005028154,NaN,-0.001069375,-0.006267828,-0.004726817,-0.003866932,0.004489858,0.01434658,0.01561726,0.00657869,-0.004657187,NaN,0.03120883,-0.0004556283,0.05112989,0.01911103,0.04471029,0.01883704,0.0680672,0.01785411,0.01552672,NaN,0.007175151,0.01712917,0.03987622,0.01847704,0.02004428,-0.003778372,0.02826556,0.01382795,0.03492018,NaN,0.05192122,0.02510106,0.01334833,0.002246161,0.05103637,anteriorHippocampus,sub-S17,p,randomWalker5,freq34
0.005379652,0.0007394158,-0.003537731,-0.005901193,0.03146814,0.0005731062,0.009218474,0.01835904,2.355847e-06,0.009981853,0.01934789,-0.008288796,0.01506128,0.01664216,-0.001349504,-0.001677141,0.01664802,-0.001042917,0.01682223,0.02192722,-0.01077193,0.0805277,-0.02091845,0.0007113814,-0.02018084,-0.001507635,-0.01066511,-0.01983516,-0.01617467,0.00183776,-0.006344571,0.01554126,-0.009828486,0.03020475,-0.01524665,0.001198545,-0.01328887,0.002324838,-0.001643631,0.02637151,0.04558873,0.03494916,0.04492834,0.05274533,0.04717409,0.039388,0.05713082,0.04866614,0.04492668,0.03890944,-0.003867974,-0.008638346,-0.003581609,0.01185998,0.03992482,-0.008813471,0.03064421,0.05657825,0.004643425,-3.216286e-05,0.01773413,0.03442745,0.01952916,0.01786477,NaN,0.01637628,0.01858923,0.0230646,0.01870666,-0.01085312,0.05751569,0.02302082,-0.01270044,0.04080411,NaN,0.0271084,0.05667656,0.06193399,0.04659827,0.06653795,0.02396178,0.02026635,0.0281948,0.02218447,NaN,0.02573108,0.02030369,0.02162652,0.02421686,0.0267774,-0.005767486,-0.0043136,-0.01161208,-0.02238956,NaN,0.01872594,-0.01663544,0.03534318,0.000102994,0.0298673,-0.01214106,0.05405758,-0.01637637,-0.02046099,NaN,-0.01088203,-0.01331542,0.02991438,-0.01434199,-0.01448522,0.04254138,0.07401464,0.01378586,0.0658827,NaN,0.02853983,0.06599101,0.101636,0.05040172,0.04716006,posteriorHippocampus,sub-S17,p,randomWalker5,freq34
0.007345761,-0.0109718,0.008765236,0.005380637,0.02220395,-0.001337547,0.006733592,0.02261952,0.006947515,0.0101355,-0.004722642,-0.002733365,-0.008260872,-0.0131079,0.005104393,0.01037335,0.001986678,-0.01143331,-0.003004041,-0.006489523,0.01106035,0.01930481,0.01673476,0.009172573,0.01417172,0.01792992,0.009213242,0.00859437,0.01087234,0.004452527,0.06258389,0.01746618,0.02226491,0.03681829,0.007970563,0.02451803,0.02365386,0.04420201,0.04658406,0.04941577,0.08825784,0.05484379,0.05885025,0.06162786,0.05308712,0.06257717,0.06575734,0.06217831,0.06929472,0.05909411,0.01371561,-0.007820162,0.01497037,0.0004175932,0.02438801,-0.003349775,0.008758656,-9.490257e-05,0.005011893,-0.007740895,-0.004220969,-0.001306512,-0.009130272,-0.01189514,NaN,0.003315376,0.006630971,-0.0003834114,-0.001541656,0.002859414,0.01347619,0.02237413,0.006655009,0.01296002,NaN,0.02274564,0.01721699,0.06220581,0.0266928,0.007629038,-0.00462053,0.004271794,0.0210588,-0.008216454,NaN,0.01272091,-0.002461998,0.004542705,-0.002267606,0.02167529,0.01687788,-0.0008369043,0.007130277,0.004477398,NaN,0.01771267,0.01842451,0.02518799,0.01789243,0.005243823,0.02041232,0.0196305,0.01995157,0.03215633,NaN,0.01852579,0.01318393,0.01627745,0.01858643,0.03041797,0.01616864,0.02763522,0.01243695,-0.01218745,NaN,0.02358146,0.01695722,0.03430661,0.02019935,0.0210063,anteriorHippocampus,sub-S17,p,randomWalker6,freq34
-0.004354326,-0.004552924,-0.02177323,-0.02197563,0.01183328,-0.004388486,-0.003686888,0.01270736,-0.005320954,0.001607123,0.007755775,0.009126947,0.01526367,0.01230013,-0.01163434,-0.003484634,0.01005407,0.00838277,0.01424608,0.0006960671,-0.01455796,-0.006084558,-0.01785252,0.01214691,-0.02243548,-0.01744286,-0.02301301,-0.01779307,-0.01881516,-0.01768633,0.03915948,0.009644373,-0.01107748,0.01116524,0.0102426,0.01040465,-0.01214156,0.02112945,0.0131247,0.0311178,0.07621314,0.03737333,0.04290999,0.0436593,0.03906777,0.04396169,0.05740639,0.04351635,0.04733463,0.04168066,0.06698164,-0.0125405,0.01529871,0.04803332,-0.0002628948,-0.01332089,0.0003238339,-0.008578737,0.01307064,-0.02182846,0.01836214,0.01908285,0.01409821,0.01046891,NaN,0.02408478,0.01102761,0.02458475,0.02078444,-0.008607306,0.05438613,0.02630308,0.02185207,0.06584921,NaN,0.01103407,0.004484005,0.03700695,0.05108366,-0.008303182,0.02763314,0.0489287,0.01165965,0.01869507,NaN,0.05799978,0.0220021,0.04740127,0.03384726,0.04928854,-0.00862138,-0.01375976,-0.01582041,-0.01836785,NaN,-0.001427216,-0.004983311,0.003187155,-0.006974424,-0.02333595,-0.008889648,-0.02012588,-0.002419269,0.06111353,NaN,-0.01978213,-0.01807357,-0.02259012,-0.01498897,0.05597072,0.05169288,0.01971131,0.04037601,0.01051065,NaN,-0.001466479,-0.009536088,0.02054142,0.04846081,0.06428857,posteriorHippocampus,sub-S17,p,randomWalker6,freq34
0.008335935,-0.0135906,-0.007452483,-0.005520247,0.03381557,0.0008884357,0.004438607,0.03252276,0.008290022,0.005992384,-0.001725472,0.0131683,0.002639879,-0.007246569,-0.003940173,0.02101101,0.00393619,0.02216122,0.0005218947,-0.00375574,0.0132103,0.01423734,0.01470354,-0.007720857,0.01768776,0.01844436,0.0162668,0.009006754,0.01583863,0.0144956,-0.009112488,-0.02011708,0.03212153,-0.01810435,0.006170352,-0.005884736,0.03101601,0.01123469,-0.00784217,-0.01572629,0.07062687,0.07211239,0.08273593,0.07065614,0.06782364,0.06238778,0.07482929,0.06803814,0.07277794,0.0594418,0.008504632,-0.008669509,0.01740608,-0.003831373,0.04211073,-0.009249645,0.01364088,0.02589081,0.0131141,-0.0009095496,0.001039434,0.003685939,0.0004333846,NaN,-0.000153906,0.01703528,0.005092416,0.009942262,0.002215901,-0.002226142,0.02567393,0.01093867,0.01255219,NaN,0.07084642,0.03158928,-0.002238487,0.05881357,0.02745885,0.01334714,0.001114914,-0.001173205,-0.001811108,NaN,0.0003196016,0.01401913,-0.002778424,0.006953403,-0.0001557143,-0.002639802,0.0198871,0.02104762,0.03063621,NaN,0.0694878,0.01636115,0.02408899,0.033652,0.02438759,0.01957737,0.0237794,0.03728732,0.01874304,NaN,0.007669558,0.02344366,0.01086975,0.02017125,0.02258296,0.0189738,-0.02121516,-0.0253771,0.01399075,NaN,0.05643063,0.03008912,-0.002839619,0.05279502,-0.01561888,0.001669002,anteriorHippocampus,sub-S17,p,randomWalker7,freq34
-0.003240385,-0.004637465,0.001469759,-0.009077375,0.02171342,0.001295527,0.00323521,0.02411558,0.000284148,0.005381581,0.01710382,0.04772177,0.0138944,0.01638021,-0.02148797,0.02948745,0.01769479,-0.01363895,0.01777468,0.01977708,-0.01243228,0.06908446,-0.02213934,0.02665647,-0.02145861,-0.01140019,-0.01896305,-0.01794647,-0.01167581,-0.00524228,-0.005228632,-0.004439483,-0.006512959,-0.001649346,-0.003475323,-0.005484457,-0.0003198194,0.006445614,-0.005052731,-0.004600266,0.05111236,0.05278507,0.06795079,0.05328277,0.0489664,0.04514631,0.05518106,0.04856116,0.05253293,0.04363308,0.0001068912,-0.01383389,-0.003754824,0.008234438,0.01368905,-0.01204459,-0.0001719673,0.009335078,0.01765367,-0.008295487,0.02072067,0.02426324,0.01677779,NaN,0.01927492,0.01983986,0.01702767,0.01802338,0.02031034,0.02421615,0.06549066,0.04860057,-0.01159611,NaN,0.09795647,0.01939705,-0.01573619,0.04923794,0.05384876,0.02005718,0.03263209,0.02465829,0.02228295,NaN,0.02309282,0.02043227,0.02172482,0.04373283,0.02961068,0.02105,-0.00476911,-0.001839242,0.01080649,NaN,0.08708008,-0.002554935,0.01441516,0.01195664,6.050909e-05,0.006933898,-0.009633805,0.01464255,-0.02029355,NaN,0.04096766,-0.01545102,-0.02703811,-0.01791804,-0.01322195,-0.01723838,0.01017709,0.01191655,-0.007933715,NaN,0.0791776,0.01659438,-0.01504282,0.03512486,0.02278824,-0.003982003,posteriorHippocampus,sub-S17,p,randomWalker7,freq34
-8.231668e-05,0.0002284973,-0.01694565,0.00612069,0.03666898,0.007548239,0.03064815,0.02722544,0.01921133,0.01517353,-0.001726247,0.007728747,-0.001251764,-0.002686868,0.001406091,2.798461e-05,0.001418561,0.003945229,-0.001571865,-0.001445627,0.001487475,0.02288141,0.01570274,0.004703431,0.01606276,0.01184035,0.01533044,0.01296026,0.01399956,0.01338407,-0.0005894591,0.023735,0.0260045,0.02055684,0.02918014,0.008976102,0.02702696,0.02540902,0.0274656,0.02959445,0.08993156,0.072073,0.07861876,0.05889688,0.07092014,0.07055233,0.09081428,0.06915611,0.07508238,0.06549297,1.955019e-05,0.0003840968,0.03079613,0.00200909,0.03508059,0.004815886,0.01229169,0.02475507,0.03145612,0.007110971,0.001741435,0.009190464,0.003224525,0.03171447,0.004553892,0.00615073,-0.002160243,0.003458311,0.000995946,0.01380659,0.03117242,0.007674862,0.03332933,0.01652801,0.004554099,0.02251545,0.007328977,0.03962765,0.03369946,0.0197426,0.0005109425,0.004235338,0.00689819,0.03403438,0.004554115,0.009147049,0.0006212487,0.005095572,0.0007294621,0.0001018387,0.02017704,0.01264123,0.01904017,0.03028417,0.004554252,0.0189387,0.03124981,0.02123361,0.02299628,0.02596664,0.0212041,0.02995344,0.0224985,0.009038097,0.004554017,0.03484888,0.01916305,0.02252915,0.0208673,0.0167779,0.02663718,-0.007446605,0.02624954,0.01427841,0.004554139,0.04019218,0.02026793,0.04182511,0.0381084,0.00164521,anteriorHippocampus,sub-S17,p,randomWalker8,freq34
-0.0146841,-0.002967783,-0.01374472,-0.01234999,0.02398224,-0.004225436,0.01888265,0.01582924,0.001303492,0.001535478,0.02202745,0.02562842,0.01913209,0.02283593,0.001247089,0.01389267,0.01711761,-1.792197e-06,0.01997211,0.01348367,-0.00266052,0.005183097,-0.01787967,-0.01205902,-0.02056481,-0.01198112,-0.01353761,-0.02162313,-0.01394628,-0.01095673,0.004799611,0.01477883,-0.009771699,0.008581922,0.01068055,-0.003922585,-0.004557332,0.01408338,0.005238335,0.01448079,0.06731365,0.04968226,0.0702857,0.04148488,0.04853215,0.04937206,0.06839017,0.04751929,0.05208912,0.04557085,-0.005906594,-0.009614207,0.0123941,-0.009404941,0.01569998,-0.01339335,-0.007491635,0.004154961,0.02352428,-0.006027284,0.02393759,0.02973131,0.02700869,-0.00122583,0.02627332,0.02414664,0.02105879,0.02444354,0.02342831,0.0278735,0.06676709,-0.009248205,0.03762618,-0.02268651,0.02627356,0.01885543,0.004472585,0.04946663,0.04970801,0.02463021,0.03083114,0.03791426,0.03140524,0.02123682,0.02627343,0.04595628,0.03127196,0.03991013,0.03162152,0.02881127,-0.004813845,-0.01341349,0.001104733,-0.001713376,0.02627375,-0.003029262,0.01012184,-0.006500013,-0.00251222,0.006781689,-0.01039882,0.01913035,-0.01471424,-0.02348571,0.02627367,0.0242372,-0.01451653,-0.001638993,-0.01272759,-0.01567586,0.07289847,0.06525747,0.04366713,-0.02581613,0.02627348,0.07924025,-0.002650837,0.07248222,0.06208307,0.02604755,posteriorHippocampus,sub-S17,p,randomWalker8,freq34
0.01367273,-0.00215139,-0.008285218,0.002343215,0.04649993,-0.01064072,0.007198732,0.03431288,0.008154304,0.009434829,-0.005125781,-0.005209789,-0.00156398,-0.005662421,0.002466572,-0.001753088,0.002134082,-0.005013947,-0.001761653,-0.006005798,0.01211895,0.02252824,0.01422816,-0.0004479848,0.01219576,0.01032241,0.01341307,0.01046399,0.0134299,0.01567494,-0.007875948,-0.00240565,0.02229703,-0.01030278,0.02676242,-0.02786188,0.02682151,0.04853463,0.003196112,0.01038325,0.07967786,0.06594791,0.06467967,0.05150664,0.07613492,0.06884852,0.06068658,0.06540836,0.08242213,0.06227999,0.01768931,-0.005294303,0.03100479,-0.004620607,0.02166368,-0.007916672,0.01902608,0.04326371,0.01743926,-1.094943e-05,-0.001755329,-0.005276908,0.002198484,-0.0002165974,NaN,-0.004491456,0.0003536477,-0.007416916,-0.001640994,0.0007185629,0.03542129,0.04169101,0.01338184,-0.01427465,NaN,0.04657978,0.01261135,0.04492519,0.03104328,0.02496892,-0.001237997,0.0004209437,-0.003406392,-0.002971177,NaN,-0.005156485,-0.001611233,-0.001655738,-0.0007382518,0.00131046,0.01532211,0.02275929,0.03566614,-0.007565612,NaN,0.003970993,0.01961393,0.02928912,0.0172688,0.01241661,0.02233489,0.01667251,0.01729515,-7.647143e-05,NaN,0.01872422,0.01645206,0.01469478,0.0189778,0.009198145,0.05348463,0.02037885,0.01497939,-0.01063609,NaN,0.04977129,0.08256263,0.05419096,0.08502412,0.007696474,anteriorHippocampus,sub-S17,p,randomWalker9,freq34
0.00306369,-0.0002124427,-0.004393502,-0.01473379,0.02953184,-0.009757012,-0.01791673,0.02252905,-0.002521355,0.004350047,0.02047494,0.002537023,0.02195064,0.01931053,0.01631765,0.01562275,0.0148846,0.01568912,0.01867618,0.01536373,-0.01376528,0.03239348,-0.006180983,-0.006349295,-0.02353989,-0.02323628,-0.01748832,-0.02401914,-0.01230019,-0.004612715,-0.002046158,0.002377238,-0.007215063,0.01179713,-0.002295897,-0.004825415,-8.631976e-05,0.03164047,0.001015002,0.009029294,0.05540811,0.04678882,0.03658182,0.03569967,0.05205787,0.04965829,0.0426765,0.04631094,0.05746627,0.04434355,0.007277894,-0.01313521,0.01745419,-0.009080037,0.007374115,-0.00458284,0.01070994,0.02126949,0.02759499,-0.01406951,0.02193455,0.01829815,0.01965513,0.02528119,NaN,0.02071232,0.02129842,0.0164658,0.02125789,0.02492177,0.0549007,0.0240485,-0.008120758,0.03287081,NaN,0.07388379,0.0005500804,0.0351418,0.03968188,0.00444017,0.03081882,0.03371166,0.02628808,0.02537496,NaN,0.02299292,0.02982059,0.03008435,0.03202355,0.03567475,-0.008003286,0.002098761,0.0140199,-0.002584509,NaN,-0.01440944,-0.003998172,0.009814558,-0.004173553,-0.01029393,-0.01003421,-0.004543684,-0.01696367,0.009769237,NaN,-0.01539068,-0.01606262,-0.01928412,-0.01339439,0.003904952,0.0473328,0.003823381,-0.01206616,0.005641677,NaN,0.05692013,0.06772323,0.02058645,0.06888136,-0.009752172,posteriorHippocampus,sub-S17,p,randomWalker9,freq34
0.05877707,0.01720429,0.03465362,0.02906407,0.08270536,0.02770602,0.08990262,0.06893791,0.05951494,0.033843,0.0611087,0.06590465,0.05989492,0.0548485,0.05869079,0.08915142,0.07855659,0.02767556,0.0654842,0.07591368,0.08588257,0.07827188,0.07025423,0.09032419,0.06698564,0.07008626,0.0889957,0.07345784,0.07970641,0.07526024,0.009614984,0.01481865,0.06518978,-0.009271988,0.05382152,0.01906944,0.07019426,0.04987131,0.01094949,0.006570877,0.1072485,0.09700247,0.09189477,0.08267006,0.09224693,0.08892215,0.1110442,0.1031699,0.106203,0.08532969,-0.002362303,0.01814038,0.08407205,-0.005491621,0.06350007,0.0223143,0.08091756,0.0455782,0.01911918,0.03637354,0.06256332,0.06404714,0.06250299,0.05466864,0.07148216,0.07047512,0.06978677,-0.0008248226,0.06850976,0.01778009,0.06640405,0.06145076,0.05855143,0.07187229,0.06998808,0.0477513,0.06870135,0.05002727,0.05787107,0.06868993,0.05641213,0.05346065,0.04436752,0.05134406,0.001126956,0.05793541,0.05693269,0.06423868,0.05686512,0.0755129,0.0759123,0.06473362,0.06726222,0.05906708,0.058752,0.05816117,0.0675607,0.07103576,0.07235514,0.07729809,0.07818378,0.03167878,0.07315732,0.08368283,0.06823371,0.06229458,0.07556392,0.06912047,0.07692378,0.07108758,-0.006502714,0.04988207,0.05754307,0.07999548,0.06920751,0.04311813,0.06626359,-0.003774058,-0.01794208,0.06107767,anteriorHippocampus,sub-S19,p,randomWalker0,freq34
0.05209375,0.02474894,0.01724843,0.01856009,0.0760244,0.02952959,0.1069349,0.06507812,0.05568173,0.02988154,0.03001954,0.06293013,0.03773105,0.03155743,0.02987283,0.06614534,0.05117999,0.0228746,0.03702531,0.05191974,0.05480916,0.06297906,0.04268717,0.05539541,0.04178076,0.04537395,0.05846567,0.04669506,0.04949686,0.05660475,0.02502512,0.026316,0.03838357,0.01234063,0.02977679,0.03080854,0.0451729,0.05336863,0.03226842,0.02224089,0.1144224,0.09972067,0.09050234,0.08574547,0.08855107,0.08907614,0.1306431,0.1057201,0.1125249,0.08386285,0.01009011,0.01839656,0.05773598,0.02368307,0.03835813,0.01582863,0.04827951,0.06077188,0.03399181,0.02492598,0.04349893,0.05734045,0.04175438,0.03483276,0.05483953,0.06009549,0.04893577,0.02906231,0.05402545,0.05138955,0.0612154,0.07542504,0.0405173,0.03636422,0.04516112,0.06669252,0.04984156,0.07994848,0.07463818,0.07007375,0.03284548,0.03206619,0.02304478,0.02665667,0.009418199,0.03576414,0.0339056,0.04122788,0.03343429,0.05171797,0.07529581,0.06024611,0.05686463,0.09152893,0.03550422,0.05535099,0.06590683,0.07039531,0.06886667,0.07145672,0.05151772,0.05869462,0.0500578,0.05250577,0.04360052,0.03771127,0.04934339,0.04484152,0.05039353,0.07836089,0.04529744,0.05429007,0.055561,0.04532078,0.04456235,0.05531516,0.04605079,0.02031186,0.03971668,0.05823636,posteriorHippocampus,sub-S19,p,randomWalker0,freq34
0.05252498,0.025745,0.03952927,0.05288488,0.05787604,0.03061072,0.05842483,0.06145887,0.04984894,0.06877809,0.06520582,0.06474616,0.06832685,0.0528526,0.08000597,0.0940873,0.08270437,0.07115862,0.07550274,0.08744198,0.07946774,0.05949294,0.06780282,0.05229094,0.06930304,0.07513738,0.08997975,0.06698494,0.08542027,0.07048203,0.03522892,0.05311076,0.04550865,0.03423177,0.02486773,0.02927626,-0.00265898,0.06994613,0.04637935,0.07231294,0.1015904,0.1051998,0.1174159,0.1030686,0.1075481,0.09944003,0.109223,0.10922,0.1069062,0.1042886,0.01592682,0.02107541,0.07642772,0.04855881,0.009759569,-0.01562558,0.08509579,-0.006435757,0.01475864,0.06381066,0.06844653,0.07336809,0.0678224,0.06081581,NaN,0.07827474,0.07493258,0.07007331,0.06886782,0.08005825,0.0669019,0.03327791,0.06474419,0.04057542,NaN,0.04371306,0.07915688,0.07905571,0.05917576,0.0802484,0.05522073,0.009135952,0.03351873,0.0340837,NaN,0.05055112,0.05751708,0.03803457,0.05384897,0.05636627,0.07230572,0.04985618,0.1000205,0.07538243,NaN,0.04987178,0.05906352,0.07785984,0.06794713,0.08063779,0.07531341,0.07655575,0.06402264,0.08748091,NaN,0.08008599,0.07159435,0.07279576,0.07509723,0.0466792,0.003521397,0.03650968,0.06415971,0.05638081,NaN,0.06356852,0.05926316,0.04136641,0.03920231,0.06292617,anteriorHippocampus,sub-S19,p,randomWalker1,freq34
0.04991916,0.02806216,0.03163682,0.04744467,0.05949695,0.03506095,0.06217404,0.05906842,0.04718254,0.06477803,0.03759737,0.03983846,0.03863451,0.03143409,0.02821932,0.06019201,0.05271634,0.03336074,0.04577764,0.05776909,0.05020498,0.03553974,0.04277355,0.02650266,0.04439211,0.0479999,0.0577024,0.04089579,0.05361713,0.04246223,0.04222776,0.05398415,0.02845719,0.04028032,0.03832605,0.04457325,-0.003823094,0.07034434,0.05337358,0.07199746,0.1033581,0.1059338,0.1260332,0.1029724,0.1076237,0.09866293,0.1201637,0.112011,0.1109084,0.1041275,0.01657408,0.01848178,0.04239544,0.04416516,0.0272551,-0.007246969,0.04972181,0.007944243,0.03327018,0.06858715,0.04101001,0.04896273,0.04225449,0.03697249,NaN,0.05174237,0.04883264,0.04213982,0.04212371,0.0597445,0.05985039,0.04698367,0.03517401,0.04483962,NaN,0.07236248,0.04568605,0.05054276,0.06802747,0.09098231,0.03004296,0.005391276,0.01878523,0.0197091,NaN,0.04327068,0.0341644,0.03177648,0.03114057,0.05502486,0.06992166,0.05113681,0.1196109,0.06140227,NaN,0.0474793,0.05168983,0.07487284,0.06557522,0.0721766,0.04820108,0.0495024,0.04083038,0.07224536,NaN,0.05118954,0.04565227,0.04590937,0.04718202,0.03438884,0.0351157,0.04037569,0.03499569,0.03320329,NaN,0.06353772,0.04249347,0.03835075,0.05887803,0.05964403,posteriorHippocampus,sub-S19,p,randomWalker1,freq34
0.06232217,0.01140879,0.0518171,0.05188505,0.07391172,0.01665346,0.06367395,0.09268681,0.0630412,0.04746455,0.05089976,0.06830351,0.05315769,0.03609817,0.02384338,0.0871035,0.07760846,0.05072898,0.06896514,0.07032461,0.08452355,0.09617883,0.06953739,0.02921128,0.05928623,0.08255177,0.09055067,0.07694912,0.08736435,0.06904296,0.03654514,0.01586921,0.06548698,0.06356253,0.06477136,0.01150532,0.06497318,0.08999995,0.03761058,0.007132549,0.1110141,0.06797869,0.1124096,0.08941516,0.1036241,0.07173909,0.1196242,0.1076958,0.1038413,0.09792567,0.02652171,0.01828304,0.04595536,0.05741256,0.06798168,0.01171481,0.08838571,0.0939139,0.03522442,0.05428525,0.0689214,0.05572963,0.06606369,0.05031766,0.1206327,0.07582299,0.07177997,0.05469042,0.06993731,0.07820847,0.05328128,0.04287801,0.07396625,0.08690856,0.1206327,0.04188662,0.06688539,0.07116092,0.06145591,0.04814191,0.02796301,0.02108263,0.0260867,0.08489259,0.1206327,0.03572327,0.05740076,0.04772769,0.04736143,0.04969442,0.0690353,0.03830265,0.04008668,0.09011711,0.1206327,0.04138125,0.08447627,0.04854387,0.06521946,0.06580891,0.07807422,0.001611559,0.07169329,0.06752462,0.1206327,0.01865418,0.08004147,0.06906198,0.0780176,0.01389787,-0.001727975,0.02856112,0.07492314,0.08138721,0.1206326,0.01357922,-0.007432777,0.08911044,0.01099742,0.05408667,anteriorHippocampus,sub-S19,p,randomWalker2,freq34
0.05655379,0.01806093,0.04855102,0.04573936,0.07420979,0.02020906,0.06382165,0.09169193,0.05902863,0.04627063,0.02269327,0.05265525,0.02787946,0.02079617,0.01669983,0.06280149,0.05190492,0.0275041,0.03956256,0.04398108,0.04522296,0.06654425,0.04349223,0.01201465,0.02039678,0.05712012,0.05970345,0.04912767,0.05263799,0.09120417,0.06096908,0.02411844,0.04263411,0.06326937,0.04191474,0.02207919,0.04191206,0.09597321,0.02075981,0.0281362,0.1177967,0.06973781,0.113531,0.08845925,0.1082981,0.07206713,0.1244794,0.1117492,0.1060721,0.09706887,0.03526548,0.01442249,0.02440264,0.05840871,0.04751543,0.009159816,0.05415532,0.1058064,0.05836839,0.04334239,0.03936818,0.04263321,0.04375822,0.0728512,0.1221774,0.05150735,0.04576799,0.03155086,0.04327322,0.0552607,0.08654077,0.03524797,0.04529775,0.1021499,0.1221774,0.03980525,0.03138399,0.03731352,0.0615543,0.06649325,0.02081259,0.01503207,0.01689397,0.0765559,0.1221773,0.03176244,0.03209864,0.02412179,0.02776879,0.03790012,0.06757345,0.02440776,0.04038156,0.09897763,0.1221774,0.03426793,0.09215946,0.03990698,0.06032046,0.06214006,0.05516563,0.01217975,0.04514484,0.08085696,0.1221774,0.02537927,0.0511725,0.043705,0.05210967,0.03878399,-0.01266767,0.004361283,0.04613284,0.09949761,0.1221774,-0.001081593,0.008488266,0.06612079,-0.00522189,0.06243249,posteriorHippocampus,sub-S19,p,randomWalker2,freq34
0.03339134,0.0289345,0.05706965,0.04580572,0.09213141,0.02748618,0.03430555,0.06673263,0.04206811,0.0489462,0.07089513,0.03029404,0.08474334,0.02669522,0.08638967,0.07679591,0.08316929,0.0762381,0.07765222,0.07846446,0.07899383,0.06061529,0.0688585,0.06168304,0.06683557,0.06964798,0.08376648,0.07360066,0.07640672,0.06136897,0.0249547,0.0538609,0.06207198,0.07902469,0.05701512,0.05725083,0.0594052,0.02671069,0.001459915,0.06704076,0.1011823,0.09334355,0.1157462,0.09972151,0.1032377,0.09340183,0.1105144,0.1039578,0.1090283,0.1023164,0.04136131,0.02621619,0.05046424,0.04464367,0.01461138,0.03865996,0.02467577,0.05386335,0.03730618,0.06315731,0.07625466,0.06586698,0.08315563,0.02601751,0.06855826,0.06354065,0.0504542,0.06104643,0.07178326,0.07659345,0.05565036,0.04835934,0.0425253,0.02601752,0.07049111,0.04693976,0.08285914,0.04470519,0.05059583,0.06177624,0.05155584,0.05218239,-0.01061365,0.02601748,0.02753288,0.05125729,0.04383218,0.04223401,0.04999283,0.07991856,0.06893283,0.07151585,0.08891006,0.02601768,0.06510121,0.05614177,0.03603121,0.07912154,0.06969321,0.06937005,0.0681619,0.02822605,0.06706736,0.02601732,0.06761224,0.08268239,0.08406931,0.06724946,0.06917931,0.07260516,0.05085225,0.04189327,0.03759366,0.0260175,0.07094512,0.03132198,0.08444984,0.08332943,0.05928349,0.04584521,anteriorHippocampus,sub-S19,p,randomWalker3,freq34
0.03087324,0.02982615,0.05634858,0.04409936,0.08604737,0.03024043,0.02190975,0.06311149,0.03869082,0.04754705,0.04282947,0.02965027,0.05251102,0.01961498,0.05769938,0.05094821,0.05479133,0.04690323,0.04985389,0.0534869,0.05174956,0.0500305,0.04655015,0.07583626,0.04493142,0.04292895,0.05613232,0.0471521,0.05156467,0.04592263,0.02509282,0.061203,0.04171503,0.07640862,0.03672143,0.05489265,0.04037052,0.03906598,0.02404449,0.06598468,0.1063974,0.09260528,0.1370774,0.09893139,0.1045784,0.09253186,0.1175933,0.1048759,0.1164529,0.1023501,0.04685351,0.02527677,0.02957912,0.05202807,0.02300282,0.0357126,0.0198658,0.06077022,0.05368406,0.05641317,0.05288818,0.04816163,0.06583551,0.0211306,0.04069916,0.052267,0.03691962,0.04065988,0.05067508,0.08243312,0.06469557,0.06476309,0.06464615,0.02113056,0.04734908,0.0579919,0.04803843,0.06351841,0.0683183,0.06721455,0.03126123,0.02935947,0.01568496,0.02113049,0.03557079,0.02787874,0.02996261,0.02426414,0.02915817,0.06634805,0.06873341,0.06269099,0.09168495,0.02113042,0.04226532,0.05099563,0.04523126,0.07060185,0.06804655,0.06390174,0.04583927,0.08106439,0.04493346,0.02113058,0.04567432,0.05385211,0.05437793,0.04540155,0.04748374,0.1103386,0.05291021,0.04051223,0.07149816,0.02113066,0.04777126,0.008342201,0.0539513,0.07272514,0.06791725,0.03925239,posteriorHippocampus,sub-S19,p,randomWalker3,freq34
0.04436575,0.02063749,0.00531378,0.04198622,0.09849988,0.02398976,0.0801926,0.06923537,0.05204894,0.05780405,0.06563512,0.03834268,0.07896324,0.05050325,0.075734,0.07932509,0.07592947,0.0725264,0.07555749,0.06360538,0.0818698,0.08075696,0.06927932,0.06640146,0.06563816,0.07098881,0.08260752,0.07204539,0.08097347,0.08175433,0.03836257,-0.0004876046,0.005255947,0.02979824,-0.00914637,0.005843274,0.05150656,0.05650641,0.02577913,0.02016453,0.1022975,0.09587897,0.07582885,0.05376506,0.1047908,0.08875215,0.1053957,0.1036872,0.1008438,0.10174,0.04106802,0.02822896,0.07525089,0.03419343,0.06753992,0.01537434,0.07708634,0.04824505,0.03767864,0.05271935,0.06152828,0.04962248,0.06118891,0.04618249,0.07512102,0.07419621,0.06464482,0.06816931,0.06805617,0.02248214,0.03934073,0.05048271,0.05815277,0.06860913,0.07512122,0.07021533,0.05382855,0.05116174,0.04976052,0.03918358,0.05111915,0.04225987,0.04730985,0.04137919,0.0751212,0.06094238,0.05649378,0.05149678,0.05503571,0.05791089,0.06072577,0.03800826,0.06397699,0.03476777,0.07512097,0.06887413,0.06518699,0.07160479,0.06855752,0.04631723,0.07611488,0.05856252,0.06799571,0.06384322,0.07512127,0.07486118,0.07217457,0.07318913,0.07339633,0.03621517,0.08577333,0.110651,0.06530485,0.07007503,0.07512125,0.05094299,0.07714566,0.06420144,0.08468582,0.07035686,anteriorHippocampus,sub-S19,p,randomWalker4,freq34
0.04221961,0.02541848,0.01296312,0.03438414,0.08930601,0.02834812,0.06753212,0.06651945,0.04778223,0.05258833,0.03956887,0.02149552,0.04952874,0.03126714,0.04891706,0.0518567,0.05091978,0.04134891,0.04882364,0.03297736,0.05415216,0.05917917,0.04660321,0.0433933,0.04360507,0.04826571,0.05451208,0.04789907,0.05379787,0.05645044,0.04375622,0.01332398,0.02124175,0.0507466,0.02430507,0.01888861,0.03302974,0.05536699,0.03862336,0.02763452,0.1067546,0.09665171,0.06919067,0.05933689,0.113594,0.08655588,0.107999,0.1042845,0.1020704,0.1014764,0.04472579,0.03015837,0.04875188,0.0253182,0.04586693,0.01916136,0.05005887,0.06085235,0.05429912,0.04757065,0.04237169,0.03448019,0.040243,0.02799691,0.05776968,0.05179017,0.0431778,0.04278237,0.04576734,0.0385049,0.06797402,0.06928356,0.03675625,0.03695573,0.05776964,0.06822415,0.03027117,0.05808686,0.07072447,0.04016802,0.03129715,0.02573407,0.02982138,0.02435292,0.05776968,0.04068318,0.03407328,0.03169399,0.0341505,0.03890754,0.05954459,0.03792137,0.07975356,0.03973233,0.05776973,0.06326424,0.07672767,0.07083378,0.0677058,0.04532852,0.0523621,0.06757668,0.046016,0.04345956,0.05776962,0.05257332,0.04886664,0.0494117,0.05038504,0.05718464,0.07786671,0.1114646,0.04156244,0.04233652,0.05776962,0.09929863,0.05984014,0.0479538,0.07359553,0.07463752,posteriorHippocampus,sub-S19,p,randomWalker4,freq34
0.05289695,0.01179329,0.0423903,0.03325548,0.1033986,0.01205015,0.06686843,0.0731411,0.04270064,0.05092606,0.0720854,-0.01874622,0.06774219,0.04692329,0.07802463,0.03608499,0.08171201,0.05018589,0.08164715,0.08292743,0.08077244,0.03837749,0.0729075,0.06429652,0.06948122,0.04373401,0.09022299,0.06173259,0.07751392,0.06713536,-0.004781005,0.05651625,0.06549253,0.07992328,0.06345925,-0.01204088,0.06188094,0.01443365,0.008755362,0.07443999,0.09341518,0.07769059,0.1037689,0.1047174,0.1069013,0.08706743,0.09624053,0.1061589,0.09917232,0.08863778,0.02514479,0.02876002,0.07753514,0.04627928,0.1071679,-0.0011998,0.1027893,0.04957427,0.03124066,0.05946078,0.06928764,0.02132753,0.07442844,0.03575663,NaN,0.07442728,0.06415845,0.05491901,0.07075884,0.04488632,0.06268054,0.07162958,0.07549316,0.02810334,NaN,0.06689113,0.06177685,0.09914385,0.04603815,0.02894547,0.05071707,0.04333625,0.04509327,0.02240197,NaN,0.06155412,0.05020436,0.05342273,0.05291933,0.04869139,0.06350617,0.0497658,0.05190951,0.04614955,NaN,0.07059862,0.0513029,0.09967498,0.06702276,0.08565331,0.06709331,0.1126661,0.07514428,0.06802828,NaN,0.01491998,0.08130835,0.03083221,0.07001117,0.06918981,0.02258976,0.04703464,0.05592378,0.04700563,NaN,0.06579494,0.06385297,0.04685108,0.01896756,0.02052251,anteriorHippocampus,sub-S19,p,randomWalker5,freq34
0.04822299,0.01886445,0.03683867,0.03486153,0.104979,0.01844301,0.07171303,0.06972279,0.04146672,0.0487552,0.04047369,-0.01506776,0.03857055,0.02674476,0.0376978,0.05288592,0.05356762,0.02740707,0.05175638,0.05599625,0.05345684,0.1262603,0.04738926,0.04311345,0.04587048,0.04014873,0.05978515,0.03941825,0.04975464,0.06133188,0.01270486,0.05681427,0.0435914,0.07810253,0.04141106,0.0022365,0.04132197,0.03756434,0.02795815,0.07413181,0.0968667,0.07773181,0.1033667,0.1256626,0.1131528,0.08652969,0.1268952,0.1106847,0.103809,0.08682741,0.01906037,0.02642913,0.04546955,0.06810277,0.09528126,0.005895365,0.07345711,0.06363759,0.04694854,0.05316562,0.04676218,0.004852979,0.05092515,0.0295835,NaN,0.06245172,0.03993294,0.03459063,0.05012481,0.02045123,0.07484015,0.08043063,0.03887829,0.05248779,NaN,0.08447908,0.04599704,0.1329958,0.0706553,0.09329347,0.0294871,0.02397561,0.02541125,0.01814674,NaN,0.03800327,0.02757908,0.03225376,0.03062785,0.03536413,0.05648958,0.03697425,0.04987702,0.02773002,NaN,0.07136972,0.04832279,0.1103111,0.06433801,0.09912544,0.04642811,0.132981,0.04898029,0.04522744,NaN,0.0183079,0.05379694,0.06688918,0.04525374,0.0438022,0.04039486,0.07512256,0.03835951,0.08312918,NaN,0.08634679,0.06260674,0.1362889,0.04154304,0.06502939,posteriorHippocampus,sub-S19,p,randomWalker5,freq34
0.04757899,0.0142858,0.05654686,0.06750414,0.06882074,0.03216694,0.06108239,0.06497281,0.0485887,0.05237865,0.07192611,0.05938004,0.06447062,0.05313193,0.0792402,0.09813082,0.08441426,0.05622258,0.07820867,0.07069203,0.07735644,0.05896611,0.07307186,0.09027702,0.06763211,0.06985708,0.07521538,0.06741013,0.07575602,0.06737938,0.06445158,0.05207938,0.06307641,0.01234974,0.04526636,0.04479561,0.06582324,0.05906711,0.02840088,0.08566739,0.1133732,0.08434366,0.1054362,0.1044734,0.09629112,0.09692907,0.1037337,0.102424,0.1031442,0.09854804,0.03301195,0.01879959,0.08483607,-0.01117427,0.0270059,0.01626152,0.08496045,0.007501043,0.01422613,0.02639863,0.06833018,0.07676605,0.06162734,0.05688835,NaN,0.07828093,0.1038331,0.07214312,0.07433488,0.08894821,0.05887204,0.06484137,0.07175996,0.03361095,NaN,0.06148561,0.09288117,0.0741174,0.05792634,0.05234229,0.05482584,0.03345202,0.00180927,0.05244957,NaN,0.02067018,0.02440609,0.04316192,0.05351612,-0.008748987,0.07034892,0.03840596,0.04367452,0.05559822,NaN,0.05875973,0.06956077,0.07363395,0.06872421,0.06062884,0.07658271,0.07397491,0.0823862,0.08827519,NaN,0.06914499,0.08024067,0.0680053,0.0742336,0.02364822,0.05092493,0.05402181,0.05322639,0.01674046,NaN,0.06375259,0.05820616,0.04272353,0.05420635,0.007681223,anteriorHippocampus,sub-S19,p,randomWalker6,freq34
0.04478419,0.02018681,0.03668071,0.0529126,0.06327514,0.03175375,0.07246913,0.06090099,0.04315748,0.04708608,0.04164547,0.06206448,0.03780092,0.02981901,0.04923246,0.06531785,0.0558345,0.03796006,0.04793238,0.0391793,0.05107772,0.04618371,0.04765913,0.06254768,0.04412845,0.04564533,0.04785777,0.03976202,0.04837994,0.04628958,0.08143104,0.05209996,0.03983163,0.0424801,0.05255287,0.05374035,0.04162708,0.07050768,0.05015119,0.08686163,0.1273846,0.08139111,0.1029549,0.1056113,0.09188082,0.09462553,0.1086997,0.1012921,0.1048761,0.09620284,0.06840437,0.0182482,0.05431581,0.03338363,0.02583755,0.01797105,0.05200642,0.01274709,0.031538,0.01621845,0.04606951,0.04998051,0.03913752,0.04955596,NaN,0.05247751,0.06478721,0.0466602,0.04947814,0.0590516,0.05509989,0.05363997,0.04978409,0.03642302,NaN,0.05113013,0.06445485,0.1018314,0.06714204,0.06000075,0.03255827,0.02308756,0.04152382,0.02999863,NaN,0.01773011,0.02475036,0.03057601,0.03326243,0.002794292,0.06639449,0.03193159,0.02967228,0.04747087,NaN,0.05756558,0.06530907,0.06962911,0.06393643,0.05628515,0.05176599,0.04757128,0.0556784,0.08483944,NaN,0.04454714,0.05342889,0.04177031,0.0488923,0.1026487,0.06054234,0.05357426,0.06030356,0.02691874,NaN,0.04847097,0.06743793,0.07227416,0.06203473,0.05215282,posteriorHippocampus,sub-S19,p,randomWalker6,freq34
0.0507876,0.01267053,0.02724614,0.03134679,0.07671515,0.03494195,0.05025988,0.07496198,0.04883274,0.04323605,0.06737746,0.04897711,0.07886822,0.04558678,0.03378167,0.097875,0.08140566,0.02201848,0.0734852,0.05404795,0.08443409,0.05807762,0.07345022,0.02227099,0.06609444,0.08035314,0.08217609,0.06739987,0.0831349,0.06883202,0.01134059,0.0002790077,0.06063053,0.006749679,0.01249687,0.002511691,0.03797748,0.0354783,0.008752071,0.002009297,0.09850407,0.09608249,0.1170067,0.1001542,0.1070242,0.09738668,0.1131835,0.1067545,0.1033515,0.0983097,0.03335783,0.02440502,0.08107813,0.0141787,0.02900683,0.01417533,0.08791508,0.05779326,0.02957931,0.03882256,0.06391232,0.05659434,0.07101674,NaN,0.02720364,0.09438048,0.07607369,0.08778106,0.06979594,0.04836777,0.04893661,0.02462961,0.07751549,NaN,0.117378,0.02612558,0.07165284,0.0488898,0.06158779,0.03038659,0.04989321,0.05638064,0.06151592,NaN,0.02330512,-0.002058835,0.05742433,0.03848607,0.05212585,0.03755663,0.07164761,0.06841574,0.07990665,NaN,0.1136417,0.06031106,0.05869116,0.0819597,0.07532341,0.06564365,0.07671739,0.05438858,0.07189392,NaN,0.03952491,0.07810618,0.06793304,0.06720767,0.07122426,0.06518278,-0.009349073,-0.01317446,0.07866793,NaN,0.1073287,0.02625844,0.06902627,0.04386072,-0.007638918,0.01162758,anteriorHippocampus,sub-S19,p,randomWalker7,freq34
0.04300058,0.0174548,0.02672378,0.02920099,0.06873856,0.03535099,0.04401095,0.07059879,0.04372803,0.04223517,0.0402422,0.0281142,0.04578095,0.02514669,0.01827445,0.06953601,0.05214098,0.04027895,0.04483359,0.0254612,0.05265605,0.05391612,0.04615434,0.003237767,0.04325854,0.05322425,0.05329568,0.04247736,0.05319965,0.04928845,0.02334141,0.01025212,0.03986964,0.01385845,0.03594921,0.02464241,0.02089568,0.04486016,0.02218316,0.01798038,0.09884823,0.09690034,0.1182575,0.1028051,0.1080904,0.09568737,0.1140766,0.10853,0.1048876,0.09636073,0.03349851,0.02188483,0.05037239,0.02450992,0.04552523,0.01662732,0.05378827,0.05910433,0.04739415,0.03517255,0.04202125,0.03885797,0.04858663,NaN,0.0221055,0.0737722,0.05789423,0.06379122,0.04593583,0.02391427,0.05802854,0.04868362,0.04766936,NaN,0.1293455,0.050404,0.04069239,0.09013668,0.06287192,0.03046778,0.03013819,0.03017512,0.03716883,NaN,0.02027502,-0.02053068,0.03209744,0.03363176,0.03158741,0.02131459,0.06530045,0.0651088,0.07469733,NaN,0.1323787,0.05363351,0.0584084,0.07887672,0.06929086,0.0640178,0.05135028,0.04925746,0.04671917,NaN,0.1103083,0.05018822,0.04117564,0.04106984,0.04651864,0.04589115,0.01766528,0.02106941,0.04930528,NaN,0.1306131,0.04667904,0.03480355,0.08512847,0.02771683,0.05431076,posteriorHippocampus,sub-S19,p,randomWalker7,freq34
0.04492583,0.03182912,0.008830815,0.0562002,0.07883705,0.0405973,0.06857575,0.06705608,0.06607486,0.06508245,0.06620397,0.08357872,0.07036065,0.06004268,0.08019169,0.07832085,0.07848756,0.08377828,0.07035328,0.0730055,0.07268904,0.08149523,0.07347483,0.06923919,0.07019066,0.0779478,0.08197294,0.07306131,0.07942753,0.06526012,0.02984354,0.05749531,0.06468109,0.04188082,0.04408399,0.01181821,0.05690488,0.05621492,0.01960477,0.05515603,0.1149469,0.1058503,0.110499,0.09684724,0.1091818,0.1026054,0.1191993,0.106376,0.1068635,0.1055654,0.0337055,0.03019322,0.07131527,0.05160571,0.01831419,0.02812219,0.08072082,0.04671053,0.04436459,0.05539038,0.06810434,0.04796183,0.01525998,0.08229523,0.07518547,0.055902,0.06372378,0.06806713,0.06800263,0.06837845,0.05455893,0.03483058,0.02821247,0.06092498,0.07518553,0.03641808,0.07625007,0.04552157,0.05845296,0.05669342,0.05917809,0.05852871,0.03212916,0.0787488,0.07518543,0.04261268,0.06022451,0.05248554,0.05810933,0.06405832,0.07250334,0.06135809,0.07440645,0.07920928,0.07518568,0.065262,0.07267254,0.06743438,0.07330007,0.08638058,0.07193556,0.04534505,0.06794892,0.04994491,0.07518568,0.02402932,0.07706826,0.06416962,0.07233232,0.06636717,0.06414299,0.00810888,0.03290653,0.05836329,0.07518553,0.05624812,0.07410201,0.08618225,0.08439869,0.007111562,anteriorHippocampus,sub-S19,p,randomWalker8,freq34
0.04368338,0.03445305,0.01224276,0.04960043,0.07323762,0.03903231,0.06610657,0.06356785,0.06063532,0.05894981,0.0417465,0.043325,0.04146483,0.03757789,0.04857842,0.04585328,0.05178453,0.04343376,0.04315117,0.03933033,0.04376952,0.07079165,0.0495091,0.04440785,0.04631354,0.05267078,0.0537346,0.04777293,0.05141762,0.05616541,0.03500455,0.0598602,0.04341421,0.0518358,0.05888101,0.03659519,0.03802446,0.06129595,0.04128689,0.062779,0.1261404,0.107361,0.1301004,0.09728966,0.1113747,0.1034054,0.1300531,0.107157,0.1103635,0.106022,0.04482856,0.02955204,0.05169876,0.06147775,0.03326754,0.02112946,0.04950836,0.05088315,0.06952994,0.0576147,0.04513047,0.04640636,0.04558268,0.06779988,0.05767784,0.05987674,0.04141969,0.04627414,0.04459678,0.05704596,0.06530726,0.03697098,0.07735161,0.03959984,0.05767792,0.05635572,0.04279023,0.05755964,0.06012715,0.06821419,0.03587983,0.03912128,0.02735663,0.07480424,0.05767793,0.03056287,0.03745934,0.03475795,0.0354325,0.04051211,0.07285518,0.05695505,0.08117402,0.06380235,0.05767799,0.06541385,0.0743136,0.06398822,0.0713507,0.0873676,0.04663768,0.06465439,0.04711518,0.03907531,0.05767821,0.03661886,0.05097073,0.04246127,0.04684057,0.0485591,0.06427264,0.07921764,0.1000055,0.03765683,0.05767796,0.1212128,0.0549452,0.08164261,0.07388727,0.04587195,posteriorHippocampus,sub-S19,p,randomWalker8,freq34
0.05408435,0.0316328,0.02182834,0.04986397,0.08196545,0.01908257,0.05688418,0.07630523,0.05006775,0.04837701,0.06155101,0.05039984,0.07135371,0.05992605,0.08955031,0.07440522,0.08453871,0.0673572,0.07440913,0.06396501,0.07465904,0.08086415,0.08065812,0.0703154,0.06552143,0.06748928,0.08205841,0.0663882,0.08062198,0.06858295,0.009080148,0.03025002,0.04206336,0.01201358,0.06612121,-0.01431192,0.05520905,0.08228547,0.02156532,0.04817566,0.1058903,0.099415,0.09028801,0.09192543,0.1092017,0.09189997,0.09681087,0.1038275,0.1083079,0.0993722,0.04305546,0.0279362,0.07960337,0.04012578,0.04188665,0.01593347,0.08892966,0.03562308,0.02910344,0.03950232,0.06636314,0.05191388,0.08392471,0.07230585,NaN,0.05250292,0.07805895,0.05427711,0.06825024,0.06829622,0.05103048,0.05405295,0.07968979,0.0227812,NaN,0.05222101,0.07969924,0.02714287,0.05342254,0.04884336,0.05240855,0.04333168,0.05576724,0.06221439,NaN,0.04447214,0.05781388,0.04342537,0.05139422,0.05326726,0.06612272,0.06667031,0.08864754,0.0569832,NaN,0.05069353,0.07029449,0.07299791,0.06690352,0.06174079,0.07812055,0.04781235,0.07450968,0.06112346,NaN,0.06731353,0.07599227,0.07454707,0.07738334,0.01939852,0.05227648,0.04580188,0.0777387,0.04537125,NaN,0.04599835,0.1168204,0.09093507,0.1096869,0.04407827,anteriorHippocampus,sub-S19,p,randomWalker9,freq34
0.05286164,0.03561474,0.02656568,0.04590852,0.08342428,0.02214156,0.03602142,0.07369304,0.04944463,0.04833694,0.03833898,0.0252668,0.04596502,0.03850051,0.04944095,0.04999319,0.05613272,0.04313463,0.0474855,0.03983773,0.04961612,0.08219004,0.05463957,0.04226473,0.04383592,0.04491245,0.05501972,0.04404897,0.05398396,0.05306432,0.02583596,0.0356292,0.03538601,0.03979585,0.04590401,0.01118541,0.03761004,0.08299761,0.0350761,0.04984664,0.1124032,0.1000127,0.09406117,0.09501369,0.11319,0.09408887,0.09232855,0.1046415,0.1165316,0.09918503,0.05170993,0.02788468,0.0572351,0.04441768,0.03237048,0.0234909,0.06188264,0.05791537,0.06532086,0.03564546,0.04455949,0.03478817,0.05507732,0.04950025,NaN,0.03530804,0.05084429,0.03486114,0.0451824,0.04616336,0.07082369,0.07425696,0.05022962,0.07294256,NaN,0.07578685,0.05064238,0.05081856,0.05919229,0.05847721,0.03228279,0.02941299,0.03286957,0.03674382,NaN,0.02612304,0.035885,0.02839115,0.03236923,0.03488562,0.0608626,0.06579403,0.07528765,0.06964358,NaN,0.04945379,0.06740507,0.07874198,0.06696817,0.05330544,0.05380317,0.03737046,0.05051692,0.09142368,NaN,0.0437136,0.05056867,0.0480671,0.05142422,0.03063345,0.03411238,0.05981549,0.05109139,0.06538586,NaN,0.06438326,0.1139724,0.05529391,0.09220409,0.04490431,posteriorHippocampus,sub-S19,p,randomWalker9,freq34
-0.01588679,-0.01203393,-0.0108148,-0.0232545,-0.01073395,-0.01118615,0.006463408,-0.01147853,-0.01435488,-0.01533884,-0.00449592,0.03021194,-0.001720064,-0.0007897271,0.003092882,0.01064622,-0.002500769,0.003938606,-0.00492048,-0.0006166013,-0.0008592047,0.001180515,-0.006579257,-0.001392556,-0.003914066,-0.003278522,0.001071239,-0.002950841,-0.002457765,-0.000436304,-0.003075341,-0.008012194,0.02187315,0.005820236,0.009840838,-0.009117027,-0.00434585,-0.008339697,0.009898454,-0.005910237,0.01823655,0.009354853,0.001023682,-0.006608232,-0.001663655,-0.000845386,0.02620213,0.009068773,0.01505035,-0.002997921,-0.003126891,-0.01912447,0.01705719,0.05061116,0.01244024,-0.01418898,0.009510295,-0.01209339,-0.004688392,-0.02587945,-4.231517e-05,0.01615689,-0.003390488,-0.0004085709,-0.01402407,0.01284229,-0.002613915,0.01544576,0.005540479,0.01403163,0.03756581,-0.004388151,0.003615894,0.00855244,-0.005722146,-0.00896717,0.01220883,0.00188491,0.05229453,-0.0167931,-0.01015905,-0.01111798,-0.005287842,-0.009370399,-0.003941517,-0.01227083,-0.01193102,-0.009304046,-0.009519966,-0.01728606,-0.01477776,-0.0207095,-0.0210331,0.02292221,0.0005592025,-0.02083494,-0.01832868,-0.01455298,-0.0163608,-0.01914434,0.003690911,0.03220663,0.002911789,0.001442568,-0.004953376,0.01717758,-0.001532587,0.0003844907,0.005133909,-0.01561733,0.0222367,-0.02394231,0.01598942,0.006983172,-0.005498613,-0.01989649,0.0325372,-0.0006934091,0.02602839,-0.02332881,anteriorHippocampus,sub-S20,p,randomWalker0,freq34
0.02742499,0.009880978,0.003101188,0.002134497,0.04228505,0.01297886,0.06475705,0.03588141,0.02997999,0.01470239,0.003505349,0.05523901,0.006473439,0.006072264,0.001940014,0.02045456,0.004622083,0.003366912,0.0006433838,0.005394973,0.01400458,0.01766621,0.006934054,0.01424676,0.004721105,0.00863633,0.01714323,0.009050073,0.01121231,0.00458496,0.0133248,0.01240701,0.016395,0.007441837,0.007806647,0.01476981,0.009423172,0.02781322,0.01652476,0.01082003,0.07755037,0.06580381,0.05634546,0.04698296,0.04872331,0.05098601,0.08969341,0.06528567,0.0738311,0.04503582,0.003893768,0.004892745,0.02309546,0.04446875,0.006647789,0.001355571,0.01423403,0.03429403,0.02239904,0.0109926,0.006902009,0.03606928,0.004859648,0.002991562,-0.009955863,0.03497166,0.001775675,0.02733145,0.01668965,0.06044569,0.03338457,0.05175958,0.007951287,0.01180748,0.009556202,0.04027279,0.01441386,0.03397973,0.05282137,0.03864241,-0.002700721,-0.0004212566,0.002226925,-0.0004894324,-0.05409862,-0.003303168,-0.004987061,-0.004359912,-0.002595395,-0.0006950371,0.04101723,0.03128542,0.02540504,0.06406076,0.002305986,0.02599789,0.03241694,0.03728471,0.03681209,0.03689647,0.0123516,0.01801048,0.01055763,0.01434605,0.009923075,0.008775542,0.01137025,0.009714159,0.01146507,0.04295201,0.03055336,0.0276321,0.01677765,0.01387432,0.009800025,0.0244416,0.04176264,0.01063818,0.03127105,0.02598685,posteriorHippocampus,sub-S20,p,randomWalker0,freq34
-0.01420276,-0.01066902,-0.009826181,-0.01416529,-0.01268098,-0.01498561,-0.01156756,-0.0132132,-0.01487749,-0.01228651,-0.005221106,0.001852262,-0.00864272,-0.002292436,0.0007640279,0.002065683,-0.003439586,-0.00428689,-0.005096009,-0.0031508,-0.005722311,-0.004849638,-0.005968655,0.002166507,-0.005248125,-0.001406348,0.001922081,-0.002237834,-0.0007932336,-0.0009191704,-0.009786439,-0.008707633,0.02189586,-0.008266201,-0.006056255,-0.007001849,0.05306148,-0.003460061,-0.003914714,-0.003396598,0.01135023,0.007927584,0.03278688,0.006525803,0.0104983,0.005533346,0.03285181,0.01340504,0.01355941,0.006743435,-0.001798548,-0.01911384,-0.009900882,-0.01471669,0.01515927,-0.01563029,-0.001830994,-0.01384589,0.004939958,-0.02153452,-0.005011026,-0.004201833,-0.0124082,0.001468247,NaN,-0.009336789,-0.00363355,-0.009574808,-0.006413553,-0.01400202,0.04440826,0.02869339,-0.00998128,0.02547741,NaN,0.0222552,0.008084762,0.01192825,0.04632638,-0.004562905,-0.007131752,0.006967816,-0.001069954,-0.001182267,NaN,-0.01126241,-0.006262475,-0.001443281,-0.007085396,-0.008445516,-0.0163937,-0.01867699,0.05542045,-0.01275711,NaN,-0.02515313,-0.01737976,-0.01038442,-0.01892276,-0.01289035,0.007196483,0.001379434,-0.006664106,0.01636932,NaN,0.002277856,0.001021606,-0.0005987326,0.00239472,0.00629213,0.02132067,0.02823802,-0.008584419,-0.009216164,NaN,0.03162711,0.009575831,-0.002020352,0.033431,-0.0191984,anteriorHippocampus,sub-S20,p,randomWalker1,freq34
0.02340103,0.01155235,0.009153606,0.02391708,0.02697348,0.01375503,0.02764023,0.03117756,0.02252473,0.03505646,0.003548896,0.01121731,0.004593459,0.005349061,0.02430418,0.0145041,0.008741004,-9.21698e-05,0.006886301,0.01032835,0.006674633,-0.003389049,0.001719111,0.001543311,0.003642726,0.006437928,0.01408181,0.0008747461,0.01028225,0.001507774,0.01926131,0.02983361,0.007452954,0.01893516,0.0171969,0.0192455,0.003947304,0.0353099,0.02571695,0.03989007,0.06662399,0.06243332,0.09344433,0.0592894,0.06482251,0.05854212,0.09588836,0.06874548,0.07063704,0.06006408,0.003918789,0.002719133,0.007963955,0.02358881,0.004257188,-0.01432242,0.01058816,-0.006930307,0.02941794,0.03545273,0.007189791,0.008212863,-0.0009441013,0.01060483,NaN,0.002598496,0.004050495,-0.001106122,0.005081183,-0.003013828,0.05118381,0.01580107,-0.0003241239,0.04259005,NaN,0.0226854,0.009295643,0.009507273,0.04927661,0.05609035,0.00680441,-0.009088686,0.01586947,0.01677603,NaN,-0.003281271,0.00622829,0.001504952,0.00633542,0.005511018,0.03635967,0.02432297,0.1109697,0.0274545,NaN,0.02111125,0.02627474,0.04336935,0.0335881,0.04051666,0.007210839,0.007764318,0.0007332441,0.04450586,NaN,0.008362597,0.005276218,0.004660546,0.006296166,-0.01052112,0.02347782,0.006659192,-0.0002098831,0.002629388,NaN,0.0141893,0.01310028,0.008744643,0.03012241,0.0297721,posteriorHippocampus,sub-S20,p,randomWalker1,freq34
-0.01332138,-0.0099039,-0.01348423,-0.0201772,-0.01261659,-0.008280608,-0.01287441,-4.497596e-05,-0.01467005,-0.01115919,-0.006735857,0.01164991,-0.005529438,-0.001128842,0.003276786,-0.00166047,-0.005730368,-0.003707064,-0.006145856,-0.01290238,-0.007678668,0.002584021,-0.002997465,0.004757598,-0.007062122,-3.203738e-05,0.002039773,-0.005477838,-0.001999843,0.01628205,0.01502647,-0.008546222,-0.005466522,-0.006890865,-0.004837031,-0.007597609,-0.005580912,0.006882527,0.01745156,0.02055376,0.02338717,-0.009245822,0.03686527,-0.001524981,0.02237142,-0.007319873,0.04318457,0.01404901,0.01241504,0.003810784,-0.01212502,-0.01731629,0.001099339,-0.02121767,-0.002755303,-0.009506819,0.007767562,0.00486752,-0.005096046,-0.02252036,-0.009407142,0.002071555,-0.007987099,0.02056839,0.06699108,-0.00820994,-0.007149402,-0.005537102,-0.00733754,-0.0005610818,0.04998242,-0.02362404,-0.007149049,0.001816717,0.06699096,-0.01774202,0.01483153,-0.002094793,0.04526794,-0.01464178,-0.0002754365,0.001363479,-0.001319842,-0.01017857,0.06699099,-0.006241553,-0.01043132,-0.006624731,-0.007427514,-0.01694839,-0.01540208,-0.02175701,-0.03496639,-0.002818467,0.06699106,-0.017145,-0.005295037,-0.02845337,-0.01952891,-0.01968782,0.0130454,0.01115135,-0.004151544,-0.01095594,0.066991,0.01095873,0.003427699,-0.005525673,0.008316119,0.0118763,0.01618931,-0.02413183,-0.005458792,0.003296483,0.06699105,-0.013027,0.03936139,0.01050058,0.01324059,-0.02106532,anteriorHippocampus,sub-S20,p,randomWalker2,freq34
0.02850247,0.004571376,0.01975766,0.02016166,0.03710906,0.005482053,0.03035541,0.05350762,0.03020938,0.02361841,0.01248226,0.04431144,0.009674957,0.01791253,0.02331086,0.01230809,0.004966954,0.006032932,0.009565554,-0.004243424,0.01398989,0.0232818,0.003127462,0.01812474,0.0107429,0.0118432,0.01487895,0.008107394,0.01390205,0.02195539,0.02270642,0.008144011,0.006329843,0.03417149,0.006578623,0.007413927,0.003292894,0.05625894,-0.007302656,0.006089268,0.08146148,0.03249972,0.09509703,0.04853597,0.08334029,0.03461647,0.101614,0.07045308,0.06825911,0.05602813,0.01741615,0.0006076675,0.003997686,0.02802621,0.01563104,-0.000632545,0.01440278,0.07286018,0.03814518,0.01730563,0.01460645,0.03030351,-2.461985e-05,0.0416097,0.1214981,0.0051841,0.00626693,0.006252923,0.009751403,0.02228737,0.06752793,0.01478252,0.005055899,0.06386855,0.121498,0.02488705,0.01353658,0.004462887,0.04739663,0.0379957,0.01441328,0.01399338,0.01526546,0.02381732,0.1214981,0.008414764,0.005468487,0.01080489,0.009061403,0.008458474,0.03386614,0.006097044,0.005945195,0.05840287,0.1214981,0.01294146,0.05327899,0.01511981,0.02815264,0.02915231,0.01145948,-0.007342579,0.004100387,0.04299456,0.1214981,-0.0005940162,0.0101906,0.003522149,0.009893651,0.006257995,-0.005519371,-0.00494056,0.004574149,0.06094522,0.1214981,-0.002090423,0.01053073,0.03716924,-0.00207175,0.0287043,posteriorHippocampus,sub-S20,p,randomWalker2,freq34
-0.01753186,-0.01247524,-0.01171741,-0.01955449,-0.0002824731,-0.01183767,-0.01841196,-0.00797019,-0.01616189,-0.01161792,-0.01028963,0.02681552,-0.004503863,0.002281046,-0.004644665,-0.006743358,0.000384756,-0.006181411,-0.003249759,-0.004116297,0.001229475,0.005219699,-0.002892827,0.005430157,-0.003909941,-0.0001622218,0.001880547,-0.0002005732,0.002781868,0.002320979,0.03996013,0.001675787,-0.00118976,-0.002509552,-0.002824957,-0.003532758,0.01766478,0.01701675,0.02548351,-0.00494044,0.01136316,0.00407503,0.03692054,0.007258527,0.009698285,0.003786545,0.02749212,0.01083868,0.01994982,0.007962842,-0.01907878,-0.0201322,-0.003345225,-0.01253986,0.01246957,-0.02371086,0.008424004,-0.01219887,-0.001878043,-0.02131218,-0.008934574,-0.002155727,-0.001163794,0.0008067638,0.004132216,0.001750025,0.003466027,-0.004943576,-0.0048393,0.0158602,0.04295307,-0.005240963,0.03111462,0.0008066368,-0.003645098,-0.01633058,0.02065347,0.03176042,0.04988899,-0.01758535,-0.008315174,-0.01034568,0.02618024,0.0008068034,0.02195502,-0.01030732,-0.003734001,-0.005560766,-0.007819687,-0.02184471,-0.01708408,-0.01919725,-0.001110586,0.0008066818,0.002416704,-0.01968038,-0.02259081,-0.0143178,-0.01749377,-0.02332699,0.00157085,0.04250625,-0.00440794,0.0008066389,-0.004823022,0.008909076,0.005418277,0.003692215,0.00635048,0.02611241,-0.0328566,-0.02624212,0.01292349,0.0008066731,-0.003193864,-0.02078464,0.02528908,-0.02897982,-0.03716969,-0.02631531,anteriorHippocampus,sub-S20,p,randomWalker3,freq34
0.007976865,0.01143328,0.02280439,0.01492832,0.04582096,0.01170344,0.002877476,0.03274104,0.01419822,0.02275329,0.003354882,0.02835654,0.007561957,0.02118252,0.005938713,0.002821337,0.008549356,0.00838307,0.008126372,0.001278629,0.006755773,0.001260651,0.002250403,0.05137385,0.001311561,0.0001709828,0.01102607,0.002983871,0.006128829,0.0001107976,0.01406974,0.0377239,0.00599158,0.04186137,0.0008209129,0.02989972,0.01408724,0.03040039,0.02109355,0.03621121,0.06512611,0.05230819,0.09643028,0.05505231,0.05994949,0.05255216,0.0825809,0.06130281,0.07453465,0.05794135,0.01391499,0.006316687,-0.003679321,0.02386911,-0.005765255,0.0006625466,-0.007509462,0.04266721,0.03670014,0.01544914,0.005652137,0.02392644,0.009389557,0.01982561,0.02066907,0.02545599,0.009367524,0.0177859,0.01105785,0.04925528,0.04786029,0.04849902,0.03099985,0.01982556,0.003906039,0.03503475,0.02080103,0.0607535,0.05889508,0.03554381,0.003497244,0.007812402,-0.0148439,0.01982557,0.005315534,0.007327321,0.00458509,0.01298653,0.006379507,0.01048057,0.03029142,0.03018409,0.05319226,0.01982571,0.001401108,0.02209447,0.009295986,0.03385422,0.03091248,0.03008245,0.003790931,0.0372984,0.001938945,0.01982552,0.002378108,0.01007463,0.01158603,0.002998738,0.004847207,0.0788587,-0.005861349,0.01731766,0.02483888,0.01982549,0.004157753,-0.004731238,0.02465575,0.005750417,0.003926797,0.01132241,posteriorHippocampus,sub-S20,p,randomWalker3,freq34
-0.01974787,-0.01185034,-0.007965706,-0.0237746,0.00296653,-0.01029267,-0.01971914,-0.007626432,-0.01763618,-0.01287922,-0.01089011,-0.001902624,-0.006218772,-0.007731692,-0.007365924,-0.004088581,-0.005602715,-0.005887258,-0.008548193,-0.01548655,-0.004920627,0.004719391,-0.004102626,-0.008142066,-0.005542285,-0.002809363,0.0003766291,-0.002948228,-0.0004083995,-0.001616676,-0.009989702,-0.006773551,0.05368936,-0.005214903,0.0483008,-0.006879381,0.01327846,-0.006164693,-0.003631068,-0.00987533,0.01183456,0.005508082,-0.009564502,-0.01432773,0.01835176,-0.0002154751,0.01138989,0.008852787,0.007533903,0.007292354,-0.01997504,-0.02012915,-0.00284922,-0.02410254,-0.002417652,-0.01370451,0.01253941,-0.01124468,-0.01133948,-0.02331818,-0.006817691,-0.00465823,-0.008701825,-0.006274992,-0.01677643,-0.005695733,-0.009084942,-0.01015878,-0.009072707,0.01978395,0.01502552,0.006394567,0.00463955,-0.0119342,-0.0167763,0.03431604,0.01820629,0.03940737,0.05254793,-0.02339427,-0.01143076,-0.008827133,-0.008580277,-0.00529036,-0.01677618,-0.0118933,-0.01172346,-0.01038504,-0.01206149,-0.02406037,-0.02197747,-0.02685029,-0.008392575,-0.02195249,-0.01677647,-0.01829338,-0.01719833,-0.01519703,-0.02033459,-0.02669222,0.00475408,0.04412673,-0.00474856,-0.002193826,-0.01677627,0.005074084,-0.001558191,-0.0009115759,0.001929771,-0.01858492,0.003765563,0.0477738,0.001409947,-0.007362514,-0.01677625,0.03141047,0.02153932,0.02024036,0.008314298,-0.0005181237,anteriorHippocampus,sub-S20,p,randomWalker4,freq34
0.01409194,0.005013078,-0.003916257,0.007808154,0.04819041,0.006580121,0.03352093,0.03521414,0.01897944,0.0254334,0.004080448,0.02397397,0.006480519,0.003584514,0.001320734,0.009735963,0.004857269,0.008467886,0.004225353,-0.002984606,0.009499,0.01334359,0.004649584,0.003326556,0.001767943,0.00587857,0.01090361,0.005353875,0.009861984,0.007922442,0.01666411,-0.002735511,0.02335667,0.01434306,0.0316519,0.0007263015,0.01233671,0.02848896,0.01486212,0.006220001,0.06553064,0.05570435,0.03085352,0.01891751,0.07579498,0.04554582,0.06416257,0.05983999,0.058787,0.05713505,0.01414313,0.004334492,0.008054703,0.01092615,0.005479234,-0.00412281,0.01278327,0.03054098,0.02640122,0.01759234,0.008861591,0.01576331,0.003394865,0.006078966,-0.00909506,0.007736505,0.0007899919,0.006724287,0.0045368,0.06253164,0.04800298,0.05154273,-0.000414636,0.007856345,-0.009095079,0.02884982,0.01377795,0.03418273,0.05666358,0.01044289,0.0059785,0.01174075,0.004869898,0.009709418,-0.009094866,4.97464e-05,0.003904186,0.005749323,0.00425544,0.002788781,0.02211249,0.007580615,0.04016247,0.005524344,-0.009095103,0.0276543,0.03573381,0.03614918,0.02878923,0.01058682,0.01057524,0.02985992,0.005583852,0.009684184,-0.009095139,0.008458114,0.006240157,0.006586802,0.008214318,0.02244496,0.03769557,0.07922661,0.002432363,0.009273249,-0.009094933,0.04787644,0.02246861,0.005287685,0.03257085,0.03484949,posteriorHippocampus,sub-S20,p,randomWalker4,freq34
-0.01362377,-0.007401814,-0.01023547,-0.01903466,0.004110794,-0.007924477,-0.01631865,-0.007844575,-0.01452695,-0.01094107,-0.009812884,-0.001575684,-0.004817722,-0.001862187,-0.003185567,0.03104409,-0.006361986,0.0005412751,-0.005393378,-0.009144128,-0.006322357,0.0715333,-0.003554492,0.01242803,-0.005553272,0.03162161,0.0006814899,-0.002661647,0.0006781847,0.01343431,0.01013829,-0.005143959,-0.0005755763,-0.001341873,-0.005285601,-8.306459e-05,-0.002737285,0.01414084,0.01187815,-0.002840375,0.005554583,-0.005529779,0.005159969,0.02101311,0.01487586,-0.002213957,0.03648338,0.01219582,0.005910586,-0.0007588863,-0.01505641,-0.0189608,-0.003546082,0.01815491,0.004481945,-0.009470119,0.004600437,0.01981614,-0.009766767,-0.02204164,-0.002072634,0.009827412,-0.00494725,0.002010552,NaN,0.00686263,-0.0077213,0.0003269818,-0.0008997036,-0.00675698,0.04608687,0.005513427,-0.0001770878,0.01464163,NaN,-0.003581539,0.03188341,0.0328563,0.05653311,0.06298215,-0.005363163,-0.005397934,-0.007735149,0.00216872,NaN,-0.01332551,-0.00547932,-0.005461526,-0.006687564,-0.01055048,-0.01926591,-0.008160044,-0.01838749,-0.02958411,NaN,-0.01146957,-0.0232242,0.007818563,-0.01705734,-0.002840822,0.004079682,0.02441315,-0.001637749,-0.003002939,NaN,0.02523182,0.0008037185,0.03930008,0.00586559,-0.000761552,0.009583733,0.008572873,0.003549312,0.04566924,NaN,-0.006647125,0.02833178,0.09215298,0.02258001,0.04590517,anteriorHippocampus,sub-S20,p,randomWalker5,freq34
0.02380127,0.006379822,0.01518603,0.01242546,0.06040394,0.006240547,0.03455004,0.03981686,0.01776335,0.02526923,0.006395952,-0.008625113,0.0087133,0.007697758,0.009810613,0.04552099,0.00513129,0.0201879,0.008790531,0.001744509,0.005990908,0.08308641,0.005034376,0.006202636,0.003191611,0.0179189,0.01381633,-0.002771188,0.005830322,0.009045457,-0.0001743992,0.03344081,0.007509714,0.04482012,0.002385259,0.0003827733,0.003328585,0.01661105,0.01284764,0.04309719,0.05831485,0.03973674,0.05905025,0.07867447,0.0700916,0.04606364,0.09013225,0.06545617,0.06076791,0.04677752,-0.001058516,0.00704326,0.01280867,0.05437507,0.05215634,-0.00464233,0.03024855,0.03402846,0.02482911,0.02257697,0.01548353,0.01770544,0.0146918,0.0244188,NaN,0.03628832,0.006077345,0.01208664,0.02044905,-0.007330629,0.04787705,0.05280146,0.006790155,0.03340658,NaN,0.04976242,0.0308626,0.09634705,0.06172775,0.07238486,0.005148951,0.01578209,0.007841453,0.01921713,NaN,0.002718675,0.005190927,0.004803093,0.004441658,0.009015924,0.0230213,0.008522188,0.01683708,0.005415289,NaN,0.03743637,0.01573941,0.06907967,0.03002549,0.05403924,0.002552419,0.08797314,0.006495122,0.001629792,NaN,-0.001532468,0.009475273,0.03006453,0.002818857,0.004580519,0.01670424,0.03511506,0.00993639,0.03654137,NaN,0.04694019,0.02978894,0.1168342,0.02176725,0.04273739,posteriorHippocampus,sub-S20,p,randomWalker5,freq34
-0.01690509,-0.009389549,-0.004833018,-0.02362339,-0.01193524,-0.01203393,-0.01381146,-0.01025097,-0.0162836,-0.01315516,-0.005587172,0.02827391,-0.004392386,-0.005203855,-0.004788341,0.007270426,-0.004475703,0.001569982,-0.006551974,-0.01037766,-0.00681641,0.001592719,-0.004476338,-0.004445572,-0.005677972,-0.003899229,-0.0005624607,-0.003540984,-0.0029034,-0.002071784,0.01090458,-0.009590992,0.001509337,0.02609688,0.0002394431,-0.01018448,0.00277124,0.005473783,0.008220083,-0.0007395643,0.03702438,-0.003435856,0.006126993,0.008450748,0.001238185,0.004117596,0.02469328,0.006467817,0.009510284,0.004155631,0.05445028,-0.01674119,-0.004633951,0.03129994,0.02958095,-0.01343551,0.0002296333,-0.01941598,-0.002590068,-0.02467375,-0.002263986,-0.001378444,-0.003547132,0.0112291,NaN,-0.004334428,0.006456523,-0.009564986,-0.004910562,0.004363166,0.03928757,0.03555916,-0.003853234,0.03159055,NaN,0.01953075,0.006475619,0.01671483,0.05142343,-0.02103804,-0.01014282,0.000584555,0.01462891,-0.009776334,NaN,0.006834101,-0.001800421,-0.005421657,-0.009730665,0.02662922,-0.01960468,-0.02195288,-0.0181769,-0.02546006,NaN,-0.01618319,-0.01869012,-0.01482413,-0.01893396,-0.02294257,0.001879827,0.008647064,8.196683e-05,0.02550073,NaN,-0.001713974,0.004466659,0.004469665,0.002773444,0.03860134,0.01371251,0.03311549,-0.004160639,-0.005126592,NaN,0.01938915,0.01703428,0.004365696,0.01975241,0.02465782,anteriorHippocampus,sub-S20,p,randomWalker6,freq34
0.01795725,0.004888267,0.01238511,0.02162867,0.03314984,0.01162186,0.03486452,0.0317778,0.01790403,0.0231184,0.003145557,0.04560443,0.004259616,-8.000713e-05,0.001809955,0.01400353,0.004118227,0.009567915,0.004129641,0.001316319,0.00342044,0.00310769,0.005853287,0.004207246,0.001991209,0.004681922,0.005007773,0.0009364435,0.004610857,-0.002648683,0.04416921,0.02635985,0.006837788,0.01903123,0.01784674,0.02536886,0.006166942,0.0393491,0.01943046,0.04845834,0.09706952,0.04266604,0.05928084,0.06049411,0.04968166,0.05404709,0.08126689,0.05790948,0.06391247,0.05407521,0.05828755,0.002032417,0.0186673,0.02955433,-0.001780399,-0.002297247,0.009767405,-0.006155117,0.01607819,-0.001507502,0.009094446,0.01420895,0.005263779,0.01655038,NaN,0.01483463,0.03235013,0.004458219,0.008047781,0.01808648,0.0358186,0.02857621,0.0108513,0.03039096,NaN,0.008488045,0.01899279,0.07350942,0.04906948,0.02454712,0.001533564,0.005142433,0.009921623,0.003078796,NaN,0.0006014173,0.008088334,0.004933044,0.001726659,0.0308488,0.02909933,0.008551287,-0.001342735,0.01547224,NaN,0.0255862,0.02990807,0.03515528,0.02850801,0.01798416,0.008213933,0.006435501,0.01391391,0.03645203,NaN,0.003749211,0.00937388,0.0005156025,0.0057034,0.05936771,0.02657019,0.007659463,0.01997769,0.01085194,NaN,0.004206589,0.02236178,0.03559079,0.02865495,0.02805416,posteriorHippocampus,sub-S20,p,randomWalker6,freq34
-0.01678642,-0.01113968,-0.0105035,-0.01993139,-0.008545788,-0.01201907,-0.01353143,-0.007198363,-0.01578626,-0.01173549,-0.002971841,0.02795986,-0.002856117,-0.0009332119,0.008893454,0.01137626,-0.004880321,-0.005516836,-0.003075099,0.001627938,-4.959755e-05,0.02636351,-0.003607623,0.01442458,-0.004740809,0.001578873,0.0009301428,0.002802313,0.001763549,0.01020629,-0.008675674,-0.009319794,0.02604884,-0.01033377,0.01564221,0.01174692,0.04008933,0.00105575,-0.003404587,-0.002059543,0.008055027,0.006617625,0.03297185,0.0104102,0.01050021,0.003689677,0.0181124,0.01083148,0.01140683,0.003102452,-0.01291976,-0.0213986,-0.007318376,0.02554262,0.01181856,-0.0167261,-0.0006743763,-0.01239534,-0.0005836218,-0.02109121,0.001155225,0.002887206,-0.001652897,NaN,0.002557833,-0.0008885863,0.0001252073,0.005749223,-0.000590907,-0.002120923,0.05439996,0.03721019,-0.00470117,NaN,0.08071923,0.0061262,0.01059526,0.02362905,0.04674766,0.04739652,-0.006175492,-0.01226452,-0.006981444,NaN,0.004870323,0.007536598,-0.00670974,0.003449701,-0.005648378,-0.007019341,-0.01854405,-0.01610202,-0.004573296,NaN,0.05909011,-0.0172879,-0.01030967,-0.01140052,-0.01656316,-0.01617881,0.008005867,0.0324059,-0.003894325,NaN,0.05682668,0.001738864,-0.001992495,0.002214759,0.005889349,0.01060953,0.003620747,0.006253559,-0.004549589,NaN,0.05937015,0.002667869,0.003249042,0.01134703,0.01193337,0.005575619,anteriorHippocampus,sub-S20,p,randomWalker7,freq34
0.01970146,0.004584191,0.01094092,0.009224926,0.03599478,0.01605641,0.02234305,0.03930555,0.02051423,0.02113028,0.004017503,0.04934585,0.008241015,0.0006626808,-0.003691419,0.01670019,0.004411935,0.0234917,0.004988761,-0.001322756,0.01073737,0.03361758,0.006114996,-0.0001189453,0.00299504,0.01137326,0.01115831,0.00292965,0.0117,0.009730016,0.007639422,6.586047e-05,0.01947751,-0.0005107027,0.02653422,0.01794115,0.01728569,0.02680255,0.009275245,0.007926182,0.06138359,0.06103108,0.09034073,0.06387877,0.06541351,0.0556984,0.07345254,0.06558602,0.06635033,0.05494671,0.0179673,0.005029323,0.009748384,0.03577679,0.01177537,0.0008799388,0.008670007,0.03480268,0.03130492,0.01632418,0.009795086,0.01541369,0.002721327,NaN,0.01352976,0.01370934,0.00438262,0.02142707,0.008888392,0.005005762,0.05456284,0.05462264,0.005760902,NaN,0.128459,0.01068042,0.005682389,0.05080102,0.04521374,0.04486186,0.002148187,-0.0004820522,-0.002270428,NaN,0.0148201,-0.01555109,-0.001253935,0.005862164,0.001244709,0.002333601,0.03107481,0.03102466,0.04232725,NaN,0.1165733,0.02478778,0.03056726,0.04369846,0.03491919,0.03316024,0.009430751,0.009930217,0.006398526,NaN,0.08694785,0.01044843,-0.0009498942,0.003727877,0.00598199,0.0008072486,0.007424796,0.01158488,0.007346291,NaN,0.114434,0.004708684,-0.001121587,0.03970961,0.01392367,0.01872934,posteriorHippocampus,sub-S20,p,randomWalker7,freq34
-0.0198391,-0.01252407,-0.01619754,-0.02476008,-0.01032389,-0.01310215,-0.009349785,-0.01013953,-0.01611112,-0.01725123,-0.007978135,0.01240429,-0.004189474,-0.007241254,-0.000177271,0.0007525726,-0.003865365,-0.0009284795,-0.006127392,-0.007279397,-0.003948584,0.01419998,-0.002022083,-0.00489319,-0.003547236,0.005606119,-0.0002773376,-0.001678521,-0.002667472,0.01167992,-0.009706632,-0.00973656,0.005368371,-0.0008069434,0.004174315,0.01116449,0.005884342,-0.005451181,0.01754218,-0.00421831,0.03073204,0.0114378,0.0393231,0.00178002,0.01363658,0.009012945,0.03582857,0.01068117,0.01383832,0.008409656,-0.01209935,-0.01865272,0.01982489,-0.01551223,0.01023782,-0.0169455,-0.0007180785,-0.01576535,-0.001352564,-0.02245997,-0.004106151,0.01709027,0.038531,-0.009114042,-0.01624942,0.02064307,-0.005488515,-0.0002574495,-0.004585241,0.0105365,0.04831832,-0.01734283,0.03915427,-0.005796056,-0.01624966,0.0009329423,0.004805692,0.02777703,0.04201589,0.03918993,-0.01212611,-0.01559413,-0.00326035,-0.01302957,-0.01624914,-0.01015732,-0.01149206,-0.01117869,-0.01142746,-0.01388667,-0.01595923,-0.02179222,-0.01059573,-0.008856625,-0.01624948,-0.02022838,-0.01182264,-0.01788821,-0.01615004,-0.01033773,0.004352617,-0.0187956,0.005844057,-0.01981217,-0.01624935,0.031637,-0.0006514035,0.01628602,0.0048178,0.007207342,0.0222841,0.05027709,0.0316555,-0.008560647,-0.01624917,0.06606371,0.01177878,0.01335155,0.01902217,0.03167751,anteriorHippocampus,sub-S20,p,randomWalker8,freq34
0.01574453,0.01308638,-0.003121119,0.02050055,0.03539146,0.01543368,0.03277009,0.03332346,0.02985964,0.03069765,8.601665e-05,0.04289311,0.01038635,0.003092273,0.005895569,0.009768607,0.006324683,0.01030634,0.005488191,0.008591983,0.002507241,0.01481118,0.004598489,-0.000982768,0.003308537,0.007607552,0.00871267,0.004175675,0.006668896,0.004237103,0.01395286,0.02788417,0.008838539,0.02849739,0.02811417,0.02292301,0.009256157,0.02993286,0.027197,0.03224408,0.08912718,0.06463173,0.0991294,0.05448017,0.06723328,0.06192135,0.09409078,0.06372254,0.06883767,0.06155863,0.02259233,0.008731538,0.01291948,0.03237578,-0.001004669,0.003158064,0.005090108,0.02487403,0.04469251,0.03074934,0.01036643,0.0554083,0.05817949,0.03147639,-0.009270085,0.04815976,0.003884778,0.01933996,0.008987847,0.03961359,0.05924656,0.01756673,0.03699524,0.01001476,-0.009269953,0.04341587,0.007323787,0.05070291,0.04752191,0.02549707,0.002661914,0.001464838,0.00557208,0.03480309,-0.009269961,0.005464867,0.00113292,0.00485501,0.002836148,-0.001026654,0.03541078,0.0224466,0.04470569,0.02870031,-0.009269997,0.02979325,0.03976506,0.0276762,0.03528674,0.04986793,0.005057258,0.02863997,0.002069922,0.004582857,-0.009269856,0.007337409,0.007292725,0.004281143,0.004375292,0.002162127,0.02911803,0.06224227,0.05666745,0.006367028,-0.009269966,0.1003206,0.00502506,0.03991085,0.02952833,0.01683135,posteriorHippocampus,sub-S20,p,randomWalker8,freq34
-0.01426398,-0.01196367,-0.01059633,-0.02547416,-0.009086229,-0.01299827,-0.0205499,-0.007944284,-0.01752591,-0.01207254,-0.008719265,-0.005726088,-0.006536451,-0.006912783,-0.009407988,-0.003685569,-0.003803114,-0.005869632,-0.00685836,-0.01584101,-0.007402143,0.02066474,-0.004820359,-1.233706e-05,-0.004948695,-0.001264703,-1.065298e-05,-0.002390386,-0.00223797,-0.00127552,0.001794405,-0.00914777,0.04505981,0.004786355,0.002165067,0.01144805,0.0291467,0.003016092,0.002882242,-0.008494592,0.01714117,0.006395698,0.0005475735,-0.003321763,0.01678513,0.003351243,0.004537742,0.0083335,0.02017773,0.005121316,-0.003317035,-0.01787648,0.03339341,-0.01039216,0.02046724,-0.01807453,0.005679303,-0.008054384,0.009965032,-0.02177615,-0.007485587,-0.00495042,-0.005966388,-0.01538112,NaN,-0.003534809,-0.007502916,-0.004769453,-0.007184256,-0.009503266,0.04803275,-0.008029655,-0.004916303,0.04496277,NaN,0.05785733,-0.0008742363,0.04753204,0.04804272,-0.01268028,-0.01051155,-0.00656852,-0.009889814,-0.01351829,NaN,-0.005355697,-0.01076034,-0.005260561,-0.009266938,-0.01179575,-0.02046043,-0.01627195,-0.01180211,-0.008498759,NaN,-0.02657993,-0.01884845,-0.01480682,-0.01914826,-0.02043981,0.005546309,0.02658789,-0.003167071,0.01519811,NaN,-0.0003192688,-0.004126103,0.002702172,0.002494569,-0.001407227,0.04422316,-0.01632452,-0.001421065,0.003992701,NaN,0.0474309,0.03624221,0.03848758,0.0478198,-0.02197505,anteriorHippocampus,sub-S20,p,randomWalker9,freq34
0.02353611,0.01236904,0.005728304,0.01396552,0.04186279,0.002124935,0.01241231,0.03783822,0.01983193,0.02195496,0.00183439,0.01555053,0.006760445,0.002399761,0.02030193,0.006207852,0.007490702,0.003367174,0.005586221,-0.00804484,0.003403465,0.02675751,0.008104875,0.001647958,0.0001920834,0.001425351,0.009046629,0.0002725316,0.0077196,0.001262365,0.01145799,0.01365215,0.01830842,0.009171492,0.01557208,0.004648277,0.02476696,0.04632782,0.01972426,0.02426278,0.07248069,0.05720602,0.05867738,0.05045468,0.07050733,0.0552265,0.05402174,0.05990894,0.07732321,0.05561338,0.03441318,0.003663053,0.02791961,0.02087365,-0.001537468,-0.004171619,0.01206039,0.02604697,0.04263372,0.01055295,0.004613415,0.009829609,0.008048258,-0.005288422,NaN,0.008730592,0.006153568,0.006210177,0.005625505,0.004690997,0.06043527,0.04535977,0.007333044,0.06044757,NaN,0.06680949,0.006774981,0.04085603,0.04451326,0.03885627,0.006112367,0.01045103,0.003807646,0.002853253,NaN,0.009735396,0.001895609,0.009761168,0.006287556,0.005823333,0.02575823,0.03053495,0.03915611,0.04020913,NaN,0.01408166,0.03198579,0.03909141,0.02996589,0.0214003,0.008412036,-0.007991302,0.007060908,0.0608204,NaN,0.003016129,0.007240757,0.00425474,0.007241615,-0.01141925,0.02379625,0.02514468,0.006201834,0.04344254,NaN,0.03338901,0.08684063,0.04116401,0.07296025,0.01609493,posteriorHippocampus,sub-S20,p,randomWalker9,freq34
0.08945441,0.06925318,0.05610604,0.05588921,0.115056,0.07271801,0.09624956,0.1070649,0.09431181,0.07270523,0.06889755,0.03868514,0.07403152,0.06688009,0.0658641,0.08962276,0.08626326,0.00801001,0.07356907,0.08185893,0.08884238,0.08526111,0.08557786,0.09099485,0.08530086,0.08646662,0.08985449,0.08713198,0.08771691,0.08339343,0.06414054,0.06912796,0.0642016,0.04947684,0.06377043,0.07537167,0.08409773,0.1016569,0.04953088,0.06157156,0.1259795,0.1225792,0.1241361,0.1186733,0.121222,0.1245268,0.1212621,0.1245768,0.125918,0.1219137,0.01169449,0.06308801,0.07925965,0.006203729,0.0778762,0.05553729,0.08505922,0.07658373,0.03977998,0.06495328,0.06785997,0.05321994,0.07232504,0.07250236,0.07739391,0.06163678,0.07314612,0.055482,0.06466955,0.0620577,0.06483571,0.07684154,0.08917097,0.08317783,0.08368649,0.06423528,0.09247218,0.03425073,0.04556894,0.0745685,0.06527473,0.06534555,0.04944136,0.05480912,0.03154476,0.07019617,0.06540153,0.07591688,0.0671504,0.08369792,0.08626855,0.08589945,0.07546084,0.05606262,0.08143544,0.08321417,0.08175573,0.08574962,0.08917772,0.08302944,0.08655783,0.009635606,0.08499755,0.08843731,0.08230313,0.0702706,0.08782715,0.08292963,0.08386052,0.07215676,0.06690707,0.06597175,0.07967775,0.0876729,0.08289932,0.05597955,0.05321864,0.06059255,0.0531035,0.06235234,anteriorHippocampus,sub-S21,p,randomWalker0,freq34
0.06803585,0.05982924,0.04307584,0.04504318,0.07894335,0.05950543,0.07806204,0.07688994,0.0717898,0.06079467,0.05611455,0.03714707,0.05915748,0.0532509,0.05475346,0.07206064,0.06382883,0.0170515,0.05704987,0.06237547,0.06373359,0.06479175,0.05980287,0.06903072,0.06238762,0.05865342,0.06294241,0.06112614,0.06332906,0.06840516,0.05684888,0.0615991,0.02674577,0.04578546,0.0229398,0.06386892,0.05282474,0.07608268,0.04142844,0.05602754,0.1013215,0.09381832,0.08842564,0.07916262,0.08405977,0.08428162,0.1044381,0.09140742,0.09719516,0.08291709,0.02797236,0.05215162,0.06685503,0.04940661,0.05400627,0.04446193,0.06648455,0.06101046,0.04208163,0.05187107,0.05020786,0.03685949,0.05371543,0.05563099,0.05055732,0.03895445,0.05231563,0.04786398,0.04613966,0.06526683,0.07814924,0.07781766,0.07827262,0.06607301,0.05189868,0.0607487,0.07600086,0.0516989,0.08000473,0.06805245,0.04793751,0.04902058,0.03822947,0.04084024,0.02248856,0.05217672,0.04694887,0.05484235,0.04980366,0.05835473,0.07075942,0.06877979,0.06152461,0.04656509,0.0624481,0.06284034,0.0622873,0.06882147,0.06979639,0.06875212,0.05943471,0.005488325,0.05631185,0.06386892,0.04941809,0.03195495,0.05973655,0.05127624,0.05458404,0.06927379,0.07659225,0.05715489,0.08966024,0.06779557,0.0504618,0.04311581,0.02616056,0.05656592,0.06307855,0.05764377,posteriorHippocampus,sub-S21,p,randomWalker0,freq34
0.09297305,0.06387886,0.06137467,0.0814232,0.1092489,0.08094372,0.06944029,0.1014893,0.08690774,0.1041043,0.07559954,0.0802374,0.07515182,0.06758162,0.06136287,0.09121918,0.08980062,0.06950008,0.08421306,0.09284842,0.08876524,0.08179448,0.0871193,0.06421121,0.08734638,0.08867603,0.09143494,0.0830868,0.09123487,0.08468761,0.08771878,0.09310683,0.06051146,0.08036832,0.08373202,0.0901352,0.00478012,0.114274,0.09951577,0.1104562,0.1251365,0.1226843,0.1217309,0.1199534,0.1220618,0.1251222,0.1081006,0.1228699,0.1256841,0.1190305,0.03298054,0.04945996,0.08604217,0.06062505,0.01620216,0.03899252,0.08916826,0.03274632,0.03355091,0.07587513,0.07394553,0.08192966,0.07398253,0.07560926,NaN,0.08539064,0.08460044,0.07636342,0.07625342,0.07986204,0.03790685,0.01811353,0.08004559,0.02233674,NaN,0.005190364,0.07382343,0.07774866,0.032054,0.0698045,0.06238867,0.04191085,0.0270904,0.03050953,NaN,0.0749119,0.07026461,0.06239092,0.06437857,0.08853062,0.08704951,0.07327051,0.08720344,0.06492229,NaN,0.07391016,0.09414852,0.100915,0.08712161,0.08762975,0.08419304,0.08609468,0.08588011,0.1075546,NaN,0.08766354,0.08242983,0.08489518,0.08489142,0.06773312,0.06400276,0.02873826,0.08254325,0.07053543,NaN,0.04930178,0.08250372,0.0796584,0.07878212,0.05846402,anteriorHippocampus,sub-S21,p,randomWalker1,freq34
0.06745017,0.05915261,0.05433624,0.06585039,0.0745434,0.06359086,0.04642347,0.07538997,0.06712429,0.07627611,0.05822996,0.06118951,0.05783669,0.05278675,0.0476481,0.06858678,0.06703617,0.05011177,0.0638039,0.06903099,0.06281655,0.05332612,0.05963472,0.05043675,0.05799924,0.06229668,0.06619101,0.0539103,0.06655052,0.05961296,0.06871837,0.07712134,0.02270849,0.07140902,0.06724707,0.07002267,0.02250271,0.08039676,0.07491653,0.08413672,0.09534872,0.08889861,0.1173586,0.08700398,0.09056555,0.08819098,0.1155402,0.09297152,0.09571134,0.08683527,0.03004118,0.04270752,0.06263997,0.05759316,0.005152798,0.02522139,0.06960323,0.02329222,0.04271243,0.05684141,0.05568727,0.05848199,0.05404292,0.05791657,NaN,0.06134713,0.06219587,0.05630183,0.05678051,0.0506764,0.08550315,0.01262876,0.05977095,0.09130844,NaN,0.03719098,0.0525544,0.05571162,0.06978276,0.08653267,0.04920603,0.05298785,0.02254336,0.02459895,NaN,0.06182508,0.05608231,0.05832757,0.05139942,0.06980679,0.06750037,0.06172207,0.130818,0.05629005,NaN,0.05579582,0.06459431,0.07399938,0.0658068,0.07423194,0.05290138,0.05055449,0.05630188,0.09817187,NaN,0.05717701,0.04881182,0.05323476,0.05249659,0.03907888,0.08353116,-0.001835936,0.06083839,0.03863979,NaN,0.03090237,0.08576202,0.07303759,0.09581218,0.06231341,posteriorHippocampus,sub-S21,p,randomWalker1,freq34
0.08850672,0.05986879,0.07405197,0.08458101,0.107163,0.06090666,0.08160722,0.1158907,0.09394195,0.08610497,0.05602502,0.06375334,0.06287778,0.03782809,0.02028759,0.09015239,0.08729693,0.06575652,0.07823863,0.07623647,0.08704513,0.09594941,0.08452405,0.0330036,0.06759202,0.09143991,0.09046254,0.08604916,0.09107302,0.07476834,0.03914081,0.06315947,0.08123921,0.1035541,0.08001025,0.06135876,0.08189738,0.1094255,0.04274931,0.01288891,0.1255951,0.1182436,0.1105127,0.1220926,0.128618,0.118122,0.1144646,0.1205361,0.125126,0.1209318,0.0401838,0.05900071,0.06151802,0.07307197,0.08007078,0.05130679,0.09140046,0.113161,0.0462257,0.08252622,0.07440694,0.05687721,0.07933773,0.01864676,0.08824991,0.08345725,0.08012535,0.06759428,0.07816537,0.08191562,0.01511267,0.06936412,0.08395313,0.0985688,0.0882499,0.07353631,0.06427109,0.07577629,0.04047824,0.06780156,0.04409197,0.04221052,0.02403425,0.1019165,0.08824979,0.06790026,0.06506906,0.05343441,0.06073722,0.06629205,0.08124655,0.07217664,0.08650496,0.1067401,0.08824981,0.07831963,0.1035109,0.09047023,0.08406729,0.08931068,0.08221393,0.01258564,0.08632096,0.08451647,0.08824982,0.01793863,0.08559176,0.08493876,0.08405129,0.01371899,0.02409201,0.05380055,0.0864521,0.08872382,0.08824987,0.04934854,0.001733322,0.09345681,0.0349973,0.06903087,anteriorHippocampus,sub-S21,p,randomWalker2,freq34
0.06725033,0.05464112,0.06359803,0.06194307,0.06812293,0.05354172,0.06659318,0.08568806,0.06932602,0.06916808,0.04069715,0.0413247,0.04581711,0.02455093,0.01009649,0.06068405,0.06233227,0.04890467,0.05760827,0.05303948,0.06692196,0.07855992,0.06382639,0.02595215,0.05431361,0.06663608,0.06586888,0.05998972,0.06906081,0.09739036,0.04664098,0.05897116,0.04905109,0.07926135,0.0475223,0.05688449,0.05154576,0.08225937,0.01727624,0.01330948,0.1043605,0.07499722,0.1178363,0.08243017,0.1070346,0.07772504,0.1239114,0.09252997,0.09361482,0.08548438,0.0469075,0.04778415,0.02792615,0.05744788,0.04448622,0.04140413,0.06823328,0.09689246,0.05292569,0.06193199,0.05141696,0.03449609,0.05593261,0.02060102,0.1339409,0.0560478,0.05664525,0.04870912,0.05461913,0.05275458,0.07982527,0.05352528,0.06070036,0.08175877,0.1339409,0.05714489,0.0638933,0.06080218,0.07044862,0.05681957,0.0315975,0.03215475,0.01003917,0.06887101,0.133941,0.05992044,0.04630313,0.03715291,0.04434591,0.04200256,0.06717332,0.05121559,0.04238475,0.07971128,0.1339409,0.05762507,0.077871,0.05526854,0.06283676,0.06282606,0.05420784,-0.003349622,0.06140422,0.06085947,0.1339409,0.003291119,0.05857779,0.0583131,0.05533486,-0.0009725323,0.001921816,0.0351939,0.06311641,0.07308888,0.133941,0.03341524,0.005307165,0.06915974,0.01003762,0.05164674,posteriorHippocampus,sub-S21,p,randomWalker2,freq34
0.06647559,0.07473986,0.07148793,0.07469229,0.1136981,0.07532684,0.06168654,0.1052383,0.07563628,0.08371817,0.07064158,0.02193936,0.08562411,0.02016671,0.08650825,0.07916917,0.08554959,0.07765173,0.08228759,0.06652591,0.08589882,0.07622117,0.08489354,0.05502191,0.08468318,0.08163474,0.08686798,0.08186674,0.0855599,0.08227693,0.0177667,0.09408277,0.07607782,0.1100384,0.07478426,0.09328111,0.06650282,0.06370699,0.02857334,0.1049504,0.1212554,0.1211587,0.115619,0.1186652,0.1152938,0.1216419,0.1160636,0.1198447,0.1216135,0.1191925,0.05143079,0.06662803,0.07499923,0.05981471,0.0391,0.07421137,0.01378299,0.09586827,0.05611561,0.08527067,0.07233904,0.05905617,0.08359294,0.01418694,0.07044439,0.05707881,0.06177825,0.05518044,0.07028692,0.1025971,0.03249266,0.07179888,0.02220739,0.01418683,0.08455354,0.08010194,0.08721222,0.03572262,0.02330367,0.07372463,0.05472958,0.04920373,0.01552595,0.01418673,0.04826492,0.04738054,0.05444911,0.03838116,0.05116744,0.09135904,0.07774198,0.09542746,0.1137692,0.01418681,0.07519846,0.0892979,0.04982029,0.08914458,0.08227532,0.09156077,0.08456849,0.01408743,0.0829282,0.01418674,0.0843394,0.08068877,0.08745822,0.08006632,0.08215735,0.06006676,0.04124262,0.05556548,0.03013357,0.01418669,0.08506294,0.05355955,0.0873043,0.0696029,0.0495077,0.05401284,anteriorHippocampus,sub-S21,p,randomWalker3,freq34
0.0558647,0.06210828,0.06337084,0.0593426,0.07960825,0.06250771,0.04847933,0.07730217,0.06154218,0.06960305,0.05494957,0.01535278,0.0682893,0.01511453,0.06745214,0.06045062,0.06726328,0.06089383,0.06503335,0.04893108,0.06732355,0.06190202,0.06312809,0.06638543,0.06267399,0.06432374,0.06566515,0.06193568,0.06703441,0.06459198,0.003756445,0.07316347,0.04458687,0.08143814,0.04480265,0.07601099,0.02985509,0.06165459,0.0300189,0.07950062,0.09209942,0.08374839,0.1159439,0.08444395,0.08436902,0.08384223,0.1083042,0.08766376,0.09856267,0.08513031,0.04749586,0.05318247,0.06134854,0.05241874,0.03124172,0.0576676,0.01553745,0.07022565,0.06044075,0.06563487,0.05171321,0.04147827,0.05549753,0.007396478,0.05888402,0.03890446,0.04877982,0.04006043,0.05096319,0.07120341,0.0736755,0.07024219,0.04812047,0.007396136,0.06155223,0.06864813,0.072075,0.07602835,0.07796269,0.06444659,0.04507437,0.03655685,0.01010773,0.007396531,0.02205205,0.03527797,0.04520712,0.02848232,0.04058275,0.06421536,0.05969005,0.06712858,0.08455969,0.007396524,0.05344132,0.065557,0.0427282,0.06353475,0.06282817,0.06358526,0.05996022,0.03211568,0.05870786,0.007396464,0.06055526,0.04975631,0.06399353,0.05431214,0.05854839,0.07762425,0.01071366,0.03163541,0.03286462,0.00739628,0.06188315,0.04493538,0.06782212,0.03770295,0.02036136,0.03797675,posteriorHippocampus,sub-S21,p,randomWalker3,freq34
0.08250581,0.06587966,0.05328464,0.09169636,0.105044,0.06906957,0.09696729,0.1011095,0.08818678,0.09209174,0.0713922,0.03428952,0.08614017,0.05634161,0.08462141,0.08531078,0.08520789,0.07970412,0.08253475,0.06702919,0.08999694,0.08991779,0.08748514,0.08256091,0.08688653,0.08828961,0.08982937,0.08762981,0.0894544,0.09035152,0.08251987,0.04882889,0.003199611,0.09238738,0.011235,0.05937989,0.06640312,0.09441044,0.07927727,0.06426587,0.1221656,0.1219044,0.1148177,0.1087142,0.116743,0.1212877,0.1207057,0.1176633,0.1218108,0.1178484,0.06728444,0.06564958,0.08573922,0.07541861,0.08726446,0.05552557,0.0830239,0.08591326,0.05634137,0.07899815,0.06654163,0.04909599,0.07096326,0.05096918,0.07599816,0.08036394,0.07465024,0.07278807,0.07430797,0.04426474,0.04027525,0.06630503,0.06757597,0.07673967,0.07599831,0.04636515,0.06688357,0.03072446,0.01972676,0.06135663,0.05668441,0.04366261,0.05211108,0.0411216,0.07599838,0.07112979,0.0618872,0.05732966,0.06186054,0.06110938,0.08131368,0.06266318,0.09199449,0.05944451,0.07599837,0.08644649,0.06624227,0.09821021,0.08443408,0.06199979,0.08798057,0.05854263,0.08583055,0.07999854,0.07599833,0.08783756,0.08686132,0.08707584,0.0873564,0.04433694,0.1202982,0.1112729,0.08022621,0.08035312,0.07599829,0.00851331,0.09269308,0.06597612,0.1120226,0.1136795,anteriorHippocampus,sub-S21,p,randomWalker4,freq34
0.06381886,0.05881528,0.05036237,0.05732547,0.07236327,0.05950454,0.07017685,0.07805933,0.06589274,0.07096974,0.05243167,0.0251168,0.06485499,0.04267938,0.06333365,0.0626267,0.06263217,0.06115014,0.06082897,0.0515682,0.06590072,0.07036959,0.06233433,0.05720444,0.06301839,0.06395399,0.0659331,0.06319731,0.06580237,0.07024176,0.06837071,0.0507752,0.002791814,0.06852205,0.02172782,0.05603924,0.03069419,0.07509821,0.06443079,0.06065413,0.09259511,0.08579959,0.07250006,0.06826416,0.09024062,0.08006179,0.08773564,0.08478136,0.08632866,0.08395652,0.05547757,0.05640447,0.06059018,0.04665631,0.06809419,0.04487044,0.07619327,0.07136989,0.05620328,0.05869564,0.04608393,0.03255761,0.05113322,0.03742078,0.05167589,0.05577164,0.05407737,0.05212258,0.0523334,0.05165233,0.06725896,0.08581632,0.05059768,0.05354369,0.05167596,0.07512665,0.07788332,0.06484871,0.08148303,0.05381273,0.03997618,0.02856978,0.03669702,0.02893014,0.05167586,0.05113307,0.0447801,0.04089838,0.04459172,0.04010261,0.05991175,0.05323945,0.07575359,0.05282384,0.05167594,0.06840767,0.06209465,0.07515006,0.0636197,0.05254618,0.06043778,0.0551698,0.05816163,0.04742144,0.05167591,0.06440053,0.06191087,0.06157148,0.06099787,0.04983966,0.08717494,0.09435724,0.05300095,0.05197691,0.05167582,0.08330233,0.07539592,0.04473488,0.09012292,0.08047438,posteriorHippocampus,sub-S21,p,randomWalker4,freq34
0.09191938,0.06344497,0.07261374,0.06728772,0.1120495,0.06245295,0.08911031,0.1028435,0.07947481,0.09350487,0.07469319,0.01463223,0.07505196,0.05378471,0.07461028,0.03023632,0.08589684,0.04686037,0.08448482,0.07806443,0.08670634,0.0244356,0.08598263,0.07964972,0.08497667,0.07232859,0.08852403,0.07448439,0.08167502,0.07424092,0.03122281,0.0894099,0.07766646,0.10406,0.08048942,0.04232984,0.07760613,0.03336393,0.03608278,0.1034885,0.1221829,0.1195127,0.1209304,0.1105802,0.1179559,0.1208208,0.08616609,0.1186022,0.1215882,0.119519,0.04187839,0.06705504,0.08445303,0.05729834,0.1132936,0.05160018,0.1018222,0.04682451,0.05210633,0.08944727,0.06688047,0.02091376,0.07227437,0.02816824,NaN,0.06441554,0.06745461,0.06254905,0.06701726,0.05675169,0.035978,0.0623241,0.07594974,0.03653745,NaN,0.09659364,0.06653599,0.09305499,0.02087023,0.0274866,0.05926523,0.03760378,0.04883131,0.0188884,NaN,0.06802393,0.05618573,0.06256469,0.06053226,0.04780116,0.07312164,0.02167225,0.06937738,0.07044866,NaN,0.1044161,0.06118203,0.1070466,0.08533622,0.1013578,0.07835255,0.112134,0.08485057,0.08422773,NaN,0.01167918,0.08812596,0.01884229,0.07611762,0.07992735,0.06534635,0.07184595,0.07970106,0.02893166,NaN,0.09963151,0.07848696,0.02754741,0.05508076,0.02930735,anteriorHippocampus,sub-S21,p,randomWalker5,freq34
0.06893952,0.05641692,0.05924397,0.05951328,0.08051616,0.05613413,0.0664231,0.07980821,0.06455209,0.07184534,0.05840858,0.007332275,0.05858863,0.0435951,0.06095323,0.02235027,0.06426683,0.04290165,0.06370077,0.05982062,0.0635001,0.09437217,0.06201524,0.07384956,0.05981571,0.05110816,0.0654902,0.05296668,0.0596336,0.06590752,0.02790136,0.07638574,0.04357266,0.08303452,0.05187467,0.04317143,0.04754093,0.03616055,0.04078747,0.08238681,0.08644184,0.07642768,0.08555271,0.0948355,0.08982546,0.08027752,0.09289999,0.0885237,0.08696144,0.080989,0.03621511,0.05346673,0.0595,0.06910963,0.0832331,0.04391357,0.0808719,0.02445068,0.05062955,0.06394197,0.0499731,0.028061,0.05087568,0.01985108,NaN,0.04034745,0.05008769,0.05124938,0.04794358,0.04726266,0.08612239,0.08149035,0.05516562,0.05783886,NaN,0.08185229,0.08607649,0.1207073,0.07165257,0.05978158,0.04698575,0.02722894,0.03725544,0.01169972,NaN,0.0499083,0.04467953,0.04864657,0.04751199,0.03151127,0.05983434,0.04793899,0.05095476,0.04832216,NaN,0.07684714,0.05009044,0.09484261,0.0643297,0.07266331,0.05331615,0.1075313,0.05802026,0.05912066,NaN,-0.002070914,0.06356751,0.0382103,0.04940738,0.05199876,0.08250003,0.08724628,0.07017291,0.07545289,NaN,0.06933936,0.09972215,0.1298134,0.07811659,0.03304367,posteriorHippocampus,sub-S21,p,randomWalker5,freq34
0.0746697,0.06265147,0.05706302,0.07833262,0.102139,0.07455265,0.06073024,0.09942519,0.08309364,0.08793192,0.07898944,0.04124219,0.07398973,0.0649409,0.08422961,0.08035676,0.08691406,0.05830479,0.08096515,0.06126853,0.08574101,0.0803769,0.08409573,0.08661491,0.08342779,0.08337531,0.08660507,0.08107208,0.086285,0.07894086,0.06457147,0.09227996,0.07264286,0.02335761,0.09732966,0.08883069,0.07602996,0.08555823,0.05023883,0.1137147,0.1113646,0.1191485,0.1188842,0.1136636,0.115667,0.1207006,0.09795623,0.1171587,0.1215819,0.1171026,0.008860747,0.06228119,0.09125704,0.01367724,0.02010708,0.05212069,0.08860897,0.05110685,0.03417214,0.05937988,0.07242429,0.07914298,0.06872459,0.05189515,NaN,0.07556417,0.08460669,0.07246244,0.07613189,0.08282539,0.0591458,0.04015604,0.1002973,0.05175545,NaN,0.0491335,0.09822424,0.0837596,0.03834764,0.04870204,0.06005868,0.04939464,-0.01976393,0.05471892,NaN,0.04023554,0.01900844,0.05865256,0.06210304,0.009627745,0.07903595,0.06902689,0.0248127,0.05132694,NaN,0.07871724,0.0883289,0.0961,0.08467235,0.06073299,0.08320203,0.07444615,0.08928387,0.08914477,NaN,0.08034208,0.08474451,0.07532237,0.08171797,0.01552607,0.08091215,0.03119947,0.1080396,0.05899603,NaN,0.063322,0.08758383,0.04389688,0.07589916,0.02495639,anteriorHippocampus,sub-S21,p,randomWalker6,freq34
0.06557815,0.05652648,0.04635423,0.06010706,0.07645041,0.06155002,0.05202479,0.07611988,0.06410394,0.06930508,0.0621429,0.03571621,0.05833112,0.05172104,0.06620422,0.05799257,0.06730241,0.04730058,0.06321023,0.04820931,0.06531449,0.06338608,0.06026117,0.06757092,0.06059129,0.05909543,0.06744231,0.0610106,0.06622142,0.06482302,0.0808171,0.07387725,0.04353626,0.02644623,0.07673871,0.06910928,0.0475545,0.0655253,0.0445079,0.08406758,0.1193011,0.07881438,0.08591124,0.08537249,0.08287003,0.08524455,0.1028999,0.08582872,0.09019155,0.08445032,0.07895092,0.05158947,0.07196938,0.06106187,0.005495808,0.04083607,0.07281245,0.03931868,0.03905084,0.04294343,0.05436985,0.05963122,0.05400727,0.04086047,NaN,0.05502946,0.06662809,0.05333327,0.05678039,0.06339511,0.0918777,0.05778855,0.08380818,0.08700625,NaN,0.05246488,0.08114783,0.09436712,0.0836694,0.04873261,0.04542664,0.04773318,-0.02970854,0.03967691,NaN,0.04931521,0.007280797,0.05140376,0.04882799,0.02906227,0.06156182,0.05503197,0.03702924,0.05520025,NaN,0.06547662,0.06556143,0.07097182,0.06324927,0.04871168,0.06063237,0.044588,0.06587963,0.1029824,NaN,0.05359744,0.06561851,0.04929879,0.05830584,0.04161643,0.09389517,0.02160874,0.09684578,0.06531336,NaN,0.04187923,0.07361306,0.0487973,0.09099726,0.05930818,posteriorHippocampus,sub-S21,p,randomWalker6,freq34
0.0878434,0.0603072,0.06457705,0.07188889,0.1116149,0.07875744,0.08025128,0.108239,0.08803755,0.0841332,0.07494756,0.0462699,0.08437053,0.05541664,0.01982402,0.08594898,0.08579653,0.02539784,0.08055675,0.05974105,0.08808283,0.06367214,0.08712962,0.03096381,0.08399458,0.08874394,0.08706941,0.07238614,0.0892759,0.08581888,0.07157028,0.05166892,0.06434579,0.05787105,0.06643658,0.05346915,0.04799378,0.0853441,0.06551435,0.06012318,0.1232193,0.1209435,0.1168007,0.1223779,0.1206184,0.1231842,0.1224666,0.1198911,0.1236588,0.121188,0.05386506,0.05944419,0.08670228,0.04902008,0.02347264,0.04984853,0.08491421,0.09684355,0.04698354,0.07428124,0.06700806,0.05364849,0.07895256,NaN,0.01580401,0.08633679,0.07403584,0.08105184,0.07302741,0.04660538,0.02720262,0.0120614,0.08593803,NaN,0.07766046,0.01041011,0.05775909,0.02885761,0.03747845,0.02387973,0.06168145,0.05830942,0.07143854,NaN,0.01546233,0.002107325,0.06528889,0.06428369,0.06453785,0.03439802,0.08758168,0.08298816,0.07909372,NaN,0.07963071,0.08806797,0.08917699,0.1020514,0.09160448,0.09600608,0.08352346,0.04754953,0.08581016,NaN,0.04180073,0.08328497,0.08040855,0.07573756,0.08015113,0.07135852,0.05501778,0.05475511,0.08751433,NaN,0.06977899,0.007860302,0.06785548,0.03254272,0.05633273,0.07803311,anteriorHippocampus,sub-S21,p,randomWalker7,freq34
0.06600161,0.05652904,0.06168154,0.05998701,0.0779474,0.0668659,0.06963547,0.08210318,0.06842314,0.07073869,0.05826666,0.04944163,0.06631757,0.04635872,0.007408184,0.07443888,0.06450327,0.008931799,0.06264021,0.05711968,0.06624417,0.09206376,0.06337096,0.04181246,0.05818212,0.06616227,0.06316584,0.05289119,0.06783889,0.07351989,0.06170809,0.05251264,0.02154345,0.05728502,0.06113444,0.05320817,0.01491959,0.07237796,0.0595079,0.05708828,0.09050026,0.0902143,0.1124038,0.09091715,0.08947055,0.08619644,0.09592856,0.08922369,0.09301556,0.08527707,0.05054079,0.05186955,0.06209205,0.05508947,0.01258361,0.03806531,0.06390135,0.07456466,0.05098089,0.05869744,0.05094218,0.04119251,0.05759775,NaN,0.01164707,0.05333045,0.04943753,0.0565151,0.05427326,0.03891429,0.07698368,0.06322929,0.06440593,NaN,0.1404092,0.01830926,0.05203418,0.0587793,0.07243622,0.03301886,0.04941425,0.04441717,0.05491108,NaN,0.01183248,0.0206645,0.0512539,0.05483348,0.05144132,0.02591082,0.06510074,0.06639612,0.0818155,NaN,0.1260344,0.06565752,0.07861398,0.07627161,0.06864294,0.0747089,0.05556181,0.01430505,0.05868671,NaN,0.041448,0.05153437,0.05724662,0.04488497,0.05083748,0.04465211,0.06065497,0.06080205,0.06675597,NaN,0.1203101,0.005437338,0.06073814,0.04091971,0.06898539,0.06987759,posteriorHippocampus,sub-S21,p,randomWalker7,freq34
0.06715886,0.07361223,0.04782116,0.08438965,0.1180451,0.08438032,0.110029,0.1052585,0.0952386,0.09486751,0.07322502,0.05798129,0.07562268,0.06560562,0.08142982,0.07632561,0.08562774,0.07761488,0.07623726,0.0613737,0.08427556,0.07936922,0.08761413,0.08516125,0.08610795,0.08787946,0.08884841,0.08634616,0.08832472,0.07623035,0.06934739,0.106505,0.07701336,0.08922441,0.09262727,0.0605759,0.07464237,0.1054986,0.04909385,0.1027406,0.1217415,0.1213794,0.1024558,0.1216357,0.1169954,0.1229197,0.1209068,0.1186856,0.1227269,0.1183136,0.03862704,0.06728655,0.07474982,0.06055073,0.007629734,0.06174391,0.07543086,0.08699419,0.04670461,0.0781106,0.06864445,0.03881005,0.02984322,0.09129543,0.07561547,0.03785437,0.07248823,0.06160805,0.07050236,0.05526727,0.02934395,0.06058321,0.007573127,0.05893988,0.07561547,0.05605885,0.07730975,0.02354893,0.03292724,0.04760542,0.06186415,0.06994687,0.02424206,0.1171264,0.07561536,0.05838165,0.06486346,0.06364081,0.06188311,0.06605105,0.07695944,0.07514112,0.08128683,0.09056842,0.07561556,0.0828563,0.0914631,0.07764386,0.08468823,0.09728333,0.0841786,0.0715831,0.08185223,0.07312322,0.07561536,0.01513824,0.0863776,0.07302667,0.08219869,0.07958953,0.08202922,0.004053364,0.0124498,0.0512643,0.07561545,0.02765348,0.07927861,0.09989139,0.09214386,0.04601081,anteriorHippocampus,sub-S21,p,randomWalker8,freq34
0.05783231,0.06231281,0.04747174,0.0604719,0.07423168,0.06177053,0.07533777,0.07555448,0.06809746,0.07106593,0.05526344,0.05279269,0.05903886,0.05019274,0.06374791,0.0619102,0.06438418,0.06372807,0.05886714,0.04951989,0.06517375,0.06637907,0.06342445,0.06411592,0.05988888,0.0691884,0.06497896,0.06315448,0.06518285,0.0623532,0.06544396,0.07444103,0.03945011,0.0710573,0.06536196,0.0542879,0.03730895,0.07469242,0.0449408,0.07390918,0.1116092,0.0880952,0.114645,0.08199091,0.0878222,0.08781476,0.1160803,0.08658416,0.0921973,0.0847667,0.05135733,0.05555272,0.05005022,0.05416246,-0.008788741,0.04094293,0.05634138,0.06060078,0.05683898,0.06303738,0.05071622,0.02888699,0.03694899,0.05498519,0.05211392,0.03326831,0.05449986,0.04650525,0.05232679,0.03349359,0.08904086,0.051068,0.03474792,0.03823776,0.05211393,0.0605188,0.06486814,0.0639805,0.07248101,0.05634514,0.04693515,0.05365322,0.01787169,0.0718964,0.05211387,0.04733517,0.04957166,0.04985605,0.04731459,0.04857633,0.06356988,0.05677394,0.07299906,0.05369392,0.05211383,0.06200206,0.07296079,0.05814043,0.06541013,0.07706315,0.05628434,0.04904923,0.05042293,0.03920493,0.05211392,0.008855037,0.05902952,0.04945716,0.05353862,0.05686966,0.0981962,0.06394792,0.05102819,0.03628923,0.05211396,0.083519,0.0549739,0.09716291,0.09147032,0.06426862,posteriorHippocampus,sub-S21,p,randomWalker8,freq34
0.08935119,0.07224725,0.06642368,0.07996538,0.1151723,0.06497221,0.08991201,0.1099462,0.08430634,0.08700382,0.06910703,0.05582114,0.08085277,0.07049625,0.08565892,0.08215915,0.08930911,0.07740932,0.08183233,0.06695343,0.08740012,0.08093489,0.09233614,0.08298821,0.08530456,0.0866712,0.08912705,0.08479087,0.09064931,0.0829908,0.05292432,0.07320698,0.02976069,0.0761826,0.07627279,0.03651822,0.0568749,0.1084113,0.06176584,0.08504305,0.1223582,0.1214301,0.1217742,0.1199323,0.11883,0.1200633,0.1213496,0.1170965,0.1223369,0.1188517,0.06200789,0.06172211,0.06501155,0.05221879,0.0439348,0.0416427,0.08535261,0.06114862,0.03346005,0.07368602,0.07244076,0.0552158,0.08775433,0.07516818,NaN,0.05906478,0.08326366,0.06341993,0.07420421,0.07108605,0.01733791,0.08494212,0.08524808,0.02175508,NaN,0.01686826,0.08398081,0.01785814,0.03285963,0.08152082,0.0584343,0.05336931,0.05869473,0.0633605,NaN,0.04557049,0.06335995,0.05088025,0.05913984,0.06431122,0.08380739,0.09139656,0.1123013,0.05110382,NaN,0.06582545,0.08155053,0.09599333,0.08322836,0.0854184,0.08549927,0.02653306,0.08664779,0.05078118,NaN,0.08127622,0.08730479,0.08286806,0.08610227,0.01588992,0.03897847,0.06025237,0.08476645,0.04226834,NaN,0.03611756,0.1156614,0.09379084,0.1103032,0.06001215,anteriorHippocampus,sub-S21,p,randomWalker9,freq34
0.0694608,0.06406785,0.05850573,0.05709488,0.07542873,0.05496208,0.05565489,0.07812436,0.06629656,0.06993373,0.05124852,0.04162325,0.06076181,0.05227542,0.06558429,0.06038297,0.06658091,0.05754598,0.06114724,0.047194,0.06317165,0.09010512,0.0687245,0.06387104,0.06085829,0.06411373,0.06571052,0.06167358,0.06736486,0.06460499,0.05473884,0.06524011,0.001937831,0.07208877,0.04126573,0.04113882,0.0287298,0.07930329,0.06018684,0.07222307,0.09606683,0.08525731,0.08304095,0.0797923,0.09173372,0.08583634,0.0839626,0.08504679,0.09991389,0.08371659,0.06704278,0.0520115,0.03722493,0.04781667,0.03197648,0.03525364,0.07055351,0.04612896,0.05642235,0.05584108,0.05171591,0.04020819,0.06473481,0.05299053,NaN,0.04321533,0.06110417,0.04729556,0.05326906,0.04944487,0.0862288,0.07749797,0.0620512,0.07441716,NaN,0.08570854,0.06542391,0.04240828,0.06687224,0.07015385,0.04277943,0.03963726,0.04297976,0.0456253,NaN,0.03381888,0.04675686,0.03805468,0.04413982,0.04802896,0.06263638,0.06768572,0.07263441,0.06002765,NaN,0.05017855,0.06050587,0.06944665,0.06348836,0.06092885,0.05665984,0.004732366,0.0595536,0.05477455,NaN,0.05256229,0.06106988,0.05713306,0.05861946,0.007051518,0.01845358,0.05323886,0.06095661,0.06228913,NaN,0.05076188,0.1115039,0.05567876,0.08871799,0.05048437,posteriorHippocampus,sub-S21,p,randomWalker9,freq34
0.06184136,0.03772561,0.05675403,0.05045347,0.06379946,0.04342685,0.06653684,0.06241808,0.06107775,0.04949937,0.01696229,-0.02087794,0.02390119,0.02852179,0.02915319,0.02281863,0.02510292,0.01362526,0.01925039,0.01413352,0.02272987,0.02170597,0.02102696,0.02739383,0.02398032,0.01955458,0.02165609,0.02161845,0.02264479,0.02201083,0.03385192,0.03313608,-0.01143249,0.01547013,-0.008975792,0.03457406,0.013853,0.04801078,0.02532585,0.03095288,0.09741931,0.08728988,0.07700249,0.06303374,0.06890558,0.0714892,0.09721547,0.0864548,0.09372815,0.06427943,0.05620143,0.04623092,0.01668545,0.03006482,0.02497518,0.05522906,0.02484687,0.06611245,0.0602918,0.05666269,0.01461857,-0.02153291,0.01975323,0.02859174,0.02193396,-0.01693371,0.01766712,0.01852919,0.005573208,0.0311108,0.0324992,0.07208687,0.02034972,0.03359124,0.01345479,0.06981082,0.02386664,0.07675833,0.04994102,0.05429039,0.02019883,0.02183479,0.01762369,0.01659952,0.03564888,0.02202545,0.01958625,0.02174776,0.02043951,0.02800573,0.06624075,0.06235356,0.05971744,0.03376999,0.03059048,0.05798836,0.0600382,0.06682646,0.0661137,0.05686017,0.0200508,0.04244955,0.01536252,0.02889058,0.01159405,0.003475041,0.01996057,0.01154376,0.01586179,0.05552263,-5.514494e-05,0.05773041,0.02422839,0.03345125,0.01240564,0.06177926,-0.03075772,0.01613175,-0.01941526,0.04025734,anteriorHippocampus,sub-S23,p,randomWalker0,freq34
0.0409608,0.02072392,0.01283623,0.02256805,0.05163158,0.0234689,0.07084831,0.04796965,0.04378826,0.02984462,0.01457873,-0.004808781,0.02260712,0.02218364,0.01607504,0.0232627,0.02068694,0.02428893,0.01590508,0.01535732,0.01839499,0.03520542,0.01056557,0.0205279,0.01475011,0.01293556,0.0191447,0.01352544,0.01656919,0.03051471,0.02147307,0.02126733,-0.01513734,0.003265553,-0.009481109,0.02341061,0.005905095,0.03881627,0.02023702,0.01881447,0.08742944,0.07415539,0.06321182,0.05252413,0.06198341,0.06135827,0.09498955,0.07845096,0.08479261,0.05735929,0.04948834,0.02219357,0.02506905,0.05193948,0.02440836,0.02206538,0.02869404,0.05282589,0.04721522,0.03530021,0.01498622,-0.01426477,0.01893337,0.02127735,0.02389057,-0.01228087,0.01694864,-0.007043728,0.00895501,0.02939287,0.07215011,0.07841618,0.02797204,0.0218014,0.005188791,0.06711539,0.03679603,0.08568091,0.09903711,0.05920025,0.01765124,0.01959926,0.0167349,0.01419111,0.006046979,0.01953557,0.01695059,0.01974612,0.01816217,0.02362815,0.05564543,0.05025911,0.04069864,0.06960852,0.01931745,0.04007175,0.04473769,0.05010749,0.05047361,0.05148741,0.01853447,0.08979963,0.01444781,0.01740857,0.002934669,0.007120806,0.01291714,0.008247241,0.01580899,0.06530842,0.03087281,0.05970522,0.05681628,0.02251881,0.004080497,0.05507323,-0.0244753,0.008651561,0.00960582,0.04698218,posteriorHippocampus,sub-S23,p,randomWalker0,freq34
0.05635526,0.04719345,0.06381941,0.0613123,0.04528327,0.041534,0.06544235,0.05977288,0.05766703,0.0636897,0.02768865,0.0411421,0.02608884,0.03240442,0.008926842,0.03553257,0.03205723,0.01400138,0.02994142,0.03256475,0.03252096,0.02275375,0.02437116,0.03771674,0.02189313,0.02494761,0.02863191,0.02015483,0.03184398,0.02608075,0.04796628,0.05819225,-0.01560685,0.04693905,0.03194745,0.03120418,0.001994799,0.04879173,0.04722276,0.06360159,0.09232678,0.08554025,0.1121968,0.08202951,0.08880068,0.08304449,0.1092656,0.09262233,0.0942523,0.08249136,0.04473494,0.05519645,0.02324421,0.04772115,0.01404682,0.0265713,0.03132091,0.03180959,0.05221361,0.06475625,0.02293208,0.02614828,0.02494814,0.0384107,NaN,0.02794026,0.03007599,0.02168053,0.02490778,0.02359076,0.04175219,0.03985673,0.02545584,0.02433695,NaN,0.06031467,0.01683579,0.01937285,0.04971946,0.09699397,0.02452077,0.0340383,0.01675848,0.01616865,NaN,0.03121642,0.02320615,0.02400669,0.02216935,0.04183397,0.06794321,0.06616376,0.1231099,0.06419407,NaN,0.06323284,0.06051521,0.07662164,0.06656881,0.07514997,0.01848038,0.01413906,0.02192911,0.03879546,NaN,0.01932245,0.01373136,0.01707534,0.01788905,0.01805575,0.01160156,0.02579312,0.02616937,0.009287031,NaN,0.03120308,0.03388877,0.03257669,0.02705158,0.07762842,anteriorHippocampus,sub-S23,p,randomWalker1,freq34
0.03320773,0.02772969,0.02866818,0.04022509,0.03053357,0.0224058,0.03925839,0.04310343,0.03589496,0.04714319,0.01686844,0.02198504,0.01685386,0.0200527,0.004024553,0.02046728,0.02037268,0.005681136,0.01875147,0.02139472,0.0138792,0.002332975,0.007365316,0.01619015,0.006074804,0.01298033,0.01816856,0.005391103,0.01666151,0.01098962,0.02976744,0.04548991,-0.01983842,0.03511721,0.01883742,0.01984457,-0.02682345,0.0418521,0.03440498,0.05454417,0.07677049,0.07531432,0.09817386,0.07363967,0.07803566,0.06944906,0.09829573,0.08186645,0.08119548,0.0746352,0.01189552,0.0306177,0.00885754,0.03415786,0.002266519,0.00189188,0.01901042,0.01917055,0.05527982,0.0568661,0.01431197,0.01738978,0.0169649,0.02209181,NaN,0.01907122,0.01894549,0.01357655,0.01599624,0.01785386,0.08126068,0.0528757,0.01061293,0.06982584,NaN,0.09656127,0.01250861,0.02180524,0.09201773,0.08836399,0.01739699,0.009881133,0.01524669,0.01573709,NaN,0.02428022,0.01850769,0.01768138,0.01747988,0.03326904,0.04927452,0.04778985,0.1298462,0.03196361,NaN,0.04581593,0.03543876,0.05715689,0.04916197,0.05473468,0.010647,0.001581303,0.002842043,0.04102553,NaN,0.01101288,0.0003253291,0.004155568,0.005176947,0.005639625,0.03584298,0.03352023,0.009747325,-0.01239548,NaN,0.05978432,0.03925267,0.02620107,0.06326122,0.05850697,posteriorHippocampus,sub-S23,p,randomWalker1,freq34
0.06789363,0.03656719,0.07588357,0.05688927,0.06272379,0.04008876,0.07201729,0.07919301,0.06479143,0.0560629,0.01724172,-0.005747369,0.02343488,0.02068531,0.01445208,0.01781544,0.02622666,0.02539347,0.02437958,0.01724047,0.02729463,0.03305062,0.02464613,0.01718284,0.02867903,0.02694172,0.02588468,0.03073619,0.02701579,0.03422671,0.07269372,0.03964709,0.01287461,0.06004637,0.01172212,0.0354424,0.01482491,0.07512861,0.004901969,0.02416762,0.1024507,0.04855971,0.1079451,0.06908495,0.08911573,0.04982071,0.1161303,0.09153403,0.09083066,0.07714582,0.06296378,0.04741355,-0.008201569,0.05389349,0.01038844,0.04460525,0.02275077,0.09538512,0.06853278,0.05627857,0.0220204,0.01029705,0.02450328,-0.01447013,0.1270266,0.01970431,0.02461007,0.02484825,0.02352917,0.01495039,0.07593419,0.05959585,0.03059739,0.07059693,0.1270266,0.06085635,0.01998493,0.02751388,0.04029632,0.0683514,0.01518691,0.01338726,0.007344627,0.05129311,0.1270265,0.02540288,0.01979255,0.01820933,0.01812038,0.04096803,0.07105709,0.05259546,0.02187432,0.06965268,0.1270266,0.05283581,0.07290301,0.04791262,0.06472634,0.06155146,0.01560703,0.03269773,0.02743481,0.05188755,0.1270265,0.02047542,0.02109042,0.02274864,0.01690465,0.04687777,-0.01563788,0.05143322,0.0289656,0.06068682,0.1270265,0.04618194,-0.009368641,0.04647313,-0.01944652,0.06323794,anteriorHippocampus,sub-S23,p,randomWalker2,freq34
0.04313282,0.01852651,0.0415248,0.03550438,0.04198955,0.01918902,0.0456177,0.06725248,0.04374187,0.03873947,0.01247033,-0.003642738,0.0166432,0.01820442,0.01716697,0.01549226,0.01948209,0.01627865,0.01677481,0.01225948,0.01657382,0.03197484,0.01699015,0.01299474,0.01496494,0.02173078,0.01977836,0.0133275,0.01845127,0.08552849,0.05252627,0.02257502,-0.0001005677,0.04876841,-0.001029775,0.01968914,0.001475233,0.07107338,-0.01065744,0.01703843,0.08969561,0.03548282,0.09281505,0.05713522,0.08061367,0.0395374,0.09996728,0.08207826,0.07718756,0.06698056,0.0461359,0.02133275,-0.01593388,0.04562807,0.001410138,0.01242015,0.01963477,0.08472908,0.07046387,0.03303874,0.0138351,0.009797474,0.01825196,-0.006239351,0.1187135,0.01496694,0.01702284,0.01726548,0.01583104,0.008821631,0.118855,0.03822467,0.01627704,0.07185601,0.1187137,0.03537791,0.0259411,0.01513021,0.08075913,0.06640597,0.01425763,0.01875274,0.002864991,0.03968469,0.1187136,0.02594846,0.01390158,0.01332907,0.0151012,0.03182813,0.05111912,0.0237828,0.01469687,0.06444496,0.1187136,0.02680618,0.06137701,0.02518015,0.04373278,0.04099352,0.0244863,0.01520994,0.01121624,0.05431951,0.1187137,-0.007652829,0.01522114,0.007719917,0.01694042,0.06253922,-0.03175359,0.01601033,0.01429201,0.06881452,0.1187136,0.004820054,-0.01689835,0.02338856,-0.03410655,0.05243104,posteriorHippocampus,sub-S23,p,randomWalker2,freq34
0.05150173,0.04303901,0.07010084,0.05593037,0.07161435,0.0407329,0.05395206,0.05993601,0.05506992,0.05774866,0.02333794,-0.02545058,0.03274991,0.008901609,0.0246053,0.02722847,0.03555674,0.02843409,0.03181531,0.007755249,0.03015944,0.02723922,0.02590431,0.02417982,0.02501567,0.03248194,0.02619017,0.02596913,0.02950266,0.02833187,-0.02441507,0.05332089,0.007961857,0.06898335,0.009704039,0.05835776,-0.01421545,0.03137008,0.0137021,0.06206456,0.09163856,0.07999915,0.1161518,0.08014152,0.08387922,0.07937879,0.1071287,0.08782522,0.1010699,0.08325791,0.05760441,0.05106407,0.02599029,0.051958,0.04688333,0.04267469,0.05838239,0.06288814,0.06554811,0.06019776,0.01861406,0.008426717,0.02694413,0.01758787,0.04212533,0.00541238,0.03804571,0.01447258,0.01841321,0.02988852,0.04798305,0.06849682,0.07594568,0.01758814,0.02244027,0.06790951,0.02994297,0.06325772,0.05668279,0.06074756,0.02104622,0.0234719,0.04161204,0.01758826,0.003036014,0.02340714,0.03182667,0.01926297,0.02195704,0.04459911,0.06979806,0.06375009,0.08678711,0.01758791,0.01676325,0.06019735,0.05520465,0.06957712,0.06927885,0.05325427,0.02296921,0.05403911,0.02220748,0.0175879,0.02300714,0.01147186,0.02800804,0.01917292,0.02345867,0.06481983,0.03596457,0.04826557,0.08142333,0.01758811,0.02296806,0.02231401,0.02737153,0.04373487,0.0461236,0.03087924,anteriorHippocampus,sub-S23,p,randomWalker3,freq34
0.02847615,0.02471801,0.04460672,0.03455782,0.05655692,0.02339343,0.02331031,0.04438926,0.03251673,0.03995132,0.0117978,-0.03351993,0.01598433,0.008631981,0.01566898,0.0144465,0.01867549,0.01453286,0.01713193,0.008029536,0.01591521,0.02605981,0.009860939,0.07025836,0.008568614,0.01268112,0.0151206,0.01156428,0.01733688,0.01899957,-0.037817,0.04668126,-0.005694036,0.0551654,-0.006970987,0.04617504,-0.02101408,0.03292127,0.006157038,0.04942175,0.07486124,0.0620013,0.1072582,0.06686307,0.0724496,0.06200076,0.08921082,0.0730515,0.08517874,0.06904382,0.03936006,0.02895881,0.009528038,0.03854725,0.02190472,0.02455746,0.0378098,0.04775758,0.0597463,0.041639,0.009647267,0.002388356,0.01530328,0.0150523,0.02383963,0.0007153276,0.01873752,0.006517501,0.009460727,0.03837855,0.08373878,0.07510805,0.07231314,0.01505239,0.008168787,0.05712277,0.02139173,0.0789431,0.0952609,0.06390838,0.01206213,0.01317289,0.01652908,0.01505245,-0.01015747,0.01272628,0.01980985,0.01194289,0.01277019,0.03081165,0.0477623,0.04244798,0.06766313,0.01505222,0.007593789,0.03747706,0.03805763,0.04363206,0.04827378,0.04297061,0.01074979,0.1031946,0.004493385,0.01505237,0.00610279,0.0007724118,0.01456335,0.008142623,0.01574931,0.1037474,0.03096132,0.04180596,0.08531234,0.01505241,0.008245865,0.007302523,0.02842365,0.03098234,0.04710218,0.03681624,posteriorHippocampus,sub-S23,p,randomWalker3,freq34
0.05409513,0.04041954,0.03210062,0.03698844,0.07446239,0.04126694,0.06407603,0.06766197,0.05652956,0.0601126,0.0254619,0.01707498,0.03253267,0.02766208,0.03148577,0.03085726,0.03241642,0.03090671,0.02916828,0.01708178,0.02931089,0.02965356,0.02559996,0.03419092,0.02632171,0.02602373,0.03047195,0.02615036,0.02822681,0.02863206,0.05804036,0.03002452,-0.03677859,0.02069851,-0.004295792,0.02873504,-0.006744324,0.05660279,0.04003204,0.04208742,0.09271294,0.08361923,0.06106152,0.03492218,0.09450255,0.07157983,0.08942276,0.08428298,0.08553714,0.08174524,0.05914417,0.05405061,0.02177271,0.03712422,0.02455934,0.04303014,0.03280772,0.0699039,0.06380839,0.06012941,0.01975366,0.01812196,0.02960251,0.0274688,0.02534832,0.02461619,0.02842821,0.02517858,0.02417521,0.02810879,0.07050238,0.0788803,0.02276875,0.02316166,0.02534838,0.05324704,0.02624956,0.06014306,0.05916741,0.05592257,0.022396,0.02006123,0.02148527,0.02294468,0.02534832,0.02718441,0.02251289,0.02282985,0.02231689,0.04442781,0.06313778,0.0584916,0.08448323,0.06249027,0.0253483,0.06980372,0.05347013,0.07484403,0.06632045,0.05736561,0.02260868,0.04132558,0.02126866,0.01301398,0.0253484,0.02519642,0.029082,0.02449198,0.02385026,0.06447227,0.0640632,0.09898708,0.01830607,0.02051407,0.02534838,0.08329178,0.04147684,0.02054715,0.05486857,0.0465909,anteriorHippocampus,sub-S23,p,randomWalker4,freq34
0.03205714,0.02084537,0.01109137,0.009660127,0.05750526,0.02080908,0.04668373,0.05018469,0.03423765,0.03996059,0.01055381,0.01408044,0.01427068,0.01232527,0.01325797,0.01362176,0.01516192,0.01249536,0.01322926,0.003768087,0.01371809,0.02441777,0.008764626,0.007509763,0.00844183,0.01128071,0.01462415,0.01057813,0.01460017,0.01977998,0.03409646,0.01127045,-0.04206293,0.01000694,-0.009800346,0.01188709,-0.01527848,0.04191944,0.02295862,0.02288913,0.0764128,0.06607644,0.03670039,0.01869365,0.08305147,0.05433055,0.07342891,0.0707495,0.06917219,0.06821702,0.0399376,0.03051117,0.007908999,0.01628542,0.01410249,0.01640311,0.02783127,0.05212966,0.06173605,0.03909673,0.0075692,0.00811026,0.01371391,0.01256307,0.01781865,0.01016997,0.01285764,0.01069843,0.01031718,0.03684358,0.0826062,0.08137976,0.01446744,0.00378755,0.01781854,0.07573508,0.02554372,0.07684147,0.1010176,0.0405186,0.0107452,0.01078192,0.009663341,0.0107325,0.01781845,0.01351111,0.009886208,0.01089158,0.01053809,0.02793911,0.0434113,0.04301756,0.06800913,0.03881545,0.01781858,0.04798467,0.06349523,0.05619434,0.0496687,0.04188132,0.01363504,0.07793156,0.005044342,-0.000653782,0.01781848,0.01828294,0.01049941,0.01038247,0.01225274,0.06438981,0.05004301,0.07884435,0.005498242,0.002793978,0.01781853,0.1279884,0.03079238,0.02659455,0.04717357,0.04439296,posteriorHippocampus,sub-S23,p,randomWalker4,freq34
0.06106787,0.03604041,0.0580959,0.05729109,0.08362146,0.03689808,0.06089681,0.07519196,0.05882684,0.05734184,0.02283921,0.02221505,0.03102888,0.0304466,0.02485855,-0.03876343,0.02958601,-0.001636021,0.02574294,0.01968526,0.02407815,0.0475963,0.02361189,0.03796086,0.02162802,0.03282366,0.02468627,0.01814571,0.02081995,0.02857614,0.01662541,0.06858003,0.005650679,0.07922114,0.01559885,0.0201285,0.01089661,0.0453366,0.03893616,0.07623037,0.08534726,0.06414758,0.08330939,0.09234234,0.09338462,0.07273651,0.08567064,0.09088414,0.08621141,0.07054305,0.06543671,0.05666496,0.01116813,0.04990155,0.06919336,0.03461252,0.04558475,0.0291709,0.07118759,0.06331448,0.009681761,0.005720895,0.01235811,0.01200303,NaN,-0.01116498,0.01929473,0.01705162,0.006071421,0.0262743,0.0525767,0.06185936,0.0192025,0.0562387,NaN,0.08705451,0.02234503,0.1155887,0.06057544,0.06655623,0.02564865,0.02063966,0.01829462,0.01217724,NaN,0.03132664,0.02665738,0.02928313,0.02539449,0.02422592,0.06778092,0.06236749,0.0622061,0.05193618,NaN,0.0721257,0.06027351,0.09055882,0.06834118,0.06777804,0.0173287,0.09750136,0.01926566,0.02124935,NaN,-0.002228444,0.0233708,0.06533795,0.014301,0.01588999,0.02175801,0.04306981,0.03201822,0.05659037,NaN,0.07011841,0.03463552,0.06569912,0.01731441,0.04690526,anteriorHippocampus,sub-S23,p,randomWalker5,freq34
0.03890096,0.01852358,0.0325614,0.03916445,0.06906484,0.01933702,0.05115967,0.05795268,0.03672096,0.04009657,0.01386757,0.003911293,0.01783386,0.01808675,0.01144117,-0.03866139,0.01873231,0.00216995,0.01588967,0.01752846,0.01326963,0.1495557,0.009590541,0.03334827,0.006835582,0.04307929,0.01711141,0.009717779,0.01457758,0.04646506,-0.005253521,0.05418013,-0.007070016,0.06575608,-0.001120666,0.005948501,-0.004472558,0.03407318,0.02194651,0.06340323,0.06772967,0.04605726,0.06897555,0.0876264,0.08238281,0.05522383,0.09430484,0.07915401,0.07085161,0.05710971,0.02804261,0.03148233,0.004195787,0.0790485,0.06086309,0.009262851,0.03933445,0.06506561,0.05797007,0.0441651,0.006177788,0.002225366,0.00747368,0.01363189,NaN,-0.01000471,0.01208721,0.012881,0.003489635,0.009834347,0.1022209,0.06421303,0.004959506,0.09047614,NaN,0.07263704,0.04918799,0.1273926,0.1041486,0.1082608,0.01731872,0.01542489,0.01349788,0.01532208,NaN,0.02034503,0.01673004,0.01867771,0.01694427,0.01809726,0.04229133,0.01794793,0.03374357,0.02784446,NaN,0.05243881,0.03899286,0.08196282,0.04619187,0.06265184,0.01310929,0.09772479,0.005887621,0.006271145,NaN,-0.01694682,0.01327205,0.0792442,0.007880876,0.002801947,0.04018987,0.08528775,0.02599639,0.1155908,NaN,0.06401309,0.06674303,0.1597892,0.04697868,0.0786059,posteriorHippocampus,sub-S23,p,randomWalker5,freq34
0.06520033,0.03316828,0.06678121,0.05909355,0.06243601,0.04394437,0.04702893,0.06167329,0.05483756,0.05640002,0.02773649,-0.03113375,0.02918987,0.02559184,0.02504398,0.01175908,0.02875818,0.009624909,0.02488738,0.003721056,0.02396657,0.02712611,0.02125959,0.02620945,0.02094662,0.02013182,0.02748786,0.03250829,0.02609516,0.02310594,0.1058812,0.05672503,0.006613489,0.03532441,0.02818272,0.05720578,0.009628909,0.05326234,0.05154047,0.07661324,0.1130907,0.06624261,0.08127492,0.08200376,0.07181483,0.07862304,0.08269169,0.08108207,0.08764175,0.07699756,0.06326242,0.04373243,0.02658897,0.02755412,0.02255557,0.04768261,0.02906864,0.04063339,0.05598804,0.05165668,0.02039831,0.0218863,0.03150629,0.01863567,NaN,0.01485763,0.01957134,0.01887198,0.01984237,0.04629958,0.02895156,0.03750845,0.02575918,0.02165904,NaN,0.03561642,0.02941865,0.09645172,0.0477914,0.0604937,0.0218085,0.01609459,0.006664731,0.02577183,NaN,0.02234454,0.01978682,0.02014871,0.02087262,0.03654851,0.06217889,0.05726006,0.05512894,0.04476863,NaN,0.0727971,0.06257201,0.06818571,0.06420827,0.05482732,0.02183382,0.004613006,0.02686629,0.04301624,NaN,0.01416849,0.02221552,0.01329144,0.01900592,0.05801355,0.0330477,0.03362753,0.01593316,0.0358429,NaN,0.01708172,0.02565791,0.08152699,0.0329154,0.04983569,anteriorHippocampus,sub-S23,p,randomWalker6,freq34
0.04344959,0.0188975,0.02296348,0.03892927,0.04639414,0.02620219,0.05126806,0.04579211,0.03381398,0.03840739,0.0126285,-0.02607892,0.01608152,0.01359003,0.01173415,0.003660009,0.01625922,0.003090022,0.01295832,-0.004184954,0.0117922,0.02311593,0.00640665,0.01957154,0.005619126,0.006454088,0.01346122,0.007913842,0.01211817,0.01954683,0.07662138,0.04137723,-0.005783466,0.02723656,0.0207186,0.04264838,-0.0009663342,0.05119967,0.03310318,0.06188004,0.1017823,0.04921411,0.06805646,0.07337068,0.06066658,0.06349428,0.07526023,0.06947653,0.07275162,0.06506973,0.10794,0.02280988,0.01542187,0.07593279,0.01884833,0.02009661,0.01830852,0.01468935,0.05225823,0.02722278,0.01147381,0.01203776,0.0180682,0.009373946,NaN,0.007097043,0.008201119,0.01023337,0.01126449,0.02098035,0.0697851,0.05093412,0.02341189,0.04397574,NaN,0.04119522,0.03174871,0.0979412,0.0901707,0.04967302,0.01320654,0.009542621,0.01214047,0.01576771,NaN,0.0056719,0.0174924,0.0126707,0.01342863,0.01916395,0.04509553,0.03556195,0.01624292,0.03408477,NaN,0.0505467,0.04446723,0.04891311,0.04446687,0.03390513,0.01207591,-0.005805954,0.01331055,0.07234155,NaN,-0.0006001719,0.01816067,-0.002106962,0.009166266,0.1210675,0.05711751,0.04593158,0.03494162,0.02933028,NaN,0.0191232,0.04170815,0.0830652,0.06211842,0.08454534,posteriorHippocampus,sub-S23,p,randomWalker6,freq34
0.05268491,0.03443251,0.04493302,0.04561413,0.05945883,0.04543031,0.0590445,0.06626215,0.05244816,0.05076784,0.02446539,-0.005308068,0.02778024,0.03030034,0.01275532,0.02836698,0.0259185,0.03091545,0.02570738,0.01265689,0.02827023,0.0219758,0.0230854,0.02473823,0.01985952,0.02316665,0.02098977,0.01778478,0.02537815,0.02904689,0.02597458,0.02659851,-0.02553739,0.03057129,0.0152905,0.01697672,-0.03721206,0.03848385,0.02782661,0.02129509,0.08552248,0.08411815,0.1016621,0.08767345,0.0870612,0.07823271,0.09429773,0.08728636,0.08949914,0.07671935,0.05571084,0.05159853,0.01923998,0.02720518,0.04577464,0.04838536,0.018731,0.06644388,0.06548669,0.05783866,0.01943866,0.01433608,0.02220415,NaN,0.02235859,0.01639638,0.01184385,0.01453806,0.01951001,0.02197999,0.04078196,0.05777146,0.02353743,NaN,0.1118939,0.05994098,0.01722492,0.08988068,0.04274289,0.02482872,0.02196513,0.02428776,0.02428832,NaN,0.01780833,0.02421123,0.02506869,0.02445038,0.02344198,0.02657461,0.0624035,0.06631603,0.0832442,NaN,0.1104901,0.06098659,0.07380139,0.07099225,0.06521838,0.06516178,0.01627726,0.01411112,0.01819765,NaN,0.03835424,0.01050788,0.022735,0.008850708,0.01358548,0.01378333,0.005826477,-0.004831672,0.0233004,NaN,0.09705768,0.05178843,0.02380983,0.07565133,0.000783593,0.008762952,anteriorHippocampus,sub-S23,p,randomWalker7,freq34
0.03297806,0.0182576,0.02903221,0.02800474,0.04634853,0.03071744,0.04281312,0.05583895,0.03505857,0.03727408,0.01693497,-0.01133134,0.01788671,0.02031971,0.0123083,0.03580808,0.0187715,0.04361624,0.01818326,0.01037547,0.01663456,0.06826488,0.01184357,0.01397178,0.007986988,0.02018361,0.01636797,0.01752042,0.01960282,0.0343931,0.01372559,0.01188508,-0.02413474,0.017268,0.01338932,0.0108478,-0.03626163,0.0347705,0.01625307,0.01148158,0.07256681,0.07021751,0.08628541,0.0752063,0.07925572,0.06740811,0.08335251,0.08003623,0.07752371,0.06804363,0.03524051,0.03141357,0.00991069,0.04052514,0.03376572,0.02858603,0.01354792,0.05040327,0.06456353,0.04036039,0.01423572,0.01139718,0.01661861,NaN,0.02211087,0.01319181,0.009954738,0.009765834,0.01420245,0.01558157,0.08693475,0.07304519,0.01314094,NaN,0.1265159,0.05972453,0.003670837,0.103481,0.08349708,0.0445869,0.01848641,0.01631024,0.01819594,NaN,0.01992567,-0.01532606,0.01779783,0.02650312,0.01955528,0.02110626,0.04526408,0.04754515,0.06167927,NaN,0.1210234,0.03960644,0.05228847,0.05633926,0.04846979,0.05141488,0.01581235,0.03095065,0.007721829,NaN,0.1095608,0.004336202,0.008443677,4.132837e-05,0.01015601,0.01614071,0.01043324,0.006951119,0.01567238,NaN,0.1198661,0.05121955,0.01408807,0.09034304,0.02153511,0.008001478,posteriorHippocampus,sub-S23,p,randomWalker7,freq34
0.06084264,0.04805367,0.04216604,0.05561389,0.05515236,0.04815167,0.05539227,0.06088998,0.06332368,0.06346597,0.02624009,0.003937349,0.03171895,0.02717057,0.03429777,0.02816179,0.03320069,0.02302895,0.02913613,0.01067254,0.03481257,0.02820983,0.02733618,0.03486878,0.02417275,0.03490632,0.02995555,0.02572726,0.02913728,0.02604197,0.0526619,0.04772805,0.002567125,0.04468271,0.02937281,0.01813205,-1.654841e-05,0.04380823,0.0290176,0.04690142,0.1126061,0.08923148,0.1051898,0.0776908,0.09047391,0.08771891,0.1158094,0.08751248,0.09431423,0.08446954,0.06805468,0.05547639,0.01759708,0.05703571,0.0256217,0.05389034,0.02072604,0.06001668,0.07596868,0.0651853,0.02146691,-0.02653429,-0.04440142,0.06400536,0.02486037,-0.01708384,0.02883594,0.01523379,0.02385624,-0.0162506,0.04876389,0.06262888,0.06838851,0.06350251,0.0248604,0.06136488,0.02658786,0.06271511,0.04599617,0.03193622,0.02374692,0.02528814,0.02587088,0.05379883,0.02486028,0.02075052,0.02363356,0.0218294,0.02362457,0.02541172,0.0673834,0.06142979,0.07376172,0.06233648,0.02486034,0.06255351,0.07941383,0.06639843,0.0695866,0.06692707,0.02207138,0.06056747,0.01566699,0.04943049,0.02486029,0.03828128,0.02500617,0.02386187,0.01974899,0.02287256,0.03595928,-0.06262269,0.08659036,0.0625957,0.02486029,0.02491165,0.02450714,0.05986685,0.04338928,0.01549796,anteriorHippocampus,sub-S23,p,randomWalker8,freq34
0.0403943,0.02864774,0.02098846,0.03747269,0.03910437,0.0257085,0.0405656,0.04436237,0.0425104,0.04540823,0.01458739,-0.0009319701,0.0163476,0.01510874,0.01505985,0.01380255,0.01870158,0.01021136,0.01579985,0.003214236,0.01480133,0.04364798,0.01164862,0.01304306,0.006705421,0.02182458,0.01376803,0.01182919,0.0130259,0.03341822,0.03521792,0.03534535,-0.01109244,0.03727789,0.02592479,0.01514033,-0.01171459,0.03510853,0.02555685,0.03958333,0.09841847,0.07576688,0.1043342,0.06356408,0.07905283,0.07258996,0.1008428,0.07525361,0.07954245,0.07272825,0.05465395,0.03092558,0.02627307,0.05883751,0.02538474,0.02080955,0.01004953,0.04034807,0.08093829,0.05910104,0.01134484,-0.03337369,-0.03900241,0.03362045,0.02046986,-0.01211002,0.01599889,0.006954267,0.01290077,-0.02099624,0.09805345,0.04012121,0.1020991,0.01103161,0.02046982,0.07004289,0.01662314,0.07760938,0.08149827,0.07882862,0.01393494,0.01746621,0.01548733,0.037711,0.02046968,0.01568185,0.01456301,0.0159673,0.01426107,0.01489262,0.05159,0.04000667,0.0659545,0.03057129,0.02046961,0.04688486,0.05876574,0.04233488,0.05085208,0.06135288,0.008710765,0.06162548,0.006399096,0.00555829,0.02046968,0.04970637,0.007779843,0.01908215,0.006261018,0.01772178,0.06705826,0.05187963,0.1263686,0.009101753,0.02046975,0.1125965,0.01992266,0.07124045,0.06334441,0.04426372,posteriorHippocampus,sub-S23,p,randomWalker8,freq34
0.06067789,0.04941381,0.04177033,0.05335454,0.06660169,0.04051902,0.05206881,0.06595264,0.05870993,0.05587433,0.02586185,-0.005292218,0.02928413,0.02935433,0.0319993,0.03078526,0.03297764,0.02822114,0.02937616,0.01434646,0.02887356,0.03377089,0.02850985,0.03681763,0.02470586,0.02748217,0.02605897,0.02586201,0.02817616,0.02691338,0.03432497,0.04572203,-0.03543127,0.02010754,0.00795592,0.01006023,-0.01211042,0.06593303,0.04306424,0.0568103,0.09804858,0.08247636,0.07847414,0.07114928,0.0947929,0.08188076,0.07757097,0.08399979,0.1013618,0.07972073,0.06716111,0.05453615,0.00542092,0.04334182,0.02934495,0.06528397,0.02705752,0.06093785,0.0727622,0.05606007,0.02441326,0.01831684,0.02924662,0.02468635,NaN,0.02628403,0.02791058,0.02654317,0.02395833,0.02157312,0.06610709,0.07893507,0.0273626,0.02207727,NaN,0.06304727,0.02683103,0.06104067,0.0440424,0.0675636,0.02198309,0.02199884,0.02241946,0.02268269,NaN,0.02432331,0.02213058,0.02199848,0.02158649,0.02282439,0.06505506,0.06793553,0.06620393,0.03573066,NaN,0.05620807,0.07387358,0.06863709,0.06716435,0.06267588,0.0201511,0.01788998,0.02227422,0.0416998,NaN,0.01907699,0.02424966,0.02098444,0.02106322,0.05025661,0.05203223,0.07124691,0.02413969,0.0330435,NaN,0.04774764,0.100829,0.03323074,0.07554686,0.06481009,anteriorHippocampus,sub-S23,p,randomWalker9,freq34
0.04075665,0.03197669,0.02340292,0.03379839,0.04883478,0.01979367,0.01858837,0.04973203,0.0390532,0.03875428,0.01452649,-0.006180321,0.01764106,0.01667029,0.01575262,0.01704171,0.01864318,0.01536387,0.01659106,0.005889948,0.01018735,0.06964412,0.01412769,0.01481231,0.006989063,0.0122657,0.01473833,0.0101104,0.01442025,0.02095553,0.02345366,0.0310055,-0.04351392,0.02025925,-0.003097042,0.001454804,-0.01553764,0.05688239,0.03203766,0.04244617,0.08213375,0.06735636,0.06218277,0.05814736,0.08117753,0.06312598,0.06041289,0.07168641,0.08602404,0.06637082,0.0555239,0.02961523,-0.00155204,0.04133132,0.02116994,0.04057861,0.02614443,0.05121265,0.08714724,0.03357257,0.01382775,0.0099349,0.01685678,0.01514825,NaN,0.01499456,0.01611684,0.01452511,0.01333544,0.01195416,0.1030452,0.07305233,0.01095358,0.09092794,NaN,0.1093186,0.01715629,0.07997159,0.08090615,0.05797845,0.01375995,0.01683795,0.01256584,0.01193953,NaN,0.01520608,0.01310497,0.01583255,0.01416802,0.0154578,0.04392049,0.04697454,0.04371401,0.0607692,NaN,0.03917023,0.05666067,0.05543078,0.05012537,0.03805097,0.008728695,0.00881953,0.007504151,0.07447026,NaN,0.0002783505,0.008371614,0.008557356,0.008431983,0.03783987,0.02218084,0.05771606,0.01128563,0.06744482,NaN,0.07970183,0.07817826,0.002412444,0.04492797,0.0445415,posteriorHippocampus,sub-S23,p,randomWalker9,freq34
0.06850494,0.06026797,0.04018426,0.03557989,0.08371012,0.06180583,0.05543516,0.08485828,0.07523272,0.06096434,0.06124469,0.0276559,0.07114045,0.06729738,0.05082889,0.05787535,0.06068277,0.03114046,0.06154214,0.056832,0.03730521,0.0550412,0.02804407,0.04756754,0.02911245,0.02863697,0.03747121,0.02800639,0.03402976,0.0516806,0.06708844,0.06218231,0.00117848,0.05511944,0.007557639,0.06623984,0.02218677,0.08265436,0.07602833,0.06542971,0.1096739,0.1042375,0.09556942,0.08024091,0.09677036,0.09724636,0.09050195,0.1057248,0.1072413,0.09719904,0.02689402,0.0512564,0.06135314,0.03414689,0.02827596,0.05158943,0.05986048,0.08458009,0.04871431,0.03988953,0.06504896,0.04054608,0.0689469,0.06524919,0.06035221,0.04197152,0.06134343,0.0388712,0.05965424,0.0563387,0.08071868,0.04762232,0.06950973,0.05885196,0.02298752,0.05364608,0.06893124,0.08749636,0.08764172,0.02902644,0.07063577,0.0722776,0.06684123,0.06682298,0.05170594,0.07251247,0.07090889,0.06884383,0.07094646,0.06849632,0.04953085,0.05050729,0.03392472,0.03450762,0.02953721,0.05437166,0.04780732,0.05590396,0.05559289,0.03560836,0.03432726,0.0620345,0.03040876,0.03599053,0.02087616,0.01592198,0.03058385,0.02733514,0.03090151,0.03300366,0.05752191,0.03750143,0.07628977,0.05220618,0.02208746,0.04823002,-0.008975511,0.05244184,0.05072656,0.02071578,anteriorHippocampus,sub-S24,p,randomWalker0,freq34
0.04319311,0.04012973,0.00724033,0.007789035,0.06068074,0.03613693,0.07513912,0.05909404,0.04900923,0.03320376,0.02502296,0.02502116,0.03439967,0.02230879,0.02053336,0.06372171,0.03530955,0.02109813,0.02823444,0.05358865,0.0396616,0.07402848,0.03356053,0.03554307,0.03938485,0.04083544,0.04184888,0.03758909,0.03769051,0.062479,0.04221949,0.04256337,0.02600471,0.03525071,0.03306095,0.04430531,0.03523672,0.05454683,0.04260972,0.04253228,0.1069772,0.1025384,0.09103249,0.07861578,0.07089255,0.08166631,0.1066363,0.08887686,0.0996531,0.07225643,0.04089373,0.03140171,0.08561786,0.05633999,0.04878925,0.02137225,0.04693293,0.07608576,0.05403045,0.01721022,0.03155687,0.03958216,0.0344011,0.02878629,0.05049821,0.03995375,0.03438327,0.03760133,0.03570059,0.05085009,0.0987256,0.0727794,0.06317104,0.02505076,0.03489915,0.06466854,0.06954727,0.1167362,0.1228801,0.0462894,0.0317266,0.03569543,0.02111658,0.0250573,0.01603643,0.0382062,0.03362104,0.03712819,0.03268815,0.04560545,0.05155962,0.04718902,0.03237174,0.07580011,0.04139319,0.04111933,0.04187777,0.05218212,0.0491635,0.04027138,0.0474754,0.09592298,0.05204361,0.03251926,0.03310943,0.04380509,0.04128264,0.0479827,0.0482005,0.05578489,0.07511415,0.04479305,0.0966953,0.03144128,0.03422388,0.04893118,0.02143547,0.04306325,0.06286317,0.03648328,posteriorHippocampus,sub-S24,p,randomWalker0,freq34
0.07168861,0.05867869,0.05558808,0.06510078,0.07684264,0.06084687,0.06491987,0.07878815,0.06846384,0.07996114,0.06378237,0.05303255,0.06740776,0.06784214,0.02935725,0.05263827,0.06357371,0.03907009,0.06461545,0.06193531,0.04037665,0.02139871,0.02486513,0.05040114,0.0233121,0.02735693,0.03766591,0.02252768,0.03881893,0.02707204,0.07333285,0.08166755,0.006091663,0.07261062,0.06009307,0.06385939,0.04698233,0.08722255,0.08114796,0.0952452,0.1092831,0.1035544,0.1131481,0.1042889,0.1063368,0.1032539,0.09350754,0.1080511,0.1060341,0.1034054,0.04385361,0.04291189,0.0420749,0.005345697,0.04597395,0.03247771,0.05298069,0.04456614,0.04033978,0.04701452,0.06398057,0.06669469,0.06859384,0.06315919,NaN,0.06508613,0.06068743,0.06050392,0.06537986,0.05681794,0.08705785,0.05729716,0.03551253,0.07372625,NaN,0.07358436,0.03705041,0.04336441,0.07766332,0.06025482,0.07028236,0.04870313,0.05918844,0.06019224,NaN,0.07349171,0.07415098,0.07495948,0.07354178,0.07279767,0.05205912,0.05799938,0.08809636,0.0207654,NaN,0.05124685,0.07008455,0.08256362,0.05429837,0.04937131,0.02800524,0.02186242,0.02180165,0.07946336,NaN,0.0261633,0.01716874,0.02111031,0.02283345,0.02026391,0.06604139,0.04497658,0.03294748,0.003107212,NaN,0.05849392,0.06361949,0.05177881,0.08080258,0.03141421,anteriorHippocampus,sub-S24,p,randomWalker1,freq34
0.04799013,0.03437933,0.02813874,0.03624102,0.05555812,0.04065672,0.05577683,0.05310968,0.04344884,0.05337161,0.03211205,0.03039476,0.03431814,0.03102463,0.005688728,0.03272575,0.03683707,0.02480997,0.03459775,0.04028424,0.0300328,0.03085977,0.03336968,0.02019309,0.0338502,0.03734169,0.03808785,0.03458893,0.03360453,0.03445447,0.05161535,0.05272618,0.03734267,0.04727992,0.04362584,0.04723277,0.04248602,0.05760429,0.05501155,0.06180767,0.09843466,0.07958163,0.1165732,0.07420567,0.08182289,0.0841674,0.1136121,0.0871142,0.09458835,0.07322799,0.05055428,0.02040845,0.03475671,0.02505925,0.03024203,0.02000274,0.03473588,0.04140859,0.06282235,0.04849064,0.03312834,0.03783583,0.04176876,0.02837035,NaN,0.04219448,0.03720503,0.03703625,0.03519772,0.05242108,0.1133955,0.08966863,0.03356929,0.1118201,NaN,0.1189128,0.0472554,0.06427799,0.1190709,0.08359876,0.0314085,0.06452497,0.01558328,0.0183861,NaN,0.06903037,0.04068144,0.06394301,0.03858149,0.08134041,0.04874926,0.03839856,0.1344965,0.01855614,NaN,0.03828659,0.0462449,0.06006582,0.0467497,0.04120647,0.04526237,0.0355237,0.03198852,0.08851677,NaN,0.03892883,0.03283616,0.03523166,0.03548288,0.04616654,0.06095935,0.07169644,0.03193038,0.008272235,NaN,0.08738066,0.06387239,0.0569506,0.09761863,0.04061585,posteriorHippocampus,sub-S24,p,randomWalker1,freq34
0.06903259,0.05260434,0.06778666,0.05873159,0.07813503,0.05288985,0.06425524,0.1006638,0.07159476,0.07356292,0.06133721,0.05218054,0.06737796,0.05825451,0.04807003,0.06140238,0.06521118,0.06517393,0.06601966,0.05687738,0.05028207,0.06584076,0.03153148,0.05922358,0.03891736,0.04441682,0.03928766,0.036297,0.04110157,0.07622057,0.1107588,0.05938688,0.01810516,0.09012464,0.01694771,0.05930331,0.01960179,0.1099088,0.01878496,0.06603988,0.1200063,0.08688719,0.1066654,0.09870853,0.1129439,0.08864764,0.1156656,0.1126817,0.1123704,0.104944,0.03568025,0.04323928,0.004589318,0.03532728,0.01983866,0.03983205,0.05338528,0.0993625,0.05059808,0.04904043,0.05955673,0.0606093,0.06732134,0.03756427,0.1150215,0.06629636,0.06488281,0.06923086,0.06503016,0.05598763,0.08786076,0.03799306,0.05134271,0.06319614,0.1150214,0.04398286,0.05860617,0.04635984,0.07475897,0.06121946,0.0699521,0.06643239,0.0622516,0.07146195,0.1150215,0.07645818,0.06940647,0.06618449,0.07244642,0.07389877,0.05172037,0.04463248,0.06308702,0.06787336,0.1150214,0.05748735,0.07170749,0.0596493,0.05171891,0.05646012,0.03674497,0.04157637,0.02937454,0.05008982,0.1150213,0.04684262,0.03003752,0.02507616,0.0302603,0.06459235,-0.01047604,0.02697712,0.03890116,0.05317159,0.1150215,0.02903503,0.04363901,0.04220174,-0.004253041,0.04959654,anteriorHippocampus,sub-S24,p,randomWalker2,freq34
0.04316979,0.03481956,0.05430077,0.03536868,0.06267417,0.03133575,0.04910637,0.06970782,0.04683001,0.04454731,0.02436109,0.03576683,0.02880783,0.0190364,0.01117338,0.0499632,0.04305458,0.03024799,0.03379381,0.04231279,0.0287257,0.06005251,0.04089012,0.01392883,0.0105096,0.04935539,0.04188715,0.02691133,0.0359483,0.1135686,0.08992404,0.04117814,0.03122642,0.05703255,0.03059855,0.0406896,0.03325121,0.07108139,0.03486888,0.04608493,0.1077452,0.06531227,0.1197306,0.07335915,0.1066748,0.06355011,0.1249758,0.08777555,0.09394312,0.0757352,0.04540448,0.02161944,0.02981049,0.03642115,0.03360378,0.01585765,0.04857298,0.09664281,0.07191534,0.02789086,0.02945758,0.03338997,0.04217186,0.07008626,0.1417078,0.04487649,0.03821197,0.03318277,0.03553032,0.03775067,0.1435761,0.02791182,0.03114512,0.08335366,0.1417076,0.03106887,0.04614944,0.02575824,0.109217,0.07105409,0.03997201,0.04061789,0.0246082,0.06286144,0.1417078,0.06630106,0.03700111,0.02789815,0.04052007,0.03884573,0.04473975,0.01935983,0.05025038,0.07613491,0.1417078,0.03091282,0.07514895,0.04698128,0.03989383,0.0436346,0.06184155,0.04233656,0.03017092,0.06372495,0.1417077,0.04454974,0.04018008,0.03091032,0.04931392,0.0800748,0.001194619,-0.005839973,0.03115226,0.07923462,0.1417078,-0.002920508,0.03158038,0.03545624,0.008355311,0.0493832,posteriorHippocampus,sub-S24,p,randomWalker2,freq34
0.05110161,0.05915623,0.06045753,0.05471369,0.09633877,0.0588433,0.03985083,0.08615537,0.05945695,0.0710487,0.06494469,0.02642721,0.05450158,0.0550509,0.03977382,0.06333138,0.05820777,0.06418706,0.0634021,0.036138,0.03439694,0.03724579,0.02625329,0.02461114,0.02459794,0.03360007,0.03336122,0.03130594,0.03483539,0.03027603,0.02545628,0.09310157,0.01460664,0.09699623,0.01422491,0.08483329,0.002684014,0.07394167,0.06160907,0.0922258,0.10627,0.1051279,0.1149259,0.1070578,0.1069855,0.1055228,0.110548,0.1104024,0.1147168,0.1053365,0.0369256,0.05384815,0.05192069,0.02642718,0.05611882,0.05896659,0.07028184,0.08210794,0.05312652,0.06861408,0.06498843,0.06217976,0.06059238,0.05004978,0.06611057,0.06311478,0.06211506,0.06424721,0.06664024,0.0608049,0.08191395,0.05387005,0.09839475,0.05004978,0.0262637,0.06951441,0.06321065,0.07503372,0.08280376,0.04513114,0.07290376,0.06594767,0.04251844,0.0500497,0.01366312,0.06513334,0.07062384,0.0631658,0.07013784,0.06342401,0.05365853,0.06317205,0.1030695,0.05004967,0.02602444,0.06506239,0.03704554,0.05738312,0.0557333,0.05452887,0.02877865,0.06858447,0.02237951,0.05004971,0.02378213,0.02245702,0.03732601,0.02452673,0.03222724,0.05389084,0.08072758,0.04056258,0.1114164,0.05004966,0.02568432,0.0446558,0.06365104,0.07022954,0.07803743,0.0454211,anteriorHippocampus,sub-S24,p,randomWalker3,freq34
0.02698775,0.03704728,0.03488828,0.03192737,0.06358285,0.03763612,0.01105311,0.05612642,0.03428532,0.0436722,0.03401108,0.04827423,0.0306054,0.01901335,0.04048292,0.03710909,0.03147831,0.03154899,0.03321559,0.04971628,0.03454122,0.05737899,0.03295784,0.07029057,0.03267445,0.02923483,0.03641123,0.03349934,0.03858617,0.04546944,0.03730413,0.05404991,0.02905828,0.06221578,0.02731784,0.04995169,0.03257573,0.03731306,0.03844629,0.05817778,0.09473947,0.08373613,0.1236637,0.07678195,0.07593133,0.08283038,0.109021,0.08401771,0.1016336,0.07848038,0.03250198,0.03337812,0.05787339,0.02636096,0.05520005,0.04097339,0.06522359,0.06365351,0.06287961,0.04830763,0.04150001,0.03745195,0.04287747,0.009447888,0.01944498,0.04117653,0.03062248,0.03251151,0.038337,0.09670269,0.117324,0.07280923,0.1087677,0.009447888,0.03496721,0.06607436,0.04298264,0.1086546,0.1180092,0.05677605,0.04018375,0.02756998,0.03522637,0.009447898,0.0318076,0.02578888,0.0338009,0.02370225,0.0328294,0.05820173,0.04308585,0.04652911,0.08394374,0.0094479,0.04311431,0.04457506,0.02248907,0.04081682,0.04449736,0.05520095,0.03880646,0.1228321,0.0293509,0.009447803,0.0313266,0.03047175,0.03399749,0.03706225,0.04360837,0.1082491,0.05832902,0.03996504,0.1126893,0.009447915,0.03391713,0.009215918,0.05837489,0.05735299,0.0713117,0.04115561,posteriorHippocampus,sub-S24,p,randomWalker3,freq34
0.0590274,0.05375593,0.04271848,0.05426809,0.09142943,0.05521611,0.05280668,0.08622611,0.06352083,0.07252412,0.0633089,0.04319035,0.05645319,0.06419747,0.05273344,0.05900144,0.06033314,0.05705877,0.06132679,0.05009073,0.0328744,0.03540977,0.02122464,0.02808295,0.02110747,0.02369205,0.02947239,0.02287726,0.02909316,0.03501293,0.07789683,0.04914762,0.01458606,0.05588656,0.02960856,0.0482825,0.001099597,0.08008056,0.06953496,0.05872638,0.1049474,0.102201,0.08098849,0.06883001,0.1065968,0.09668662,0.1005167,0.1043296,0.1018789,0.1039992,0.04565077,0.05236679,0.02695227,0.02958636,0.03550411,0.05445283,0.05227016,0.09492555,0.05502602,0.04748416,0.06514023,0.06247589,0.06743579,0.06475043,0.05602099,0.06227751,0.06502343,0.06435745,0.06478348,0.04726558,0.0682864,0.05173944,0.02956183,0.03202815,0.0560211,0.07532274,0.06883351,0.07710607,0.07650889,0.02555119,0.06774373,0.06207237,0.06958971,0.06139523,0.05602103,0.06898575,0.06717094,0.06848423,0.06880689,0.05825714,0.04919992,0.03559204,0.09926789,0.04733675,0.05602107,0.05191443,0.03114308,0.07492341,0.04920186,0.0266203,0.02864577,0.05848167,0.01881074,0.01579886,0.05602099,0.02667406,0.02460814,0.02153311,0.02522697,0.03350538,0.09527177,0.1281513,0.01904894,0.02628082,0.05602104,0.0802828,0.0653744,0.02940657,0.08672337,0.0892459,anteriorHippocampus,sub-S24,p,randomWalker4,freq34
0.03942675,0.03541868,0.02766488,0.03895677,0.05490496,0.03590633,0.0437255,0.05722395,0.0413283,0.04594563,0.03122298,0.009383382,0.03156812,0.027457,0.03409908,0.0312215,0.0341418,0.02511719,0.03415864,0.03076486,0.03336028,0.04980149,0.03176064,0.01641671,0.03162158,0.03555299,0.0320516,0.03286194,0.03528675,0.04372153,0.05476664,0.036077,0.03148987,0.04810153,0.01396428,0.03633264,0.0295873,0.05062387,0.04660442,0.04050297,0.09368607,0.08635944,0.06736935,0.05567331,0.08178928,0.07627148,0.08169083,0.07640827,0.08345298,0.07533491,0.03788083,0.03436769,0.03549006,0.030096,0.05526802,0.03178496,0.04889897,0.06985307,0.06562756,0.03143133,0.03413617,0.02737201,0.03338444,0.02455193,0.05136922,0.03551019,0.03479388,0.03272461,0.03555315,0.05250962,0.09558434,0.07391256,0.04899062,0.01930161,0.05136942,0.1071832,0.04386446,0.1049371,0.120863,0.02069484,0.03308243,0.02563194,0.03202377,0.02031753,0.05136926,0.03857314,0.03386622,0.03293807,0.03649259,0.0275303,0.03745436,0.02475591,0.08328521,0.03536226,0.05136913,0.04161227,0.05467078,0.06071342,0.04326077,0.01780289,0.04379408,0.09266182,0.03125026,0.03095551,0.05136919,0.04537344,0.02972786,0.03366887,0.03932728,0.03999976,0.0734456,0.09618918,0.03548121,0.02446819,0.05136927,0.1434425,0.06200565,0.05721341,0.07265554,0.06408723,posteriorHippocampus,sub-S24,p,randomWalker4,freq34
0.07469606,0.05814005,0.06333471,0.05446272,0.08352698,0.05781955,0.056372,0.08800592,0.06665345,0.07849759,0.0663677,0.02079817,0.06805394,0.06962223,0.05574322,0.02691493,0.06532741,0.05401818,0.06592336,0.05992443,0.03664019,0.07350171,0.02796513,0.05118481,0.02603555,0.0392576,0.03965179,0.03076305,0.03517422,0.04649765,0.06398515,0.08861894,0.01471461,0.09925918,0.01894474,0.04816828,0.01518275,0.08863501,0.08036505,0.09949539,0.1034448,0.09260787,0.09487169,0.08117621,0.1071917,0.09611916,0.05874048,0.1076596,0.09710956,0.09865608,0.04221858,0.05598576,0.03767434,0.02110741,0.07789857,0.04788891,0.06764317,0.03739827,0.05766896,0.0663209,0.06478795,0.06323378,0.06593226,0.05919583,NaN,0.05078788,0.06905995,0.07095298,0.0640669,0.05273917,0.08099698,0.02030334,0.03201424,0.03069666,NaN,0.09420069,0.08112591,0.0970578,0.0734858,0.06217283,0.0734316,0.06119195,0.0714609,0.05731553,NaN,0.07491001,0.07104692,0.07290202,0.07330482,0.07326993,0.04177905,0.01027983,0.05072916,0.03448032,NaN,0.081873,0.0328765,0.07816784,0.05674699,0.0651693,0.03031853,0.08630054,0.02583889,0.02591569,NaN,0.03784949,0.03419973,0.07589643,0.02567065,0.02006763,0.06474093,0.09021939,0.04939199,0.06010497,NaN,0.08718305,0.08819585,0.06839599,0.06314106,0.05090738,anteriorHippocampus,sub-S24,p,randomWalker5,freq34
0.04893529,0.04154361,0.03368409,0.03567779,0.0688541,0.04076451,0.05623836,0.05973444,0.04250049,0.0516941,0.03669454,0.0197905,0.02925077,0.02490707,0.02186452,0.06127365,0.04092813,0.03576089,0.038948,0.05377778,0.04081779,0.1607544,0.03572703,0.05112779,0.03564719,0.06635652,0.04359237,0.04516151,0.04416322,0.07652317,0.04980419,0.05689444,0.03252431,0.06491484,0.03094762,0.03969663,0.03149588,0.0616804,0.05848928,0.065047,0.0877872,0.0749317,0.07678767,0.09701454,0.08375894,0.07878704,0.09844351,0.08442284,0.08570563,0.07300385,0.03324185,0.03416826,0.05275482,0.06622525,0.05727455,0.03154734,0.05066261,0.04534533,0.05785871,0.04830279,0.03904566,0.02099955,0.03931085,0.02135879,NaN,0.04561687,0.03567954,0.03946277,0.0394807,0.02524264,0.1283656,0.07041281,0.02042525,0.08205269,NaN,0.08687643,0.08231536,0.1373287,0.1210629,0.1314567,0.03311493,0.01836058,0.03296122,0.01606392,NaN,0.03798091,0.02811515,0.03285147,0.03359277,0.03546157,0.03335103,0.02077489,0.02785582,0.01547684,NaN,0.06427018,0.02043458,0.08692367,0.04420502,0.07600995,0.05156429,0.1112501,0.03608705,0.03753934,NaN,0.03183233,0.04241973,0.1133715,0.04489774,0.03226271,0.07995207,0.09169444,0.06124846,0.1310717,NaN,0.0814781,0.1104653,0.1671509,0.08883836,0.106451,posteriorHippocampus,sub-S24,p,randomWalker5,freq34
0.05852426,0.05111255,0.03907271,0.03242607,0.07987275,0.05880223,0.03195924,0.08167433,0.06210474,0.07007065,0.05415773,0.02487317,0.06234067,0.06147978,0.03681519,0.03043527,0.05356346,0.05528626,0.05793691,0.03832534,0.03267051,0.03529063,0.02480451,0.0530468,0.02326313,0.02439408,0.02844459,0.02972351,0.03023187,0.03416666,0.1178079,0.07960283,0.01236737,0.07469731,0.06073536,0.09125672,0.01521847,0.1005772,0.08829673,0.1012184,0.1081024,0.09477728,0.09641802,0.103688,0.09926528,0.1032654,0.06707118,0.1046764,0.1039768,0.1032244,0.06919412,0.04734125,0.05199618,0.03201953,0.03931568,0.05238195,0.04603477,0.04242447,0.04310495,0.03365488,0.06286503,0.06180098,0.06177752,0.05342003,NaN,0.06101914,0.04466254,0.0646885,0.06325558,0.03967261,0.0810793,0.07520504,0.06928087,0.07312118,NaN,0.06717134,0.05648137,0.09610064,0.0831062,0.02333149,0.06820949,0.07212362,0.05333814,0.0625773,NaN,0.06732652,0.05826898,0.07356476,0.07102246,0.01519295,0.04041594,0.04765064,-0.0008170403,0.002214744,NaN,0.06435509,0.05284638,0.06693545,0.05074921,0.02152181,0.03095506,0.01747561,0.03750556,0.1034809,NaN,0.01919165,0.03156634,0.01828351,0.0260496,0.06746248,0.07478046,0.05769103,0.0802709,0.06215063,NaN,0.04611741,0.05424305,0.08355454,0.06977598,0.07474716,anteriorHippocampus,sub-S24,p,randomWalker6,freq34
0.0412714,0.03619201,0.004318998,0.01954859,0.054098,0.0376361,0.04629637,0.0542642,0.03891585,0.0444343,0.02852033,0.04668216,0.02723567,0.02586134,0.03505906,0.03372508,0.03795008,0.03051454,0.03234103,0.0370653,0.03728014,0.05005502,0.03088707,0.04637391,0.03236978,0.03278438,0.03365507,0.02079902,0.03382555,0.04675573,0.1107912,0.05325545,0.02703174,0.04433343,0.05726562,0.06082609,0.03017892,0.05857121,0.0630811,0.07387936,0.1198215,0.07534156,0.07289807,0.07338881,0.06864142,0.08108046,0.08818313,0.07656104,0.08775239,0.07410029,0.1104514,0.03040292,0.04557142,0.06679312,0.0493477,0.0317242,0.03826514,0.03354388,0.05248749,0.01574951,0.03083747,0.02869432,0.02616082,0.03452101,NaN,0.03350226,0.01547529,0.03596077,0.03341406,0.01567945,0.09006174,0.09123157,0.06118213,0.07100673,NaN,0.0930349,0.0580071,0.1110905,0.1117214,0.03512052,0.03216415,0.04436679,0.03821663,0.02344261,NaN,0.04974682,0.01842191,0.04829624,0.03812367,0.06591161,0.03785073,0.02974404,0.00831107,0.01906015,NaN,0.0496011,0.04311231,0.05194075,0.04067943,0.01714952,0.03980679,0.03399414,0.03904751,0.1016931,NaN,0.03069432,0.04292268,0.03046736,0.03764171,0.1256251,0.08582651,0.08433259,0.09497567,0.0496424,NaN,0.07242946,0.082812,0.09675236,0.0918579,0.07802261,posteriorHippocampus,sub-S24,p,randomWalker6,freq34
0.06507479,0.05334309,0.06105963,0.05482334,0.08628982,0.06592752,0.06863572,0.09125449,0.06779628,0.07150646,0.06575048,0.04674994,0.06093616,0.06838672,0.02234674,0.072455,0.0625404,0.04996506,0.06472469,0.06097926,0.03736101,0.09132256,0.02763424,0.06786618,0.02333485,0.03656014,0.03047757,0.036109,0.03790559,0.04398432,0.0563664,0.04918679,0.0001303365,0.05493467,0.05537357,0.05814948,-0.007858003,0.07575566,0.05908744,0.05319897,0.105603,0.1015994,0.09761585,0.1045337,0.1053504,0.100951,0.1063819,0.1067901,0.1065586,0.1008322,0.02964442,0.04435064,0.03894243,-0.001021372,0.07652716,0.05577853,0.04322845,0.08285149,0.05442794,0.06005453,0.06734533,0.06569394,0.06259622,NaN,0.05134412,0.05255014,0.05631778,0.05614461,0.06623243,0.0666437,0.07756367,0.05195601,0.03752613,NaN,0.08783954,0.07777993,0.05464217,0.09415186,0.07900618,0.04934778,0.07371356,0.06818826,0.06950691,NaN,0.0534953,-0.01884672,0.06967024,0.07899181,0.07378038,0.06499015,0.05129714,0.05393549,0.05627114,NaN,0.07921058,0.06411741,0.0828665,0.06978194,0.05584479,0.06978729,0.03053146,0.04505708,0.02375744,NaN,0.03987542,0.02092621,0.02695005,0.01573696,0.02450583,0.02581635,0.05093789,0.05111838,0.03988821,NaN,0.06532457,0.0724328,0.04957045,0.08787755,0.05093873,0.04858388,anteriorHippocampus,sub-S24,p,randomWalker7,freq34
0.03959133,0.03492351,0.03755563,0.03388608,0.05820199,0.0423402,0.04125152,0.06114993,0.04293074,0.04579755,0.03177385,0.02778708,0.03201286,0.02683773,0.0204141,0.05955337,0.03812278,0.04783214,0.03434693,0.0354126,0.03344766,0.08846947,0.03524296,0.01655838,0.03608906,0.04602385,0.03979594,0.04908126,0.04214532,0.05962041,0.04080585,0.03533287,0.03250155,0.03678482,0.03335602,0.03962149,0.0251508,0.04578159,0.03955547,0.03890892,0.09476858,0.09676947,0.1047666,0.09627382,0.08450031,0.08334506,0.09311838,0.08467567,0.09622581,0.07771568,0.03253249,0.02626499,0.03839916,0.03260011,0.0723751,0.03372309,0.03848714,0.05868218,0.06605808,0.03799091,0.03225845,0.03067415,0.03807136,NaN,0.01334091,0.04705548,0.04257926,0.03371963,0.03403103,0.02356833,0.1033949,0.08261005,0.03727408,NaN,0.1434113,0.09211347,0.04896608,0.1314863,0.1079308,0.0684882,0.04079378,0.03225231,0.03674517,NaN,0.01541359,0.01689706,0.03224376,0.05659159,0.03961554,0.02185409,0.04188635,0.04342419,0.05777993,NaN,0.1350598,0.0423708,0.06268864,0.06062486,0.0474222,0.05455636,0.04810185,0.07563279,0.0357917,NaN,0.1051156,0.03501803,0.03705666,0.03238306,0.04344845,0.04975376,0.05050967,0.05292735,0.04197222,NaN,0.1310742,0.08545232,0.04218162,0.1179319,0.06439708,0.05064673,posteriorHippocampus,sub-S24,p,randomWalker7,freq34
0.04849045,0.06065276,0.04188824,0.05102223,0.08223134,0.06195947,0.08157943,0.08248059,0.06767125,0.06772369,0.06641258,0.04130953,0.06513762,0.06863365,0.04817866,0.05748991,0.06326775,0.0427349,0.06577159,0.04517015,0.04745528,0.05333977,0.02829508,0.03923056,0.02432813,0.03736224,0.0330548,0.02757595,0.03321882,0.03694915,0.07018458,0.0771796,0.0113377,0.07818192,0.06656218,0.05572479,0.009224572,0.0774397,0.07072712,0.08292545,0.1189126,0.1072155,0.08537646,0.09477787,0.1060223,0.1053868,0.1196857,0.1055303,0.1077146,0.1012335,0.02951337,0.05431198,0.04347715,0.03328677,0.04960056,0.05191756,0.0297759,0.0827717,0.06327883,0.05350676,0.06594283,0.02295192,0.01727889,0.0570042,0.05730246,0.04776178,0.06794225,0.06204046,0.06672671,0.02980769,0.0861105,0.04047224,0.06742575,0.02944587,0.05730246,0.04986983,0.05006525,0.07765426,0.08131685,0.05277864,0.07016704,0.07293312,0.07389124,0.07717779,0.05730243,0.0737869,0.07081727,0.07366114,0.07092344,0.06988184,0.04345956,0.04135441,0.05228038,0.05799171,0.0573026,0.04983629,0.0748567,0.04709528,0.05298201,0.0574315,0.02693299,0.06936456,0.02291146,0.0398294,0.0573025,0.04660763,0.02600726,0.02822031,0.02341582,0.02672363,0.08783846,0.04724523,0.07134226,0.01992312,0.05730249,0.04910731,0.03660085,0.09704661,0.08320357,0.04277458,anteriorHippocampus,sub-S24,p,randomWalker8,freq34
0.02760741,0.03717313,0.02157181,0.03523736,0.05901734,0.03783584,0.05514267,0.05417891,0.04457685,0.04537785,0.03453229,0.01356194,0.02609321,0.03173452,0.0247355,0.02544913,0.03340803,0.02351028,0.03081965,0.02811821,0.02768534,0.07162371,0.03324793,0.02833907,0.03069999,0.03772581,0.03141314,0.03455078,0.03127237,0.06184385,0.04409324,0.05336567,0.02871608,0.04658528,0.04251153,0.03148892,0.02995661,0.05063045,0.03607148,0.05238455,0.1138141,0.08411463,0.1118978,0.07414936,0.07943601,0.08542257,0.1141214,0.07855546,0.09096812,0.0744229,0.03320987,0.0329841,0.06433085,0.04294149,0.04815187,0.0281564,0.03118543,0.05692062,0.08569562,0.04883789,0.03269353,0.04205835,0.05537959,0.02938722,0.05117745,0.04882997,0.03282621,0.03059714,0.03248626,0.04094655,0.1238582,0.03288999,0.1167745,-0.0002566777,0.05117733,0.07136797,0.03768982,0.1087011,0.1128223,0.09347454,0.03636516,0.04821038,0.02952578,0.05807069,0.05117758,0.04962504,0.03857568,0.04621413,0.03686495,0.03773372,0.04088954,0.03034514,0.05285783,0.02868921,0.05117738,0.04471386,0.06104472,0.0369244,0.04442114,0.06145475,0.03592684,0.07422439,0.04088604,0.01915283,0.05117757,0.07203306,0.02871642,0.04599795,0.03359069,0.04491306,0.09313496,0.1009809,0.123853,-0.005767233,0.05117752,0.1377447,0.05331817,0.0790664,0.08453911,0.07085445,posteriorHippocampus,sub-S24,p,randomWalker8,freq34
0.07031761,0.06236661,0.05466516,0.04812166,0.07990698,0.0494934,0.05101141,0.08658063,0.06297965,0.07092499,0.06642033,0.03571051,0.06719821,0.06735826,0.05695985,0.06205784,0.06025328,0.06365086,0.06423346,0.05342834,0.03134601,0.07719206,0.03832167,0.04408301,0.02278632,0.02601638,0.0297778,0.02421351,0.03388757,0.03660342,0.06415338,0.06355361,0.00902894,0.05665303,0.01402228,0.04401271,-0.008490846,0.1001113,0.07254945,0.07541869,0.1100733,0.1035517,0.09160844,0.08558507,0.1092214,0.09744496,0.09735494,0.1039208,0.1094082,0.1021873,0.04284059,0.0497538,0.04446611,0.01775804,0.0359659,0.05922068,0.04786259,0.08640309,0.0606787,0.05118295,0.06674771,0.06431235,0.06349587,0.06301571,NaN,0.06770517,0.06518753,0.06585105,0.0659942,0.06648113,0.07935107,0.08289063,0.03397324,0.01673973,NaN,0.07910182,0.04308917,0.06171763,0.06953151,0.05813914,0.06955357,0.0709656,0.06775878,0.06520919,NaN,0.06452902,0.06962232,0.06980071,0.07065888,0.07209386,0.04917536,0.06480748,0.07508706,0.01896008,NaN,0.03383867,0.06247396,0.0662257,0.0524362,0.05346714,0.02674346,0.05221664,0.02407508,0.03159953,NaN,0.01880644,0.02594992,0.02222533,0.02640994,0.06938419,0.04317019,0.06306158,0.02975015,0.01424628,NaN,0.0598039,0.09543611,0.03248007,0.08792517,0.03758425,anteriorHippocampus,sub-S24,p,randomWalker9,freq34
0.04675411,0.04136736,0.03546603,0.0323025,0.07061625,0.0305463,0.02647214,0.06011457,0.04213279,0.04609939,0.03380544,0.04215396,0.03675631,0.03323408,0.02431322,0.03482268,0.03657227,0.03367815,0.03529166,0.03992372,0.0312921,0.1154493,0.04186063,0.02640527,0.03378185,0.03796906,0.03835533,0.03636285,0.03882006,0.05385674,0.042301,0.04273818,0.04112473,0.04929768,0.0281045,0.03791953,0.02238402,0.0621267,0.04493776,0.04905244,0.09790213,0.08163535,0.07616999,0.07180811,0.08773724,0.08850982,0.07027085,0.07664596,0.1010564,0.07556058,0.05734162,0.0276221,0.06635714,0.03738813,0.06159281,0.04214913,0.05623853,0.07665031,0.09034256,0.03159499,0.03659382,0.03177648,0.03751995,0.04543344,NaN,0.03041798,0.03728445,0.03037377,0.03594365,0.03892299,0.122782,0.08725939,0.03000509,0.09093172,NaN,0.1313218,0.04192523,0.09528776,0.1029401,0.06077724,0.03645151,0.03636747,0.03236027,0.03471046,NaN,0.0233859,0.03826219,0.03233243,0.03780517,0.04379394,0.03781792,0.04915426,0.05510039,0.05524736,NaN,0.02910843,0.05246731,0.06078034,0.04459589,0.03451415,0.04047108,0.06438252,0.03412612,0.0726053,NaN,0.02917364,0.03234233,0.03504729,0.03799251,0.06676539,0.04968962,0.0613145,0.03667708,0.06424089,NaN,0.1062579,0.09316944,0.01516793,0.06775277,0.03487208,posteriorHippocampus,sub-S24,p,randomWalker9,freq34
0.04307192,0.03039825,0.01048335,0.01151087,0.05732776,0.03108563,0.04873369,0.05493203,0.04804119,0.03416165,0.06288816,0.06396279,0.05986834,0.04367083,0.05677592,0.1057874,0.07919858,0.06322066,0.0695147,0.09773494,0.08091985,0.09766532,0.07410984,0.08010127,0.06826118,0.07829169,0.08263046,0.07334171,0.07684352,0.09578928,0.03784114,0.03227908,0.1061959,0.02876021,0.09643678,0.03511864,0.0828621,0.04807631,0.05594682,0.03531568,0.0817574,0.06773989,0.06274654,0.04886419,0.06642826,0.06394503,0.07667779,0.07862753,0.08110712,0.06220527,-0.001212973,0.02215506,0.1222007,0.03191603,0.08359311,0.0157491,0.09493484,0.04874509,0.02086598,0.02012655,0.06370319,0.07681332,0.06417613,0.05154565,0.09408416,0.07558539,0.07700062,0.0183392,0.07409996,0.06683759,0.1227298,0.03698053,0.08078768,0.06836641,0.08569006,0.02784532,0.09586561,0.05880085,0.1299794,0.03253223,0.05801951,0.05671365,0.03700182,0.05069502,0.02701001,0.06400621,0.06134015,0.07064955,0.05947166,0.07764489,0.03901536,0.03712833,0.02642254,0.02648472,0.055168,0.03177559,0.03060221,0.0359391,0.03960887,0.03930081,0.08742263,0.06923262,0.09186196,0.07443197,0.08600523,0.1015235,0.08382477,0.09376144,0.09299647,0.03636517,0.037359,0.02148686,0.1028173,0.07467454,0.08653497,0.0139637,0.1109846,0.02436188,0.03462135,0.02434395,anteriorHippocampus,sub-S27,p,randomWalker0,freq34
0.03512486,0.02196011,0.01225994,0.007693923,0.04895318,0.02500457,0.04450217,0.04760474,0.03990693,0.02505421,0.04297199,0.0331401,0.04460698,0.03417074,0.05232119,0.08504623,0.06867061,0.04976496,0.05355582,0.07667886,0.07504251,0.09751733,0.06631347,0.07049237,0.06630354,0.07391675,0.07720076,0.06970387,0.07118198,0.09178107,0.01415111,0.02587308,0.07084339,-0.001833308,0.07334088,0.02725897,0.07187004,0.04311386,0.02225207,0.01461508,0.07205926,0.05913346,0.05395218,0.04230691,0.05999579,0.05733413,0.07016993,0.07015816,0.07210771,0.05672469,-0.0003303917,0.007606832,0.08876019,0.05503006,0.08433884,0.007307831,0.08914461,0.02849808,0.01045209,0.01222817,0.04928436,0.04458154,0.04722172,0.04674947,0.07532377,0.03858849,0.06275999,0.005055054,0.05396198,0.04500774,0.1151707,0.03796438,0.06302116,0.06388419,0.07232781,0.02577771,0.08983917,0.04918327,0.1131559,0.04149079,0.03455179,0.03107231,0.01601726,0.02376906,0.03620639,0.03882049,0.03671386,0.05228002,0.03693307,0.05152473,0.03741981,0.02986663,0.03107329,0.03514271,0.05931722,0.02580793,0.03054106,0.0331751,0.03520126,0.03994768,0.0827847,0.0802632,0.08280053,0.07141473,0.07164579,0.08370813,0.07635299,0.08073731,0.08418912,0.04652353,0.05796623,0.02736853,0.09682459,0.07174523,0.07224233,0.02202091,0.05746585,0.01784432,0.03042851,0.04273142,posteriorHippocampus,sub-S27,p,randomWalker0,freq34
0.04317806,0.0340329,0.02941303,0.04276428,0.04460648,0.03399498,0.02331052,0.05208927,0.04256787,0.05414419,0.06222361,0.05066282,0.06357337,0.04318923,0.06604941,0.08079901,0.0754052,0.08789947,0.06930037,0.08107252,0.07898837,0.07624496,0.07468663,0.05112422,0.07688276,0.07341455,0.07839108,0.07867078,0.07737111,0.07454475,0.04377687,0.0559243,0.08624567,0.04599131,0.03347606,0.03517551,0.006565928,0.04990733,0.04616621,0.06251604,0.07470979,0.07739531,0.08741663,0.07616287,0.08125817,0.07246476,0.06755422,0.08332081,0.07889009,0.07698866,0.01148619,0.01758644,0.08794298,0.01830565,0.05046515,-0.007808296,0.08224498,0.000352215,0.01888726,0.02799048,0.06401922,0.06503718,0.07241034,0.04703897,NaN,0.0786768,0.0726807,0.07712402,0.065261,0.09730902,0.1225633,0.09964001,0.08048548,0.08378819,NaN,0.08186658,0.1116792,0.114371,0.119353,0.0479822,0.04691657,0.05394691,0.01181324,0.01521117,NaN,0.08746058,0.05883022,0.0712937,0.05376771,0.09449723,0.03532749,0.03635417,0.07832019,0.02273845,NaN,0.0277248,0.04103367,0.05577511,0.03611195,0.0457568,0.09596608,0.09359956,0.07590992,0.09019791,NaN,0.0838886,0.09024601,0.08560143,0.09031825,0.09255154,0.04174926,0.09839039,0.07538981,0.07220654,NaN,0.08936719,0.07249667,0.05624589,0.07680797,0.0278333,anteriorHippocampus,sub-S27,p,randomWalker1,freq34
0.03333379,0.0248039,0.02293865,0.03230865,0.03624848,0.02538074,0.02450636,0.04014394,0.0319902,0.04162209,0.0478477,0.04441773,0.0406787,0.03387739,0.03423904,0.06930663,0.06061993,0.06836554,0.05285794,0.06603745,0.06716981,0.06731937,0.06648695,0.04861975,0.06775933,0.06921021,0.07318224,0.0697806,0.07001612,0.06903128,0.03120382,0.04612615,0.06739541,0.03806525,0.02799191,0.03093682,0.002669859,0.04162562,0.03617346,0.05208913,0.05863119,0.06148287,0.06944735,0.06052459,0.06486271,0.05722679,0.05548305,0.06663274,0.06278858,0.06129785,-0.00380743,0.003264051,0.0614715,0.0364018,0.0259991,-0.0244098,0.06762071,-0.02172859,0.02127789,0.03175784,0.04576838,0.04872392,0.04793808,0.0401189,NaN,0.0592297,0.06074697,0.05841866,0.04717022,0.07218677,0.1026039,0.06866062,0.06257796,0.09579327,NaN,0.09166194,0.08479825,0.09457175,0.108633,0.05026099,0.02540338,0.05900497,-0.003388272,-0.00174209,NaN,0.06752936,0.03723008,0.05665043,0.03082453,0.07752796,0.03083456,0.02358346,0.05900115,0.03861176,NaN,0.01977755,0.02898774,0.04132517,0.028797,0.04000165,0.08436068,0.07446611,0.06626793,0.08582765,NaN,0.07459579,0.07324166,0.07237678,0.07629546,0.08019103,0.05482259,0.07333946,0.06015979,0.05673903,NaN,0.1033023,0.07983355,0.06936931,0.1143664,0.03858064,posteriorHippocampus,sub-S27,p,randomWalker1,freq34
0.04360161,0.0284248,0.03417401,0.03547514,0.03935023,0.02771794,0.0359593,0.06979426,0.04539729,0.04685912,0.04068524,0.04928466,0.04115485,0.01042343,-0.0054412,0.0921727,0.07897498,0.0445023,0.06310216,0.08659603,0.07360769,0.09415237,0.07474517,0.006084315,0.04279475,0.09079553,0.08329608,0.0785547,0.07923215,0.09595256,0.09931142,0.03438763,0.08739661,0.05762958,0.08836788,0.0334041,0.08551704,0.07115789,0.10794,0.09415434,0.08657873,0.04569332,0.07330922,0.06181021,0.07944945,0.04968093,0.08403252,0.08267509,0.07730254,0.07046955,0.01100117,0.01970898,0.08641632,0.0250475,0.08952159,0.01379532,0.101755,0.070532,0.02550111,0.03571916,0.06340744,0.03108334,0.07006707,0.07130513,0.08763707,0.07790539,0.07187273,0.04683345,0.06605075,0.07223449,0.1093831,0.02026434,0.07425594,0.04475674,0.08763709,0.02242667,0.1006328,0.07927335,0.1283075,0.0264743,0.02961113,0.02091713,0.01685095,0.06293211,0.08763713,0.05377434,0.05686662,0.03705417,0.04938546,0.02570255,0.03494623,0.02319128,0.01096094,0.0487459,0.08763705,0.03147859,0.04404952,0.02337802,0.03281293,0.03342224,0.1038383,0.04337016,0.07523613,0.02765223,0.08763702,0.0550433,0.08786882,0.07885069,0.09722319,0.05121233,0.07502067,0.005811492,0.07744312,0.03809525,0.08763696,0.001499696,0.08546994,0.07748038,0.08072307,0.01918769,anteriorHippocampus,sub-S27,p,randomWalker2,freq34
0.03526074,0.019906,0.0204998,0.02586483,0.03314721,0.02107377,0.02968615,0.05935384,0.03613836,0.03931707,0.01658771,0.02798858,0.02210011,0.0001862587,-0.009940085,0.07053359,0.06175951,0.03237562,0.04206576,0.0636325,0.04867002,0.08506633,0.06750246,-0.004313596,0.01923911,0.08407371,0.07652378,0.06576059,0.06636475,0.1314731,0.06115975,0.02681385,0.06980485,0.05165875,0.06991968,0.02371112,0.07009839,0.05915784,0.07392062,0.05487626,0.07451484,0.04096664,0.05952396,0.05279225,0.07627443,0.04441238,0.06914797,0.07053316,0.06609751,0.06006321,0.01774459,0.009060949,0.06092704,0.02393702,0.06612463,0.005798738,0.08600485,0.05813841,0.03727313,0.02938541,0.03626585,0.01921807,0.05316772,0.05929784,0.06605532,0.05558572,0.0516108,0.03049441,0.04403863,0.04919716,0.1057441,0.01565553,0.05739333,0.0387362,0.06605528,0.01977075,0.08368441,0.06232499,0.1145315,0.02852482,0.01645165,0.01405844,0.001940425,0.04624442,0.06605525,0.04223303,0.03005728,0.01443277,0.02587507,0.00677878,0.03051174,0.01503021,0.006919666,0.03986859,0.06605534,0.02342938,0.03691349,0.01299456,0.02718662,0.02697528,0.09528106,0.001013112,0.0665051,0.02363376,0.06605528,0.01887415,0.07946794,0.06773902,0.08733229,0.04662376,0.04668637,0.003736638,0.06490149,0.03531289,0.06605536,-0.0006315041,0.04569835,0.05935552,0.0486974,0.02372774,posteriorHippocampus,sub-S27,p,randomWalker2,freq34
0.03018483,0.037748,0.0393568,0.03327111,0.06377245,0.03695995,0.02161066,0.05637965,0.03775911,0.04847159,0.07081201,0.07357792,0.07758474,0.009094259,0.09143922,0.07518426,0.07422291,0.06746478,0.07002068,0.1222453,0.07733496,0.08819406,0.07697444,0.03904885,0.07533669,0.07400572,0.08062474,0.08099078,0.07985203,0.07722063,0.1025726,0.05779288,0.0931369,0.06239845,0.09048147,0.05633512,0.1095864,0.05178512,0.07433061,0.05946428,0.06738724,0.06412788,0.08405059,0.07158358,0.07537866,0.06487805,0.07188407,0.07635789,0.07870628,0.07255252,0.0175455,0.02977502,0.1005312,0.01874731,0.1015126,0.04371057,0.03121246,0.05216993,0.03511966,0.0512103,0.08010684,0.05824595,0.08039318,-0.003927797,0.03955773,0.05268963,0.0358522,0.05110291,0.06687829,0.07772481,0.1348053,0.03942938,0.1182802,-0.003927804,0.0823298,0.04328429,0.09504067,0.08635805,0.1227301,0.0303516,0.05894304,0.04002407,0.06782039,-0.003927811,0.06049927,0.03835975,0.03335972,0.0276052,0.04544208,0.06507487,0.03072001,0.04295243,0.06485657,-0.003927854,0.0920336,0.04082451,0.01138118,0.0388074,0.03456614,0.03423874,0.08771423,0.07741688,0.08115014,-0.003927809,0.07935791,0.102109,0.08766932,0.09127355,0.09200458,0.03553721,0.02627136,0.005858495,0.102163,-0.003927929,0.08091619,0.02776432,0.1089508,0.03732384,0.02719105,0.01206478,anteriorHippocampus,sub-S27,p,randomWalker3,freq34
0.01924068,0.02700914,0.03196668,0.02321685,0.05401903,0.02724849,0.01464445,0.04765988,0.0264503,0.03770657,0.04626366,0.01523974,0.06001399,0.001274434,0.07599921,0.05597431,0.06277811,0.04630851,0.05389573,0.08425163,0.07222222,0.08800476,0.07051219,0.0650522,0.06875714,0.06884248,0.07405155,0.07321815,0.07595683,0.07671048,0.04167689,0.04400421,0.07232731,0.05236803,0.07219958,0.04531178,0.06998364,0.03118007,0.03082682,0.05018553,0.05569632,0.05320834,0.07198142,0.05999062,0.06322175,0.05387365,0.0598014,0.06368633,0.06532349,0.06065901,0.02242991,0.01109557,0.07772482,0.02501883,0.08619414,0.02767098,0.04112258,0.0364444,0.0281414,0.0332641,0.05409704,0.03373821,0.06606766,-0.008383089,0.03113453,0.03652814,0.03720796,0.02754821,0.04651008,0.05348898,0.1162247,0.03406977,0.09555115,-0.008383142,0.07229793,0.02310367,0.08689605,0.07568119,0.105095,0.0300704,0.03396437,0.01544432,0.05852346,-0.008383055,0.07415505,0.01344376,0.02643027,0.007752771,0.02291622,0.04228551,0.03102484,0.03142634,0.05051802,-0.008383089,0.07932093,0.02794397,0.01138999,0.03640125,0.03094969,0.02671429,0.0798664,0.1055313,0.0707479,-0.008383128,0.07016448,0.07721464,0.07934529,0.08115472,0.08555814,0.05845196,0.01909764,0.02852851,0.08710958,-0.008383025,0.07178492,0.0003050646,0.1012986,0.02951243,0.02523162,0.02836818,posteriorHippocampus,sub-S27,p,randomWalker3,freq34
0.04068593,0.0356235,0.02548295,0.03061596,0.06486014,0.03632108,0.04606591,0.06307764,0.0445934,0.05343596,0.06355454,0.01580275,0.07533134,0.04411667,0.07847061,0.07365125,0.07548231,0.06549596,0.07577723,0.07944125,0.08778533,0.08544628,0.08045517,0.07413019,0.07765847,0.08186768,0.08291919,0.08121458,0.08481393,0.08921785,0.05104171,0.02990184,0.07530595,0.0274677,0.02391805,0.03052525,0.09737092,0.05680786,0.04275778,0.038807,0.07159539,0.06669425,0.04677983,0.0353476,0.08048908,0.06212136,0.07418095,0.07597797,0.07168688,0.07444215,0.02688454,0.03229377,0.09678398,0.009085072,0.09838788,0.02981845,0.09535015,0.06340717,0.03415776,0.03369328,0.05675899,0.03304681,0.05580868,0.03088289,0.09930658,0.07150044,0.06546135,0.06370191,0.0673018,0.07327987,0.06072851,0.04062366,0.1043127,0.08976217,0.09930656,0.1359272,0.07687689,0.129645,0.1214559,0.01858304,0.04600311,0.02932744,0.04059687,0.02171021,0.09930656,0.06276228,0.05540005,0.04662544,0.05534529,0.03242934,0.03252846,0.02362607,0.05992473,0.02219873,0.09930653,0.04024453,0.02058675,0.05331057,0.03486329,0.0204745,0.09775819,0.1051033,0.08451535,0.09132691,0.09930678,0.0889274,0.08305205,0.08466589,0.0912997,0.01436032,0.07299224,0.08949424,0.09454218,0.09527964,0.09930662,0.1023076,0.09664305,0.1119688,0.08392351,0.05366415,anteriorHippocampus,sub-S27,p,randomWalker4,freq34
0.02560671,0.02329901,0.01384278,0.01733509,0.05606914,0.0257446,0.03231027,0.05112106,0.03057991,0.03989927,0.04062508,0.0082033,0.05466878,0.03047979,0.058887,0.05409097,0.05801314,0.04568843,0.05455333,0.05008635,0.0714385,0.08198504,0.06966809,0.06248369,0.06719019,0.07178435,0.07168145,0.07037804,0.07317587,0.07718394,0.03290561,0.01269464,0.01576565,0.02776312,0.02460182,0.01984365,0.07294793,0.04693291,0.02678833,0.02704675,0.05889699,0.05468686,0.03623125,0.03110244,0.0702747,0.05150616,0.06184116,0.06412555,0.05922408,0.06288057,0.01568824,0.01335352,0.07414483,0.007406645,0.08263201,0.006200894,0.08242935,0.03811981,0.02651999,0.02133012,0.0387513,0.01893039,0.03812851,0.01838514,0.07489542,0.05205958,0.04745689,0.03970033,0.04640303,0.06625648,0.04826843,0.0297939,0.08254167,0.06136587,0.07489545,0.1106063,0.0695306,0.0952838,0.1075548,0.01613973,0.02374939,0.01062113,0.02295588,0.009252997,0.07489563,0.04191425,0.0316993,0.02557272,0.03152271,0.009736978,0.02358748,0.01156318,0.03804628,0.006989009,0.07489546,0.03011831,0.04055432,0.03508167,0.02803991,0.01772872,0.08444888,0.1117933,0.07109188,0.07319103,0.07489537,0.08088779,0.07237898,0.07321651,0.07974725,0.01690612,0.06659456,0.08067431,0.07761818,0.06949064,0.07489555,0.1208857,0.09620692,0.09439425,0.08494101,0.05204076,posteriorHippocampus,sub-S27,p,randomWalker4,freq34
0.04532425,0.0302068,0.03440972,0.03144615,0.06500234,0.03017925,0.03428852,0.06161559,0.0387652,0.04861343,0.07140609,0.0182662,0.05574969,0.02921182,0.07235523,0.06925564,0.08029942,0.07536081,0.07794365,0.1026696,0.08723743,0.0580419,0.07584123,0.07620014,0.07826524,0.07986419,0.08470823,0.08942568,0.08640431,0.09211077,0.05498945,0.06038857,0.09459441,0.06932603,0.08371825,0.0244691,0.08687137,0.09208579,0.07911099,0.06789583,0.06480897,0.05061999,0.07083984,0.0629193,0.0811079,0.0584655,0.04987121,0.07970607,0.06667907,0.06197983,0.006947208,0.02637568,0.1038001,0.02930991,0.07577454,0.01723669,0.08720028,0.02560679,0.0276704,0.03999316,0.07184534,0.02099897,0.06998982,0.006173638,NaN,0.06940691,0.06077572,0.05899205,0.06796334,0.05807873,0.1278666,0.03583561,0.08755267,0.01423909,NaN,0.0581759,0.1062573,0.08054911,0.1177237,0.08361115,0.04295361,0.02032518,0.04039315,0.001140065,NaN,0.05068859,0.03807298,0.04344193,0.04591619,0.03060776,0.02515881,0.007046893,0.02048539,0.01758651,NaN,0.05177286,0.0164524,0.06293526,0.03379786,0.03901565,0.0944491,0.07089856,0.08628304,0.08041111,NaN,0.07121293,0.08601183,0.1063778,0.09685671,0.08670752,0.05629954,0.06775544,0.08027681,0.07831018,NaN,0.04397218,0.1094482,0.07973582,0.06150187,0.08143177,anteriorHippocampus,sub-S27,p,randomWalker5,freq34
0.03948251,0.02562591,0.03359315,0.02221763,0.06002504,0.02511164,0.02918406,0.05271664,0.03325432,0.04413808,0.04846734,-0.01133835,0.04247128,0.02416883,0.0556654,0.03491754,0.06587951,0.05411977,0.0606645,0.07898153,0.07575076,0.1407026,0.07012568,0.07851989,0.07053609,0.09188794,0.07838058,0.0787536,0.07959767,0.1005724,0.0118873,0.05086965,0.0731902,0.06178417,0.0714923,0.01287285,0.0723177,0.05049408,0.03475387,0.05992463,0.05857565,0.04732517,0.06248442,0.05830009,0.07239429,0.05279514,0.05180347,0.07062617,0.05956995,0.05667466,0.01491519,0.0168269,0.07351664,0.04596334,0.06757268,0.008275049,0.07724287,0.02360203,0.02482981,0.03103792,0.05259657,0.01090622,0.04919215,0.006162601,NaN,0.04651328,0.04393541,0.04652257,0.04798919,0.04921071,0.1170189,0.06241534,0.06740995,0.05137159,NaN,0.0456605,0.09657564,0.07818776,0.100616,0.1075665,0.03032277,0.004669253,0.02158832,-0.00201325,NaN,0.03042043,0.02645415,0.03244559,0.03142865,0.01551129,0.03139735,0.03447778,0.02560174,0.0197009,NaN,0.04442617,0.02507252,0.05651862,0.03354243,0.03907125,0.08520672,0.06748981,0.07511153,0.07197408,NaN,0.03433726,0.07843713,0.0966216,0.08341416,0.0756793,0.08045797,0.07768767,0.08828874,0.1121864,NaN,0.04080611,0.1224634,0.1248341,0.09349127,0.1009289,posteriorHippocampus,sub-S27,p,randomWalker5,freq34
0.03976968,0.03116195,0.01934861,0.03189255,0.0556851,0.03731914,0.02016443,0.05601111,0.04028448,0.04821291,0.06687148,0.08211809,0.05652518,0.04975526,0.08428102,0.1065496,0.08481605,0.05791318,0.07636885,0.1028132,0.08568895,0.08063515,0.08161663,0.09822953,0.07875808,0.08177774,0.07229297,0.07140893,0.07846881,0.0856552,0.0800354,0.05327118,0.09174262,0.07443594,0.04166104,0.0534753,0.0899111,0.05798412,0.05973475,0.06559736,0.07390285,0.05545779,0.07165282,0.07529693,0.06715514,0.06836991,0.05714467,0.07389973,0.07213556,0.07029747,0.07922204,0.02613357,0.0970175,0.02133514,0.09896697,0.02366742,0.08581621,0.006679252,0.01708938,0.01249496,0.06110027,0.06392245,0.05334619,0.04555585,NaN,0.07318015,0.08060355,0.07376897,0.07070931,0.05778766,0.1171529,0.1265608,0.08527074,0.07104998,NaN,0.1237512,0.08665089,0.06933343,0.1286774,0.009811725,0.05341792,0.05552314,-0.01210267,0.03814411,NaN,0.05536399,0.003070369,0.06415389,0.0606503,0.005237704,0.02850041,0.02826199,-0.004516996,0.01493083,NaN,0.03899273,0.03638843,0.04547515,0.03353117,0.01540278,0.0907753,0.1018046,0.09034862,0.08980064,NaN,0.08870798,0.07917955,0.09337733,0.0897067,0.01927189,0.07270316,0.1054568,0.0822673,0.04268704,NaN,0.1174306,0.07253519,0.06412851,0.07810441,0.03720663,anteriorHippocampus,sub-S27,p,randomWalker6,freq34
0.02602153,0.0234053,0.02944687,0.02904837,0.0451333,0.02990098,0.02937282,0.04710155,0.03070643,0.03829686,0.0497886,0.05565874,0.04196756,0.03808217,0.07213526,0.08084743,0.07130881,0.04693472,0.05678675,0.06413995,0.0749308,0.08705466,0.07294523,0.08510404,0.07113419,0.07464106,0.06919844,0.06620808,0.07227089,0.07976325,0.04627482,0.04437928,0.07560904,0.05806813,0.0441672,0.03866453,0.0788163,0.04701909,0.03604652,0.05388439,0.06295899,0.04651628,0.06007184,0.06389219,0.05723682,0.05691632,0.04323534,0.06217955,0.05973256,0.05951771,0.08329114,0.01151758,0.07420091,0.06662944,0.07268614,0.004484425,0.07519965,-0.0110688,0.01510313,0.005784524,0.04574925,0.04559024,0.04197922,0.04809725,NaN,0.04682068,0.0544503,0.04780927,0.0505701,0.05264008,0.1108309,0.08393487,0.074722,0.08813547,NaN,0.1019394,0.08363919,0.05850998,0.1134937,0.03539166,0.02951823,0.04005626,0.02221525,0.01865544,NaN,0.05215092,0.0002765312,0.04275239,0.03597686,0.03476728,0.03018561,0.01574163,0.03019093,0.03905371,NaN,0.02684601,0.02949249,0.03509201,0.02896534,0.0286251,0.08390893,0.07797526,0.08129529,0.1249241,NaN,0.0750633,0.0783805,0.0770339,0.08160882,0.09332369,0.1045133,0.0781304,0.08792937,0.0388689,NaN,0.09833066,0.1033872,0.05393698,0.1140868,0.07512134,posteriorHippocampus,sub-S27,p,randomWalker6,freq34
0.04028451,0.02793735,0.0374069,0.03045916,0.05647206,0.04051481,0.04880495,0.06348029,0.04292132,0.04657551,0.06208244,0.05725875,0.06981076,0.03147857,0.0898905,0.10092,0.08042928,0.08989608,0.07022383,0.07591865,0.07727259,0.09219117,0.07467348,0.007275027,0.07752502,0.08314548,0.07762901,0.08705443,0.08063926,0.07948431,0.02787914,0.02360974,0.1104138,0.02705184,0.02691699,0.0427362,0.0869183,0.04540463,0.03115563,0.02832308,0.07198039,0.0650773,0.08373576,0.07168499,0.08214816,0.07119063,0.08590181,0.082615,0.07667178,0.0722915,0.01373059,0.02213535,0.09439874,0.01807728,0.08152955,0.02642964,0.09557156,0.05338359,0.03860408,0.03548396,0.05342663,0.04306851,0.07047703,NaN,-0.00230613,0.09081488,0.08087756,0.07373832,0.06199693,0.03768281,0.1125543,0.05241957,0.08476359,NaN,0.09118505,0.08023041,0.1072068,0.09130011,0.1301394,0.1003884,0.05338451,0.05154609,0.06225513,NaN,-0.0009458962,0.02141981,0.0528418,0.04848912,0.05267045,0.01716347,0.03673922,0.03619328,0.04698219,NaN,0.07567615,0.03964942,0.05684865,0.05106149,0.04078284,0.049524,0.09583248,0.1109916,0.08046435,NaN,0.01012335,0.09291673,0.07970746,0.0928346,0.09482718,0.09535609,0.02912187,0.02944966,0.08680223,NaN,0.07232005,0.07547837,0.09392133,0.08039737,0.03643509,0.007037245,anteriorHippocampus,sub-S27,p,randomWalker7,freq34
0.03274978,0.0200713,0.03076361,0.02091727,0.04949033,0.03421844,0.03826465,0.0552581,0.03496771,0.03962046,0.04780369,0.01853517,0.0526698,0.02542897,0.05674383,0.09778339,0.06410043,0.05927196,0.0549779,0.05735426,0.07127041,0.09187992,0.06872308,0.009041779,0.07106846,0.07951311,0.07370539,0.08066903,0.0763199,0.08419868,0.02038154,0.01486337,0.06660001,0.01964581,0.01905437,0.01706851,0.05351916,0.0370822,0.01606585,0.01684611,0.06016617,0.05428813,0.06607243,0.05982762,0.06932414,0.06055071,0.07147747,0.06974993,0.06406609,0.0617089,0.02328911,0.01079674,0.07102297,0.03507425,0.05957206,0.002446093,0.07376824,0.04081676,0.03129688,0.01988181,0.03984123,0.02789694,0.05986298,NaN,-0.007727724,0.06795778,0.06685754,0.05416195,0.04608386,0.01970525,0.09844676,0.04329933,0.07170307,NaN,0.07148021,0.05006711,0.06841283,0.07781641,0.1071034,0.04765937,0.03289066,0.02520536,0.04585745,NaN,-0.006199779,0.02923289,0.03572992,0.04196326,0.03464828,0.001366786,0.03327293,0.03267124,0.04669324,NaN,0.06418416,0.03278265,0.04357031,0.04175525,0.03579941,0.03699015,0.08716859,0.08716283,0.07175225,NaN,0.06172957,0.07639831,0.06999244,0.07663711,0.08374796,0.08594301,0.03241123,0.03028442,0.0741564,NaN,0.06805046,0.05783165,0.0715388,0.07663747,0.05490986,0.0196262,posteriorHippocampus,sub-S27,p,randomWalker7,freq34
0.03306382,0.03843853,0.02131214,0.0366965,0.05168657,0.03864269,0.05346033,0.05669603,0.04775408,0.05161717,0.0695774,0.08172144,0.05926999,0.05649712,0.07826436,0.07918871,0.07634359,0.08538424,0.06808663,0.09997844,0.07118309,0.08817635,0.08058708,0.07412277,0.08071621,0.07766201,0.08237542,0.07875786,0.08228027,0.0868774,0.0464208,0.0491404,0.1004631,0.04778812,0.02529973,0.03367081,0.09252012,0.04475888,0.05431456,0.04766512,0.0869176,0.07850206,0.07070874,0.06567989,0.08175384,0.07474145,0.09105466,0.0788793,0.07877696,0.07573516,0.01330889,0.03187715,0.1189925,0.01987163,0.05429381,0.0223594,0.1004475,0.04792401,0.04386129,0.03883139,0.06409574,0.0693527,0.04610561,0.03725301,0.09820945,0.06042609,0.06069005,0.06244526,0.06338496,0.08457487,0.1248668,0.01589966,0.08754281,0.009107843,0.09820931,0.02871686,0.1010936,0.0864501,0.1320592,0.1137897,0.06126045,0.07068662,0.01534848,0.04763708,0.09820948,0.05715251,0.06565747,0.06405723,0.06056965,0.06778803,0.03356853,0.02801754,0.04578916,0.03578031,0.09820938,0.03293512,0.04967159,0.02880297,0.03857127,0.05248824,0.09340801,0.02142702,0.09648818,0.009374998,0.09820943,0.08021789,0.08625869,0.09750124,0.09441473,0.08583207,0.09301471,0.03041874,0.05482035,0.004036749,0.09820957,0.035457,0.1067617,0.08583552,0.09921242,0.0409928,anteriorHippocampus,sub-S27,p,randomWalker8,freq34
0.02047953,0.02909826,0.008248823,0.02213465,0.04043516,0.02983567,0.0448293,0.04580485,0.03453935,0.03521191,0.04809303,0.03837297,0.03788115,0.03627244,0.06115592,0.05849043,0.05795461,0.05912995,0.0467045,0.06602883,0.05474796,0.09880523,0.06965835,0.06143723,0.06782249,0.0726574,0.07016262,0.06800862,0.06843801,0.08872302,0.03176942,0.04252065,0.07137898,0.03673185,0.02602499,0.01590883,0.06917212,0.0389401,0.03096331,0.0407199,0.07336213,0.06584588,0.05978825,0.05392632,0.06901175,0.06197577,0.0767806,0.06627203,0.0656988,0.06333391,0.02133938,0.01625944,0.08853056,0.02760344,0.04534981,0.006326482,0.0759917,0.02891929,0.04530805,0.0229785,0.04157313,0.03089668,0.03123554,0.03545934,0.07414909,0.04738907,0.04238637,0.03874235,0.04152247,0.04502749,0.1099391,0.01248289,0.08356776,0.02467689,0.07414906,0.02630882,0.078256,0.06978898,0.1061808,0.11113,0.0329627,0.0406214,0.004557653,0.0365851,0.07414919,0.03321809,0.03857028,0.03681051,0.03302858,0.03983445,0.03175336,0.02375252,0.03430676,0.03404861,0.07414903,0.02481431,0.03543836,0.02715237,0.03141385,0.03799677,0.07955955,0.01843899,0.07955856,0.01403507,0.07414887,0.06463458,0.07108171,0.08955263,0.07818002,0.08036982,0.1156575,0.0943606,0.07737528,0.02440703,0.07414907,0.1060345,0.09930744,0.09555966,0.1138322,0.08688527,posteriorHippocampus,sub-S27,p,randomWalker8,freq34
0.04821404,0.04139824,0.03378749,0.03029959,0.049242,0.02875375,0.03243803,0.05904696,0.04269684,0.04908735,0.06117157,0.1080433,0.06962024,0.05645999,0.07152342,0.07236811,0.08247223,0.06753108,0.0730661,0.08916415,0.08528388,0.1078393,0.09199186,0.07478831,0.08007771,0.079037,0.08366941,0.0797903,0.087755,0.09631409,0.04601996,0.04252068,0.1037246,0.03355091,0.09239154,0.03467295,0.09577466,0.06198658,0.05232283,0.05342529,0.07706541,0.07146253,0.05803857,0.05701814,0.08301634,0.05829179,0.06663454,0.07585397,0.07778209,0.07144909,0.03106948,0.02755481,0.1193002,0.01225249,0.09618331,0.02014151,0.1063124,0.04148614,0.03732914,0.03077497,0.06480607,0.04607283,0.08180664,0.08564627,NaN,0.0401294,0.07676832,0.04750822,0.06648829,0.06884588,0.1094737,0.04804633,0.08976863,0.03561931,NaN,0.1038589,0.09840827,0.08976585,0.1231067,0.0348432,0.05127506,0.03820929,0.05208292,0.06239853,NaN,0.02728175,0.06142194,0.03496814,0.05186348,0.05893438,0.03526419,0.04278085,0.05406992,0.02892042,NaN,0.01718917,0.04025603,0.04120675,0.03545241,0.036592,0.09943027,0.1033989,0.08597015,0.03153473,NaN,0.09228563,0.08550657,0.08914743,0.09498017,0.05994554,0.07643211,0.03027513,0.09173238,0.02729402,NaN,0.09715303,0.08337622,0.09471105,0.09733306,0.01754755,anteriorHippocampus,sub-S27,p,randomWalker9,freq34
0.03619596,0.03107714,0.02513881,0.01870549,0.03856323,0.01865624,0.02183555,0.04808918,0.0299034,0.03872022,0.04011795,0.07073343,0.04757329,0.03871038,0.0395745,0.05350319,0.06223501,0.04890746,0.05068297,0.06058424,0.06811144,0.1261329,0.07370906,0.06069371,0.06764497,0.06943209,0.0720386,0.06899398,0.07315141,0.08615891,0.02102081,0.03461991,0.04573325,0.03811372,0.06851459,0.006804294,0.06648956,0.05121837,0.02871541,0.04425005,0.06365853,0.05850326,0.04918184,0.04557862,0.06873946,0.04696104,0.05588555,0.06229085,0.06478794,0.05871855,0.03072962,0.01419757,0.06909312,0.03454909,0.08763903,0.002019856,0.08939295,0.02969082,0.04105689,0.01653267,0.04328366,0.03063219,0.05786031,0.0572292,NaN,0.02667009,0.05248275,0.03325285,0.04432992,0.04326686,0.09346495,0.03152962,0.06923073,0.07648271,NaN,0.1039553,0.07798039,0.07974279,0.103534,0.02647291,0.02592546,0.01931523,0.02757529,0.03278762,NaN,0.01135363,0.03550046,0.01817716,0.02793784,0.03210745,0.02759763,0.03116372,0.0398391,0.05134722,NaN,0.0189681,0.0320427,0.0307858,0.02789789,0.02644109,0.08164441,0.06468426,0.07141872,0.04350539,NaN,0.07421546,0.06978323,0.0745338,0.077781,0.02789488,0.08349524,0.02593522,0.07525667,0.05975566,NaN,0.1143009,0.06457382,0.07725699,0.07794809,0.02212662,posteriorHippocampus,sub-S27,p,randomWalker9,freq34
0.02881986,0.01697918,0.02215257,0.03683159,0.03755664,0.02072515,0.05105983,0.03296844,0.03017989,0.02387788,0.0479004,0.01259105,0.04949894,0.05018461,0.04853459,0.04506288,0.04335912,0.02879924,0.04709475,0.04563733,0.03098616,0.02525284,0.03146616,0.03787855,0.03838592,0.02631454,0.02808018,0.03180474,0.03223386,0.03888474,0.01341835,0.01501101,0.004747546,0.007753402,0.000685595,0.01526605,0.02161558,0.02862187,0.007702255,0.009182011,0.05467495,0.05350196,0.04726001,0.04866366,0.04390269,0.04792725,0.05338494,0.04873242,0.0522525,0.04496243,0.0302929,0.02009797,0.03838526,0.04860289,0.02418267,0.03196301,0.03102236,0.01507569,0.01566755,0.03496645,0.04811389,0.0303098,0.04828971,0.05006722,0.03198588,0.03397378,0.04568601,0.001111965,0.04330699,0.009458811,0.04219552,0.03627003,0.05090376,0.04241393,0.02004585,0.03498783,0.03694948,0.02267877,0.03999251,0.05421271,0.04485008,0.04371909,0.04458776,0.04292376,0.03043984,0.04404897,0.04353487,0.04507936,0.04556029,0.03900987,0.03750046,0.03528114,0.0301015,0.06143592,0.04545865,0.03641607,0.0386191,0.03464828,0.03481331,0.04627578,0.02766985,0.001202447,0.02656888,0.03566616,0.01774214,0.001489082,0.02939669,0.0221643,0.02436266,0.05682397,0.01086581,0.04787745,0.05240601,0.03952101,0.01855377,0.03924279,-0.004376191,0.009773335,-0.000864394,0.06372573,anteriorHippocampus,sub-S28,p,randomWalker0,freq34
0.0522345,0.05717738,0.0363076,0.03348169,0.06150209,0.056174,0.0657938,0.06522711,0.05722687,0.04962979,0.0472611,0.005635013,0.05407877,0.05005481,0.06272267,0.07051837,0.07048211,0.02147407,0.05705897,0.06634755,0.06560425,0.08649071,0.05432881,0.06673951,0.05639163,0.05904206,0.06714547,0.05820468,0.06163996,0.08262095,0.05135567,0.0604307,0.03636942,0.04901658,0.04655563,0.06107198,0.05391773,0.06895641,0.04265099,0.05166214,0.1051544,0.1033009,0.09349695,0.08068834,0.07818126,0.08821703,0.09570158,0.08981514,0.09832016,0.08219964,0.02640178,0.04348205,0.07293276,0.0417763,0.05937599,0.04938493,0.07460573,0.05442004,0.03127166,0.0291909,0.05191423,0.02295545,0.05328888,0.0639486,0.06325975,0.02786352,0.062186,0.04230846,0.04544293,0.02582679,0.09983218,0.05303077,0.07798095,0.06612913,0.05365829,0.04752121,0.08472578,0.07441135,0.1010062,0.04126349,0.04547995,0.04259792,0.03098796,0.03469584,0.04070023,0.04899589,0.04635717,0.05963477,0.04769317,0.05621568,0.05062377,0.0451104,0.04127097,0.05008712,0.0537364,0.04798408,0.04742377,0.05544064,0.05065674,0.04024994,0.06798443,0.06712124,0.06412065,0.06653336,0.051918,0.05005431,0.06278908,0.05926447,0.0656809,0.04629332,0.08951129,0.03438441,0.1010412,0.06976844,0.05285581,0.03677225,0.01902821,0.06218728,0.07065709,0.03235169,posteriorHippocampus,sub-S28,p,randomWalker0,freq34
0.02588291,0.01750496,0.01456708,0.02912023,0.03531927,0.02004936,0.03695216,0.03165911,0.02598814,0.03503874,0.05041365,0.05243136,0.0492194,0.05385784,0.01885518,0.0413323,0.04571209,0.03118353,0.04814074,0.04455137,0.03813886,0.02865274,0.0315902,0.04664467,0.0274642,0.03049103,0.03190815,0.02546439,0.03699307,0.03336326,0.01631265,0.02486948,-0.0003917988,0.01998353,0.01726232,0.01914563,0.02058965,0.04415971,0.02934788,0.03862173,0.05593929,0.05056655,0.05748451,0.04949227,0.05075825,0.05241166,0.05227374,0.05228716,0.05480775,0.04908415,-0.008717249,0.02439837,0.04063251,0.03905831,0.006247923,0.009506411,0.0425076,-0.001284961,0.01335442,0.03997622,0.05093372,0.05081642,0.04512725,0.05068198,NaN,0.04475178,0.04728466,0.04520358,0.05034728,0.03419445,0.04188849,0.0003526669,0.03726687,0.04486889,NaN,0.01414217,0.02930085,0.02627156,0.026486,0.02236669,0.05049475,0.01740203,0.04194486,0.04205419,NaN,0.03762776,0.05046557,0.03745822,0.04961201,0.03377856,0.0337208,0.03325183,0.03906607,0.02541927,NaN,0.03119603,0.02630429,0.0331773,0.03483395,0.0299015,0.02251989,0.0208394,0.02825285,0.04371063,NaN,0.02429089,0.02013416,0.02383383,0.02318211,0.01425244,0.02094593,0.004454971,0.03773018,0.002172355,NaN,0.02545071,0.04540157,0.02815037,0.03052019,0.02824395,anteriorHippocampus,sub-S28,p,randomWalker1,freq34
0.06152805,0.05247802,0.04584956,0.0503633,0.07237338,0.05950979,0.06438254,0.0629196,0.05679043,0.06140663,0.05938014,0.06241011,0.05243729,0.05626935,0.02667122,0.07023174,0.06745651,0.05353381,0.06217119,0.07006759,0.06321762,0.048815,0.05154818,0.06054942,0.05119193,0.05747719,0.06675538,0.05267753,0.06583913,0.05744819,0.06450659,0.06443693,0.03628376,0.0651513,0.06690095,0.07006563,0.03490819,0.0781943,0.07330193,0.07466933,0.1026273,0.08347612,0.1119408,0.07957797,0.0863979,0.09162891,0.1063748,0.08949252,0.09696889,0.07783401,0.02632716,0.03311193,0.05107532,0.02689706,0.03057035,0.02990656,0.06613444,0.0295989,0.03220308,0.03910077,0.0536525,0.06071077,0.05516021,0.05952222,NaN,0.06455917,0.06929643,0.06022226,0.05669432,0.06211577,0.08980265,0.05737777,0.04835595,0.09586135,NaN,0.08594271,0.05859968,0.06607758,0.09211671,0.06355801,0.04284386,0.03832983,0.01605137,0.01643477,NaN,0.0607007,0.05088578,0.05259915,0.04556211,0.0661208,0.05256959,0.04444026,0.1004987,0.03717602,NaN,0.03897993,0.05298507,0.05723452,0.04839971,0.04761435,0.06090216,0.05259638,0.04761948,0.08144171,NaN,0.05748583,0.04854663,0.05153487,0.05491275,0.04914877,0.08718301,0.05316918,0.04676434,0.0243814,NaN,0.08492361,0.08794211,0.08082112,0.110932,0.03596781,posteriorHippocampus,sub-S28,p,randomWalker1,freq34
0.02936836,0.01454366,0.01653826,0.03282589,0.04406847,0.01614648,0.03289697,0.04122105,0.03213403,0.02288573,0.04989236,0.04411664,0.05286387,0.04653919,0.03864808,0.0474855,0.04685813,0.05517407,0.05144681,0.04136663,0.04476219,0.03699256,0.03817498,0.04543704,0.05311633,0.03021182,0.03211642,0.03764888,0.03767474,0.04381749,0.01321513,0.0108876,0.01928782,0.02905838,0.01808394,0.00842292,0.02396833,0.0460451,0.008841215,-0.001975955,0.05743098,0.04107323,0.05421925,0.04682891,0.05867849,0.04108172,0.05666262,0.05027666,0.0533874,0.0469727,0.0249971,0.02315409,0.005706944,0.04758171,0.01177915,0.01896375,0.03903043,0.03995105,0.02491823,0.02888481,0.05084018,0.04919541,0.04912918,0.007031003,0.06393807,0.04884328,0.0499597,0.05395177,0.051513,0.05031477,0.02720281,0.03105144,0.04802988,0.04509079,0.0639381,0.02300453,0.04808726,0.05236478,0.03420238,0.02510527,0.03756638,0.03321635,0.03582234,0.04768021,0.06393799,0.03527099,0.04850769,0.04863901,0.04768182,0.04455579,0.03492723,0.02798892,0.03165274,0.04650543,0.06393815,0.02532514,0.04466098,0.02448551,0.03565095,0.03715427,0.02080029,0.00444093,0.03799583,0.04907903,0.06393822,-0.01264663,0.02702546,0.03254912,0.02343483,-0.01197292,-0.002294982,0.04435147,0.04281359,0.04912647,0.06393798,0.03668316,0.00143107,0.02841953,0.003055732,0.03848033,anteriorHippocampus,sub-S28,p,randomWalker2,freq34
0.05244121,0.05222347,0.05355465,0.04598939,0.07054393,0.05167137,0.05731837,0.07429484,0.05482697,0.05767912,0.02871539,0.02298583,0.03887002,0.01605972,0.00308654,0.06824066,0.06745775,0.05034288,0.05158232,0.05911401,0.05044169,0.08134799,0.054851,0.01824153,0.02920804,0.0714507,0.06741308,0.0598419,0.06037638,0.1136889,0.05909545,0.05499613,0.04488129,0.07015097,0.04410688,0.05420789,0.04559637,0.07822719,0.02388591,0.02544882,0.1130797,0.08383529,0.1137248,0.08536264,0.1185498,0.08211756,0.1196107,0.09362134,0.102469,0.08589574,0.03129569,0.0389991,0.02403956,0.03664434,0.04393534,0.03631819,0.07095067,0.08173884,0.0410727,0.04119644,0.04052385,0.02317406,0.06371859,0.02434456,0.1252678,0.06072368,0.05801422,0.04796784,0.05158512,0.04943615,0.1004452,0.0300161,0.06101632,0.06816953,0.1252677,0.02981608,0.06933942,0.05945082,0.09073548,0.04563441,0.02609214,0.02008525,0.01684583,0.07272884,0.1252677,0.04784065,0.04158454,0.02974714,0.03824743,0.03533045,0.04876415,0.03597168,0.04344852,0.06565004,0.1252677,0.04715994,0.07158409,0.04231738,0.04480769,0.04823486,0.06774914,0.03207818,0.05712415,0.05167158,0.1252678,0.02566545,0.06080829,0.05197811,0.0627131,0.04404771,-0.006609353,0.01856579,0.06062488,0.06162175,0.1252677,0.02528687,0.01563536,0.06183093,-0.007816297,0.04196747,posteriorHippocampus,sub-S28,p,randomWalker2,freq34
0.02707561,0.01696942,0.0313434,0.03339257,0.04332271,0.01691189,0.02987781,0.03151905,0.02559804,0.0248687,0.04690415,-0.004212834,0.04538805,0.03918071,0.03252453,0.04796685,0.04521575,0.04892733,0.04866958,0.02414485,0.03797825,0.02860333,0.03254701,0.07138515,0.03250327,0.04237063,0.03065391,0.03360949,0.03596751,0.03237362,-0.02732684,0.02959194,0.01173736,0.03830849,0.01492985,0.02848197,-0.001383607,0.02314292,-0.002193917,0.03161627,0.05618087,0.05315543,0.05907165,0.04996244,0.04801179,0.05281186,0.05712207,0.05197815,0.05810844,0.05000589,0.03243776,0.01804365,0.04513197,0.04414923,0.03494233,0.01668421,0.02589118,0.01688334,0.01626532,0.03001012,0.04571211,0.0447888,0.0429902,0.03556301,0.04620285,0.04520909,0.04952807,0.04649374,0.04878202,0.03525634,0.02718345,0.02295377,0.03250698,0.03556304,0.02990326,0.01305137,0.03670996,0.02415413,0.02914747,0.04534851,0.04476118,0.04482359,-0.00787222,0.03556299,0.0002085226,0.0444542,0.05241635,0.04252435,0.04631911,0.03742703,0.03554103,0.03318879,0.04061603,0.03556307,0.02777637,0.02831888,0.04130061,0.03458256,0.03517211,0.03700268,0.02453274,0.002273163,0.02826959,0.03556315,0.02908927,0.021178,0.02904316,0.02070505,0.02251525,0.04921105,0.0344547,0.0573213,0.01073151,0.03556301,0.02978326,0.05100127,0.0271868,0.0388975,0.03305406,0.08154568,anteriorHippocampus,sub-S28,p,randomWalker3,freq34
0.04493293,0.05387934,0.0475716,0.04622745,0.07130787,0.05570427,0.03508437,0.06585157,0.04853231,0.05462577,0.048995,0.0212592,0.06003039,0.01059616,0.06182202,0.05923738,0.06589223,0.05180223,0.05940672,0.0508426,0.06256486,0.07087647,0.05419394,0.04647559,0.05134171,0.06095713,0.06178397,0.05968377,0.06447848,0.05962016,0.01386323,0.0635661,0.04172071,0.06897803,0.04100885,0.06111401,0.02901242,0.05237291,0.03190415,0.06669632,0.1011715,0.09499244,0.1183345,0.08508249,0.08006007,0.09390687,0.1119823,0.09080918,0.1064578,0.08452135,0.03767411,0.0411168,0.05455309,0.03762293,0.04619264,0.04971894,0.05846262,0.0543009,0.03785534,0.05102533,0.05237792,0.03299594,0.06602716,0.004866327,0.04503081,0.0355288,0.05619087,0.03195491,0.04906148,0.05903012,0.08835666,0.04333961,0.08578154,0.004866446,0.05350456,0.04549911,0.06811608,0.06965858,0.08725811,0.04124447,0.04319789,0.02944057,0.03172199,0.004866308,0.04026671,0.02836219,0.04736861,0.02197914,0.03637799,0.05822757,0.04662159,0.04522301,0.07936788,0.004866366,0.05453043,0.04943774,0.03877719,0.04590583,0.04669284,0.0409958,0.0567552,0.09194614,0.05013438,0.004866365,0.05089229,0.05305801,0.06361873,0.05576455,0.06172495,0.07374635,0.0422618,0.02067721,0.07904661,0.004866242,0.05356037,0.03856169,0.07340012,0.04784783,0.04441595,0.02117974,posteriorHippocampus,sub-S28,p,randomWalker3,freq34
0.02554549,0.01433847,0.01313267,0.02410823,0.04429268,0.01407587,0.03465491,0.03036372,0.02726488,0.02570528,0.04950271,0.03943396,0.04886869,0.0527883,0.04909442,0.04946412,0.04825896,0.04950094,0.04813497,0.04516727,0.03334729,0.03135272,0.0306128,0.0375907,0.03308213,0.03112152,0.03434914,0.03152714,0.0329248,0.03551296,0.01215317,0.004736566,-0.00658263,0.02465402,0.02431673,0.007595649,0.003098618,0.02710374,0.01299295,0.01025491,0.05508528,0.05359254,0.04235798,0.03841227,0.05065372,0.04986461,0.05082095,0.04880783,0.0519108,0.04864559,0.02529682,0.01877004,0.03141111,0.02316925,0.03854182,0.005460777,0.04880088,0.01462618,0.01692782,0.03239459,0.05168189,0.04735101,0.05083686,0.05028132,0.03161731,0.05068616,0.0506387,0.04945233,0.05048531,0.02837461,0.01216942,0.02158354,0.0265745,0.03487004,0.03161736,0.03405575,0.05552626,0.02481653,0.02678659,0.03986984,0.04588153,0.0413816,0.04649663,0.04582823,0.03161708,0.04885948,0.04767052,0.04667186,0.04668588,0.04300125,0.03576586,0.03718498,0.02754759,0.02487624,0.03161717,0.02984661,0.05187233,0.02879683,0.03609196,0.04409508,0.02486806,0.01687593,0.02517365,0.01395083,0.03161731,0.02862633,0.03201763,0.02885596,0.02615764,0.04314076,0.04544805,0.07932759,0.02256786,0.0256252,0.03161719,0.02008059,0.03934448,0.01375118,0.0410764,0.04635805,anteriorHippocampus,sub-S28,p,randomWalker4,freq34
0.04891739,0.05198447,0.05108053,0.04640841,0.0651921,0.05350772,0.03884429,0.06201759,0.05019912,0.05314571,0.04698387,0.006682144,0.05912334,0.04248729,0.06209029,0.05792663,0.06303735,0.05228368,0.05798936,0.04472009,0.05973516,0.07111049,0.05248393,0.05216834,0.05023994,0.05604716,0.06187738,0.05510346,0.06146935,0.0656561,0.05808536,0.04917646,0.03255719,0.06994299,0.03090655,0.05559415,0.03040542,0.06112268,0.05883116,0.05346601,0.09972236,0.0955596,0.0812993,0.07274692,0.08489172,0.08832792,0.0869656,0.08230202,0.09047806,0.08232631,0.03828605,0.04240249,0.05232141,0.02082826,0.06409483,0.03934005,0.07900529,0.05651293,0.03976545,0.03642374,0.04422089,0.02702055,0.05070097,0.03529105,0.06034134,0.05540293,0.05607229,0.04596587,0.05147161,0.006747232,0.05498038,0.05256898,0.05271795,0.04108851,0.06034131,0.08667048,0.07814534,0.07503162,0.09065346,0.03195308,0.03534126,0.02248625,0.0365609,0.0251317,0.06034136,0.05169022,0.04049446,0.03703309,0.04042256,0.02928801,0.04214595,0.03345258,0.06629359,0.04123505,0.06034141,0.04591622,0.04586712,0.05329571,0.0435646,0.0321044,0.0617592,0.09106418,0.04914484,0.04405648,0.06034144,0.0613576,0.05818364,0.05484786,0.05885293,0.0393759,0.09375072,0.1210896,0.04897712,0.04449991,0.06034134,0.1055969,0.08991938,0.06187676,0.09476276,0.08444575,posteriorHippocampus,sub-S28,p,randomWalker4,freq34
0.02602926,0.01184976,0.02614125,0.03247129,0.04932626,0.01291191,0.04316385,0.033424,0.02672665,0.0255584,0.04659957,0.02958893,0.05021486,0.05163606,0.04220321,-0.00412548,0.04420323,0.03823084,0.04677203,0.03627728,0.03186495,0.02047322,0.03158979,0.04756555,0.02922127,0.003968206,0.03036478,0.02579564,0.02724148,0.02535634,-0.01651165,0.02613503,0.01191929,0.03726029,0.0206112,0.006840693,0.01655651,0.006006288,-0.0007054078,0.03465534,0.05561505,0.04941936,0.05127931,0.05692851,0.05330447,0.05138253,0.05153461,0.05347649,0.054584,0.04908625,0.02370317,0.02190397,0.02713176,0.06411985,0.04603861,0.01250868,0.04231286,0.04144231,0.02521305,0.02998671,0.04732122,0.04221692,0.04843473,0.0401427,NaN,0.04005696,0.04971349,0.04868592,0.0472234,0.04859227,0.03811681,0.03697136,0.02787745,0.04665665,NaN,0.03626068,0.05035712,0.04214313,0.02151659,0.009885373,0.05045085,0.04151881,0.04479203,0.03410992,NaN,0.04642855,0.05076305,0.05091253,0.05006414,0.04399369,0.03129218,0.008209131,0.03727425,0.03718182,NaN,0.03802981,0.04074522,0.04401428,0.03602735,0.05001694,0.02065451,0.05017602,0.02765446,0.03030225,NaN,-0.01086388,0.03123715,-0.001287703,0.01984935,0.01976501,0.02471945,0.05070914,0.02879112,0.03993176,NaN,0.04301886,0.04258401,0.04409165,0.02184996,-0.003335943,anteriorHippocampus,sub-S28,p,randomWalker5,freq34
0.05683245,0.05600192,0.05139056,0.04665608,0.07135671,0.05518354,0.05460346,0.06057207,0.05382749,0.06070208,0.05033949,0.02750068,0.05280448,0.04321428,0.05387886,0.01910697,0.0663567,0.03009157,0.06156553,0.0626676,0.06149546,0.1180883,0.05588601,0.07995566,0.0535059,0.06625002,0.06661638,0.05752597,0.063243,0.08210368,0.03461964,0.05876952,0.04406721,0.06670347,0.0470611,0.05078779,0.04513771,0.03568481,0.03450847,0.06584619,0.09577603,0.0869136,0.08085205,0.09522103,0.08652687,0.08754143,0.09344871,0.08752216,0.08942604,0.08196028,0.03729015,0.04268815,0.05155462,0.04881834,0.06893647,0.04784008,0.07180968,0.05272801,0.04273079,0.04667722,0.04819126,0.02611393,0.04960199,0.01405591,NaN,0.03951125,0.04980441,0.04915852,0.04520115,0.05982001,0.1079661,0.06792781,0.04601169,0.05088154,NaN,0.07525974,0.08545817,0.1084142,0.09032477,0.1029208,0.04594326,0.01873191,0.0336609,0.0100748,NaN,0.0463602,0.04313282,0.04909247,0.04620059,0.03385461,0.04310427,0.02652365,0.04520128,0.02697745,NaN,0.06665657,0.03566547,0.07889488,0.05034215,0.07187124,0.06108771,0.0979376,0.05584901,0.05347973,NaN,0.02632215,0.06379824,0.0830367,0.0567423,0.0514944,0.09784649,0.09615272,0.0778685,0.1074828,NaN,0.07448901,0.1087019,0.1398881,0.1034951,0.0837557,posteriorHippocampus,sub-S28,p,randomWalker5,freq34
0.02533989,0.01454444,0.02802561,0.04240497,0.0337961,0.02051033,0.05237563,0.0318896,0.0283833,0.02646285,0.05115663,0.01506975,0.05055227,0.05164377,0.04205316,0.03440377,0.04413948,0.04866391,0.04726396,0.0334693,0.03519659,0.02069892,0.02828685,0.03556849,0.02979808,0.02491414,0.03998367,0.0395661,0.03666539,0.03465867,0.02547176,0.0256873,0.01241313,0.02741042,0.03509298,0.02089889,0.01295212,0.04109691,0.02181691,0.04433221,0.05652332,0.05005749,0.04769026,0.04776301,0.04638238,0.05127136,0.04429696,0.04848554,0.05317208,0.04809826,0.04017652,0.01767788,0.04129102,0.06176655,-0.01593464,0.01312091,0.04240211,0.005937766,0.01797112,0.02873261,0.04939016,0.0484762,0.05017078,0.04363466,NaN,0.04530188,0.0380036,0.04497043,0.04768464,0.04293237,0.05034276,0.02692662,0.04361034,0.0481955,NaN,0.02418287,0.03891814,0.03218967,0.03885974,0.04250468,0.04388394,0.03447604,0.01347929,0.04544213,NaN,0.02265015,0.03218266,0.03538682,0.04254091,-0.01567284,0.03899249,0.0269657,0.02211457,0.04260876,NaN,0.02753631,0.03835969,0.03628911,0.0370567,0.0440551,0.02769277,0.01687428,0.0336012,0.05527993,NaN,0.02282197,0.03159753,0.02203261,0.02629813,0.02861671,0.03300162,0.007853763,0.04127138,0.01324294,NaN,0.01218671,0.02077704,0.01101105,0.03210832,0.04928167,anteriorHippocampus,sub-S28,p,randomWalker6,freq34
0.04621178,0.05441793,0.03103162,0.02919372,0.06024779,0.05470907,0.04506441,0.0629355,0.05113257,0.05467885,0.05670708,0.01931584,0.05455643,0.05292738,0.06143044,0.05958775,0.06921874,0.04601762,0.05834704,0.03904305,0.05852804,0.06496467,0.05256234,0.07225168,0.04916079,0.05165432,0.05718928,0.05638435,0.05773704,0.06144705,0.07810214,0.06341416,0.04179905,0.04209883,0.08022698,0.06473467,0.04569245,0.07136786,0.05730738,0.07785165,0.1133762,0.08925517,0.07846177,0.0780611,0.07837743,0.09114406,0.08856378,0.083415,0.09376044,0.08293644,0.08590662,0.04202287,0.06238565,0.06171055,0.03313006,0.039563,0.06603138,0.03267266,0.03039275,0.02707071,0.05199261,0.05063581,0.05359288,0.05279187,NaN,0.04653611,0.04800355,0.04977028,0.05330313,0.05978486,0.09969949,0.06693149,0.08016202,0.08941539,NaN,0.07164404,0.07416361,0.08225841,0.09601118,0.0334994,0.04121909,0.0409864,0.02761695,0.03404462,NaN,0.04071303,0.0171753,0.04403132,0.04439007,0.009520487,0.04206552,0.0379121,0.01570087,0.02443928,NaN,0.04806208,0.04689384,0.05326929,0.04470349,0.03064939,0.06266816,0.04251758,0.06598806,0.1190238,NaN,0.04534508,0.06077321,0.0413322,0.05651148,0.0848413,0.1057322,0.06691438,0.1031781,0.06090026,NaN,0.0602629,0.0882599,0.05608685,0.1058481,0.08394023,posteriorHippocampus,sub-S28,p,randomWalker6,freq34
0.02706632,0.01709071,0.01884151,0.02839864,0.0350303,0.0198561,0.02535308,0.03288456,0.02606992,0.02172015,0.05002287,0.03327734,0.0490532,0.05269349,0.001231154,0.04062906,0.04526605,-0.01074261,0.04870782,0.05188716,0.03861897,0.0429793,0.03512043,0.05195423,0.02851501,0.03119909,0.03040132,0.02598523,0.0357903,0.03928913,0.01515748,0.01513975,-0.004830295,0.02111525,0.01690748,0.00390476,-0.008307533,0.02171925,0.01415372,0.009663055,0.05349252,0.05434604,0.05094188,0.05435295,0.04807612,0.04926897,0.05230718,0.0480642,0.05381725,0.0466493,0.01950299,0.02833663,0.03572353,0.05285666,0.004743592,0.0158464,0.03908196,0.02534225,0.01191646,0.02200647,0.05009207,0.04677235,0.04808353,NaN,0.03298248,0.04472819,0.04576089,0.04577195,0.04954479,0.04532254,0.0348807,0.02202311,0.04018499,NaN,0.05945786,-0.00429187,0.04345315,0.007487188,0.03116341,-0.006304677,0.04696019,0.04413982,0.0491895,NaN,0.03297321,-0.03099792,0.04971601,0.04417067,0.04888169,0.03941238,0.03593151,0.03441755,0.01957713,NaN,0.04434643,0.03071352,0.02236805,0.03620831,0.03485059,0.03415144,0.02255775,0.002166184,0.02808852,NaN,0.03851519,0.01995263,0.03782949,0.01740527,0.01935972,0.01539039,0.009135568,0.002987077,0.03921672,NaN,0.0393455,0.001411272,0.05105861,0.008803473,0.01689032,0.02700951,anteriorHippocampus,sub-S28,p,randomWalker7,freq34
0.05197348,0.05333972,0.05372584,0.04934714,0.06738045,0.05750576,0.05130068,0.06704068,0.05484984,0.0582994,0.05704712,0.01708932,0.05915168,0.04741275,0.0149132,0.08825891,0.06615803,0.02208445,0.06154339,0.05725176,0.0659725,0.09025594,0.05690334,0.04702661,0.05353826,0.06644849,0.06173416,0.06398146,0.06704758,0.07549029,0.06089243,0.05360312,0.03375005,0.06088991,0.05841865,0.04865213,0.02470072,0.06183636,0.0561293,0.05690401,0.09967367,0.1005803,0.1048862,0.09988528,0.08676375,0.08976846,0.09686728,0.08637174,0.09984539,0.08325478,0.02662488,0.03866234,0.0581134,0.02106821,0.05106531,0.0331146,0.06277009,0.05870445,0.03551086,0.03830955,0.04830024,0.03377949,0.06760682,NaN,0.005496108,0.06846657,0.067352,0.05434611,0.05275418,0.03182577,0.08337123,0.05153195,0.06206607,NaN,0.1275626,0.05433106,0.04193915,0.08527161,0.08811923,0.02895475,0.04426553,0.03811763,0.05747159,NaN,0.006006653,-0.03523305,0.05004812,0.05247885,0.04822905,0.02173377,0.04673274,0.05119751,0.05953168,NaN,0.1144564,0.05148488,0.06344438,0.05873994,0.05006204,0.05486948,0.06553036,0.06693222,0.05485062,NaN,0.0595511,0.05507281,0.05266113,0.05057561,0.05931366,0.06103279,0.07212833,0.07154819,0.0644362,NaN,0.1142819,0.05372816,0.05653298,0.07416929,0.08881047,0.07438966,posteriorHippocampus,sub-S28,p,randomWalker7,freq34
0.03349888,0.01554898,0.02157137,0.03558106,0.03961676,0.0171964,0.03317971,0.02895686,0.03166828,0.0305913,0.05075598,0.02912986,0.05268849,0.05314027,0.04846263,0.0485306,0.04840483,0.04143282,0.0512176,0.03755576,0.05244014,0.02699345,0.03309714,0.04929944,0.02992033,0.04157871,0.03526535,0.03330263,0.03599902,0.02635491,0.01430872,0.02876982,0.008661279,0.0219401,0.03703954,0.004458442,0.003610323,0.03180867,0.01887125,0.03070433,0.05954789,0.05127847,0.05032323,0.04868864,0.04828522,0.05200382,0.05827073,0.04842536,0.05321718,0.04756335,0.03308164,0.01644228,0.01809883,0.05171793,-0.001747809,0.007669054,0.03405903,0.01168694,0.02075805,0.03608312,0.05253938,0.01588249,-0.01314743,0.03810846,0.0328806,0.02675866,0.05310568,0.05046494,0.05277089,0.02823512,0.03716256,0.02284238,0.002347354,0.03052386,0.03288034,0.01456029,0.04514828,0.01044561,0.0293915,0.01499576,0.04781431,0.04451668,0.03855218,0.04233497,0.03288034,0.04019576,0.0483581,0.04533845,0.04817868,0.04673501,0.03759112,0.0358402,0.04137838,0.03752778,0.03288031,0.03591459,0.03038241,0.03344523,0.03511953,0.04165662,0.02478929,0.0216726,0.01665775,0.03416351,0.03288032,-0.01542708,0.02925026,0.01896893,0.02353962,0.02314075,0.03631962,-0.01651049,0.02033651,0.02981588,0.03288045,0.03142807,0.02596935,0.04184186,0.03819524,0.009231873,anteriorHippocampus,sub-S28,p,randomWalker8,freq34
0.04025579,0.05403503,0.04220605,0.03958729,0.07033013,0.05539245,0.0694141,0.06448924,0.05131337,0.04839174,0.05688505,0.02543044,0.04959848,0.04941197,0.06297977,0.05781041,0.06487911,0.05225813,0.05517671,0.04236208,0.06130668,0.08613562,0.05745759,0.06280674,0.05227943,0.06980829,0.06168763,0.05539582,0.05945742,0.07365234,0.05548529,0.07052404,0.03725525,0.06420323,0.07180475,0.05251038,0.03599236,0.07085057,0.04925221,0.07079769,0.1132417,0.09196298,0.1043086,0.08183768,0.08431887,0.09424572,0.1135529,0.08528129,0.09704629,0.08039359,0.03082712,0.04316676,0.06279846,0.03607606,0.03905654,0.03426345,0.05476334,0.05414606,0.05214167,0.03553576,0.04745663,0.01018629,0.01353013,0.04705329,0.06232279,0.01728772,0.05531232,0.03806721,0.04933811,0.02588586,0.09598614,0.03299502,0.07426767,0.03165625,0.06232273,0.03926332,0.06378849,0.06067454,0.08458531,0.0814757,0.04329253,0.04868497,0.02938231,0.06708329,0.06232281,0.04135998,0.04767517,0.0444838,0.04385568,0.04833453,0.04569058,0.03954055,0.0492376,0.04793112,0.06232275,0.04618608,0.05808846,0.04512111,0.04715955,0.04939768,0.05695709,0.05031418,0.05145346,0.03930009,0.06232274,0.0460252,0.05574796,0.05953084,0.05416586,0.0607569,0.107814,0.08529343,0.07261169,0.0253855,0.06232294,0.1044893,0.07465886,0.09630214,0.1027051,0.09096641,posteriorHippocampus,sub-S28,p,randomWalker8,freq34
0.02753999,0.01768787,0.01523108,0.03728945,0.04706798,0.01727435,0.02538905,0.03769591,0.02960701,0.02379104,0.05115309,0.02975727,0.05027441,0.05257867,0.04151279,0.0502645,0.04605325,0.05080771,0.0493576,0.03987616,0.03483294,0.03174432,0.0371017,0.04946038,0.03018211,0.03311559,0.03086671,0.03115661,0.03451622,0.0298724,0.009360196,0.01539434,-0.0155845,0.01930078,0.005051565,-0.002562361,0.001198089,0.04490431,0.01489814,0.02164083,0.05606196,0.05151076,0.04925207,0.05034069,0.05212897,0.05327293,0.04824001,0.0488626,0.05686061,0.04892614,0.02113482,0.02203177,0.01842458,0.05579484,0.01524873,0.01876554,0.03530625,0.01705323,0.02740292,0.02626381,0.05131051,0.05277893,0.04693088,0.04061868,NaN,0.05355983,0.04818328,0.05395883,0.05122652,0.04959329,0.03220519,0.02065119,0.03316886,0.07352575,NaN,0.03363118,0.03596426,0.006474651,0.02587479,0.01928746,0.04640749,0.0452414,0.04833412,0.04597813,NaN,0.04835779,0.04744643,0.0477799,0.04730345,0.04488697,0.0346507,0.03462481,0.03511112,0.06538044,NaN,0.03789131,0.0321871,0.04015768,0.03715144,0.03225933,0.02429296,-0.0085767,0.02502904,0.06266839,NaN,0.02282971,0.02757069,0.02551146,0.02585753,-0.009975648,0.03916102,0.02384433,0.02889431,0.07030348,NaN,0.01843773,0.04958677,0.01550104,0.05172438,0.02799578,anteriorHippocampus,sub-S28,p,randomWalker9,freq34
0.05525073,0.05413854,0.05367989,0.04040582,0.07567901,0.05045492,0.03526963,0.06643182,0.05106178,0.05672326,0.04986063,0.02480581,0.05570841,0.05268827,0.04291391,0.06055542,0.06505841,0.0575519,0.0569475,0.04898845,0.05578143,0.1048066,0.0624461,0.06370696,0.04850437,0.05285804,0.05915308,0.05078667,0.061163,0.06861799,0.0482059,0.0569465,0.02247947,0.08075705,0.03817938,0.04725816,0.02639141,0.07239436,0.04966721,0.05900528,0.1005503,0.0882583,0.0807375,0.07368739,0.09113931,0.09485987,0.08120401,0.08075186,0.1026274,0.08163111,0.03963339,0.04095535,0.05071952,0.02999382,0.05082466,0.03841712,0.07524367,0.05975046,0.05447874,0.03928915,0.05114814,0.03798864,0.06013466,0.05427986,NaN,0.04198495,0.05670975,0.04683281,0.0512989,0.04817881,0.08787667,0.06184044,0.0566355,0.06097143,NaN,0.1063502,0.06477043,0.06502707,0.0832292,0.0427078,0.03669363,0.0327955,0.03884982,0.03943527,NaN,0.028091,0.04382296,0.03305303,0.03854336,0.04065079,0.04209562,0.05206243,0.05390805,0.04277522,NaN,0.03425549,0.03930981,0.05474711,0.04459994,0.04139198,0.05880916,0.03986517,0.05288149,0.05231923,NaN,0.04677356,0.05326619,0.05190716,0.05592296,0.03624397,0.05784155,0.04447524,0.05872618,0.04645092,NaN,0.0919819,0.1011648,0.05859509,0.09350966,0.03036022,posteriorHippocampus,sub-S28,p,randomWalker9,freq34
0.03472678,0.01587716,0.01594932,0.03020789,0.03644377,0.01448106,0.05048255,0.03294714,0.03382833,0.0270074,0.04272747,0.01715825,0.04718413,0.04078529,0.04200808,0.06278124,0.04720208,0.003902393,0.04302153,0.05208715,0.05564425,0.07106125,0.05847622,0.05235191,0.05532521,0.06075466,0.05608782,0.05779377,0.05639387,0.05149055,0.007269875,0.01002482,0.06390584,-0.004874963,0.06522763,0.009550028,0.06204051,0.01859407,0.01169987,0.006819008,0.05806855,0.05435117,0.0511721,0.04736599,0.03321283,0.03978486,0.06211515,0.04514198,0.05313992,0.03100333,0.0282279,0.02525899,0.07896823,0.04331804,0.06157439,0.02044502,0.05068751,0.02806092,0.02378766,0.03919779,0.04076508,0.02530339,0.04428674,0.04259896,0.02930836,0.03061984,0.04233935,-0.02419428,0.0383029,-0.007999162,0.06541596,0.05405555,0.051471,0.04733406,0.06203965,0.03834454,0.05201871,0.03956426,0.07124025,0.04884836,0.03916057,0.0434517,0.03518905,0.0359733,0.03095606,0.04242284,0.03802305,0.04099981,0.0401271,0.04198007,0.04566555,0.04913928,0.03636451,0.03826014,0.05244725,0.03874385,0.03818449,0.04065482,0.04368376,0.04814782,0.06364429,0.08229277,0.06855135,0.05692042,0.06264251,0.07004548,0.06308672,0.06900632,0.06636041,0.04895522,-0.01727168,0.04691806,0.06345887,0.05227574,0.06236672,0.0297511,0.04336078,-0.00397908,-0.03227698,0.04160338,anteriorHippocampus,sub-S30,p,randomWalker0,freq34
0.0328638,0.02518886,0.01313519,0.02123208,0.03108329,0.02296811,0.05328692,0.03267331,0.03344985,0.02714036,0.03697461,0.02695693,0.04405191,0.04372231,0.03779273,0.04226202,0.03775892,0.01981241,0.03825085,0.03636325,0.03512519,0.05556961,0.03658784,0.0337469,0.0341965,0.03947979,0.03550884,0.0354156,0.03531017,0.04169297,0.02481869,0.02357276,0.04370505,0.01837201,0.04770419,0.02377698,0.03946023,0.02614568,0.03353335,0.02359784,0.06490991,0.06091862,0.05074771,0.04346268,0.03008172,0.03914885,0.07080506,0.04632615,0.05753244,0.03011718,0.01861555,0.026865,0.04711187,0.001297983,0.0475164,0.02666433,0.03910596,0.0439912,0.02601411,0.02666416,0.0407592,0.01887774,0.04208216,0.0449792,0.02940691,0.01339467,0.03938346,0.005274723,0.03604281,0.019547,0.05882419,0.04506784,0.03189455,0.03522528,0.04013645,0.04234467,0.03953329,0.05630269,0.07048202,0.03054442,0.03695087,0.03910286,0.03729368,0.03365653,0.02141469,0.03736693,0.03541136,0.03765587,0.03759673,0.03514699,0.04077512,0.04070637,0.02715139,0.04677499,0.03151376,0.03485429,0.03405873,0.04031615,0.03925986,0.03265283,0.04246924,0.08568013,0.04580202,0.03416144,0.04060522,0.05414532,0.03997675,0.04538618,0.04506439,0.03570377,0.02308605,0.03519854,0.047562,0.03526332,0.04055008,0.03535614,0.03113478,0.01796761,0.01586725,0.02213829,posteriorHippocampus,sub-S30,p,randomWalker0,freq34
0.02411271,0.0201402,0.02254296,0.03116929,0.01926455,0.01668627,0.01861775,0.03055384,0.02753739,0.03268685,0.04404477,0.0525757,0.04181082,0.04098356,0.04557116,0.05457143,0.04898763,0.04338497,0.04708944,0.05139402,0.05905708,0.06282784,0.06155099,0.04275182,0.06259862,0.0593093,0.05663339,0.06215107,0.05748739,0.05940761,0.01668448,0.02561483,0.07033167,0.01938005,0.002346316,0.001921031,0.04250211,0.01707015,0.01612774,0.02467942,0.05440018,0.04119972,0.07185329,0.03735358,0.04250917,0.04331633,0.07309835,0.04583317,0.05292375,0.03661858,-0.009109301,0.02644712,0.06421404,0.03941746,0.03440637,0.003910604,0.05611248,0.01203351,0.02416053,0.0400437,0.04307575,0.04543106,0.03873572,0.04563763,NaN,0.04402715,0.04726723,0.04130467,0.04352001,0.03118482,0.0543984,0.06109449,0.06318327,0.04424743,NaN,0.06854652,0.07049572,0.07455898,0.06457125,0.04758293,0.03872055,0.06613074,0.02408151,0.02762954,NaN,0.04865053,0.0434072,0.05670893,0.0413826,0.05291789,0.04208903,0.03871939,0.08657791,0.02485039,NaN,0.03984844,0.02900404,0.03839558,0.04315882,0.04582593,0.07054009,0.06656022,0.06313396,0.07728288,NaN,0.06191887,0.06670161,0.06494847,0.06686015,0.07042863,-0.001639557,0.05780851,0.06251162,0.05362797,NaN,0.0686396,0.04648094,0.04265732,0.03038607,0.03650133,anteriorHippocampus,sub-S30,p,randomWalker1,freq34
0.03082837,0.02808286,0.02878833,0.03222758,0.02358309,0.02604254,0.03738036,0.03319317,0.0324557,0.03348561,0.04286885,0.0457314,0.03851392,0.04686737,0.02800845,0.03907432,0.04084627,0.03295956,0.04143216,0.04089006,0.0406576,0.040896,0.03855016,0.04489262,0.03922049,0.03656042,0.03551748,0.03968802,0.03652038,0.03710776,0.03125622,0.03358625,0.04622215,0.03229184,0.02055332,0.02056247,0.04180327,0.0215016,0.02966818,0.03028836,0.05770114,0.03854776,0.08202237,0.03363753,0.04054406,0.04245387,0.08725602,0.04504444,0.05426563,0.03265327,0.007432289,0.02501271,0.04120353,0.008154815,0.04419496,0.01341337,0.04025791,0.02998165,0.02425812,0.03741603,0.040463,0.04147207,0.03756072,0.0473612,NaN,0.03918607,0.04191921,0.03833569,0.04114762,0.03101538,0.05541364,0.06860691,0.04344837,0.02311039,NaN,0.08442836,0.05143644,0.05592931,0.07377728,0.05580499,0.04016186,0.04216993,0.03397437,0.03449481,NaN,0.03973252,0.04098431,0.04146812,0.04002463,0.04282058,0.04015986,0.03896398,0.1017779,0.01522316,NaN,0.038082,0.03139634,0.04130786,0.04044922,0.03753814,0.04848196,0.04215301,0.03991105,0.04757037,NaN,0.03949676,0.04360018,0.04122867,0.04350809,0.05570244,0.02924595,0.05708909,0.04128849,0.03669432,NaN,0.07065473,0.04374386,0.04060478,0.05434238,0.02821495,posteriorHippocampus,sub-S30,p,randomWalker1,freq34
0.02864027,0.01079504,0.02490853,0.02977637,0.02810173,0.007768306,0.02881719,0.03601747,0.03032139,0.02132325,0.0326478,0.03686794,0.03510397,0.02399741,0.01489052,0.04959276,0.04492582,0.03625471,0.04212508,0.03803945,0.04835388,0.06099236,0.0597784,0.02131137,0.04139121,0.05847352,0.05520054,0.05773462,0.05486593,0.04310333,0.06492004,0.01131301,0.06240964,0.02352349,0.06261232,0.007129211,0.06293878,0.03372857,0.07115995,0.05401457,0.05492041,0.02403491,0.06551494,0.03449566,0.04189759,0.02382626,0.07179614,0.04238027,0.0466865,0.03613136,0.02028213,0.0198194,0.06191654,0.03855405,0.05968597,0.008371046,0.05701611,0.04819155,0.0282481,0.03779083,0.04350461,0.03267716,0.04085686,0.01192737,0.0766574,0.04289472,0.04338193,0.0368373,0.04307138,0.04811107,0.06883121,0.03079374,0.04905372,0.04906539,0.07665753,0.02383581,0.04802554,0.05185425,0.06780315,0.03186066,0.04510683,0.04823549,0.02399013,0.0505855,0.07665739,0.06437051,0.03663007,0.03198467,0.04073363,0.04130482,0.03595165,0.02537311,0.03021534,0.0488578,0.07665751,0.02028114,0.04458123,0.03024457,0.03467215,0.03320614,0.07103089,0.0243837,0.057681,0.04134598,0.07665759,0.01465393,0.06197307,0.05995591,0.06729389,0.06200498,0.05330557,0.02591602,0.05392599,0.04734317,0.07665737,0.01452784,0.04465892,0.05374056,0.05282726,0.03076238,anteriorHippocampus,sub-S30,p,randomWalker2,freq34
0.03297308,0.02150143,0.04180799,0.02921367,0.03138972,0.01948282,0.03947248,0.03543105,0.03293722,0.02775064,0.03240938,0.02343873,0.03722491,0.03482414,0.02860603,0.03602246,0.03889515,0.04215443,0.03805558,0.03464591,0.03311181,0.04484687,0.03822433,0.02901562,0.02970634,0.04186888,0.03508319,0.04023677,0.0346536,0.06523477,0.06826865,0.02450079,0.04237454,0.02823661,0.04296259,0.02219035,0.04161185,0.03207203,0.05312247,0.04623304,0.06150385,0.02258195,0.08521008,0.03130699,0.05053964,0.02185871,0.09141796,0.04267642,0.04884461,0.03344682,0.02133147,0.02183348,0.04119763,0.0301561,0.04255529,0.01281829,0.04000595,0.05660882,0.03623809,0.03047564,0.03833453,0.03434387,0.0398355,0.023171,0.108907,0.03587512,0.04019519,0.04026798,0.03963052,0.03886343,0.08341769,0.02427492,0.04067873,0.05409578,0.1089072,0.01902701,0.04047107,0.0405425,0.0685557,0.04415869,0.03746529,0.03999123,0.0264044,0.0481624,0.1089071,0.04549205,0.03324106,0.03293667,0.03519785,0.04582614,0.03920243,0.02233508,0.03183905,0.04969958,0.1089071,0.02376524,0.050192,0.03047865,0.03485906,0.03391532,0.05381573,0.0377422,0.036951,0.04385435,0.1089072,0.02921421,0.04088902,0.03880573,0.04764715,0.07318974,0.03149979,0.01407398,0.03793883,0.05207803,0.1089071,0.007465832,0.02849262,0.04901783,0.03085685,0.0388955,posteriorHippocampus,sub-S30,p,randomWalker2,freq34
0.02404756,0.01803696,0.0290222,0.02827315,0.03150098,0.01554107,0.02394348,0.02770581,0.02620667,0.02719281,0.03889274,0.02296432,0.04530652,0.02421331,0.04686001,0.04252359,0.04625813,0.04218648,0.04503578,0.04073206,0.0518144,0.06350981,0.05438026,0.03967306,0.05400227,0.05156096,0.05157219,0.05290491,0.05375276,0.05718979,0.03796902,0.02313183,0.05728839,0.03205566,0.05754673,0.0244736,0.05605543,0.009806731,0.02240352,0.02745404,0.05658344,0.04574338,0.07260209,0.041352,0.04018849,0.04421435,0.06860412,0.04499936,0.05910198,0.04235758,0.02079948,0.02538827,0.06010693,0.03014001,0.06878238,0.02168475,0.04805142,0.02810782,0.02755306,0.03857097,0.0402457,0.03861028,0.04678835,0.01733031,0.03992796,0.03743147,0.03560835,0.03632371,0.04104276,0.06483071,0.06533086,0.04191315,0.08392318,0.01733044,0.0565091,0.03790164,0.05034449,0.0341198,0.05898285,0.0474936,0.04055262,0.03393847,0.0715491,0.01733049,0.0545493,0.03258516,0.03668242,0.03171269,0.03700936,0.04453517,0.03025714,0.03934082,0.05072277,0.01733022,0.06219565,0.03459034,0.02180526,0.03092129,0.03447112,0.04361909,0.05895201,0.08880062,0.05588124,0.01733029,0.0552718,0.05696837,0.05459687,0.06020265,0.06055905,0.051649,0.03315792,0.03348665,0.0831098,0.01733044,0.05553285,0.01441364,0.05715423,0.02599666,0.03601846,0.03923074,anteriorHippocampus,sub-S30,p,randomWalker3,freq34
0.0321797,0.03092303,0.03941604,0.03522306,0.0315154,0.02973899,0.02654964,0.03354366,0.03481222,0.03629633,0.04102448,0.0196857,0.04212281,0.03221741,0.03998114,0.04339482,0.04473215,0.04273756,0.04536009,0.04254914,0.03851499,0.05672257,0.04106906,0.02911325,0.04007128,0.03976056,0.03796423,0.04025143,0.0413664,0.047132,0.03872366,0.03200219,0.04661104,0.03459406,0.04679817,0.0339318,0.04373861,0.02525125,0.03425253,0.03367044,0.06081143,0.04697096,0.08871353,0.03838162,0.03738103,0.04476535,0.08182476,0.04461336,0.06533246,0.0406077,0.02465478,0.03513484,0.05300588,0.02369105,0.06512459,0.03342387,0.02215103,0.03607147,0.03055367,0.04433958,0.03721874,0.0325584,0.04541188,0.03174566,0.04638074,0.03341876,0.05099839,0.03592984,0.03997287,0.04227021,0.07968559,0.0420833,0.09165305,0.03174576,0.04234719,0.04619258,0.03977223,0.04234826,0.07403909,0.04868777,0.03839356,0.03900686,0.07281577,0.03174579,0.04503739,0.03825155,0.05087272,0.0368925,0.03992259,0.04576588,0.03944298,0.04060226,0.05638037,0.03174575,0.04709497,0.04001961,0.03328122,0.03474898,0.04165786,0.04295413,0.04738309,0.1070411,0.04278598,0.03174562,0.04174371,0.04164419,0.04176949,0.04937531,0.05084341,0.06845852,0.04804571,0.02959081,0.08816938,0.03174561,0.04140699,0.01390766,0.04586354,0.03532438,0.05249807,0.02875936,posteriorHippocampus,sub-S30,p,randomWalker3,freq34
0.02982709,0.01551754,0.007783855,0.02095122,0.02070796,0.01211339,0.04594088,0.03125478,0.02925912,0.02956425,0.03858602,0.0220131,0.04504484,0.03374054,0.04452938,0.04544014,0.04482476,0.04277378,0.04294387,0.03524293,0.05348935,0.05481183,0.05604666,0.05402695,0.05538955,0.05642112,0.05342799,0.05498597,0.0539971,0.05173598,0.0236177,0.007782873,0.003062827,-0.0008414356,0.02352524,0.005751245,0.059167,0.0214501,0.01021004,0.01542384,0.05337444,0.04646362,0.03945531,0.01802652,0.04066529,0.03792756,0.04635735,0.03864494,0.04525876,0.03777264,0.0263031,0.02755528,0.06056306,0.01979,0.06635217,0.008043322,0.05635335,0.03700028,0.03112193,0.0352568,0.03806591,0.03181175,0.03936075,0.03128182,0.02837258,0.04300407,0.04030713,0.03942313,0.04031734,-0.009520652,0.03597966,0.0496893,0.06651524,0.05372182,0.02837251,0.07980035,0.03865341,0.08079523,0.06806175,0.03538617,0.03678668,0.03303517,0.03403465,0.0273536,0.02837253,0.04010422,0.03676892,0.03656381,0.03832075,0.03839511,0.03497854,0.03744049,0.05166813,0.02585868,0.02837244,0.03959826,0.04027976,0.04676123,0.03878858,0.03615465,0.06260355,0.07388972,0.05734681,0.05817004,0.02837262,0.05946462,0.05698881,0.05678329,0.06010209,0.03423464,0.04133401,0.06429768,0.06074277,0.05649514,0.02837265,0.07984428,0.06156341,0.06860366,0.04625717,0.02188062,anteriorHippocampus,sub-S30,p,randomWalker4,freq34
0.03730902,0.03068199,0.02538898,0.02602369,0.02512123,0.02974859,0.04121574,0.03878877,0.0364049,0.03666612,0.04470173,0.03642963,0.04483586,0.0488185,0.04467799,0.04579342,0.04726997,0.04486215,0.04563671,0.04014974,0.04298389,0.04443192,0.04209071,0.04800502,0.04141118,0.04252112,0.03950741,0.04097959,0.04046338,0.04209236,0.04170503,0.02726355,0.01897441,0.01966907,0.03978857,0.02731242,0.04938209,0.03348462,0.03271567,0.03296748,0.06053082,0.05157321,0.04294627,0.02363042,0.04240654,0.04007155,0.04886908,0.03793316,0.04788015,0.0368588,0.03006246,0.03668026,0.04815904,0.01165517,0.05147332,0.02621167,0.04897849,0.04899589,0.03551417,0.03556589,0.04462359,0.04235881,0.04856113,0.0462993,0.0392406,0.04502446,0.04792398,0.04401002,0.04535633,0.003217898,0.05031031,0.04671167,0.05933977,0.04859129,0.03924051,0.07667881,0.04020263,0.08647321,0.07773144,0.0291579,0.04361767,0.04159808,0.04383874,0.04202786,0.03924057,0.04757437,0.0433873,0.04427536,0.04379408,0.05190938,0.03983348,0.03793573,0.06479232,0.03948585,0.03924036,0.04269094,0.03999589,0.05202789,0.04254944,0.03322806,0.04967299,0.07831412,0.0440772,0.0487802,0.03924048,0.04630256,0.04497945,0.04302349,0.04753127,0.04385477,0.04290404,0.07186712,0.04923957,0.05032866,0.03924062,0.09227375,0.05972505,0.06309459,0.04902131,0.02631086,posteriorHippocampus,sub-S30,p,randomWalker4,freq34
0.02932374,0.01266188,0.02038384,0.03505079,0.03793829,0.01404821,0.04448386,0.03925737,0.02788896,0.02587318,0.04066021,0.02749756,0.04088513,0.03214162,0.04197094,0.01636555,0.04436311,0.02977179,0.0453125,0.03902298,0.05262637,0.06469634,0.05601941,0.05366086,0.05716095,0.05242996,0.0522652,0.05998383,0.05522456,0.06296623,0.0193166,0.03016788,0.06111268,0.03588377,0.06006515,0.006881152,0.06169938,0.04604903,0.03162072,0.03383487,0.04659357,0.03503752,0.04435373,0.06018482,0.04395233,0.0405476,0.05843761,0.04442729,0.04842716,0.03490246,0.01561515,0.02711199,0.06633259,0.05070379,0.04113133,0.009121877,0.04864023,0.008754176,0.03083026,0.0390336,0.04120835,0.02821936,0.04185237,0.02323468,NaN,0.04023166,0.03870374,0.04207524,0.04133657,0.03255069,0.07643583,0.03024602,0.05008434,0.04781691,NaN,0.05020263,0.05514256,0.07211316,0.07301266,0.07467157,0.03707444,0.02765618,0.03604461,0.02522778,NaN,0.03807316,0.03379437,0.03753975,0.0371071,0.0362752,0.03038065,0.009505255,0.02165382,0.03314791,NaN,0.0410973,0.02998073,0.05851481,0.03478837,0.04463438,0.06652652,0.06582919,0.0600229,0.05961655,NaN,0.03956694,0.05839454,0.09324944,0.06576294,0.0603629,0.0222355,0.03584651,0.05438391,0.08129232,NaN,0.04400038,0.05959782,0.04561184,0.02238761,0.07415448,anteriorHippocampus,sub-S30,p,randomWalker5,freq34
0.03590209,0.02632992,0.02941131,0.03826239,0.04195899,0.02661598,0.04903841,0.04197282,0.03552401,0.0334819,0.03608904,0.0224197,0.04162319,0.04390637,0.03494978,0.008161427,0.03953511,0.03066578,0.03829249,0.0351212,0.0382993,0.1099563,0.0368552,0.0449017,0.03889336,0.05273017,0.03489805,0.0448043,0.03909326,0.05982431,0.03315825,0.03799297,0.04459199,0.03994951,0.04325205,0.01979735,0.04508186,0.04747083,0.04026446,0.03860117,0.04958265,0.03570183,0.04238106,0.07242601,0.04366028,0.04065138,0.08178578,0.04378755,0.05052782,0.03318291,0.02495052,0.03432424,0.04567585,0.02546155,0.03093466,0.02257684,0.03688311,-0.008392293,0.04299131,0.04203979,0.03499284,0.02604835,0.032955,0.03456754,NaN,0.01928003,0.03846398,0.04200152,0.03168376,0.04033408,0.08288477,0.01785439,0.03879233,0.03521809,NaN,0.06406571,0.03991265,0.09340805,0.08893362,0.1011579,0.04200885,0.0345297,0.03606795,0.03333098,NaN,0.0394805,0.04138006,0.04407739,0.04101644,0.03995246,0.03299886,0.01283756,0.03024165,0.02515252,NaN,0.04636397,0.02938134,0.06669536,0.04010051,0.05278594,0.05116155,0.07745215,0.04065584,0.04138536,NaN,0.04865813,0.03933926,0.1048344,0.04928696,0.04316103,0.04012157,0.03221143,0.04508657,0.08211929,NaN,0.05445928,0.0564312,0.09943073,0.0438681,0.09205335,posteriorHippocampus,sub-S30,p,randomWalker5,freq34
0.04060005,0.01406677,0.01553907,0.04146957,0.03432938,0.01874442,0.03564615,0.03029649,0.02896865,0.02937086,0.04327878,0.01741637,0.04061931,0.0363964,0.04950769,0.04788601,0.04606308,0.03259761,0.04326145,0.03499053,0.05263897,0.05683935,0.05812709,0.04339548,0.05755006,0.05878404,0.05310339,0.05496959,0.05394799,0.04799271,0.07050732,0.02584576,0.06142621,0.03918827,0.009558035,0.02917736,0.06215766,0.02650682,0.03971015,0.03891109,0.07200919,0.03735938,0.04193592,0.03736423,0.03316713,0.04182067,0.05762978,0.03836245,0.04811662,0.03642533,0.04911254,0.02351778,0.06440867,0.04260514,0.06668325,0.009621189,0.0529421,0.01032747,0.02410804,0.02856061,0.04004449,0.0425375,0.03957194,0.02908933,NaN,0.04035458,0.0455653,0.03892004,0.04129977,0.04894819,0.05382938,0.06992482,0.05349497,0.0661987,NaN,0.08522445,0.05210536,0.05058067,0.06500093,0.0260775,0.03705001,0.05093154,0.01972034,0.03256719,NaN,0.06186606,0.02219694,0.05126879,0.04109671,0.06371187,0.03672663,0.03467292,0.01440733,0.02968139,NaN,0.03826648,0.04030925,0.04081831,0.03770322,0.02909912,0.06280761,0.0618719,0.06383301,0.062283,NaN,0.06051445,0.05519674,0.061467,0.06194017,0.05356848,0.03651544,0.07281888,0.05356685,0.02031538,NaN,0.08026896,0.04629141,0.05153827,0.04458445,0.03094757,anteriorHippocampus,sub-S30,p,randomWalker6,freq34
0.04135298,0.02396438,0.01161923,0.02580795,0.03351466,0.02587792,0.0351671,0.03278464,0.03039934,0.03145004,0.04164781,0.01503525,0.04534349,0.04647932,0.03763434,0.03670821,0.04080245,0.04127962,0.04117683,0.03458254,0.03907564,0.05153153,0.04035241,0.04051568,0.0401951,0.04204104,0.03463173,0.0403803,0.03748392,0.04107055,0.09480163,0.03293126,0.04660996,0.039846,0.01526279,0.04072746,0.04757672,0.03368269,0.05792306,0.0406701,0.0913984,0.03653124,0.03860425,0.03355005,0.02948903,0.04119601,0.06689723,0.03603293,0.04989231,0.03388244,0.05198485,0.02617173,0.05031518,0.01051385,0.07978158,0.0243537,0.04075589,0.02178144,0.02826114,0.02228712,0.04375059,0.04128248,0.04930717,0.04555526,NaN,0.03555888,0.03312691,0.03794651,0.04123926,0.03899578,0.05789756,0.07477136,0.04261993,0.0325699,NaN,0.08549213,0.03978595,0.07061752,0.08033871,0.02102174,0.04082885,0.04092558,0.04283805,0.04291927,NaN,0.04274936,0.04143864,0.04138285,0.04100651,0.05316259,0.03195648,0.03267262,0.006230277,0.01306947,NaN,0.04351382,0.0369216,0.04023033,0.035163,0.01977004,0.04730579,0.04617004,0.0459472,0.06040877,NaN,0.04357726,0.03901736,0.04653065,0.04617507,0.09315731,0.0508834,0.07829934,0.04050225,0.03233612,NaN,0.07297295,0.0457007,0.07417756,0.05698285,0.02409405,posteriorHippocampus,sub-S30,p,randomWalker6,freq34
0.02973178,0.0161414,0.02296787,0.03023829,0.02743382,0.02148788,0.03598065,0.03238539,0.02983402,0.02527531,0.04528433,0.04863487,0.05055766,0.03664046,0.03707099,0.05413072,0.04852107,0.02657046,0.04832511,0.04205258,0.0567749,0.0467081,0.05950887,0.02028319,0.06237587,0.06047653,0.05701374,0.05995103,0.05868309,0.05985904,0.00673901,0.01233287,0.06052152,0.01436058,-0.01120543,-0.005471831,0.06008404,0.006014824,0.004219835,-0.0008848175,0.0519045,0.05376254,0.07127361,0.05587347,0.0434418,0.04262423,0.0535284,0.04240986,0.05304576,0.03817743,0.02238535,0.03364173,0.06384714,0.04535205,0.05065876,0.0202825,0.05669079,0.03532121,0.03137377,0.03603062,0.0409378,0.03526908,0.0465227,NaN,0.02086294,0.04425047,0.04309256,0.04597199,0.04357708,0.03242969,0.04695977,0.02448565,0.06131313,NaN,0.06242555,0.05028453,0.05129917,0.07326005,0.06412893,0.05076398,0.04446464,0.0379898,0.04269493,NaN,0.02317725,0.0481803,0.0403691,0.05806502,0.04415118,0.02989806,0.04204039,0.04071525,0.03863714,NaN,0.06965626,0.03506834,0.04419798,0.04763485,0.04378612,0.04727212,0.06715673,0.0727899,0.06243712,NaN,0.03085624,0.06417514,0.06251362,0.06530343,0.06733747,0.06711552,-0.002433618,-0.008590708,0.06192825,NaN,0.05726489,0.04296362,0.05620318,0.06239904,-0.0002976468,-0.02758486,anteriorHippocampus,sub-S30,p,randomWalker7,freq34
0.0279458,0.02394716,0.02834002,0.0289616,0.02680313,0.02764587,0.03387394,0.0332534,0.02967562,0.02995716,0.04093786,0.008958325,0.03752575,0.04511315,0.03426381,0.04522181,0.03761661,0.03482702,0.04027861,0.03644198,0.0324501,0.04843554,0.03470961,0.03215317,0.04008242,0.0385763,0.0332305,0.04204177,0.03524651,0.04439347,0.02140457,0.02259164,0.04015133,0.02617964,0.02291483,0.02373712,0.03834143,0.02562201,0.02316229,0.01925918,0.05493213,0.0578854,0.07733537,0.05919528,0.04388114,0.04240042,0.05557447,0.04346468,0.0562983,0.0373886,0.009094514,0.02930546,0.04081098,-0.00808242,0.06729741,0.03171082,0.03648455,0.03979502,0.04061092,0.03439127,0.0405561,0.03819107,0.04051378,NaN,0.03741086,0.0293034,0.03432207,0.03385297,0.0395693,0.03815678,0.0584435,0.02766106,0.03835952,NaN,0.08958069,0.07778697,0.04060034,0.1044794,0.07619238,0.06355949,0.0426509,0.03675317,0.04097909,NaN,0.0373387,0.04867594,0.0408322,0.05539513,0.0436843,0.04048504,0.03416041,0.03725252,0.03559559,NaN,0.09676254,0.03288177,0.04893434,0.04377173,0.03691895,0.0429039,0.04733113,0.07214618,0.03804434,NaN,0.06997111,0.04035621,0.0390719,0.04459283,0.0480656,0.05302743,0.02238979,0.02156772,0.03932779,NaN,0.08116714,0.06772225,0.04094636,0.09051149,0.02748132,0.009386135,posteriorHippocampus,sub-S30,p,randomWalker7,freq34
0.03498035,0.01791574,0.02190401,0.03828322,0.02730682,0.01408114,0.02092324,0.02631659,0.03271576,0.0390425,0.03803724,0.038223,0.04066972,0.03663701,0.04594331,0.04246255,0.04425005,0.04641567,0.04048877,0.03352622,0.04577569,0.05641487,0.05526047,0.04858586,0.05633385,0.05189019,0.05336994,0.05445402,0.05311609,0.05990692,0.02283453,0.01713607,0.05984024,0.01266035,0.007130671,-0.002975286,0.05975862,0.01368192,0.01815417,0.01574686,0.06668325,0.04288448,0.06943063,0.03895009,0.04044324,0.04485749,0.06788673,0.03950856,0.04930537,0.03782555,0.03118176,0.02602405,0.07154031,0.0416316,0.0470168,0.009579217,0.05918754,0.02565567,0.03532495,0.05047894,0.03807995,0.02144046,0.00947681,0.0158626,0.02743285,0.01871472,0.03915656,0.03556164,0.03877087,0.02735276,0.05979935,0.02591778,0.08795464,0.007490449,0.02743318,0.0310729,0.05505094,0.03519308,0.0680839,0.07468403,0.03632367,0.04314188,0.02942181,0.02841073,0.02743306,0.04916386,0.03715147,0.04390542,0.03687685,0.03494379,0.03695751,0.03362625,0.05041415,0.01297221,0.0274328,0.03839597,0.04158926,0.02935776,0.03799387,0.05408276,0.0616635,0.04190778,0.06321537,0.008365576,0.02743267,0.06996139,0.05755214,0.06622914,0.0615751,0.05944217,0.04492829,-0.04719483,0.08065715,0.01083724,0.02743287,0.01459694,0.06494196,0.04237189,0.05272236,0.005612929,anteriorHippocampus,sub-S30,p,randomWalker8,freq34
0.03691439,0.03061619,0.02681886,0.03723304,0.02884589,0.02730327,0.02885072,0.03434417,0.03745037,0.04023397,0.04433264,0.02711791,0.04441426,0.04564449,0.04167658,0.04270469,0.04586044,0.03771278,0.04517203,0.03660946,0.04096811,0.05587325,0.03957799,0.04007274,0.03913547,0.03856644,0.03754596,0.03762588,0.03845264,0.05363015,0.03705958,0.02791842,0.0432199,0.02892009,0.02315584,0.0235002,0.0444229,0.02532106,0.03204094,0.02856581,0.08322624,0.04838588,0.09131286,0.04242888,0.04444341,0.0512406,0.08564091,0.04344263,0.057673,0.04064627,0.02819536,0.03408711,0.05867492,0.03589829,0.05989721,0.02261783,0.04572796,0.03962282,0.05202509,0.04913452,0.04248777,-0.00111375,-0.002862009,0.01952664,0.03776991,0.02293234,0.04707674,0.03872384,0.04371157,0.006081124,0.06507271,0.02807613,0.1024728,0.006706368,0.03776997,0.03630691,0.04598842,0.04906416,0.07211335,0.0838777,0.04013279,0.04163419,0.04136007,0.02870771,0.03776995,0.04238115,0.04120954,0.04207848,0.04062599,0.04029625,0.03962374,0.03453689,0.05325567,0.01764444,0.0377699,0.04249207,0.05280694,0.03480581,0.04213429,0.05175726,0.04609685,0.06043188,0.04821894,0.01132022,0.03777,0.08027156,0.04048283,0.05600759,0.04541638,0.04796907,0.05893734,0.03135733,0.1016297,0.007165873,0.03777003,0.04895742,0.05159648,0.0481698,0.05901554,0.04373213,posteriorHippocampus,sub-S30,p,randomWalker8,freq34
0.03048967,0.02259151,0.01547597,0.03434426,0.04012883,0.01563351,0.02668818,0.03139495,0.03224484,0.02604244,0.03774946,0.02930108,0.04358592,0.03865284,0.0429143,0.04413661,0.04602838,0.04147473,0.04307863,0.03131245,0.05476079,0.07074511,0.05778476,0.04855097,0.05772338,0.05727512,0.05382304,0.05764458,0.05587437,0.06198759,0.009519099,0.01828579,0.03560118,0.0007551749,0.05568241,-0.007682331,0.06081894,0.02754894,0.01365519,0.02455053,0.05453227,0.04197432,0.03900014,0.03974996,0.04593926,0.04999693,0.03672716,0.03906434,0.05701184,0.03796237,0.02882757,0.0242726,0.06592209,0.0356579,0.07628883,0.02708241,0.06117772,0.03744281,0.0419495,0.03003529,0.03938203,0.03301337,0.04421713,0.03453248,NaN,0.0345841,0.04241883,0.03626997,0.03995473,0.03819223,0.05819432,0.05122177,0.05604851,0.04159245,NaN,0.05695756,0.05804179,0.06937422,0.06790448,0.03711202,0.03733605,0.04028372,0.03365047,0.03453399,NaN,0.02953006,0.03622644,0.03616476,0.03851114,0.04242685,0.03744105,0.03674653,0.03783193,0.03733276,NaN,0.03138433,0.03948087,0.04231325,0.03872775,0.03403142,0.06390803,0.06867594,0.05812793,0.0386026,NaN,0.06185296,0.05744619,0.05911154,0.06157065,0.04354959,0.05713371,0.02709523,0.05834644,0.03818128,NaN,0.06453001,0.06524332,0.04260588,0.06652264,0.02673831,anteriorHippocampus,sub-S30,p,randomWalker9,freq34
0.03780301,0.03432516,0.02913992,0.03369882,0.042069,0.02670148,0.02228414,0.03555085,0.03762957,0.03510929,0.04542307,0.02802991,0.04606907,0.04763359,0.03715318,0.0466269,0.04408932,0.04649333,0.04505651,0.03718104,0.03988739,0.07079086,0.04180038,0.04171468,0.03840105,0.03803233,0.03546107,0.03845753,0.03881652,0.05154627,0.02985209,0.03241099,0.02968092,0.02696828,0.04193753,0.01948324,0.04457127,0.03092624,0.0322416,0.03621677,0.06320441,0.0444186,0.04155912,0.03912923,0.05051593,0.05646235,0.037473,0.03987738,0.06711779,0.0388611,0.02077612,0.03175524,0.04573485,0.01501107,0.06861597,0.04706362,0.05194814,0.06065462,0.05595407,0.03258776,0.04482989,0.04443771,0.04274049,0.03959879,NaN,0.046885,0.04322518,0.04780084,0.04411936,0.04150916,0.06877522,0.06397697,0.0424123,0.01936919,NaN,0.07748172,0.04714969,0.08652329,0.0789537,0.03834667,0.04134575,0.04438883,0.0407185,0.03910545,NaN,0.04222643,0.04098335,0.0440985,0.04232894,0.04233047,0.03715659,0.0421098,0.03514365,0.024569,NaN,0.03025316,0.04440227,0.04800305,0.04147203,0.03421247,0.04563208,0.06472143,0.03885142,0.0421537,NaN,0.04384544,0.03874877,0.04040915,0.04282237,0.05787067,0.05626134,0.04294723,0.04226469,0.01963632,NaN,0.07593349,0.07755727,0.04209644,0.06742387,0.02543262,posteriorHippocampus,sub-S30,p,randomWalker9,freq34
-0.04195732,-0.03353447,-0.04726664,-0.04727286,-0.02983229,-0.03999227,-0.01621744,-0.02965795,-0.0384258,-0.04662187,0.03225627,0.06959677,0.0269043,0.02529135,0.04335196,0.03252018,0.01756938,0.1023337,0.02728552,0.02926452,-0.006256453,-0.0150838,-0.01904246,0.003105828,-0.02131572,-0.02085203,-0.00579071,-0.01848335,-0.0101963,-0.007716422,-0.02310416,-0.03391612,-0.009361641,-0.01381602,-0.01470406,-0.03410774,-0.02523085,-0.02977104,0.001587389,-0.02551463,0.03503123,0.03404798,0.01677084,0.002673993,-0.01024013,0.006668596,0.02640423,0.01397355,0.02619645,-0.004864134,-0.03287517,-0.03574684,0.03213294,-0.04199655,-0.003323691,-0.03219548,0.01136674,0.002764942,-0.03255783,-0.0553016,0.03225105,0.05231015,0.02491767,0.02276926,-0.002836509,0.04296901,0.02507359,-0.01482777,0.03927331,0.01786588,0.03347116,-0.04442441,0.007083123,0.01636584,-0.02652118,-0.03278843,0.008747995,0.003848751,0.03947353,-0.05160987,0.01719052,0.01925292,0.02103841,0.01849345,-0.01229261,0.01621119,0.01605595,0.01305809,0.01746894,0.001419666,-0.03840624,-0.04101559,-0.04401575,-0.01029575,-0.020812,-0.03951532,-0.04122966,-0.03028468,-0.03814265,-0.05165824,-0.008112133,0.005699283,-0.01517787,-0.003318167,-0.02845209,-0.002978429,-0.01620911,-0.01860349,-0.006869109,-0.05273513,-0.007625451,-0.05362247,0.01132123,0.009761958,-0.0276587,-0.04164331,-0.002423988,-0.02266359,0.0005875923,-0.04355393,anteriorHippocampus,sub-S31,p,randomWalker0,freq34
-0.0008587927,-0.006733449,-0.02413866,-0.02737303,0.02705893,-0.006146083,0.02778082,0.02057224,0.006736889,-0.01211385,0.04902197,0.06339671,0.04185881,0.02768681,0.04394227,0.0756861,0.05543458,0.07489225,0.05136827,0.07054649,0.05362315,0.05786282,0.04070834,0.05784085,0.04434841,0.04191268,0.05477853,0.04364795,0.04972846,0.06750191,-0.00803861,-0.003369163,0.02812204,-0.01453575,0.02610837,-0.001342435,0.03469465,0.01822494,0.004318604,-0.01049387,0.062868,0.05488461,0.04623491,0.03979105,0.04452737,0.04751153,0.0602291,0.0556493,0.0599953,0.04454702,-0.03690331,-0.02141893,0.07674168,0.01212966,0.05461148,-0.02858886,0.06366519,0.01168094,-0.0301974,-0.03340052,0.04692173,0.06061799,0.04453924,0.03002276,0.06660049,0.05938601,0.054298,-0.005775725,0.05673298,0.01993319,0.08512834,-0.01362863,0.05779236,0.04344792,0.03285276,-0.01366443,0.06576985,0.02238922,0.08532327,-0.01238131,0.04250039,0.04145341,0.02514944,0.03707995,0.03143952,0.04803127,0.04606878,0.05018141,0.04327151,0.0554557,-0.0002691892,-0.007010896,-0.01018586,0.01478858,0.04512065,-0.003792653,-0.002802235,0.002737098,2.460767e-05,-0.006744726,0.05160292,0.04738187,0.04845042,0.04640752,0.02892715,0.04352934,0.04342661,0.04150899,0.05147788,-0.01072534,0.0290102,-0.02468391,0.07864784,0.04952961,0.03081683,-0.02117452,0.02209717,-0.0003029995,0.01699716,-0.01035315,posteriorHippocampus,sub-S31,p,randomWalker0,freq34
-0.03248436,-0.04046373,-0.0345773,-0.0476566,-0.02704943,-0.03545889,-0.0164632,-0.03485617,-0.03834944,-0.03573101,0.02873722,0.02716497,0.02122537,0.02574516,0.05006251,0.02148075,0.02104262,0.05356196,0.02412711,0.01896008,-0.004145261,-0.01767464,-0.02303748,0.04005415,-0.02397994,-0.01546172,-0.001663627,-0.01134608,-0.001830835,-0.006719432,-0.02240823,-0.0383485,-0.05044571,-0.03455729,-0.03215636,-0.03018055,0.02544205,-0.02021592,-0.01431995,-0.02323887,0.0344597,0.006378077,0.05470079,0.001010821,0.008958948,0.01335959,0.05371191,0.01616628,0.02530231,-0.000993301,-0.01498904,-0.04238629,-0.0007536954,-0.07414164,0.02196356,-0.01145687,0.01040228,-0.003003171,-0.03682071,-0.05306158,0.03153421,0.02657535,0.01819048,0.02792916,NaN,0.01647212,0.02142724,0.02746747,0.02738941,0.00574201,0.04022397,0.0293227,-0.0172433,0.02178812,NaN,0.007732307,0.02317362,0.01658556,0.03513759,-0.01800359,0.02505475,0.0139809,0.02173658,0.02328637,NaN,0.01879432,0.02822362,0.02900946,0.02774542,0.01168837,-0.03387504,-0.04267954,0.03194248,-0.04829708,NaN,-0.04740329,-0.03755761,-0.02803962,-0.03942255,-0.04387226,-0.005505227,-0.01472208,-0.02860708,0.04509935,NaN,-0.009686552,-0.02041352,-0.01599068,-0.011214,-0.008015854,-0.01100764,0.0296431,-0.01777614,-0.0477601,NaN,0.02652345,-0.006011026,-0.02321541,0.007968271,-0.0532684,anteriorHippocampus,sub-S31,p,randomWalker1,freq34
0.006277417,-0.01478466,-0.01996085,-0.00669511,0.02310077,-0.001755051,0.002975723,0.01402318,-0.0002323232,0.01651536,0.042914,0.03163198,0.04650953,0.0243746,0.06313676,0.05746157,0.05287953,0.0714945,0.04893232,0.05675828,0.04254035,0.03733944,0.03902668,0.02864161,0.03825964,0.04595919,0.05424904,0.0435475,0.04953857,0.0471067,0.004214094,0.01013413,-0.0006243154,0.002686334,0.005451173,0.009632907,0.0003423775,0.03402654,0.01896694,0.03105016,0.05766577,0.05281744,0.06995833,0.05040216,0.0539262,0.05217114,0.05931021,0.05737094,0.05837491,0.05000866,-0.02531882,-0.03844664,0.04761314,-0.02422902,0.01183968,-0.03516106,0.05432773,-0.03462743,-0.02489779,-0.01205849,0.04718077,0.04718096,0.05285675,0.02650714,NaN,0.05589596,0.04855912,0.05601518,0.04689281,0.06712645,0.07799584,0.04144829,0.04214392,0.06505883,NaN,0.05419171,0.06404024,0.0670116,0.07552715,0.003632327,0.03290568,0.03809761,0.002077394,0.00531643,NaN,0.06177825,0.04234876,0.05096557,0.03894414,0.0642554,0.001896126,-0.01485004,0.04063639,-0.006987303,NaN,-0.02052269,0.001244823,0.01288785,-0.002365574,-0.003665328,0.04944723,0.04147473,0.03386856,0.07136706,NaN,0.0499132,0.03779612,0.04258492,0.04359479,0.04695333,0.0235721,0.0390555,0.0416187,0.003510351,NaN,0.06657293,0.05321513,0.03347502,0.06288857,-0.02372638,posteriorHippocampus,sub-S31,p,randomWalker1,freq34
-0.03971251,-0.03394851,-0.01284442,-0.04714497,-0.01280481,-0.03719182,-0.02397974,-0.01551231,-0.03889537,-0.04259417,0.0273013,0.04733965,0.02449577,0.02353955,0.02100785,0.02725719,0.01901199,0.03244329,0.02674348,0.02236463,0.01049221,0.01307047,-0.01534225,0.02332717,0.0001715926,-0.008775341,-0.0006823862,-0.007827102,0.001521949,-0.0003564595,0.05310565,-0.03258867,-0.02920878,-0.03203007,-0.02936148,-0.03026334,-0.02626769,0.004664826,0.01337293,0.03195431,0.03967795,-0.006740633,0.06194153,-0.002195685,0.03267811,-0.01334937,0.06878524,0.01594016,0.02351226,9.312162e-06,-0.04504382,-0.04147113,-0.05038034,-0.05160112,-0.03803489,-0.0403359,0.02013074,0.007502745,-0.03838831,-0.05213967,0.02370603,0.03450583,0.01802253,0.07286254,0.08600559,0.02096538,0.02186296,0.02438626,0.02371039,0.03800499,0.030579,-0.05526933,0.006217616,-0.01294442,0.08600561,-0.0570535,0.03798869,0.009805466,0.04527141,-0.02906514,0.02931659,0.02787314,0.02090354,-0.006385968,0.08600567,0.02530868,0.02179197,0.02377104,0.02644943,0.01715848,-0.03667799,-0.04891719,-0.006672179,-0.01772311,0.08600561,-0.04531932,-0.008334101,-0.03122023,-0.04198784,-0.03912757,0.004407507,-0.003870502,-0.01420069,-0.02497987,0.08600559,0.02244363,-0.005514554,-0.01928282,-0.002368921,0.02568266,-0.001572485,-0.05186704,-0.006038397,-0.01880296,0.08600567,-0.04911959,0.01020689,0.0125307,-0.01698529,-0.0392135,anteriorHippocampus,sub-S31,p,randomWalker2,freq34
-0.003669463,-0.01738259,-0.01047157,-0.009370374,0.02494542,-0.01755428,-0.0009410874,0.03705099,0.002253392,-0.001100194,0.02561008,0.04206854,0.02378653,-0.001948014,-0.01677449,0.06255682,0.05082887,0.02586963,0.04176258,0.05756998,0.05037021,0.06564441,0.04694929,-0.003779954,0.02371219,0.05141504,0.05582363,0.03579751,0.05381861,0.08505841,0.0440608,-0.01350711,0.02826762,0.01971981,0.02709813,-0.0144315,0.03315881,0.04644846,0.04139255,0.03174553,0.06536451,0.03318828,0.06264886,0.04385229,0.05926634,0.03441405,0.07128445,0.05628071,0.0561822,0.04756691,-0.03560608,-0.03053311,0.003275888,-0.01370862,0.01700322,-0.03294159,0.06461469,0.03828985,-0.01821563,-0.0140635,0.03663875,0.02047754,0.04265239,0.07084747,0.08237095,0.05251003,0.04450121,0.02665365,0.04071529,0.04857888,0.07168483,-0.03064318,0.04011681,0.02520077,0.08237088,-0.02843395,0.06605811,0.04434817,0.08161432,-0.01073182,0.01781714,0.009314366,0.001138413,0.03688938,0.08237095,0.03395906,0.03785372,0.02140317,0.03196983,0.01127097,-0.006689381,-0.02329372,0.0004828325,0.02576246,0.08237093,-0.01343693,0.02565758,-0.006716699,-0.007995272,-0.001669217,0.06349384,-0.02552558,0.03819185,0.009506379,0.08237087,0.008875546,0.05020899,0.03697456,0.05546376,0.02329475,0.01108773,-0.03588916,0.04205,0.01925785,0.08237078,-0.03597626,0.01225477,0.03940695,0.004645622,-0.01561806,posteriorHippocampus,sub-S31,p,randomWalker2,freq34
-0.03826038,-0.03405673,-0.03386125,-0.03811789,-0.01402339,-0.03279162,-0.04605799,-0.02643302,-0.03746707,-0.03720989,0.03130195,0.04204884,0.01765151,0.03140099,-0.001742922,0.02710231,0.02881676,0.03004833,0.03080541,0.03112395,-0.004226902,-0.01424983,-0.01741556,-0.006583,-0.01959333,0.0009981852,-0.003941725,-0.0002848639,-0.005147789,-0.01843137,0.01519978,-0.007880103,-0.02941893,-0.01589362,-0.02330063,-0.03050304,-0.0233529,-0.01346934,0.008780303,-0.02209435,0.03797609,0.02541709,0.06226575,0.01093819,0.007180489,0.02382666,0.0597075,0.0195021,0.04474251,0.01067293,-0.04462099,-0.03132425,0.004593676,-0.05218026,0.03639584,-0.02795984,0.01586293,-0.02074872,-0.0313834,-0.02655889,0.03184211,0.04076737,0.03035471,0.01976669,0.04315352,0.04390112,0.04031731,0.03594706,0.03736901,0.03455224,0.04763611,-0.04369097,0.06778031,0.0197666,-0.01641456,-0.02313711,0.03650524,0.01990657,0.04593671,-0.03396746,0.03181322,0.02644783,0.003571724,0.01976677,-0.04338942,0.02540666,0.03581751,0.02826637,0.03084886,-0.003372718,-0.03195149,-0.03646564,0.0120985,0.01976651,-0.001715322,-0.03114046,-0.03058206,-0.0369201,-0.03251797,-0.03087889,-0.01306573,0.01372106,-0.01974281,0.01976652,-0.02059045,0.008466898,0.003253011,-0.009827751,-0.006947968,-0.009257906,0.0183116,-0.06112664,0.0602757,0.0197666,-0.01617494,-0.04374075,0.0345192,-0.004769121,0.007949645,-0.02567561,anteriorHippocampus,sub-S31,p,randomWalker3,freq34
-0.01818535,-0.007543774,-0.01082711,-0.01049054,0.03629526,-0.005659524,-0.02741356,0.02022295,-0.01093061,-0.0008735912,0.05269775,0.04560516,0.05325636,0.005653813,0.05993963,0.05314496,0.04963569,0.04952619,0.04877613,0.07857989,0.04969068,0.05205455,0.04276899,0.02529412,0.04235187,0.04586302,0.05216959,0.04990092,0.05063102,0.04924162,0.0224646,0.02267536,0.0231569,0.03017546,0.02742588,0.01291797,0.02295602,0.009875334,0.003434872,0.0226871,0.05611077,0.04930078,0.07453847,0.05002845,0.04858176,0.04940866,0.06304679,0.05372433,0.06325421,0.05020887,-0.02406409,-0.02405504,0.05261672,-0.02200852,0.05893309,0.004747834,0.02614324,0.003231986,-0.02065579,0.009743298,0.06014797,0.04846058,0.05262815,-0.01338609,0.02818423,0.04645868,0.02000969,0.04086122,0.05154824,0.0597946,0.08069523,-0.01724458,0.07704475,-0.01338622,0.04343902,-0.009496103,0.05860502,0.0394674,0.07146563,-0.009210802,0.04554289,0.02915934,0.01812802,-0.01338613,0.0009177363,0.02794258,0.01849742,0.01885392,0.03408942,0.04107907,-0.004381382,0.001437825,0.03581506,-0.01338615,0.05198929,-0.002251668,-0.02071339,0.001975555,-0.003543166,0.002408869,0.04479412,0.05718543,0.03780074,-0.01338618,0.03921497,0.05304703,0.05101871,0.04482387,0.04924769,0.02085343,0.02246354,-0.03055199,0.06526396,-0.01338617,0.04335646,0.004890496,0.06727178,0.03527774,0.01982855,-0.001343136,posteriorHippocampus,sub-S31,p,randomWalker3,freq34
-0.03536557,-0.03270398,-0.02630212,-0.03397955,-0.02125181,-0.03283314,-0.04560842,-0.03016187,-0.03771113,-0.04014975,0.0277643,0.04961396,0.01931958,0.03210387,0.01269172,0.02847484,0.02432459,0.03263801,0.02485064,0.0283763,-0.01000998,-0.01149511,-0.02383711,-0.01526591,-0.0254821,-0.02058553,-0.007224686,-0.01812949,-0.009009787,-0.01206766,-0.01263244,-0.01904651,0.009543389,-0.01748624,0.001026908,-0.02244189,-0.03626495,-0.03413636,-0.01136072,-0.02855854,0.03382976,0.02590787,0.01173291,-0.01222419,0.02158838,0.01068482,0.01377783,0.006428587,0.01703953,0.004939158,-0.04190245,-0.03037134,-0.01214341,-0.06002631,-0.005897861,-0.02665072,0.01873173,-0.001656909,-0.03384678,-0.04969061,0.03457946,0.03240579,0.02814598,0.02869358,0.003261597,0.03027003,0.02623353,0.02662172,0.02866744,0.05805725,0.00507389,-0.02574673,-0.002396708,-0.01036151,0.003261529,0.04311202,0.02518034,0.05509733,0.04229739,-0.04731338,0.02816275,0.0283135,0.02986063,0.02693747,0.003261532,0.02521018,0.02675831,0.02846739,0.02782812,0.01128619,-0.03805967,-0.03934222,0.01616925,-0.01883515,0.003261654,-0.03432695,-0.03485536,-0.02369449,-0.03749522,-0.04505302,-0.01264944,0.009660833,-0.02743579,-0.03529163,0.003261523,-0.01515826,-0.01696004,-0.01939584,-0.01718188,-0.02971535,0.0006101296,0.08039881,-0.01303074,-0.01579647,0.003261478,0.02421731,0.02685773,0.01713606,-0.00449946,-0.007851689,anteriorHippocampus,sub-S31,p,randomWalker4,freq34
-0.003999331,-0.009838296,-0.01428414,0.002636605,0.03330656,-0.007186561,0.002025101,0.01892589,0.0006289239,0.004960108,0.04567465,0.02485979,0.05176105,0.02804928,0.05207725,0.05144603,0.04878145,0.04765477,0.05223487,0.05972065,0.0508766,0.05649178,0.04239586,0.02685704,0.04273581,0.04573847,0.05077085,0.04629877,0.0522686,0.0584347,0.002584137,-0.01570349,-0.00567295,0.01281852,-0.009814387,-0.007921689,0.01621496,0.01415753,0.002045567,-0.00840341,0.05833293,0.05259888,0.03461166,0.02395564,0.051171,0.04534174,0.05200681,0.05024482,0.05283047,0.04950007,-0.02108162,-0.01995005,0.05028084,-0.02279654,0.05773996,-0.02439301,0.06364999,0.01120713,-0.01619944,-0.01613504,0.04230925,0.02508725,0.03712522,0.01874539,0.06743818,0.05086689,0.04262029,0.04647315,0.04777121,0.05088672,0.01512491,-0.01404096,0.0539564,0.03620346,0.06743807,0.08674861,0.04799202,0.08294099,0.07454146,-0.02426763,0.03365337,0.02037706,0.02918941,0.0129691,0.06743801,0.04240474,0.03991741,0.033206,0.04023913,0.01918037,-0.005008915,-0.02334778,0.02272887,-0.01793387,0.06743806,-0.002483086,0.004781102,0.008158513,-0.001627153,-0.01865915,0.05060786,0.06864446,0.03850131,0.02494434,0.06743798,0.05453618,0.04143937,0.04627148,0.0475796,-0.01961998,0.04712192,0.08666758,0.0475454,0.03558154,0.06743811,0.07359173,0.06118608,0.06786546,0.0530375,0.03900981,posteriorHippocampus,sub-S31,p,randomWalker4,freq34
-0.03307758,-0.02905661,-0.0406923,-0.03451909,-0.007444983,-0.03008313,-0.01972255,-0.02934163,-0.03403122,-0.03456363,0.03008408,-0.0178365,0.0330267,0.03472773,0.04903027,0.04577004,0.02604263,0.08112254,0.03304608,0.02701641,-0.006247683,-0.01032993,-0.01240717,0.0008221134,-0.01699538,0.01401586,0.003326549,-0.001475114,0.003783432,-0.009959745,0.002138702,-0.03295567,-0.02474871,-0.02271257,-0.02323762,-0.02015134,-0.02683773,0.02352199,0.008182937,-0.02268209,0.02605609,0.009515805,0.003749557,0.02637821,0.01825156,0.01072006,0.02583116,0.0170735,0.01733413,0.000288223,-0.03134408,-0.03277067,0.007679877,-0.05826811,-0.02623302,-0.0198213,-0.007834773,0.02149791,-0.02994351,-0.03482834,0.04637349,0.03247518,0.03820132,0.02881544,NaN,0.04979711,0.03500988,0.05084365,0.0453095,0.06569629,0.03388499,-0.03911268,0.01418707,-0.05223835,NaN,0.01379804,0.04053274,0.03345162,0.04687027,0.05684476,0.03285827,0.02358964,0.02988747,0.02414496,NaN,0.02160548,0.03095387,0.0320633,0.03124628,0.02915093,-0.03672887,-0.02921425,-0.03608507,-0.04565664,NaN,-0.01444979,-0.04428817,0.0003101113,-0.0319621,-0.001016054,-0.005070464,0.02505105,-0.00879914,-0.01492365,NaN,0.02478455,-0.001552622,0.04676684,0.0006875079,-0.01219217,-0.0132812,-0.01180495,-0.005165379,0.00499214,NaN,0.01881437,0.0320704,0.009608514,-0.003527953,0.04375062,anteriorHippocampus,sub-S31,p,randomWalker5,freq34
-0.0006981214,-0.01372861,-0.01301928,-0.02031202,0.0345952,-0.01489989,0.004850407,0.01197577,-0.009238615,0.004215293,0.05128697,-0.03605021,0.03687149,0.01574647,0.0574863,0.04825762,0.05284644,0.06493271,0.05460337,0.07184709,0.04974747,0.07947899,0.04336373,0.05350751,0.04037542,0.06141637,0.05596467,0.04999618,0.05467143,0.06415136,-0.01582575,0.005167666,0.02587637,0.02261685,0.03119317,-0.02115028,0.02807453,0.02087546,0.002753841,0.0213521,0.04674796,0.03691458,0.0443246,0.04992286,0.04957032,0.0414216,0.04074418,0.05094937,0.04688125,0.04032535,-0.04373445,-0.02658378,0.05645695,-0.01907957,0.03723439,-0.02623953,0.05392612,0.0396102,-0.03331535,-0.007068078,0.05268825,0.01643241,0.05145336,0.000227735,NaN,0.05657167,0.04232937,0.04253246,0.05150348,0.04573391,0.08125814,0.002381648,0.05049352,-0.01098446,NaN,0.02268988,0.07232763,0.04850618,0.0708533,0.07917041,0.02738102,0.00949195,0.02773985,-0.007584759,NaN,0.03529247,0.0231508,0.02634294,0.02998585,0.02372688,-0.01455348,-0.0166208,-0.0146146,-0.02371672,NaN,0.01612328,-0.02354139,0.02788618,-0.005359525,0.02760222,0.05063074,0.04982602,0.04328472,0.04241281,NaN,0.01246496,0.05070812,0.06694434,0.05049578,0.0386427,0.0368025,0.06075791,0.04606133,0.07624435,NaN,0.03024423,0.07941903,0.08235691,0.04754516,0.06760617,posteriorHippocampus,sub-S31,p,randomWalker5,freq34
-0.03274189,-0.03119147,-0.05875046,-0.06079657,-0.03358471,-0.03751051,-0.02761105,-0.03179451,-0.03976282,-0.04028609,0.02047849,0.06207877,0.02847634,0.03515463,-0.0007073488,0.03016766,0.01235406,0.05632108,0.02330992,0.03077734,-0.01623625,-0.02919542,-0.021033,0.002708292,-0.02503541,-0.02380303,-0.01432829,-0.005925334,-0.01383203,-0.01498119,0.05805174,-0.0282777,-0.03047687,0.0332694,-0.02537284,-0.004961106,-0.02601598,0.01014257,0.03221003,0.002026636,0.06457141,0.01177342,-0.0006677526,0.003127264,-0.006585608,0.01456833,0.03501334,0.006101279,0.02247618,0.003096002,-0.01036585,-0.03416167,0.0113486,-0.01847658,0.02952887,-0.02659822,0.003503099,-0.01377253,-0.03406478,-0.04399588,0.03531956,0.03523693,0.0297569,0.05645846,NaN,0.03349384,0.0405376,0.02554155,0.03100879,0.02069244,0.03071682,0.03472324,0.0101455,0.05168479,NaN,0.01724612,-0.005051889,0.02637164,0.03891961,-0.05474747,0.02565889,0.03470102,0.002028078,0.02172116,NaN,0.02654987,0.02093561,0.03246268,0.02786525,0.003313904,-0.04242701,-0.04004584,-0.04925755,-0.04497863,NaN,-0.02773434,-0.03768696,-0.03114534,-0.03966714,-0.05433347,-0.01213667,-0.009647137,-0.006326483,0.03214988,NaN,-0.02305936,-0.009702072,-0.01328469,-0.01303299,0.002183381,-0.01955852,0.01792999,0.008875663,-0.02712804,NaN,0.009056733,-0.0221815,0.01468632,-0.02147951,0.02103424,anteriorHippocampus,sub-S31,p,randomWalker6,freq34
-0.01626677,-0.01155712,-0.02252964,-0.01778086,0.01491599,-0.007117146,0.003443314,0.01482706,-0.005541861,-0.0003073628,0.04744023,0.0648098,0.03794063,0.03276317,0.05680388,0.07519241,0.05748555,0.04917422,0.0552626,0.07106493,0.0509183,0.04607367,0.041678,0.06672163,0.04175528,0.04087009,0.04901749,0.03736618,0.04904204,0.05964831,0.03761688,0.009609147,0.02720571,0.03101366,0.02950235,0.01092454,0.03434958,0.03391306,0.02082554,0.03958513,0.06839265,0.04194454,0.04621737,0.04925204,0.04326066,0.04926459,0.05062587,0.0495855,0.05366582,0.04691284,0.04773227,-0.02492025,0.05550994,0.02715528,0.04087999,-0.0318105,0.05889571,-0.03059861,-0.0375959,-0.03693538,0.04417383,0.04899055,0.03200905,0.03992209,NaN,0.05695403,0.0703151,0.05438774,0.05173684,0.03790476,0.07667889,0.06789271,0.05651963,0.0611309,NaN,0.06950997,0.06567397,0.03323102,0.0810349,-0.02036713,0.03821732,0.03962392,-0.04846068,0.02297353,NaN,0.03894854,-0.01298097,0.04587298,0.04371599,0.01885897,-0.006851636,-0.02577562,-0.02228148,-0.009716181,NaN,-0.01203236,-0.001463594,0.005739388,-0.005511717,-0.01468237,0.04895576,0.04697195,0.04718598,0.08159453,NaN,0.03992167,0.05693517,0.04483542,0.04935947,0.03426546,0.05142366,0.05208222,0.05826812,-0.003262337,NaN,0.06103147,0.05215239,0.01132131,0.05930311,0.06030503,posteriorHippocampus,sub-S31,p,randomWalker6,freq34
-0.04103383,-0.03082522,-0.03859747,-0.03678913,-0.02621116,-0.03670582,-0.04414994,-0.02609752,-0.03849634,-0.03789831,0.02937627,0.05719192,0.0228004,0.02696335,0.07353135,0.03128162,0.01995822,0.05219487,0.0274736,0.04545898,0.0009069488,0.01624165,-0.01405559,0.02807474,-0.02213799,-0.007117971,-0.00635186,0.009938088,-0.002376794,-0.007379876,-0.02085668,-0.0229189,-0.01912146,-0.01989123,-0.01578586,-0.0126462,-0.03009529,-0.02363518,-0.01772384,-0.02133565,0.03017612,0.03521993,0.04917736,0.03230811,0.01302457,0.01264276,0.02550309,0.01444837,0.0299966,0.004918737,-0.05687013,-0.0392789,-0.001403076,-0.07252298,0.03872325,-0.03189347,0.01297083,-0.02380979,-0.029024,-0.0428912,0.03288904,0.03305701,0.02710297,NaN,0.01652892,0.02266943,0.03119941,0.03985959,0.03178768,0.0223206,0.03275336,-0.02103085,-0.003383246,NaN,0.06734498,0.02472301,0.0495921,0.04625624,0.04174173,0.04407928,0.02766818,0.0184994,0.02192651,NaN,0.02058395,-0.008138472,0.02214609,0.0367142,0.02710636,0.01645579,-0.04049697,-0.0334192,-0.02273914,NaN,0.05643917,-0.0359638,-0.01587007,-0.02509866,-0.03642238,-0.0302488,0.0008209643,0.02512687,-0.01779914,NaN,0.01021142,-0.008359914,-0.01058482,-0.007219129,-0.003572507,0.005765077,-0.01053049,-0.007648745,-0.003821516,NaN,0.04021859,0.01749152,0.0278353,0.03496433,-0.003442476,-0.01495838,anteriorHippocampus,sub-S31,p,randomWalker7,freq34
-0.0008725511,-0.0119863,-0.01028867,-0.01083237,0.02700605,-0.001660291,-0.005705952,0.02565555,0.001087061,0.001973184,0.04141993,0.05234736,0.04844537,0.01407713,0.06419365,0.07933906,0.05447579,0.04169065,0.04730582,0.05780257,0.04862585,0.0723927,0.04352802,-0.0012392,0.03845293,0.05227502,0.05104999,0.05694315,0.05275964,0.05932088,-0.001130861,-0.01254396,0.01579495,-0.007434484,0.00257436,-0.005713191,-0.006243957,0.01219959,-0.005375695,-0.006587456,0.05352852,0.05213886,0.05951202,0.05448575,0.05364456,0.05000528,0.05817759,0.05426234,0.0559515,0.04866412,-0.0290041,-0.02914572,0.04911768,-0.0281901,0.03231572,-0.03544767,0.06237931,0.007033653,-0.01773248,-0.02303297,0.03688645,0.03024999,0.04556778,NaN,-0.01622109,0.0650857,0.05579407,0.05781939,0.04358632,0.02078733,0.07136332,0.00560121,0.04854754,NaN,0.07572047,0.01932193,0.06853648,0.05116175,0.08043887,0.04770092,0.03557593,0.036084,0.04019382,NaN,-0.01340424,0.008170557,0.03351181,0.03218412,0.03421667,0.002303757,-0.002416549,-0.002687687,-0.002333825,NaN,0.06555683,-0.00074158,0.00573982,0.01349777,0.001345388,0.006697124,0.05334193,0.05107745,0.04028709,NaN,0.03290518,0.04319775,0.04432005,0.04012423,0.04824459,0.05530906,0.008229797,0.009035637,0.05115872,NaN,0.05783695,0.01653337,0.06392828,0.04036328,0.02868849,0.00838057,posteriorHippocampus,sub-S31,p,randomWalker7,freq34
-0.04682628,-0.03795099,-0.03440874,-0.04803721,-0.02080077,-0.03818299,-0.02828864,-0.03249638,-0.04127573,-0.04576473,0.02417098,0.05878371,0.02685957,0.02562197,0.02437044,0.03908318,0.02317128,0.02966789,0.02746975,0.04862237,0.006332605,-0.005767173,-0.01855915,-0.007437381,-0.02040774,-0.007426928,-0.007435101,-0.01592716,-0.009395004,-0.009515271,-0.02940178,-0.02734609,-0.02982224,-0.01969726,-0.0103278,-0.01157488,-0.04034983,-0.02283376,0.0009515691,-0.01496065,0.05718267,0.01691858,0.04406423,0.002536322,0.009279534,0.01899041,0.05750953,0.008113484,0.02507086,0.002065722,-0.04657988,-0.0381686,0.009506838,-0.05105364,0.0229416,-0.03823573,0.003175657,-0.01558464,-0.02086025,-0.05049463,0.03276123,0.0424281,0.04177129,-0.04915842,0.003533392,0.05744351,0.02648071,0.03930647,0.0309586,0.04252618,0.03759509,-0.04344694,0.01682272,-0.05867853,0.00353335,-0.03143265,0.02102166,0.02804552,0.04863152,0.01905958,0.02414492,0.02399058,0.02449495,-0.02173141,0.00353325,0.03111871,0.02418043,0.0289457,0.02477738,0.02036381,-0.04008555,-0.04444439,-0.03725634,-0.0496385,0.003533283,-0.03485989,-0.02007221,-0.03828383,-0.03856923,-0.03780458,-0.009879273,0.001013498,-0.01494424,-0.04798221,0.003533439,0.02868363,-0.01411382,-0.000194276,-0.009578722,-0.01219807,-0.009234617,0.0301154,0.006445201,-0.06014034,0.003533289,0.01438846,0.001763374,-0.02722784,-0.01723189,0.0003190277,anteriorHippocampus,sub-S31,p,randomWalker8,freq34
-0.02076602,-0.009206784,-0.02780319,-0.00934676,0.02844537,-0.003514378,0.02237183,0.01627275,0.003044165,0.0003112832,0.0432019,0.06936092,0.03816972,0.03408688,0.05008586,0.05355034,0.0460459,0.06422919,0.04299719,0.06982292,0.04321982,0.06468761,0.04458294,0.0400884,0.04160286,0.04999028,0.0481689,0.04768902,0.04803111,0.06109447,-0.006781228,0.01884655,0.02569366,0.01169386,0.01790559,-0.003767941,0.01561277,0.0205348,0.0101712,0.02134741,0.07057561,0.05384606,0.05931477,0.0448191,0.05235162,0.05226643,0.07171337,0.05090257,0.05602327,0.04876092,-0.03846514,-0.02445615,0.0633186,-0.01847528,0.02010867,-0.03293496,0.05547632,-0.001507695,-0.007086023,-0.02014486,0.0432618,0.04869553,0.03991425,0.005825254,0.06402308,0.05301384,0.03579742,0.04521183,0.04179894,0.06230759,0.07459199,-0.0363167,0.04544891,-0.01774006,0.064023,-0.01729319,0.06027609,0.03942433,0.07616023,0.07933737,0.04191175,0.04893556,0.005865243,0.02847758,0.06402297,0.03976733,0.04403019,0.04324533,0.04111849,0.04593127,-0.00406918,-0.01130435,-0.001488972,0.005174875,0.06402303,-0.002842587,0.005103464,-0.006260275,-0.002630765,0.009667658,0.04691435,0.0002770344,0.04816771,-0.008230216,0.06402306,0.04069867,0.04262969,0.05403127,0.04687076,0.05316359,0.06332867,0.07196603,0.02686207,-0.02207045,0.06402308,0.06677539,0.0553629,0.05260519,0.06251284,0.04775387,posteriorHippocampus,sub-S31,p,randomWalker8,freq34
-0.0356429,-0.03641217,-0.0349809,-0.04255253,-0.003084778,-0.03497081,-0.0516519,-0.02570607,-0.03760427,-0.03887438,0.02900403,0.0712434,0.02863264,0.02814405,0.02394325,0.0295706,0.02274683,0.03279564,0.02726269,0.02956468,-0.01501936,0.008394414,-0.007888583,0.01373322,-0.02566716,-0.02111954,-0.01083695,-0.02177843,-0.00968723,-0.01984445,-0.0192218,-0.03721992,0.007731242,-0.004390707,-0.03842009,-0.0114178,-0.03490171,-0.009254348,-0.01991654,-0.0388313,0.03514836,0.01180414,0.006855852,-0.002071368,0.01908338,0.02895345,-0.003285099,0.003292467,0.03915323,0.002238614,-0.04564052,-0.03964057,0.03567195,-0.05333867,0.01485173,-0.0151275,0.009789222,0.02422753,-0.02280197,-0.04326905,0.0299485,0.03996923,0.02558158,0.01579926,NaN,0.03296209,0.02619153,0.03725585,0.0311015,0.02769746,0.0324994,0.002812548,-0.002089603,-0.03361441,NaN,0.02646709,0.004167629,0.05889365,0.04108587,-0.03827438,0.02783587,0.03186229,0.0258452,0.02290758,NaN,0.02709128,0.02636961,0.0317044,0.02961172,0.02831175,-0.04178227,-0.03087966,-0.03163243,-0.02260472,NaN,-0.03916433,-0.0417861,-0.0225065,-0.03787186,-0.04497085,-0.008918962,0.02959253,-0.02021577,-0.0167705,NaN,-0.02095876,-0.01724529,-0.01058355,-0.009597116,0.01148143,0.03988477,-0.02521701,-0.006130637,-0.02644205,NaN,0.02010862,0.05281498,0.03968674,0.06277308,-0.05184896,anteriorHippocampus,sub-S31,p,randomWalker9,freq34
0.001805616,-0.008441302,-0.01175669,-0.009470056,0.03417861,-0.01532699,-0.008011219,0.02508635,-0.003503102,0.001423885,0.03950575,0.07290528,0.04538968,0.03357713,0.05515965,0.04562633,0.0534198,0.04298844,0.04817178,0.06143795,0.04394841,0.08506352,0.05187155,0.04356983,0.04246228,0.04728799,0.05345529,0.04602029,0.0520021,0.05238505,-0.0101479,-0.005202308,0.02628841,0.01350153,0.01635981,-0.01647659,0.009421671,0.03519879,-0.004295229,0.003581898,0.05793786,0.04934454,0.03963437,0.0427499,0.05486763,0.04742634,0.03993935,0.04819567,0.06037156,0.04633776,-0.02317031,-0.02720244,0.06397248,-0.01851481,0.05541744,-0.04747397,0.06992586,0.01003303,-0.01338748,-0.02134449,0.04302261,0.03264241,0.05612135,0.05915083,NaN,0.02437347,0.05248605,0.02993609,0.04500083,0.04786653,0.06225449,0.009020594,0.05049594,0.02396668,NaN,0.06726756,0.05840231,0.06916299,0.07461227,-0.01876179,0.03579757,0.02551707,0.03607612,0.04455055,NaN,0.01588957,0.04298143,0.0224645,0.03584633,0.04109969,-0.00705047,0.002982938,0.01886581,0.01443785,NaN,-0.01410505,-0.01160348,0.01180577,-0.004826268,-0.008653872,0.05093821,0.04743646,0.04361272,0.02071365,NaN,0.03804944,0.0447181,0.05120707,0.05094634,-0.001815107,0.04239571,-0.01634992,0.05222843,0.01372226,NaN,0.06180158,0.06246782,0.0571284,0.0698661,-0.0305466,posteriorHippocampus,sub-S31,p,randomWalker9,freq34
0.06646814,0.04347339,0.04062913,0.03823169,0.07457006,0.04840453,0.07081686,0.07376046,0.06771871,0.04701775,0.03170961,-0.01434538,0.03459971,0.03416938,0.02998503,0.03576954,0.04586322,0.02942635,0.0364226,0.03726507,0.05525002,0.06056663,0.05659553,0.04912537,0.05619736,0.05982101,0.05711858,0.05814764,0.05428815,0.05409491,0.03723013,0.04015075,0.05563084,0.02413583,0.0537244,0.04593305,0.06370074,0.06301926,0.03750585,0.03388657,0.1070291,0.1050166,0.0974788,0.08061261,0.07949881,0.08750539,0.09811167,0.09347319,0.1015925,0.079192,-0.006756623,0.04257062,0.03873679,-0.009542027,0.0441218,0.04055354,0.03678948,0.07011317,0.02958851,0.04207093,0.03160923,-0.002310405,0.03593116,0.03712216,0.04848913,0.002700877,0.03738556,0.01396602,0.02212314,0.03222071,0.02143148,0.06200848,0.04305872,0.03450093,0.06464611,0.05378846,0.04223184,0.04797138,0.02458888,0.05144462,0.03730813,0.03592702,0.03330414,0.03345838,0.007155707,0.03838563,0.03775111,0.04270764,0.03759343,0.05000137,0.06863593,0.06466527,0.05876784,0.03063074,0.05056327,0.06447756,0.06567301,0.07180709,0.07096527,0.06076076,0.0574233,0.012668,0.06294163,0.05488272,0.065133,0.04920742,0.06188409,0.06447271,0.05808369,0.05246075,0.02129078,0.0469957,0.03859296,0.04156626,0.06510837,0.04273659,0.03964008,0.02962167,0.01237465,0.04111821,anteriorHippocampus,sub-S22,p,randomWalker0,freq34
0.04469216,0.03347261,0.01450494,0.0131268,0.06292616,0.03545849,0.05216277,0.0590693,0.04994443,0.03615877,0.02189678,0.01354987,0.02521816,0.01638776,0.01071668,0.05628394,0.03916289,0.00173375,0.02556464,0.0462026,0.04560196,0.07718662,0.02997041,0.04578797,0.02690614,0.03719914,0.04921809,0.03301323,0.03902293,0.06116341,0.02607568,0.03558424,0.01865406,0.0114337,0.02678093,0.03786042,0.03414067,0.05373338,0.01588528,0.0267698,0.08797695,0.07850689,0.07370178,0.06410515,0.0727346,0.07346596,0.08533455,0.08218613,0.08630727,0.07034373,0.0286772,0.02486465,0.07600623,0.03105458,0.03189025,0.01593645,0.05892256,0.05353929,0.03856179,0.02472164,0.02246464,0.02894146,0.02597977,0.01866409,0.05680672,0.03211435,0.0297281,0.02162209,0.02720727,0.05333678,0.1010226,0.04974156,0.06291453,0.03101161,0.0354323,0.04512942,0.07118283,0.0822271,0.1265607,0.03081931,0.02546031,0.02610075,0.01460526,0.02045503,6.602332e-05,0.03092651,0.02726528,0.03358211,0.02627365,0.04580514,0.040183,0.0383734,0.02565112,0.03010751,0.01682506,0.03550191,0.03391939,0.04021176,0.04157106,0.0339582,0.04527212,0.07901358,0.04342711,0.03682032,0.03409097,0.03624118,0.03905722,0.04308181,0.04470943,0.03605544,0.04809806,0.03180655,0.09006162,0.03797559,0.03522759,0.034515,0.005007544,0.0280204,0.02501015,0.0188583,posteriorHippocampus,sub-S22,p,randomWalker0,freq34
0.06634863,0.03535879,0.04202877,0.05526381,0.06556299,0.05126033,0.07338749,0.06609779,0.06031859,0.06827032,0.0374687,0.03552758,0.03833087,0.03527647,0.00701661,0.04523662,0.04436624,0.02747924,0.04082588,0.0471906,0.05514994,0.056208,0.05836072,0.02781254,0.06016412,0.0560795,0.05411547,0.0557986,0.0531395,0.05202692,0.05763111,0.05897146,0.06912865,0.04616418,0.0495817,0.05382219,0.02630619,0.06640454,0.06166909,0.0692642,0.1056618,0.08921586,0.1171146,0.08410364,0.09261556,0.09322049,0.1056847,0.09591345,0.1016684,0.08417719,0.02704732,0.02887966,0.04884343,0.0422259,0.03064069,0.02358298,0.04331502,0.02461785,0.02124772,0.05805171,0.03538371,0.03996672,0.04154286,0.03373003,NaN,0.04700883,0.04416075,0.04004952,0.03821127,0.05239837,0.02352382,0.02245434,0.04911333,-0.002235644,NaN,0.02356362,0.04221559,0.04974609,0.02237411,0.0662294,0.03483221,-0.0132906,0.03392392,0.03197289,NaN,0.02990116,0.03407094,0.01098723,0.03321628,0.04023793,0.07079654,0.05421738,0.09804155,0.05840779,NaN,0.05531165,0.06770563,0.07786038,0.06751119,0.06999015,0.05709819,0.06351086,0.0610995,0.02177214,NaN,0.05733361,0.06196732,0.05999812,0.05917345,0.05326051,0.01467338,0.01506022,0.04893501,0.05972173,NaN,0.02527734,0.03276761,0.04219798,0.01458493,0.0447896,anteriorHippocampus,sub-S22,p,randomWalker1,freq34
0.04833663,0.0342277,0.02636234,0.0425149,0.05686694,0.04002523,0.04225353,0.05515518,0.04496234,0.05687212,0.02629229,0.01798366,0.03325786,0.01908488,0.02102739,0.04250424,0.04051277,0.02526828,0.03465516,0.04525008,0.03821847,0.02406509,0.03057177,0.008479998,0.03275637,0.03630311,0.04731505,0.02987972,0.04154792,0.02972335,0.04455902,0.05536198,0.03278347,0.04583463,0.04246127,0.04590113,0.00196006,0.06190447,0.04956136,0.06361528,0.0805359,0.07854817,0.08865769,0.07622553,0.08081805,0.07745188,0.07992489,0.08277524,0.08297221,0.07672166,0.02641076,0.02123342,0.04210746,0.01366065,-0.0019094,0.002256693,0.04675192,0.01842311,0.04500289,0.03947731,0.02763438,0.03245385,0.03765691,0.01912144,NaN,0.0431706,0.03511793,0.0343737,0.02984935,0.05744708,0.120638,0.0761848,0.04007063,0.07802755,NaN,0.1134815,0.05056481,0.06452846,0.124997,0.06412695,0.02437789,0.008382187,0.01353788,0.01383715,NaN,0.05171025,0.02944716,0.03240042,0.02669204,0.06574031,0.03961629,0.03712356,0.099103,0.02244136,NaN,0.03458263,0.04669465,0.05678833,0.04050431,0.04165468,0.04598961,0.03835926,0.02854852,0.07549738,NaN,0.04078745,0.03429177,0.03453601,0.03776423,0.02629527,0.04201738,0.05909549,0.03412895,0.01640712,NaN,0.0863762,0.06300969,0.05603638,0.08929884,0.03651914,posteriorHippocampus,sub-S22,p,randomWalker1,freq34
0.06821743,0.02976312,0.06607034,0.05927816,0.07801501,0.03194914,0.0715823,0.08086833,0.06874153,0.05668671,0.03068217,0.01192498,0.03403599,0.03214921,0.03341603,0.04245783,0.04573611,0.03327786,0.03666645,0.04219078,0.04026799,0.05034307,0.05291336,0.03242188,0.0295313,0.05863183,0.05619426,0.05705629,0.04889775,0.04205823,0.07059199,0.03319062,0.06450666,0.06620132,0.06430078,0.03089454,0.06308906,0.07637938,0.04851647,0.03996623,0.1134209,0.07481919,0.1119155,0.08150125,0.1279377,0.07196938,0.1158022,0.09572732,0.1018698,0.0846949,0.03083907,0.03393464,0.06326631,0.05758489,0.07111593,0.02398678,0.04243639,0.1020295,0.04280623,0.06020537,0.03615866,0.02605609,0.04334416,-0.01054617,0.1075599,0.04321958,0.04127925,0.03610447,0.03897877,0.03347191,0.04073473,0.04954696,0.04797037,0.07826019,0.1075599,0.05407787,0.02829966,0.03939952,0.0223884,0.05948875,0.02383426,0.01911111,0.03431895,0.07045582,0.1075598,0.01783386,0.0349932,0.03258322,0.03079762,0.04283125,0.06820392,0.04815911,0.05005172,0.07965644,0.1075599,0.05390363,0.08283032,0.06279976,0.0667786,0.06933132,0.05354566,0.01217529,0.05681276,0.06051008,0.1075599,0.01454788,0.0553249,0.0587271,0.05533023,0.02659494,0.02474692,0.03266012,0.05263269,0.06720186,0.1075598,0.02706073,0.02508684,0.05737058,0.03841507,0.05725861,anteriorHippocampus,sub-S22,p,randomWalker2,freq34
0.04305073,0.02644971,0.0345543,0.03731288,0.055522,0.02630344,0.03767446,0.07075574,0.04694341,0.04649809,0.01808974,0.02776708,0.01855184,0.01168961,0.009945636,0.0458963,0.03804434,0.01266985,0.02683766,0.03664735,0.03893987,0.06992564,0.03351973,0.007830351,0.01854566,0.05301925,0.04829415,0.03227634,0.04255022,0.1125846,0.03965669,0.03134301,0.03139224,0.05951183,0.03108469,0.0293222,0.02977216,0.06742256,0.006576569,-0.006678879,0.08885692,0.0617086,0.0785811,0.07054486,0.08834878,0.06376555,0.08523913,0.08246156,0.08174983,0.0744601,0.02738231,0.01900634,0.030296,0.02572044,0.03615644,0.0139191,0.05173917,0.07746886,0.05066367,0.0330067,0.02636212,0.02216814,0.03066631,0.05189821,0.1037533,0.0378337,0.03003023,0.0187372,0.02769121,0.02824267,0.1378402,0.02601621,0.02969954,0.05481659,0.1037534,0.0313119,0.04914624,0.02813793,0.1095077,0.0481929,0.008032986,0.002463243,0.008050509,0.0497863,0.1037534,0.02472745,0.02630371,0.0176701,0.02151239,0.02385117,0.03520954,0.02394998,0.0286161,0.05657017,0.1037534,0.03333817,0.0552608,0.03516594,0.03425821,0.03771412,0.05518585,0.02517763,0.02681551,0.03649937,0.1037533,0.01823501,0.04171729,0.0276563,0.0456285,0.04868668,-0.0401578,0.009485398,0.03038566,0.04600885,0.1037534,0.007672379,-0.02839746,0.02263693,-0.0255876,0.0325995,posteriorHippocampus,sub-S22,p,randomWalker2,freq34
0.04642151,0.04645172,0.05974996,0.05541719,0.07656554,0.04665448,0.04261607,0.06783768,0.05336241,0.05619941,0.03818256,-0.02029678,0.04719944,0.0310013,0.05882337,0.04363591,0.04449897,0.0393151,0.04115329,0.03986478,0.0574348,0.05829766,0.06209034,0.03816969,0.06242798,0.05392455,0.06026341,0.05706683,0.05762883,0.05880902,0.02861413,0.05855523,0.06864988,0.07059183,0.06478368,0.05568344,0.06618069,0.03123968,0.02411041,0.0663497,0.1004433,0.0933374,0.114684,0.08361281,0.08411922,0.09250198,0.1091811,0.09167694,0.1063901,0.08642184,0.05019602,0.04586541,0.05411583,0.05610118,0.05235121,0.05752153,-0.000784032,0.07567249,0.05017563,0.06535009,0.03801769,0.02474971,0.04696817,0.03400394,0.02644442,0.02255397,0.02718203,0.02911616,0.03428785,0.03716704,0.03081243,0.06303628,0.06973778,0.03400395,0.06405948,0.06814413,0.02476677,0.05875522,0.0292978,0.05824326,0.03039851,0.03359097,0.02759043,0.03400386,0.07309907,0.03365601,0.03370684,0.0309219,0.03221466,0.06976558,0.06889445,0.07119202,0.09027282,0.03400396,0.06055455,0.06590513,0.04454195,0.07542542,0.07019018,0.0668236,0.06111189,0.0201869,0.06428573,0.03400395,0.06455585,0.06016771,0.05720202,0.05987438,0.05728783,0.0468616,0.04776672,0.04097348,0.06641591,0.03400395,0.0638252,0.03805301,0.0283828,0.06464873,0.05169908,0.04875842,anteriorHippocampus,sub-S22,p,randomWalker3,freq34
0.02805986,0.03603536,0.03496207,0.03342864,0.06926898,0.0362008,0.02002557,0.05957988,0.03592375,0.04594899,0.03130309,0.009498157,0.03934265,0.007715054,0.05077436,0.03527041,0.03400769,0.03216218,0.03220428,0.05469195,0.03870922,0.05090811,0.03258329,0.0420295,0.03026995,0.02855548,0.04402706,0.03550542,0.04022872,0.03621478,-0.0007819033,0.04992146,0.03442276,0.0643974,0.02834722,0.05215128,0.03000503,0.02691807,0.003589543,0.05982789,0.07867976,0.07424224,0.09470958,0.07592469,0.07727963,0.07463857,0.0804063,0.08012808,0.0857029,0.07737445,0.02233034,0.02841259,0.04592368,0.01845484,0.01038032,0.03681727,0.02812686,0.0561946,0.04907127,0.04634734,0.03740795,0.02700622,0.03811964,0.008635017,0.0179424,0.02606756,0.01264224,0.02360416,0.02996492,0.05601837,0.1218334,0.0586422,0.07223078,0.008634922,0.03636559,0.05256633,0.04984081,0.0898267,0.1196369,0.03963668,0.02455887,0.01972206,-0.01758259,0.008635035,0.01199723,0.01914933,0.01261478,0.01348758,0.01930096,0.04851765,0.03783926,0.04652042,0.07106969,0.008635049,0.03550205,0.04318035,0.01517461,0.04341937,0.03977872,0.04115558,0.04089846,0.1054638,0.03116661,0.00863499,0.03237288,0.03974425,0.04544634,0.03874369,0.04607613,0.06595406,0.0289586,0.0295057,0.05756012,0.008635025,0.03513249,0.0315835,0.06884868,0.04437406,0.04105867,0.02269243,posteriorHippocampus,sub-S22,p,randomWalker3,freq34
0.05534232,0.03585027,0.02275165,0.05660792,0.07803922,0.03962949,0.06896143,0.06768388,0.05916346,0.06027748,0.03695815,0.02630259,0.04320605,0.03438263,0.04698537,0.0397133,0.0431542,0.03545749,0.04178312,0.03540538,0.05944983,0.06036752,0.06282167,0.05879775,0.06123223,0.06236836,0.05857731,0.06102863,0.05933434,0.05868599,0.05644879,0.01697804,0.00903509,0.05356566,0.009996017,0.0266792,0.06438691,0.05709448,0.04646128,0.03455231,0.09913785,0.09382921,0.0836579,0.06292976,0.09439719,0.08405461,0.09028275,0.08553136,0.090468,0.08391996,0.05410147,0.04376159,0.05883406,0.05441839,0.06151564,0.03332185,0.03431088,0.06665152,0.05073237,0.05774233,0.03340558,0.03074573,0.03786287,0.03400508,0.05238181,0.0385184,0.03983042,0.03705189,0.03810084,0.03631411,0.04998648,0.06230995,0.05530866,0.04935215,0.05238186,0.04075837,0.0193303,0.05471268,0.03174355,0.04574659,0.03267725,0.03006278,0.03319656,0.03294456,0.05238182,0.03908478,0.03435253,0.03316971,0.03353415,0.04068903,0.06259136,0.04476316,0.07471175,0.0466249,0.05238194,0.0684207,0.04927019,0.07309192,0.06616359,0.04638395,0.06310601,0.02734278,0.06573083,0.06903579,0.05238196,0.06035012,0.06128338,0.06210845,0.06277242,0.03742529,0.07611541,0.09665268,0.05878476,0.05616152,0.05238182,0.03094606,0.04076931,0.04247786,0.06852014,0.06722271,anteriorHippocampus,sub-S22,p,randomWalker4,freq34
0.04221224,0.03586479,0.02553144,0.041601,0.06852591,0.0375511,0.04819682,0.0614919,0.04652027,0.05291845,0.02717304,0.009726584,0.03588271,0.01502524,0.03654989,0.03221923,0.03364179,0.02675391,0.03436654,0.02934816,0.04440576,0.05293518,0.03368118,0.02650091,0.03012826,0.03678451,0.04087499,0.03521669,0.04247999,0.04949542,0.04630446,0.02573815,0.0035278,0.04736143,-0.01009194,0.03086334,0.02807425,0.05624766,0.03898417,0.03705559,0.08114975,0.0769745,0.05961159,0.0560738,0.08213399,0.07258731,0.07969039,0.07867058,0.07901311,0.07759489,0.03503516,0.03254913,0.04259881,0.02587679,0.0451016,0.02767058,0.05290017,0.0552542,0.05453248,0.03741174,0.02320745,0.01637041,0.02402553,0.01425768,0.05834478,0.03114134,0.02726442,0.02909005,0.02887756,0.04454619,0.08070065,0.05769994,0.049276,0.03966431,0.05834481,0.1076845,0.0443584,0.09363984,0.125783,0.02150612,0.02022818,0.01326438,0.0166024,0.01206515,0.05834491,0.0279129,0.02407424,0.02001767,0.02407926,0.02525599,0.03781981,0.02667597,0.06267309,0.02696414,0.05834481,0.04150838,0.03817445,0.05627647,0.04110626,0.02162556,0.04958151,0.09917928,0.03495852,0.03801583,0.05834485,0.04491172,0.03534716,0.03712999,0.04359677,0.02797286,0.07659025,0.07882029,0.03640816,0.04106582,0.05834484,0.1390521,0.05712354,0.05020052,0.07886319,0.06843452,posteriorHippocampus,sub-S22,p,randomWalker4,freq34
0.06519901,0.03670799,0.05148719,0.0494158,0.08856945,0.03596716,0.0669589,0.07257763,0.05737212,0.06218496,0.03709844,-0.00787959,0.03673613,0.03285483,0.03014682,-0.0110171,0.04686177,0.01511715,0.04151561,0.0417595,0.06059497,0.008818806,0.05990355,0.03938082,0.06230373,0.02486335,0.05877457,0.05703333,0.05488338,0.05093914,0.0259706,0.06122545,0.06833439,0.07239776,0.06405783,0.01396077,0.06583977,0.04552115,0.03812554,0.07102892,0.09621143,0.08394512,0.0867874,0.09083941,0.09253105,0.0862332,0.07245792,0.09096224,0.09214204,0.08007602,0.03779818,0.04900781,0.05587758,0.04846359,0.07948869,0.02975985,0.05627458,0.02045216,0.0486627,0.06701717,0.02700009,0.02566663,0.03287307,0.0302487,NaN,0.01360643,0.03538179,0.02564401,0.02577328,0.0298357,0.02268709,0.06032587,0.0405407,0.02140686,NaN,0.08496954,0.001108637,0.1030208,0.03139409,0.0138367,0.03397163,0.03111931,0.0306431,0.03129914,NaN,0.04150761,0.03432856,0.03563441,0.03473174,0.03480087,0.06247548,0.02410181,0.0589346,0.05079935,NaN,0.07731771,0.05096689,0.09262014,0.0707606,0.07444976,0.05874453,0.09840827,0.06246653,0.06157246,NaN,0.02377077,0.05995503,0.04680182,0.05708396,0.05974555,0.02806498,0.0320612,0.04410239,0.01602092,NaN,0.0747771,0.0169487,0.01021511,0.01267928,0.008700688,anteriorHippocampus,sub-S22,p,randomWalker5,freq34
0.04600607,0.02560787,0.03237131,0.02777743,0.06922287,0.02524126,0.03855406,0.05957846,0.03688653,0.04955356,0.0345297,-0.002965152,0.02506021,0.01379055,0.025966,0.02378687,0.04097285,0.01478279,0.03810785,0.05836896,0.04479813,0.1419792,0.03301817,0.04290593,0.03245957,0.04420862,0.05104505,0.03855297,0.0443576,0.06743652,0.004949966,0.05310446,0.03418759,0.06553193,0.03023559,0.01019714,0.03032585,0.01656636,0.01427662,0.06377513,0.07495784,0.06575579,0.07643417,0.07206156,0.08157667,0.07014953,0.0604955,0.08075719,0.07566092,0.07085694,0.0152453,0.02498455,0.05016946,0.03752249,0.07666709,0.01018357,0.07062802,0.06850524,0.03800647,0.0422911,0.02803905,0.003635325,0.03277168,0.01669545,NaN,0.03286761,0.02584555,0.01892618,0.0296043,0.001881392,0.1312747,0.03831339,0.03272985,0.06143171,NaN,0.06313307,0.07962597,0.1012687,0.1159697,0.1008757,0.01885629,0.01598445,0.01804851,0.00765259,NaN,0.0296959,0.01740992,0.01919006,0.02073572,0.01972431,0.02643178,0.002728177,0.02475773,0.01753532,NaN,0.05598598,0.01647298,0.06714017,0.03690493,0.05311793,0.04564202,0.08099638,0.03590312,0.03063312,NaN,-0.00496816,0.04298486,0.07923172,0.04084421,0.03393196,0.06011318,0.09393196,0.05419867,0.1269807,NaN,0.05865807,0.1009651,0.1455082,0.06523043,0.08030663,posteriorHippocampus,sub-S22,p,randomWalker5,freq34
0.0560728,0.03010242,0.04807623,0.0589488,0.06880663,0.0457218,0.04942709,0.06798949,0.05801201,0.05898833,0.04069782,-0.02417409,0.03669994,0.03448217,0.05352515,0.04432967,0.05092709,0.02390305,0.04126341,0.03001414,0.06094098,0.05429557,0.0634756,0.05565241,0.06291752,0.06310948,0.05653823,0.05404961,0.05798971,0.05372797,0.08557183,0.06209863,0.06566045,0.0359991,0.05626717,0.06542538,0.0634054,0.06674296,0.05433637,0.08192559,0.1134954,0.08744246,0.08647475,0.08405022,0.08064464,0.09175733,0.08601846,0.08767249,0.09823668,0.08530333,-0.0007820755,0.03588324,0.05074203,-8.152146e-05,0.03127666,0.03550225,0.04855392,0.0375709,0.02551418,0.03858393,0.03402692,0.0337701,0.03623838,0.02023608,NaN,0.0318433,0.02734387,0.0369031,0.03648675,0.04569989,0.01582955,0.03729323,0.04839194,-0.03076266,NaN,0.06274509,0.0549618,0.09692083,0.03088246,0.04250453,0.03376882,0.0146785,0.05096165,0.0352114,NaN,-0.001359187,0.03773692,0.01911161,0.03152855,-0.03713335,0.06566222,0.04841683,0.02562126,0.03408471,NaN,0.06640954,0.07045256,0.07568048,0.0691768,0.05237026,0.06178189,0.0641459,0.06383894,0.028925,NaN,0.06547429,0.05675176,0.06113835,0.06101519,0.01455528,0.03187081,0.03594491,0.05066498,0.02349022,NaN,0.06044518,0.06825863,0.05794266,0.02833314,0.0183878,anteriorHippocampus,sub-S22,p,randomWalker6,freq34
0.03591451,0.02884186,0.02053217,0.029798,0.05634874,0.03675473,0.02220774,0.05582133,0.04008652,0.0468591,0.0284202,0.03970767,0.02308961,0.01609891,0.03765812,0.04519401,0.04375192,0.01819517,0.03479284,0.03654137,0.04156816,0.05138969,0.03665066,0.05946696,0.03271203,0.03794848,0.03253879,0.02438677,0.03637094,0.04153983,0.06994254,0.05097983,0.03371039,0.00275024,0.05754066,0.04592809,0.03772536,0.04907873,0.0337222,0.06675486,0.08561282,0.06641351,0.07493208,0.07589535,0.07120569,0.07396977,0.05504623,0.07564586,0.07794018,0.07321142,0.1128267,0.02435396,0.05222436,0.02472051,0.03231827,0.01980458,0.04696416,0.01309351,0.03736549,0.01693481,0.02491889,0.02892968,0.01872154,0.02193168,NaN,0.03321667,0.03883104,0.03333823,0.03082952,0.02553401,0.09942073,0.09560708,0.06395163,0.03438118,NaN,0.08575344,0.07000609,0.08464438,0.1202906,0.0230336,0.02198182,0.01424312,0.02242468,0.01730663,NaN,0.008147839,0.005016158,0.02383207,0.02465923,-0.01226914,0.03149861,0.02802847,0.0006584781,0.01219015,NaN,0.04057888,0.03832563,0.04784254,0.03635171,0.01650196,0.04598065,0.03484209,0.04721268,0.1050407,NaN,0.03371147,0.04458977,0.02968525,0.04093264,0.1027319,0.08502167,0.08360463,0.08397865,0.03619957,NaN,0.06412425,0.07156147,0.07565671,0.09174763,0.05859904,posteriorHippocampus,sub-S22,p,randomWalker6,freq34
0.06044221,0.03333589,0.037359,0.04840922,0.07179008,0.05038898,0.05338103,0.07112478,0.05957693,0.0544569,0.03780859,-0.01619126,0.04102011,0.03520083,0.01594291,0.03883944,0.04598087,0.03727372,0.04009546,0.02638604,0.05471877,0.0155098,0.05854405,0.03324646,0.06151835,0.05701304,0.05720424,0.05125847,0.05500469,0.04770101,0.04399982,0.02434898,0.06251102,0.0329022,0.03731158,0.02651881,0.05187694,0.04887203,0.03713377,0.03027954,0.09921335,0.1016215,0.1077389,0.09758665,0.09046587,0.08944441,0.09954731,0.08984048,0.100322,0.08428747,0.04084688,0.04058207,0.05666938,0.03458207,0.05110663,0.03268891,0.04734341,0.06976364,0.03729643,0.05067866,0.0328856,0.02921857,0.04127244,NaN,0.03522317,0.04692199,0.03646194,0.03087338,0.03499064,0.03354196,-0.0005718752,0.01141792,0.0560444,NaN,0.09912845,0.03551387,0.04153514,0.05762599,0.0187858,0.008047872,0.03317121,0.03678686,0.0402672,NaN,0.03444606,-0.003288569,0.03839192,0.02304729,0.03534668,0.03724026,0.06961266,0.06930996,0.07257568,NaN,0.08062851,0.06719729,0.07104973,0.07922836,0.07299079,0.06893726,0.056485,0.03099879,0.06262945,NaN,-0.0003760196,0.06229231,0.05876243,0.05835979,0.05722645,0.05148467,0.01951369,0.01695021,0.05622252,NaN,0.07080495,0.0277917,0.04563071,0.05131225,0.01742517,0.05519731,anteriorHippocampus,sub-S22,p,randomWalker7,freq34
0.04296187,0.02733882,0.03495852,0.03173511,0.06199814,0.04127135,0.04510913,0.06295423,0.04467661,0.04620534,0.0255161,0.02392441,0.03410947,0.0127224,-0.01644026,0.07232241,0.04109135,0.02954838,0.03126422,0.02284092,0.03978552,0.0955741,0.03301937,0.0006961505,0.03259943,0.04808198,0.0424013,0.0454385,0.04519688,0.04862994,0.02994308,0.0214517,0.02810581,0.02343553,0.02308711,0.01594288,0.008822048,0.04067133,0.02453715,0.02385268,0.07822709,0.0749841,0.07784934,0.07831693,0.08139668,0.07624483,0.08521482,0.0811497,0.08129995,0.07510412,0.02217789,0.02251144,0.0446803,0.008831067,0.03580278,0.02324052,0.04689155,0.0524309,0.05212375,0.03702061,0.02242399,0.01939056,0.03092219,NaN,0.009614332,0.04959933,0.03731353,0.03400435,0.02653965,0.01444619,0.1083397,0.06529292,0.03974831,NaN,0.1058291,0.06146855,0.04036612,0.09705984,0.1145122,0.06059134,0.02232293,0.0240517,0.02725491,NaN,0.006942657,-0.04242131,0.02261189,0.01777155,0.02251771,0.01147964,0.03844789,0.0373686,0.04490763,NaN,0.09378041,0.04203871,0.05212741,0.0538553,0.04266131,0.0500525,0.04659837,0.06832915,0.03484529,NaN,0.06204328,0.03942642,0.02863023,0.0312855,0.04086454,0.03757911,0.02852326,0.02714839,0.04411516,NaN,0.08810351,0.05658244,0.03744272,0.08213617,0.04256574,0.03524972,posteriorHippocampus,sub-S22,p,randomWalker7,freq34
0.04763835,0.04266461,0.01916539,0.05843967,0.07228565,0.0543433,0.06890916,0.06821013,0.0672018,0.06385957,0.04062894,-0.0003514439,0.03643693,0.03820829,0.03973448,0.03113444,0.04348236,0.03187859,0.038752,0.02328328,0.04532191,0.05468873,0.05792138,0.05233378,0.0593583,0.05015208,0.05608683,0.05591225,0.05517559,0.05096096,0.038082,0.06410057,0.0670144,0.05163912,0.05577814,0.03108854,0.0662792,0.06097487,0.03568989,0.06289544,0.1180765,0.0965029,0.1001635,0.08594809,0.09334729,0.09747846,0.1203312,0.09225988,0.1024203,0.08840307,0.02859942,0.04334628,0.04521459,0.04880338,0.034867,0.04449803,0.0507794,0.06598915,0.05285151,0.05757887,0.03512944,-0.02987396,-0.06380646,0.07551157,0.05274045,-0.003602789,0.03900607,0.02849755,0.0364776,-0.0118579,0.02681683,0.04555853,0.03570003,0.05783141,0.05274051,0.04864202,0.03965965,0.04479435,0.03425383,0.02896838,0.03674806,0.03648579,0.03941393,0.07076036,0.05274057,0.02410167,0.03754377,0.03137108,0.03643327,0.04055177,0.06542201,0.06047857,0.06794354,0.07402597,0.05274052,0.06598475,0.077383,0.06683039,0.07038865,0.07467373,0.05638686,0.05514887,0.0597412,0.06250041,0.05274059,0.02226689,0.05993136,0.04471283,0.05690595,0.05238733,0.02343992,-0.0329281,0.03817735,0.05228864,0.05274053,0.02201513,0.05837693,0.05429255,0.04315677,-0.004362324,anteriorHippocampus,sub-S22,p,randomWalker8,freq34
0.03327896,0.04104662,0.02235739,0.03984359,0.0653445,0.04475707,0.06303787,0.06099255,0.0512714,0.05281428,0.03062044,0.02959233,0.02754218,0.02442301,0.02844071,0.02750597,0.03531504,0.03373815,0.02944448,0.03055404,0.02896053,0.0738505,0.03566389,0.02812546,0.03234863,0.03929235,0.03908216,0.03508084,0.03822124,0.05135334,0.0402158,0.05948486,0.03212919,0.04610847,0.04694381,0.02478308,0.03084161,0.05672741,0.02057845,0.05484321,0.09242372,0.08256096,0.08056853,0.07513525,0.08260282,0.08131451,0.09358274,0.0810846,0.08446701,0.07909475,0.02728084,0.03388103,0.07131216,0.03295392,0.0221954,0.02951452,0.04302123,0.04914936,0.06968037,0.0468708,0.0273586,0.03187693,0.03657133,0.04865386,0.05890044,0.03540084,0.02594719,0.02581655,0.02743435,0.03980839,0.1282456,0.02979015,0.1070838,0.0241653,0.05890051,0.05652223,0.04820471,0.09324981,0.1153539,0.09260297,0.02921014,0.03642169,0.008682037,0.06387157,0.05890052,0.02419949,0.03087939,0.02941994,0.02868281,0.03326773,0.03679885,0.03099209,0.04669651,0.04882602,0.05890033,0.03863498,0.05430223,0.035518,0.04263044,0.05373531,0.03983125,0.05144378,0.03908575,0.03032482,0.05890039,0.05728935,0.03614629,0.04455391,0.03708303,0.03855692,0.100635,0.05603657,0.1091877,0.01689063,0.0589004,0.08732098,0.05396132,0.09551454,0.09994737,0.0544995,posteriorHippocampus,sub-S22,p,randomWalker8,freq34
0.06186975,0.04338188,0.03638745,0.05683636,0.0813349,0.03617081,0.06062028,0.07183024,0.05845774,0.05622915,0.03787515,0.01224528,0.0395241,0.0383631,0.03637714,0.04099872,0.0460907,0.03879901,0.04099036,0.03777111,0.060257,0.05258957,0.06081405,0.04451816,0.06110701,0.05814056,0.05909281,0.05881756,0.05938631,0.06004134,0.02547706,0.0415416,0.03434983,0.04094353,0.06988585,0.001501511,0.05848526,0.07017167,0.03381424,0.05403693,0.1041479,0.08966631,0.08921973,0.07772439,0.09731181,0.09729496,0.0835685,0.08612006,0.1072019,0.08470348,0.05289731,0.04111993,0.03361969,0.04483973,0.0453418,0.03493682,0.04873,0.06140799,0.04341982,0.05122811,0.03839563,0.03208085,0.04365446,0.04494253,NaN,0.0342342,0.04200461,0.03419178,0.03809026,0.03825657,0.03719021,0.07616757,0.0537994,0.01801378,NaN,0.03048347,0.04917443,0.03435383,0.02561998,0.06751697,0.03289557,0.02974659,0.03502481,0.03617172,NaN,0.03337264,0.03530198,0.03154157,0.0322771,0.03197019,0.06618928,0.0710251,0.07820915,0.03587602,NaN,0.05204253,0.06536879,0.07185848,0.06649108,0.06446286,0.06263106,0.04023131,0.06396753,0.04017245,NaN,0.062976,0.06191677,0.0575091,0.06091082,0.03030093,-0.009829774,0.05701473,0.0573268,0.02926992,NaN,-0.0008093906,0.1034741,0.0409595,0.07906479,0.04821678,anteriorHippocampus,sub-S22,p,randomWalker9,freq34
0.04914687,0.04110488,0.03513262,0.03372088,0.06378593,0.031079,0.03880044,0.06378552,0.04406878,0.04990742,0.02558153,0.02743174,0.03253089,0.02381499,0.04196062,0.03037683,0.04062123,0.02683557,0.03367509,0.03601461,0.03711405,0.1131094,0.04578728,0.02565991,0.03172338,0.0338703,0.04323205,0.03321343,0.04356584,0.05452621,0.02540137,0.04313309,0.01739611,0.04018007,0.03633766,0.0144516,0.02398401,0.06407574,0.03166235,0.05222622,0.08342121,0.07718897,0.07181562,0.07009631,0.08399576,0.07123064,0.07359754,0.07776602,0.08490001,0.07561707,0.04572483,0.02812953,0.06319459,0.01727397,0.04372346,0.02908362,0.06362776,0.0499673,0.07063807,0.03425501,0.02832979,0.01827507,0.04118361,0.04463021,NaN,0.01863463,0.03749688,0.0181642,0.02917228,0.03183632,0.1216829,0.06333511,0.04090684,0.04569165,NaN,0.1304731,0.052155,0.07097829,0.1077778,0.05039496,0.0238698,0.01758005,0.02415035,0.02978875,NaN,0.01579529,0.02815521,0.01642217,0.02343055,0.02799746,0.03762316,0.04681405,0.06001926,0.02937844,NaN,0.02252394,0.04919217,0.05095775,0.04032895,0.0391194,0.04461009,0.04062167,0.03942162,0.03527535,NaN,0.03362995,0.03904461,0.03671431,0.04209231,0.04489711,0.04952974,0.04626003,0.04250768,0.03044665,NaN,0.1084754,0.06962331,0.01494196,0.05612761,0.03145216,posteriorHippocampus,sub-S22,p,randomWalker9,freq34
0.0426109,0.01601117,0.01919155,0.02196991,0.05565699,0.01976354,0.07712851,0.04790056,0.04289159,0.02302197,0.02861626,0.042747,0.02310914,0.01241316,0.009681569,0.0518284,0.0290214,0.01887022,0.0268213,0.04570398,0.0483641,0.04777675,0.04922706,0.04529347,0.05152745,0.04882858,0.04928265,0.04962779,0.04865997,0.05038499,0.0105444,0.01245764,0.04604385,-0.003442483,0.03634534,0.01459413,0.04851401,0.03078791,0.008626312,0.008752579,0.08524918,0.08002048,0.07331087,0.06775694,0.05669937,0.06461079,0.09369899,0.07236426,0.0809291,0.05473306,0.01126908,0.0209338,0.06651557,0.0316084,0.05190466,0.009795837,0.03763651,0.05891326,0.03695154,0.02599358,0.0238535,0.04332485,0.0264501,0.007206085,0.04643735,0.04469359,0.0270054,0.01028228,0.03234834,0.0320251,0.05568945,0.06547304,0.037411,0.02134878,0.0484532,0.05671493,0.03991369,0.06983121,0.07068537,0.05364066,0.03008241,0.0328725,0.0216838,0.02893198,-0.001336624,0.03483868,0.03225987,0.03097042,0.02965179,0.0469603,0.06149999,0.05358774,0.05032106,0.05889047,0.05090211,0.04903564,0.05550544,0.06025776,0.05825609,0.05460092,0.04921513,0.04385682,0.05430832,0.04212685,0.04702628,0.04638713,0.04967979,0.05127722,0.05053344,0.05766866,0.00420869,0.04662571,0.04948473,0.03168693,0.0478308,0.04580491,0.0479451,0.004636756,-0.002286329,0.04317645,anteriorHippocampus,sub-S25,p,randomWalker0,freq34
0.06217352,0.03247751,0.01433606,0.01616062,0.09389855,0.0359764,0.1116403,0.0842604,0.06895366,0.03678882,0.07258508,0.06400883,0.07885706,0.06778942,0.0499117,0.09169702,0.07343404,0.04686153,0.07384028,0.08707844,0.05804269,0.07205085,0.05434785,0.06610204,0.05436217,0.05482214,0.05738491,0.05357706,0.05701137,0.08086817,0.03702139,0.03347658,0.04648802,0.01717373,0.04385755,0.03957541,0.05240396,0.07103439,0.04356442,0.02988547,0.1517361,0.1393546,0.1272044,0.1176248,0.1101984,0.1210136,0.1561335,0.1346881,0.1463694,0.1093503,0.014683,0.02526278,0.08843972,0.04616578,0.06015645,0.02133467,0.06740431,0.07850416,0.03342146,0.02638618,0.08017294,0.07833415,0.08164512,0.06498238,0.08342635,0.0813235,0.08094968,0.02490004,0.08586062,0.05785457,0.09665122,0.08075804,0.0786443,0.05878072,0.05415234,0.0696821,0.07666053,0.09028132,0.1099713,0.06394215,0.07815955,0.0804011,0.06885657,0.07244737,0.04575809,0.08222207,0.07893586,0.08090073,0.07881254,0.08687804,0.07913555,0.06902195,0.05642535,0.08065959,0.04839727,0.06274403,0.06761878,0.07865752,0.07600798,0.06683663,0.05949809,0.07695943,0.06206242,0.05414346,0.05252669,0.05639463,0.05786123,0.05735207,0.0594556,0.07289,0.05170678,0.05523697,0.09769954,0.05976126,0.05370842,0.0534682,0.04982444,0.0234252,0.03906187,0.04825056,posteriorHippocampus,sub-S25,p,randomWalker0,freq34
0.03662125,0.01521457,0.02422019,0.03340467,0.03547087,0.02101726,0.05139858,0.04094324,0.03440345,0.0456191,0.02012487,0.01304109,0.03023748,0.008384148,0.04385597,0.03477582,0.02938777,0.03599076,0.02690156,0.03400854,0.0400208,0.04660472,0.04893539,-0.002234785,0.04889282,0.04869602,0.04731961,0.04737826,0.04323221,0.04675713,0.02339365,0.03064753,0.0267493,0.01666983,0.01351272,0.01535968,-0.02576027,0.03635767,0.02595897,0.04016633,0.07944121,0.06895476,0.09693738,0.06215629,0.06973562,0.0699869,0.09659272,0.07424272,0.08072058,0.06228349,0.02427852,0.01670248,0.04922862,0.04168739,0.01296285,0.0005444778,0.03780271,0.01245499,0.03818474,0.05600389,0.02601602,0.02622096,0.03538471,0.00659055,NaN,0.03535909,0.02368285,0.03027988,0.02636343,0.05038006,0.06369028,0.04226474,0.04457456,0.0458811,NaN,0.0515469,0.05312991,0.05554427,0.06399572,0.06986014,0.02363098,0.02345677,0.01506038,0.01807488,NaN,0.04212004,0.02627785,0.03190083,0.02660762,0.05316723,0.06062311,0.04010697,0.1017676,0.04781311,NaN,0.04264534,0.04320263,0.05906646,0.0563555,0.05784085,0.04850253,0.04924065,0.04888633,0.04908372,NaN,0.0496657,0.04852943,0.0494308,0.04791809,0.04823413,-0.008823239,0.03905179,0.04630142,0.03595377,NaN,0.04790549,0.03099149,0.02869507,0.02114943,0.0455107,anteriorHippocampus,sub-S25,p,randomWalker1,freq34
0.06327545,0.0325263,0.03363554,0.05339547,0.07654238,0.04371915,0.08105944,0.07519808,0.05784977,0.0804142,0.07198989,0.05823465,0.07871362,0.06729473,0.04737044,0.06793016,0.07577181,0.06050742,0.07567128,0.07769833,0.06158478,0.0490558,0.05294054,0.04423112,0.05223074,0.0528777,0.05720541,0.04974322,0.05938259,0.05185845,0.05659404,0.06730557,0.03109303,0.05269985,0.04495374,0.05127131,0.02538442,0.08890549,0.07308137,0.09147204,0.1418316,0.1287432,0.1626282,0.1218169,0.1309898,0.1299881,0.1534615,0.1376504,0.1443214,0.1210124,0.007081926,0.01606296,0.06725309,0.02823741,0.02394057,-0.009971692,0.06768375,0.01229984,0.0344562,0.06693458,0.07770223,0.08118232,0.08315534,0.06232045,NaN,0.08250491,0.0731476,0.07716997,0.0784707,0.08708817,0.09536536,0.06586672,0.05757379,0.0798807,NaN,0.08507066,0.06721105,0.06937495,0.09864614,0.09374171,0.07532953,0.07507943,0.05628432,0.05990371,NaN,0.09391402,0.0814156,0.09042066,0.07995995,0.0991409,0.07686007,0.05592147,0.1453399,0.04838091,NaN,0.05325146,0.0641657,0.09050769,0.07262766,0.07338766,0.05773398,0.05538284,0.05133573,0.0806907,NaN,0.05445624,0.05211749,0.05226043,0.05412065,0.05617501,0.05477553,0.05712638,0.05626849,0.03616338,NaN,0.07621857,0.07151081,0.0540046,0.08664925,0.0515804,posteriorHippocampus,sub-S25,p,randomWalker1,freq34
0.04367582,0.00827786,0.04342539,0.03658635,0.05792926,0.009733125,0.05220998,0.05773779,0.04480705,0.02863122,0.02263659,0.03543832,0.01840127,0.01079675,0.007350711,0.03943512,0.03053128,0.01025363,0.0264913,0.03742045,0.04265785,0.0481836,0.04814428,0.004900116,0.03333435,0.04684222,0.04865405,0.03832738,0.0476008,0.04214311,0.03987805,0.01073723,0.04592176,0.03534942,0.04535158,0.007553448,0.04738705,0.05154742,0.04148539,0.02099222,0.08482997,0.04288195,0.09684373,0.05750444,0.08788793,0.0418391,0.09877656,0.07066511,0.07460421,0.06015369,0.03625911,0.01407687,0.02676927,0.04949355,0.04470098,0.008369392,0.0445283,0.0868561,0.05335306,0.03734886,0.03262234,0.02461383,0.02500688,0.04257574,0.1044983,0.03497671,0.02885834,0.01659515,0.0288423,0.03571361,0.07699399,0.03576449,0.03307095,0.08177187,0.1044984,0.039666,0.03573311,0.0324437,0.0641148,0.06062656,0.02228948,0.02045794,0.01347814,0.05284917,0.1044984,0.03222053,0.02939602,0.02089113,0.02633977,0.02752722,0.05560746,0.024603,0.03522263,0.07604791,0.1044984,0.02714373,0.07408874,0.04155497,0.05097676,0.05235602,0.05377415,0.005470976,0.04410064,0.06298713,0.1044983,0.02703759,0.04696378,0.04662437,0.05062275,0.03718958,0.01588104,0.01059779,0.04153208,0.07602852,0.1044983,0.005097903,-0.006337784,0.05880195,0.02194381,0.05137666,anteriorHippocampus,sub-S25,p,randomWalker2,freq34
0.06502123,0.02302488,0.06270131,0.0525389,0.09775174,0.02386194,0.07362791,0.1096107,0.07023856,0.05622267,0.06770702,0.07510171,0.07068824,0.05769628,0.04510447,0.08695353,0.07896207,0.06640134,0.07614984,0.07773836,0.07044562,0.07347513,0.05428248,0.05198394,0.05701859,0.06434713,0.05811563,0.05656344,0.06218589,0.1067403,0.0838448,0.03019047,0.05176321,0.07938425,0.05130976,0.02723263,0.05148748,0.113946,0.04240472,0.03882083,0.1531273,0.09279702,0.1523335,0.1136572,0.1393868,0.09288558,0.1625678,0.135199,0.1388502,0.1189819,0.03187304,0.01709571,0.02997128,0.05373271,0.05295226,0.006394152,0.07330159,0.1307183,0.05929518,0.04641067,0.07700578,0.07369844,0.07800473,0.06659253,0.1636389,0.08492156,0.07909258,0.07260393,0.07898589,0.08180827,0.1131134,0.03507809,0.06872643,0.1154678,0.1636389,0.036621,0.06635696,0.06146683,0.09744209,0.07449825,0.07464408,0.07076529,0.05437376,0.09999327,0.1636388,0.08893477,0.07767,0.06883595,0.07827904,0.07857705,0.07169872,0.02808726,0.05956291,0.1132355,0.1636389,0.04023523,0.1124695,0.05710983,0.06497347,0.06955654,0.06609093,0.006263235,0.05406315,0.08772366,0.1636388,0.01228718,0.05500304,0.05336814,0.06081421,0.05873003,0.01964803,-0.0002753551,0.06183201,0.1054621,0.1636389,-0.006713209,0.02640833,0.09263053,0.02074697,0.06466702,posteriorHippocampus,sub-S25,p,randomWalker2,freq34
0.02814203,0.02242953,0.04606925,0.03849152,0.05684699,0.02130674,0.02440376,0.04352304,0.03329997,0.03505326,0.03431023,0.03106341,0.03913505,0.01629197,0.05408447,0.03424302,0.02758317,0.03297876,0.02943876,0.05765483,0.04687219,0.04829041,0.05031138,0.06245013,0.05160561,0.04215331,0.05004555,0.04668593,0.04777581,0.0521748,0.01829552,0.03299316,0.04455679,0.0500307,0.04551913,0.03179833,0.04350269,0.004501459,-0.0003846038,0.04248783,0.08648966,0.07278309,0.1094406,0.06592836,0.0663874,0.07188953,0.09838863,0.07404952,0.09091488,0.07058497,0.04739014,0.02726315,0.05653211,0.04667393,0.05749293,0.03959265,0.04274904,0.05855208,0.05729475,0.05193646,0.03928832,0.03560936,0.03503204,0.01054604,0.01165657,0.03290281,0.001296811,0.03136997,0.03290028,0.07958695,0.06441392,0.06754624,0.06395589,0.01054612,0.05110196,0.06325103,0.02790199,0.07483552,0.0681611,0.06110389,0.02972205,0.02738559,0.007639341,0.01054609,0.03136047,0.02658093,0.009807942,0.02189922,0.02577992,0.06402601,0.06068829,0.05738076,0.07650814,0.01054619,0.05250627,0.04766795,0.03912704,0.06145716,0.06081093,0.06184595,0.0480897,0.0507799,0.04976227,0.010546,0.05054748,0.04680396,0.04398828,0.0472325,0.04612103,0.08351956,0.04325487,0.03471668,0.06612546,0.01054613,0.05120105,0.008735615,0.03915486,0.06263707,0.05890589,0.0329712,anteriorHippocampus,sub-S25,p,randomWalker3,freq34
0.03292682,0.0369024,0.05642426,0.04736465,0.1029038,0.03737561,0.01925251,0.0800572,0.04410733,0.05635837,0.07731087,0.01979957,0.06950004,0.05538177,0.06480715,0.07826702,0.06608011,0.0761255,0.07316013,0.07772309,0.05277383,0.06124318,0.05150735,0.07449738,0.05039633,0.04909863,0.0529794,0.05053704,0.05480974,0.05610105,0.02720793,0.08169109,0.0475464,0.0960035,0.04647361,0.07098997,0.04694757,0.05783623,0.03528685,0.08409466,0.1428203,0.1268709,0.1716325,0.1226228,0.1222654,0.1259435,0.1547209,0.1316915,0.1519484,0.1256796,0.03784314,0.03234187,0.075781,0.03652364,0.05826863,0.0466102,0.03817421,0.07516994,0.05188806,0.06960325,0.08523337,0.08195402,0.08460369,0.04572877,0.05929799,0.08328935,0.05709453,0.07729845,0.08328949,0.1121635,0.1022158,0.07068818,0.1002935,0.04572883,0.05172287,0.07176922,0.06113112,0.08556163,0.1012034,0.07277273,0.07879816,0.06965175,0.04864916,0.0457287,0.02632478,0.0679088,0.06723405,0.06432817,0.07336701,0.08832569,0.06948021,0.07188714,0.1214686,0.04572874,0.04964006,0.06262881,0.03859128,0.07234305,0.07137146,0.07466804,0.05411277,0.1019742,0.05034017,0.04572884,0.05064977,0.05316674,0.05414156,0.05299162,0.05620698,0.1146213,0.07618487,0.03269611,0.09765332,0.04572861,0.05159087,0.0134208,0.06472863,0.08488742,0.08533097,0.03108416,posteriorHippocampus,sub-S25,p,randomWalker3,freq34
0.03459195,0.01373757,0.003734494,0.0303718,0.05354134,0.01516848,0.05806984,0.04457774,0.03778255,0.03729453,0.02791763,0.01889479,0.03164776,0.01480781,0.03378279,0.02811127,0.02523776,0.02482842,0.02970817,0.03678307,0.0481297,0.05045081,0.05012004,0.03741661,0.05137744,0.05040276,0.04598662,0.04962885,0.0481971,0.05166235,0.02880844,0.001388108,-0.01216156,0.0139714,-0.02139668,0.004541086,0.04143106,0.03138348,0.01474235,0.01359163,0.08443351,0.07579076,0.05975937,0.03540308,0.07221418,0.06362757,0.07545722,0.06720634,0.07488512,0.06530216,0.04506577,0.02629977,0.05248488,0.03949009,0.05769556,0.01347926,0.03591754,0.04722778,0.05765496,0.04283333,0.02551,0.02240989,0.02176533,0.01406635,0.04772585,0.02878914,0.02295442,0.03052728,0.02835402,0.04277302,0.07083311,0.06877569,0.04629034,0.04038614,0.04772568,0.06908196,0.01185839,0.07095113,0.07264698,0.0395771,0.0265206,0.02337007,0.02071522,0.01479009,0.04772567,0.02676992,0.02764808,0.02481985,0.02863907,0.03383801,0.05242453,0.03618907,0.06585545,0.03792373,0.04772587,0.05684282,0.06183663,0.06071424,0.05912562,0.04092775,0.04893496,0.04625183,0.05028177,0.04596212,0.04772558,0.0522733,0.04536786,0.05008547,0.0491617,0.04797573,0.04905415,0.07395049,0.04933869,0.04381677,0.04772589,0.07489914,0.03917637,0.0524816,0.04490653,0.03788586,anteriorHippocampus,sub-S25,p,randomWalker4,freq34
0.05173784,0.03060326,0.01477181,0.04409101,0.0990216,0.03339706,0.07451595,0.08227657,0.05775708,0.06355198,0.07419056,0.05290053,0.07113291,0.06705027,0.07081058,0.07295509,0.07105801,0.06619811,0.07450296,0.07084989,0.058996,0.06014469,0.05086734,0.05019098,0.05058348,0.05253531,0.05365869,0.05132709,0.05459705,0.06308179,0.05997621,0.01519203,0.01077122,0.0537395,0.01888422,0.0223868,0.03980055,0.06931841,0.0520156,0.03347732,0.1440668,0.1329112,0.1013783,0.07622409,0.1346452,0.1178782,0.1344824,0.1250627,0.1331486,0.1227136,0.04429364,0.03606695,0.06045748,0.02121555,0.06501261,0.01978925,0.07084673,0.08242241,0.0583303,0.04924708,0.07737822,0.07006113,0.07410072,0.06500252,0.08057872,0.07879289,0.07388798,0.07718926,0.07826822,0.06710694,0.08056761,0.07640167,0.05470011,0.05514602,0.08057863,0.09408438,0.06856322,0.09730475,0.1049148,0.03436812,0.07341979,0.06600152,0.0709799,0.06084329,0.08057865,0.07764497,0.07479934,0.07327612,0.07638824,0.07117826,0.06310418,0.03932195,0.1086918,0.04548299,0.0805785,0.06995026,0.07228613,0.08871485,0.07169954,0.03938688,0.057731,0.08703173,0.05019548,0.04885474,0.08057874,0.05745723,0.05257525,0.05229042,0.05539698,0.05457275,0.1037308,0.1514736,0.05136682,0.05618118,0.08057865,0.1138139,0.08884311,0.06600898,0.09434235,0.09436851,posteriorHippocampus,sub-S25,p,randomWalker4,freq34
0.03914669,0.01134794,0.02790454,0.03066418,0.07520944,0.01145464,0.06245473,0.05112432,0.0336433,0.03453076,0.03617608,-0.01091311,0.0233772,0.009605086,0.03179718,0.03475473,0.03401591,0.03107586,0.03461174,0.0480805,0.05322185,0.05851715,0.05238455,0.04118466,0.05317649,0.04558665,0.05308698,0.05047211,0.05110312,0.05307877,0.001737736,0.03615382,0.04990165,0.04852157,0.05136975,-0.002549742,0.05090076,0.01954352,0.01280642,0.04686401,0.07315816,0.05766106,0.07193721,0.09387337,0.07215595,0.06511603,0.09230924,0.07216395,0.0781201,0.05804191,0.02139977,0.02735296,0.06295208,0.05667439,0.05771058,0.005523986,0.04791203,-0.008135937,0.04241785,0.05040377,0.03140813,0.01003211,0.03460513,0.0157959,NaN,0.04030335,0.02732467,0.02059177,0.03339436,0.009486543,0.06450801,0.06759102,0.04466772,0.04076863,NaN,0.07255279,0.03440811,0.1098242,0.07020057,0.06679659,0.01843889,0.02045135,0.02390938,0.01292013,NaN,0.03219981,0.01654816,0.01778768,0.02085997,0.02661832,0.05232385,0.03174043,0.04357266,0.03432421,NaN,0.05918158,0.04318083,0.08791406,0.05750812,0.0793267,0.05201194,0.1016617,0.05306213,0.05435957,NaN,0.01104119,0.05269655,0.05391612,0.05177697,0.04980216,0.0161666,0.01186412,0.04266122,0.05649349,NaN,0.07085895,0.04034766,0.07692597,0.01909633,0.04886281,anteriorHippocampus,sub-S25,p,randomWalker5,freq34
0.06237783,0.0261572,0.04212432,0.04333224,0.1184048,0.02572169,0.08538906,0.0862783,0.05190321,0.06339806,0.07893939,-0.0194158,0.0719492,0.06557737,0.06149287,0.03942966,0.07717283,0.06898373,0.07944705,0.08396555,0.06261949,0.1366639,0.05295989,0.06642408,0.05326629,0.06450053,0.05860601,0.05238891,0.05541772,0.07582712,0.01453195,0.07186897,0.050967,0.09469549,0.05086737,0.004854184,0.04986209,0.05482895,0.04442142,0.09170045,0.1309589,0.1081973,0.125223,0.1492793,0.1330637,0.1179191,0.1391122,0.1326642,0.1340749,0.1112818,0.01850088,0.03467588,0.06841158,0.06022119,0.09837802,0.008728156,0.0812301,0.05461644,0.05086406,0.06721556,0.08242965,0.058286,0.0846563,0.06015395,NaN,0.08468761,0.07871623,0.07799083,0.08397174,0.05048887,0.1083042,0.0735633,0.05686256,0.05932579,NaN,0.1142192,0.08961121,0.1550493,0.106077,0.1255844,0.07373762,0.06243201,0.07284783,0.05408164,NaN,0.07996192,0.07007242,0.07362922,0.07480436,0.07660647,0.05709145,0.02281974,0.04964929,0.02991566,NaN,0.09407298,0.04201459,0.1279366,0.07135133,0.1166943,0.05788552,0.1538422,0.05454653,0.05489,NaN,0.01758889,0.05854215,0.1009201,0.05451844,0.05047699,0.06077039,0.09678557,0.05817903,0.1103433,NaN,0.1165897,0.09655189,0.1514467,0.06616352,0.09719,posteriorHippocampus,sub-S25,p,randomWalker5,freq34
0.03837864,0.009674517,0.02577401,0.043031,0.04473163,0.02006462,0.05881459,0.04114354,0.03353198,0.03303843,0.03167371,0.04417673,0.02063334,0.01411573,0.04974867,0.05623942,0.03813022,0.02335099,0.0351909,0.0549291,0.05335295,0.04554537,0.05027738,0.0481759,0.0525788,0.04958571,0.05079444,0.03852449,0.05061259,0.05555724,0.06434333,0.03325516,0.04575844,0.004322086,0.02183764,0.0343897,0.04615307,0.03177331,0.02821388,0.06015385,0.1033994,0.06025214,0.06618176,0.06141356,0.0558725,0.06719034,0.09696648,0.06440167,0.07692281,0.06085835,0.05706165,0.01733741,0.05103827,0.004485299,0.03571612,0.01499009,0.04565435,0.02119701,0.03371971,0.02130213,0.02530111,0.03004741,0.0161349,0.008116945,NaN,0.03920825,0.04554065,0.03726035,0.03213985,0.02381083,0.04418216,0.06240498,0.03468055,0.00433345,NaN,0.05890598,0.05052069,0.09162364,0.06720366,0.04814193,0.02901208,0.02839019,0.00277272,0.02325915,NaN,0.02693119,0.01053705,0.03485775,0.03156704,0.01772638,0.05665711,0.03070843,0.02803726,0.03973054,NaN,0.0496862,0.05620525,0.0580923,0.05507498,0.04539629,0.04930171,0.05419304,0.04756015,0.03505142,NaN,0.05213385,0.05394108,0.05305964,0.0515415,0.05804618,0.02287797,0.04660377,0.03305921,0.00785928,NaN,0.05710393,0.04947738,0.06429502,0.03329834,-0.00473358,anteriorHippocampus,sub-S25,p,randomWalker6,freq34
0.05312819,0.0260341,0.02563121,0.04568448,0.07802732,0.03915726,0.06696804,0.07599384,0.05144018,0.05743725,0.07025398,0.06651922,0.06986777,0.06614555,0.06243445,0.06840654,0.07209267,0.07262904,0.07563837,0.07488339,0.05970154,0.05904948,0.04990955,0.07405587,0.0496075,0.04919443,0.05126311,0.04686709,0.05389475,0.06238615,0.119904,0.06775556,0.0438284,0.05632449,0.06206099,0.07612454,0.04472931,0.09251909,0.07563961,0.1133947,0.1633575,0.1131276,0.1201022,0.1194396,0.1094369,0.124797,0.1307998,0.1217921,0.1361183,0.117392,0.08863828,0.02301527,0.07442275,0.05504185,0.04477398,0.02051021,0.06413233,0.01805451,0.03109095,0.01694621,0.07766802,0.07829769,0.06886265,0.06698407,NaN,0.08404414,0.06684136,0.08234657,0.08098099,0.04969934,0.09173797,0.07598003,0.07120228,0.06803773,NaN,0.07424314,0.06742514,0.1209821,0.101123,0.04515609,0.07564384,0.07979055,0.0374752,0.06882715,NaN,0.07959757,0.05410104,0.08421181,0.07941032,0.0593867,0.06429002,0.03724618,0.01125014,0.03614404,NaN,0.06648459,0.07011057,0.0804441,0.06669034,0.04070533,0.05500975,0.04851848,0.0579254,0.0861308,NaN,0.04864836,0.05239373,0.04740261,0.05260611,0.1071465,0.07649796,0.06285214,0.08367538,0.03596938,NaN,0.06367259,0.06418861,0.08570016,0.07935932,0.07339074,posteriorHippocampus,sub-S25,p,randomWalker6,freq34
0.03446159,0.01154633,0.01628371,0.02567415,0.04511803,0.02286283,0.03079276,0.04509278,0.03339422,0.02715181,0.02027926,0.04316875,0.03018527,0.004563111,0.04204173,0.04133114,0.03154791,0.03106152,0.02434288,0.02392524,0.04366756,0.0319603,0.05090942,-0.01479638,0.05103556,0.05061319,0.05131986,0.04615377,0.04885739,0.05107195,0.01038867,0.005941938,0.03974817,0.004441612,-0.0003086988,0.0008703767,0.02512386,0.0169423,0.007534287,0.004174754,0.0750188,0.07822563,0.09264249,0.07673673,0.06932,0.06730161,0.07779447,0.0686188,0.07784011,0.06280134,0.04216297,0.02441882,0.0512723,0.03525439,0.0377677,0.01774166,0.04907847,0.04585705,0.04970131,0.03275723,0.01984699,0.02220601,0.01933009,NaN,0.01058543,0.04477653,0.02633087,0.03366511,0.02382709,0.01662101,0.05783387,0.05264378,0.04775053,NaN,0.1081841,0.04449221,0.05859831,0.07544444,0.06378846,0.05246228,0.02494701,0.0297527,0.02204472,NaN,0.01152441,-0.01042021,0.02032422,0.01681454,0.02206564,0.01532093,0.05607512,0.05590753,0.06240226,NaN,0.1052461,0.04583802,0.04645665,0.06549639,0.05931328,0.05283658,0.05176616,0.044538,0.05170598,NaN,0.05902278,0.05044117,0.05154554,0.04873381,0.05093993,0.05224511,-0.002186087,-0.004828003,0.04955539,NaN,0.1024669,0.04054122,0.04993445,0.06786044,0.002244584,0.002133845,anteriorHippocampus,sub-S25,p,randomWalker7,freq34
0.05382115,0.02487859,0.0351047,0.03904947,0.08671011,0.04603608,0.05390177,0.08854713,0.05601303,0.05422679,0.07451042,0.0668561,0.07414082,0.06505462,0.03721729,0.07973154,0.07759754,0.05519065,0.07572763,0.07551562,0.05659085,0.08752924,0.05370253,0.04974935,0.05241762,0.05968771,0.05388406,0.05141867,0.05918233,0.07037148,0.03417363,0.01689436,0.04453328,0.02750976,0.04352326,0.03267041,0.02798318,0.06100058,0.03516307,0.02487048,0.1358891,0.1354954,0.150776,0.1404113,0.1304685,0.1254683,0.1423676,0.1305339,0.1402303,0.1200776,0.0276192,0.02750419,0.06777657,0.02073473,0.05954538,0.0240735,0.07225823,0.07871366,0.0520818,0.04423363,0.07813262,0.07704891,0.07584966,NaN,0.05184442,0.09161101,0.08227563,0.08448078,0.08032332,0.06786972,0.09198229,0.05991192,0.06129932,NaN,0.1564589,0.06848182,0.06394506,0.1187405,0.09837818,0.06019389,0.08031465,0.07532192,0.07729561,NaN,0.05385574,0.01776462,0.07482009,0.08544602,0.07947224,0.06129105,0.06961962,0.07066772,0.07721417,NaN,0.1582837,0.06381916,0.07763522,0.09346946,0.07639796,0.07992454,0.06049133,0.06457783,0.05286824,NaN,0.1023022,0.05262354,0.05002915,0.04933618,0.05664689,0.05925642,0.02803724,0.02881537,0.06425413,NaN,0.1478456,0.05950667,0.0610217,0.1061667,0.04455728,0.04928657,posteriorHippocampus,sub-S25,p,randomWalker7,freq34
0.03535821,0.02059333,0.008739409,0.04426622,0.05012091,0.02541893,0.04124481,0.04218381,0.04801676,0.04626256,0.02642315,0.04224276,0.02505004,0.02270086,0.03022668,0.02646786,0.02625709,0.04551779,0.02580091,0.04077675,0.03410241,0.04894334,0.04930186,0.03889972,0.04954133,0.04370227,0.0468308,0.0502373,0.04789203,0.05177049,0.01711604,0.0333509,0.04613774,0.02079745,0.01841621,-0.002049195,0.04274472,0.0301552,0.003481454,0.03125212,0.09816726,0.07419206,0.108117,0.06861731,0.07100736,0.07515342,0.09952964,0.06989513,0.08114351,0.06823222,0.03899805,0.02545605,0.04853769,0.05117997,0.02550655,0.02184432,0.04822933,0.04039047,0.06301501,0.05055141,0.02843669,0.0402771,0.03171244,0.05104569,0.04748902,0.0371405,0.02121748,0.03098585,0.02723756,0.04434042,0.06698979,0.03700096,0.04883099,0.03196611,0.04748892,0.06079303,0.03943808,0.07054003,0.06736757,0.05342646,0.03229996,0.03938917,0.01321853,0.0532042,0.047489,0.03437392,0.03169788,0.0342146,0.031299,0.03407613,0.06251881,0.0518422,0.06589577,0.04747263,0.04748899,0.05943982,0.06353528,0.05731514,0.06179176,0.0717696,0.04715822,0.05977305,0.0499762,0.03454522,0.04748872,0.03703856,0.0474149,0.0454019,0.0477165,0.05012768,0.02736817,0.02953974,0.06336764,0.03136288,0.047489,0.09038748,0.04501488,0.03333915,0.0365804,0.02124274,anteriorHippocampus,sub-S25,p,randomWalker8,freq34
0.04399214,0.04097419,0.01373874,0.05478996,0.09212621,0.04647484,0.08172791,0.07874493,0.06991108,0.06861425,0.07684106,0.06575266,0.07310388,0.07560994,0.06225847,0.06964587,0.0728687,0.06464208,0.07504956,0.07454473,0.06304332,0.06956194,0.05399629,0.05807984,0.05052283,0.05700565,0.05445182,0.051428,0.05599152,0.06534312,0.04791432,0.07416626,0.0482649,0.06760573,0.06999041,0.03998866,0.04440559,0.07593461,0.05448532,0.07913186,0.1634416,0.134166,0.1558271,0.1219927,0.1303297,0.1339596,0.1647588,0.1281733,0.1416796,0.1242089,0.03616321,0.03565796,0.07377023,0.05438102,0.03756064,0.02367309,0.05562907,0.06743697,0.07657468,0.06500328,0.08056345,0.06553233,0.04046587,0.06613865,0.08184707,0.07697145,0.07535976,0.08056905,0.07964625,0.07536936,0.1043127,0.03501781,0.100087,0.02706343,0.08184697,0.06117122,0.06240077,0.0800153,0.09778934,0.09392939,0.07896535,0.08575533,0.0626343,0.0930595,0.081847,0.084931,0.08032846,0.08419455,0.07915755,0.07989418,0.07091612,0.05588855,0.08310954,0.06324095,0.08184697,0.07106963,0.08861182,0.06432448,0.07437241,0.09299521,0.05405419,0.08551102,0.05572459,0.03540396,0.08184697,0.06082895,0.05207304,0.05668569,0.05277031,0.05648613,0.08991987,0.07713003,0.1122964,0.02061362,0.08184697,0.1176371,0.05791378,0.09479748,0.0883581,0.06308138,posteriorHippocampus,sub-S25,p,randomWalker8,freq34
0.04002986,0.0224422,0.01514803,0.04223712,0.06818175,0.01468265,0.03586658,0.0510213,0.03942842,0.03249085,0.02473084,0.0442118,0.02832296,0.01995554,0.04313802,0.02570805,0.03318543,0.02272473,0.03004796,0.03885932,0.05021651,0.0611853,0.05310928,0.03058021,0.05291486,0.05256268,0.05293601,0.05212909,0.05202061,0.05181733,0.004033778,0.0192927,0.0227344,0.0006461893,0.04587406,-0.009753271,0.04026005,0.04598376,0.01029681,0.02989815,0.08533515,0.07077608,0.07228583,0.07026439,0.07680359,0.07844339,0.06087996,0.06730422,0.08975603,0.06569421,0.055022,0.02421026,0.05497238,0.03998186,0.04998517,0.01240875,0.05334758,0.04781615,0.05509737,0.03376506,0.02773605,0.02082703,0.035824,0.04270419,NaN,0.01631041,0.03382924,0.01572861,0.02850676,0.03352488,0.07285104,0.07188958,0.04809051,0.04676235,NaN,0.07244826,0.04629724,0.06236841,0.06097404,0.05953773,0.02931341,0.02466225,0.02684775,0.034374,NaN,0.01708494,0.03020326,0.02025044,0.02800735,0.03377478,0.05460632,0.05656433,0.06151492,0.0571683,NaN,0.04774303,0.05663316,0.0668591,0.05825046,0.0478976,0.0523305,0.04297889,0.05165871,0.067041,NaN,0.05002819,0.05134311,0.05205163,0.0525369,0.03305189,0.0331561,0.05521823,0.05098872,0.05240997,NaN,0.04888805,0.09462923,0.05489314,0.0738444,0.0448721,anteriorHippocampus,sub-S25,p,randomWalker9,freq34
0.06404582,0.04312893,0.03186201,0.05035569,0.1101341,0.02641639,0.04018909,0.09113889,0.05854513,0.05865197,0.07505778,0.06957121,0.07747772,0.07280511,0.07228076,0.0742296,0.07385178,0.07254623,0.07631318,0.07611088,0.05816777,0.08797861,0.0645221,0.0567894,0.0504278,0.05164624,0.05473096,0.05010269,0.05919772,0.06551319,0.03808641,0.04316068,0.03328409,0.0502817,0.04879992,0.00951905,0.03828869,0.1008976,0.05016724,0.06028811,0.147519,0.1277672,0.1213725,0.1186646,0.1379553,0.1309977,0.1134706,0.1234295,0.1517151,0.1206579,0.04915509,0.03003899,0.06318118,0.03420509,0.0559919,0.02933745,0.07421873,0.0805959,0.07294732,0.04002525,0.07919108,0.0736763,0.07883968,0.08207447,NaN,0.07179482,0.07949094,0.07046637,0.07907095,0.08228333,0.09920056,0.0997234,0.05935532,0.07723057,NaN,0.1109031,0.06494016,0.09383982,0.09522627,0.06527123,0.07658834,0.07563212,0.07407016,0.07661681,NaN,0.06551201,0.07826705,0.07233159,0.07749931,0.08160173,0.06385869,0.07635366,0.08942805,0.06556424,NaN,0.047955,0.07349829,0.09295887,0.07115488,0.05726948,0.05818601,0.04438606,0.05176216,0.08152915,NaN,0.05089063,0.05326312,0.05125297,0.05603587,0.0374673,0.06577943,0.06439738,0.05675337,0.06377322,NaN,0.0882622,0.1457843,0.07823314,0.1273534,0.03979063,posteriorHippocampus,sub-S25,p,randomWalker9,freq34
0.05788284,0.01525332,0.02869353,0.03923753,0.07963071,0.02209856,0.1230306,0.06500015,0.0582386,0.0312886,0.07377464,0.06354016,0.08204047,0.07838287,0.05900401,0.08772182,0.07538118,0.03393598,0.07404058,0.07203031,0.0647205,0.07173383,0.05804218,0.07181079,0.04552615,0.0574036,0.06809567,0.05560512,0.05981909,0.05511018,-0.002728542,0.009919131,0.0596716,-0.01343573,0.06485163,0.01163116,0.06597312,0.03670324,-0.001983289,-0.002454733,0.124655,0.1093535,0.1019659,0.09761079,0.08394837,0.08972879,0.1410271,0.1073763,0.1194943,0.07621337,0.01277195,0.0236958,0.06999748,0.03929653,0.02744477,0.02750032,0.05263371,0.02401513,0.01223707,0.04208318,0.08089577,0.0619713,0.08202574,0.07364506,0.06402367,0.0657138,0.07821514,0.005452129,0.08244751,-0.000357179,0.01763728,0.08136251,0.0477304,0.06315518,0.06986494,0.05923908,0.04058861,0.01863174,0.001293638,0.07946327,0.07051198,0.07236309,0.06728778,0.06526475,0.01707202,0.0714138,0.06831499,0.07246668,0.07145863,0.07935857,0.08998648,0.08059301,0.06987541,0.105877,0.03221706,0.07117892,0.08020898,0.08418963,0.08326393,0.08432169,0.05696286,-0.01628682,0.05759734,0.06543868,0.07153099,0.03619514,0.06389358,0.06232922,0.0556686,0.08298092,-0.007342775,0.06801207,0.0400843,0.06260929,0.07136016,0.04911543,0.07376019,-0.003949381,-0.01346394,0.0637192,anteriorHippocampus,sub-S26,p,randomWalker0,freq34
0.05294091,0.007924181,0.03331997,0.04172641,0.0684485,0.01553671,0.1305414,0.05465057,0.04958344,0.02514228,0.03965966,0.06083396,0.04873218,0.04665142,0.03790953,0.06843919,0.04754117,0.04197136,0.04295498,0.04784033,0.05989602,0.06793854,0.05809394,0.05714862,0.04915955,0.0581781,0.06494041,0.0570313,0.05747279,0.0429974,-0.002934608,0.004041879,0.07024007,-0.01210866,0.06674616,0.004017456,0.06539129,0.02552339,0.01280168,-0.003004626,0.1367907,0.11977,0.1051646,0.08791848,0.08032662,0.08804494,0.1525912,0.1132372,0.1287717,0.07273202,0.04936075,0.02199574,0.06217097,0.0359222,0.04672148,0.02606453,0.0389309,0.0410874,0.04035943,0.04731977,0.05321738,0.05334058,0.05250095,0.04538992,0.0456098,0.05657014,0.05276928,0.02368723,0.0600787,0.02568727,0.02333504,0.1060115,0.0205588,0.03807306,0.06745236,0.08243626,0.02821304,0.07266052,0.0317135,0.1034414,0.03986319,0.04122046,0.03414613,0.03356284,0.009982871,0.0409354,0.03856548,0.04375767,0.04032716,0.05691117,0.1009288,0.08630175,0.0840278,0.1396975,0.04182205,0.06862641,0.08496184,0.09080862,0.08848972,0.09961071,0.05900502,0.06088311,0.06164538,0.05926682,0.06896926,0.05581574,0.06265526,0.06214303,0.06009764,0.1118543,0.01263698,0.09031193,0.02832753,0.046076,0.06860558,0.07272952,0.08983197,-0.005728344,0.01353158,0.09105812,posteriorHippocampus,sub-S26,p,randomWalker0,freq34
0.04599974,0.02035614,0.03335422,0.04988871,0.046744,0.02520277,0.05919591,0.0569871,0.04600022,0.06574827,0.07257145,0.06888749,0.07206951,0.07279758,0.05284142,0.07909749,0.07815503,0.05093556,0.07646205,0.08043264,0.07180863,0.05053306,0.05494388,0.05767428,0.05868722,0.05409145,0.06444388,0.05242323,0.0653642,0.04826351,0.02125867,0.04186768,0.06454794,0.02552462,0.01236738,0.01578938,0.03129347,0.04891711,0.02952251,0.0574201,0.1117074,0.1037178,0.1467241,0.09564216,0.1071328,0.1009232,0.1414494,0.1128338,0.1189709,0.09611029,-0.008524941,0.02274606,0.0693873,0.05345777,0.002070752,-0.0004406034,0.06982045,-0.005948395,0.007955468,0.07125341,0.07473566,0.07826431,0.070594,0.07422469,NaN,0.07593279,0.07254614,0.06914978,0.07506718,0.07128017,-0.000330941,-0.04000784,0.05159623,0.03756877,NaN,-0.02218682,0.04854104,0.03675546,-0.01621714,0.07800746,0.07096298,0.06191158,0.05775727,0.05995623,NaN,0.06811717,0.07345431,0.06959865,0.07153355,0.07791251,0.08417019,0.06004597,0.1369783,0.06406274,NaN,0.05920862,0.05316077,0.07691552,0.07979427,0.08232728,0.05205372,0.0633205,0.05672914,0.08868711,NaN,0.05452746,0.0607067,0.05749945,0.0586489,0.03160563,0.00177233,-0.03090044,0.04981115,0.07141016,NaN,0.01187411,0.04304,0.04067145,0.02226891,0.05027586,anteriorHippocampus,sub-S26,p,randomWalker1,freq34
0.03603876,0.0195473,0.04384054,0.04485008,0.02850637,0.01130541,0.07228972,0.04399448,0.03763515,0.05311959,0.04422984,0.05042031,0.04246277,0.04557693,0.04383124,0.05930493,0.05114924,0.03492961,0.04799882,0.05535942,0.05924978,0.05308688,0.05545709,0.04074299,0.05933762,0.05577432,0.0611347,0.05557473,0.05684683,0.05053525,0.01491773,0.03610136,0.05869511,0.01752336,0.0004373331,0.003032453,-0.01135266,0.04238409,0.02175422,0.05295837,0.1226672,0.1082263,0.1680556,0.09969033,0.1142394,0.1046692,0.1638366,0.1216075,0.1273588,0.100786,0.01187409,0.03211834,0.05784472,0.06305961,0.02678722,-0.0002045756,0.0500815,0.006556556,0.04143866,0.08697381,0.04768241,0.05237997,0.0441188,0.04861706,NaN,0.05088777,0.04745224,0.04216229,0.0477758,0.05688933,0.01488638,0.03397303,0.04540048,0.02469226,NaN,0.05945303,0.05329624,0.04763461,0.03292635,0.1147045,0.03926221,0.0408692,0.02565575,0.02809969,NaN,0.04347802,0.03997434,0.0379374,0.03823391,0.06221243,0.09074354,0.0619111,0.1707951,0.08274215,NaN,0.06546927,0.04569482,0.07855748,0.08308883,0.09650064,0.05967787,0.06650267,0.05761879,0.07324871,NaN,0.06051785,0.06527594,0.06138421,0.06286065,0.0488009,0.002384886,0.04065551,0.04712928,0.06956976,NaN,0.07370476,0.02691072,0.02934588,0.03891285,0.08092358,posteriorHippocampus,sub-S26,p,randomWalker1,freq34
0.06022078,0.009740783,0.05157446,0.0546999,0.07336307,0.01195056,0.07286055,0.08532593,0.06295647,0.03740545,0.06561848,0.0668743,0.0700845,0.06365182,0.05459148,0.07754733,0.0758134,0.07146101,0.07618622,0.06778406,0.07309289,0.0830989,0.04700608,0.05758411,0.05340049,0.06712677,0.06535402,0.07281222,0.06574848,0.03472269,0.007995683,0.009801568,0.06887893,0.04907972,0.06997536,0.004293253,0.06026589,0.06907891,0.02218984,-0.004694366,0.1225219,0.05209035,0.1430483,0.07989963,0.1081925,0.05389133,0.1529692,0.1043119,0.1068823,0.08689277,0.02899959,0.02270908,0.06489246,0.07568495,0.08874343,0.01053075,0.05963565,0.09602854,0.03330342,0.06436859,0.08139723,0.07339671,0.07172771,-0.0029858,0.1569427,0.075054,0.0782323,0.07231341,0.07942273,0.08229624,-0.0101533,0.04341329,0.07377877,0.1163114,0.1569428,0.0375104,0.02666372,0.05874575,-0.00975873,0.05426879,0.06586509,0.06760401,0.04668107,0.1019608,0.1569427,0.0725669,0.06657999,0.06352364,0.06783094,0.07289119,0.08035463,0.03779809,0.04623195,0.1129462,0.1569427,0.03728579,0.1060737,0.05069822,0.07398043,0.07525665,0.03974374,-0.02664888,0.05823301,0.09923383,0.1569427,-0.02376927,0.05621029,0.05867974,0.0482812,-0.01038591,0.03385646,0.02775485,0.06364334,0.1147766,0.1569427,0.02025523,0.003234918,0.1091916,0.04481827,0.07022738,anteriorHippocampus,sub-S26,p,randomWalker2,freq34
0.05879762,0.006245934,0.06037035,0.0454818,0.06411462,0.01062491,0.07641142,0.08443507,0.05550449,0.03078017,0.03344773,0.05426414,0.03963466,0.03550182,0.0241753,0.05693873,0.05005383,0.04296188,0.04661488,0.04318268,0.05168021,0.06811083,0.0465927,0.0202629,0.03881811,0.06019381,0.06084378,0.06192285,0.05691927,0.06537131,0.04093507,0.008514055,0.06762338,0.04183441,0.06876417,0.003263801,0.06054197,0.08070809,0.04562048,0.03916131,0.1404158,0.04321992,0.1641975,0.07794059,0.1310714,0.04557684,0.1756631,0.1176363,0.1180714,0.0916021,0.05758807,0.02273141,0.05521335,0.08460184,0.0835435,0.01593045,0.04871634,0.1140701,0.06940179,0.05794107,0.05613067,0.05559435,0.04581099,0.05324164,0.1794322,0.05097964,0.05261592,0.04335358,0.05335033,0.06548519,0.05612155,0.05420605,0.05446618,0.1257169,0.1794322,0.04508419,0.01325166,0.0439042,0.02311354,0.07753818,0.03297727,0.03552334,0.01570458,0.08678371,0.1794322,0.04338167,0.03723314,0.03288797,0.03555834,0.05236607,0.08958405,0.03354089,0.03124798,0.1150237,0.1794322,0.0293109,0.1072659,0.04049699,0.07692468,0.07188676,0.05725367,0.0120667,0.05478595,0.1034983,0.1794322,0.00764149,0.05883441,0.05775623,0.05881229,0.04246824,0.05079309,0.0289917,0.0537626,0.1276082,0.1794322,0.01523018,0.03490668,0.1125238,0.05218446,0.08460153,posteriorHippocampus,sub-S26,p,randomWalker2,freq34
0.03810421,0.0243629,0.06137534,0.05359963,0.07853431,0.02252456,0.03462511,0.05597705,0.04256216,0.04398235,0.07226964,-0.02927743,0.07315821,0.06002074,0.06129679,0.07423808,0.07506055,0.07617104,0.07704852,0.04727245,0.05240873,0.03905963,0.05077992,0.07015973,0.04879349,0.04600655,0.05810386,0.04943004,0.0499998,0.03831814,0.005824551,0.02965325,0.07005147,0.06650983,0.06148795,0.04222104,0.06321688,0.008145995,-0.006802343,0.05263979,0.1159283,0.09515139,0.147653,0.09226656,0.09390844,0.09299622,0.139364,0.1021688,0.1247753,0.09803837,0.04774354,0.02863285,0.04179763,0.06216794,0.003371011,0.04198078,-0.003019175,0.03263069,0.02965036,0.07261341,0.0740911,0.0729504,0.08395583,0.05273632,0.07992142,0.0730724,0.06809705,0.07084034,0.07638973,0.1068993,-0.01498687,0.04283064,0.006246323,0.0527364,0.0552409,0.04274657,0.04211311,-0.001212361,-0.02115957,0.08375975,0.06456207,0.06380669,0.01841025,0.05273613,0.03669568,0.06171891,0.07438864,0.06120096,0.06587001,0.09413775,0.07454319,0.07449444,0.09392899,0.05273618,0.04395259,0.05990713,0.06052816,0.07595537,0.0769526,0.08105225,0.04853517,-0.008904037,0.05616723,0.05273627,0.05512064,0.05129073,0.05795912,0.04839614,0.04300013,0.1073435,0.05644155,0.03011674,0.01520263,0.05273616,0.05501789,0.02101455,0.0252575,0.06911422,0.06255571,0.04926943,anteriorHippocampus,sub-S26,p,randomWalker3,freq34
0.0336133,0.01444781,0.06706125,0.04641635,0.07545494,0.01145716,0.03613338,0.04430074,0.03600107,0.03613434,0.0439698,0.01218739,0.05192801,0.02799241,0.05671421,0.04914385,0.05055862,0.04876857,0.0499143,0.04300478,0.05149334,0.04976407,0.05497026,0.1124393,0.05403387,0.0449868,0.06035971,0.0509758,0.05205261,0.04880793,0.04010987,0.03470284,0.07097773,0.06041407,0.06466352,0.0341893,0.0723298,0.01723986,0.01698018,0.04573984,0.122809,0.09766074,0.1715146,0.09562136,0.1008591,0.09602632,0.1558797,0.1096721,0.1378065,0.1016262,0.06872912,0.02693016,0.04045988,0.07337075,0.04423616,0.03211459,0.03280456,0.04350735,0.05969318,0.06440093,0.05092596,0.05156148,0.06597865,0.0255153,0.04776194,0.05532583,0.04842449,0.0457365,0.05230024,0.1116974,0.02868844,0.0726492,0.05065498,0.02551535,0.05841953,0.0581801,0.03062986,0.04200269,0.02875702,0.1044436,0.03193717,0.0357191,0.03658989,0.02551534,0.039774,0.0334907,0.04590395,0.03141254,0.03432399,0.08183794,0.08522616,0.07125387,0.09796713,0.02551537,0.05431069,0.05170429,0.0695105,0.08260687,0.08484479,0.08484495,0.05598858,0.08372031,0.06010334,0.02551541,0.05865261,0.06177463,0.05925805,0.0590694,0.05454559,0.1525002,0.06183124,0.06050944,0.06864589,0.02551528,0.05876197,-0.002199737,0.03595523,0.08154949,0.08341671,0.07673574,posteriorHippocampus,sub-S26,p,randomWalker3,freq34
0.04791873,0.01730616,0.007175585,0.03734317,0.07595931,0.01758443,0.078565,0.06112113,0.05133911,0.05020297,0.0687513,0.06217339,0.07003625,0.06790869,0.06474044,0.07346403,0.07159754,0.06885417,0.07154588,0.05694082,0.06600413,0.05500725,0.05316,0.06804852,0.04801897,0.05309199,0.05909576,0.05227142,0.05723804,0.05419536,0.02701305,-0.002060758,0.01062893,0.01747917,0.01776351,0.003938652,0.06444462,0.040741,0.01004216,0.01484318,0.1180774,0.1038241,0.08405431,0.04401074,0.1037901,0.08705538,0.1134208,0.09782069,0.1071411,0.0944712,0.04570375,0.03583365,0.05759415,0.0314789,0.0517717,0.006346281,0.04670304,0.03506132,0.02791418,0.05806842,0.07048549,0.06678531,0.07104526,0.06502282,0.06317409,0.07262131,0.0696812,0.07056329,0.07107687,0.03217787,0.01130749,0.07306138,0.02389955,0.06693638,0.06317417,-0.02750683,0.04436319,-0.0249175,-0.0245413,0.05791401,0.06490327,0.06157841,0.06261178,0.05973159,0.06317423,0.06968422,0.06540584,0.06550373,0.06625628,0.0742587,0.0729297,0.05901258,0.06954597,0.05101093,0.06317412,0.07723993,0.07804811,0.08061503,0.08021396,0.06469526,0.05224163,-0.01467049,0.05848284,0.0729164,0.0631743,0.0434989,0.05828848,0.05265556,0.05277644,0.07267107,0.08321164,0.1339159,0.04236472,0.07139403,0.06317408,-0.01243018,0.0726556,0.00923936,0.07790882,0.04987488,anteriorHippocampus,sub-S26,p,randomWalker4,freq34
0.03768381,0.01195948,0.00441241,0.01187717,0.08399124,0.01264276,0.08515438,0.05516225,0.0406717,0.04272512,0.04274222,0.03574425,0.0480312,0.04442189,0.0456363,0.05121055,0.04835855,0.04395809,0.04737884,0.03138746,0.06246908,0.06097148,0.05788651,0.06372847,0.05387119,0.05755735,0.05905611,0.05655789,0.05854182,0.05428672,0.02555106,-0.0008529653,0.03727162,-0.0009743981,0.03776749,-0.0003890906,0.07064511,0.03464581,0.005442625,0.01325855,0.12449,0.1062778,0.07349898,0.01955727,0.116057,0.08322917,0.1155316,0.1034701,0.108749,0.09897674,0.0574881,0.0349365,0.06271655,0.02897507,0.05588967,0.01134495,0.03978434,0.04417354,0.06082302,0.06003513,0.04758432,0.04372742,0.04605033,0.03980603,0.04818435,0.05125118,0.04569225,0.04577976,0.04756115,0.06320998,0.05910935,0.09805918,0.03776287,0.06028798,0.0481843,0.0225615,0.015939,0.03143427,0.03583748,0.07042429,0.03714323,0.03424558,0.03487149,0.0336328,0.04818443,0.04397524,0.03804156,0.03772412,0.03829032,0.05868383,0.07487564,0.06763426,0.07701026,0.05808125,0.04818435,0.08467338,0.1088502,0.08104938,0.08756908,0.07702379,0.06112247,0.05791591,0.0628418,0.07350588,0.04818422,0.05646682,0.06050123,0.05952945,0.06063148,0.09925986,0.07270787,0.1526226,0.05463292,0.0690058,0.04818437,0.0769631,0.07477987,0.04927944,0.07294787,0.04738941,posteriorHippocampus,sub-S26,p,randomWalker4,freq34
0.04797429,0.009293382,0.03624925,0.05050061,0.1075117,0.01034717,0.09447864,0.07011628,0.04341291,0.04198569,0.07281958,-0.01743235,0.07579804,0.07176631,0.06736241,-0.01696863,0.07744355,0.06139518,0.0782071,0.06904874,0.06393351,0.03635199,0.05415933,0.03725181,0.05551592,0.005010032,0.06437908,0.04174143,0.05008414,0.03395353,-0.01947372,0.04391151,0.06971444,0.07067173,0.06018466,-0.009067997,0.06204886,-0.003145035,-0.01139869,0.06247402,0.09651405,0.07188892,0.1080466,0.1390902,0.1047623,0.08638901,0.1431161,0.1042788,0.1090285,0.07805784,0.02129186,0.03288974,0.06691565,0.07024531,0.09766618,0.003914601,0.08339544,0.02749076,0.02833196,0.06508771,0.07559295,0.05438258,0.07599092,0.06360988,NaN,0.06744731,0.073553,0.07835476,0.07518087,0.05199886,-0.007660326,0.06237502,0.04586506,0.02856104,NaN,0.07119261,0.04263874,0.1100085,-0.01989274,0.02384868,0.07124965,0.05983662,0.06347401,0.0559211,NaN,0.06977024,0.06962093,0.07350258,0.07050944,0.0649785,0.06663184,0.04170205,0.05888674,0.04957571,NaN,0.07877217,0.0629154,0.1237714,0.07635967,0.1099477,0.04248815,0.138164,0.05913509,0.05044662,NaN,-0.005677485,0.05811678,0.001261162,0.04208847,0.05720802,0.02054619,0.03478469,0.04994624,0.001210199,NaN,0.06737588,0.04034592,0.08331382,0.0159122,-0.006591157,anteriorHippocampus,sub-S26,p,randomWalker5,freq34
0.03790835,0.004253899,0.03356186,0.04491571,0.1098224,0.00532401,0.09025495,0.06355316,0.03552634,0.0307434,0.04305485,0.007790414,0.04571642,0.04315245,0.03995376,0.02483569,0.05044271,0.03965438,0.050078,0.04853269,0.05688015,0.1335782,0.05444928,0.03519182,0.05573634,0.04569837,0.06073525,0.04324823,0.05078989,0.05257149,-0.004447191,0.04277002,0.07012017,0.06887684,0.06164745,-0.005990004,0.06456759,0.02922837,0.01187114,0.06165423,0.1005605,0.06518993,0.1061045,0.147099,0.1162289,0.08166467,0.1629439,0.1138763,0.109317,0.07629353,0.04197783,0.03170366,0.06557579,0.09545713,0.09294765,0.003054145,0.07217766,0.07602938,0.05773273,0.06066962,0.05072262,0.01128839,0.05261217,0.0407492,NaN,0.05908996,0.0461872,0.046024,0.05286855,0.03419151,0.03565013,0.09093946,0.04687396,0.0737926,NaN,0.08040773,0.02426209,0.1468393,0.04056218,0.08948369,0.04053658,0.03370667,0.03348819,0.02780573,NaN,0.0436023,0.03992866,0.04433327,0.04015518,0.04284846,0.07706814,0.06763872,0.05802976,0.05163337,NaN,0.06831276,0.07268117,0.1339598,0.07724801,0.1103985,0.05209266,0.1582832,0.06042333,0.05426514,NaN,0.02487252,0.05754811,0.05920867,0.05338315,0.06126771,0.01608734,0.05309191,0.0434963,0.07735939,NaN,0.07362562,0.04114408,0.1501673,0.02527029,0.06249492,posteriorHippocampus,sub-S26,p,randomWalker5,freq34
0.05680398,0.01158035,0.03919405,0.06488677,0.06443185,0.02562465,0.08811104,0.05764965,0.04672382,0.04537019,0.06884516,0.02533563,0.07381517,0.07014243,0.05490668,0.05869475,0.07113241,0.06654642,0.07339591,0.05037106,0.05823374,0.04434846,0.06203637,0.06887542,0.05441337,0.05879525,0.04835668,0.05635925,0.0534865,0.03647885,0.05608196,0.04168438,0.07007947,0.005525061,0.02667084,0.03159397,0.06050033,0.0347614,0.00793608,0.08184864,0.1468697,0.08207874,0.1063542,0.0956524,0.08382154,0.09696528,0.1403668,0.09591474,0.1120735,0.08991697,0.007411356,0.02149596,0.08840221,0.03132594,-0.02002089,0.007912715,0.06111556,0.0137066,0.01264748,0.03372762,0.07760416,0.07973669,0.07801105,0.06704831,NaN,0.0773783,0.08071394,0.07347753,0.07756746,0.0798417,0.02299653,-0.02164959,0.06004779,0.05675697,NaN,0.008949615,0.05302588,0.06448343,-0.007769502,0.05615746,0.06764016,0.0690364,0.0315855,0.06781101,NaN,0.06876297,0.05687257,0.07086823,0.06888594,0.05937357,0.07761158,0.04518292,0.03513802,0.05048058,NaN,0.06358353,0.08125721,0.08157825,0.0768462,0.06419238,0.06091183,0.04792617,0.07436419,0.05621352,NaN,0.05676137,0.04732185,0.041736,0.05251393,0.0353197,0.03496543,-0.006844356,0.03870856,0.01294669,NaN,0.02184505,0.03651061,0.01602854,0.03309352,0.036123,anteriorHippocampus,sub-S26,p,randomWalker6,freq34
0.058563,0.00640252,0.05308627,0.07525931,0.050104,0.01726045,0.1097309,0.04539421,0.03710947,0.03570595,0.04463967,0.04282414,0.044124,0.04074724,0.04848767,0.06042323,0.04974208,0.04478196,0.04732824,0.03441668,0.05567438,0.05363169,0.06366051,0.05470053,0.05834397,0.06216691,0.05119199,0.05317878,0.05398111,0.04042505,0.07032914,0.03229957,0.07359767,0.03779603,0.005265717,0.02921544,0.0687359,0.04597529,0.01941198,0.07642435,0.1667477,0.07438635,0.1018,0.09809104,0.08061262,0.0956961,0.1562735,0.09782142,0.1139898,0.0897039,0.05812329,0.01977167,0.07057827,0.06909338,0.03072002,0.01542899,0.05002766,0.01644318,0.04604118,0.04093236,0.05102881,0.05204588,0.05192766,0.05488277,NaN,0.05274862,0.0655571,0.04687042,0.05094501,0.06257387,0.02001394,0.01636203,0.02961941,0.006762692,NaN,0.03373414,0.05132845,0.09436624,0.02824605,0.08561106,0.03686104,0.03114503,0.02193304,0.04093457,NaN,0.03484671,0.03127784,0.03660828,0.03622514,0.06847452,0.0897126,0.04778569,0.05937716,0.07776568,NaN,0.07122626,0.08109206,0.0776725,0.08101659,0.08026586,0.06429881,0.06330643,0.06819984,0.06236186,NaN,0.06361758,0.05641434,0.05667802,0.0610614,0.1195995,0.03751173,0.04531467,0.01248377,0.01014857,NaN,0.04927398,0.05061195,0.06029455,0.0465734,0.0826087,posteriorHippocampus,sub-S26,p,randomWalker6,freq34
0.04603239,0.01298152,0.02268176,0.03780455,0.06367988,0.02757267,0.04605868,0.06490429,0.04433507,0.03463468,0.07708607,0.0713858,0.07690159,0.07269108,-0.005038966,0.07176422,0.07749979,-0.02663127,0.07805543,0.06325577,0.06214843,0.04159685,0.05351617,0.06084204,0.05276061,0.05568564,0.0551023,0.03850399,0.05693797,0.03905236,0.006993707,0.005357414,0.06759012,0.01175729,0.0007950775,-0.01166672,0.0581935,0.01488714,-0.0003876127,-0.003839714,0.1064228,0.1064093,0.1512495,0.1132579,0.1062132,0.09720252,0.1244475,0.1042094,0.1132834,0.09215684,0.03203511,0.03603353,0.07253557,0.05027525,-0.003518697,0.005555918,0.06209325,0.05089704,0.01330561,0.03798021,0.07895947,0.07644903,0.07432541,NaN,0.05779948,0.08337022,0.06910233,0.08334704,0.07969994,0.06715588,0.003333253,0.01598872,0.05943942,NaN,0.1482373,-0.0168286,0.006991326,0.02228772,-0.007495598,-0.04644215,0.07359221,0.06709602,0.07328085,NaN,0.05918073,0.01146429,0.07242781,0.07992483,0.07483905,0.05900862,0.07932071,0.07871379,0.07754803,NaN,0.1541988,0.06182262,0.06047671,0.09179606,0.08288003,0.07710596,0.0480405,-0.0005685844,0.05783916,NaN,0.09926713,0.06208659,0.04075669,0.05350531,0.04720503,0.03109403,-0.004884148,-0.0086338,0.06177772,NaN,0.1414651,-0.01900867,0.02410243,0.01390308,-0.0002014594,0.01175452,anteriorHippocampus,sub-S26,p,randomWalker7,freq34
0.03417611,0.007482094,0.0200407,0.02688992,0.05334473,0.0191638,0.04115707,0.05726224,0.03246818,0.0265793,0.04800068,0.03886379,0.04953914,0.04442296,0.04623884,0.06017808,0.05098662,0.02347102,0.04901897,0.0275554,0.05528741,0.04113284,0.05531677,0.01524789,0.05637817,0.05769209,0.05858284,0.04279116,0.05551619,0.04709728,-0.006669439,0.001302276,0.07583702,0.0005481895,0.00736872,-0.0004054021,0.06650496,0.01436379,-0.007139524,-0.006792172,0.1118842,0.1127477,0.1672678,0.1171891,0.112839,0.09826802,0.1324287,0.112078,0.1201021,0.09339886,0.04719325,0.03856061,0.06378924,0.04662763,0.03298288,0.01715214,0.05305349,0.04802656,0.04605633,0.03848068,0.05226117,0.05047929,0.04917208,NaN,0.03096532,0.06950099,0.0505328,0.06382346,0.05324717,0.03621965,0.02158141,0.04636749,0.05327823,NaN,0.1820137,0.0347906,0.02425733,0.0735688,0.02355457,0.008284441,0.04115887,0.03875106,0.04423906,NaN,0.03015574,0.02424215,0.04270223,0.04680028,0.04292223,0.03296657,0.08115318,0.08240177,0.1021893,NaN,0.1857559,0.0556467,0.06053735,0.09076343,0.08507129,0.06853629,0.06017566,0.05229001,0.06061777,NaN,0.15422,0.06761184,0.04662409,0.061943,0.05938239,0.05472098,-0.005579635,-0.006119575,0.05481085,NaN,0.1795277,0.03860051,0.02689877,0.06971254,0.003767705,0.009377423,posteriorHippocampus,sub-S26,p,randomWalker7,freq34
0.05820142,0.02473868,0.02140378,0.06697829,0.06459009,0.02908679,0.05273895,0.05461275,0.06634567,0.06636228,0.06846858,0.0670655,0.0732559,0.07018023,0.06467275,0.06937445,0.07425503,0.05721558,0.07266822,0.06243658,0.05947825,0.04928298,0.05582806,0.05456218,0.05648392,0.04994798,0.06117225,0.05062409,0.06002443,0.03445665,0.02094861,0.04030835,0.07004483,0.01712987,0.01474153,-0.003941241,0.07463951,0.03260433,0.0001419841,0.03055803,0.1401682,0.105504,0.1550433,0.09581659,0.1051966,0.105899,0.1475214,0.1010453,0.1158907,0.09894103,0.05157369,0.03178043,0.0185572,0.07330163,-0.00843661,0.01412689,0.05753257,0.02787113,0.03072165,0.07190039,0.0736324,0.04417976,0.0004451568,0.06754289,0.06446304,0.05705805,0.07186814,0.07337189,0.07381652,0.04648688,-0.005453079,0.04295529,-0.003191328,0.04432835,0.06446303,0.03961537,0.0406894,-0.0115717,-0.01986245,-0.006595782,0.06607222,0.06970256,0.0523196,0.06947977,0.06446329,0.06923304,0.06690456,0.07015112,0.06631307,0.066305,0.08625423,0.07332958,0.1009888,0.06244724,0.0644631,0.08381081,0.08263048,0.07477142,0.08439962,0.1057698,0.0512916,0.05308441,0.04270515,0.0445307,0.06446315,-0.02717705,0.06355491,0.02589496,0.05065297,0.03988078,0.03980495,-0.01230544,0.04281976,0.04424721,0.06446304,0.06546161,0.04070631,0.06915972,0.05750399,0.001382361,anteriorHippocampus,sub-S26,p,randomWalker8,freq34
0.05830305,0.01915781,0.01929261,0.05906204,0.05289666,0.01945281,0.04242258,0.04563583,0.05700837,0.05716783,0.04321448,0.04938414,0.04705604,0.04506513,0.04907664,0.04687878,0.04987973,0.04678116,0.04659073,0.04112146,0.0450772,0.06922265,0.0573456,0.04624422,0.05857229,0.04957328,0.05860468,0.05363933,0.05718383,0.05398535,0.01866658,0.02891773,0.0727891,0.01955589,0.01720052,0.006440129,0.07462814,0.02594598,0.0217694,0.03039236,0.1583004,0.1139116,0.1773227,0.09355331,0.1146433,0.111863,0.1668947,0.1091363,0.1242724,0.1040562,0.07703225,0.03161351,0.04746593,0.09378141,0.02894076,0.02000772,0.05747377,0.03322848,0.07444248,0.07989954,0.05045805,0.04628031,0.03277354,0.06546038,0.04909154,0.0583451,0.0471795,0.05266586,0.04999172,0.04994461,0.03138046,0.05485515,0.07571345,0.04893254,0.04909153,0.06575716,0.03429883,0.03616359,0.02372153,0.05553091,0.03925383,0.04178957,0.0290308,0.05338491,0.04909149,0.03875497,0.03981403,0.04054125,0.03897367,0.04171272,0.09761915,0.07793783,0.110112,0.05901043,0.0490916,0.0856434,0.08704972,0.08164204,0.0906589,0.1105505,0.05861656,0.06839041,0.05766833,0.02824074,0.04909142,0.0369467,0.06410955,0.05012045,0.05967033,0.05628737,0.04840409,0.06258721,0.1127072,0.05075285,0.04909158,0.1273404,0.04833871,0.06814651,0.06361704,0.03880223,posteriorHippocampus,sub-S26,p,randomWalker8,freq34
0.05331913,0.02746668,0.01796613,0.06318702,0.09320413,0.01868017,0.04539742,0.07054583,0.05509815,0.04173155,0.07149653,0.04614725,0.07672634,0.07242992,0.08107971,0.0759353,0.07712893,0.07291799,0.07580113,0.06016284,0.06390944,0.03600548,0.06757645,0.05722418,0.04982436,0.04459791,0.0568576,0.04543048,0.06090923,0.0528965,-0.005959061,0.02186928,0.026851,0.01045602,0.08669541,-0.02373783,0.07771814,0.0598334,0.002884641,0.03767987,0.1217542,0.1000615,0.09443518,0.09793269,0.1145965,0.1053631,0.09221429,0.09842515,0.127826,0.09359239,0.03680137,0.03138739,0.03911912,0.04938456,0.008947616,0.02128463,0.06422542,0.02045733,0.02939339,0.04315529,0.07437305,0.07200899,0.07804193,0.06824164,NaN,0.07294409,0.07647693,0.07277849,0.0745176,0.07304653,-0.009726023,0.06138411,0.06797744,0.04960117,NaN,0.0006708748,0.059324,-0.0139717,-0.02113364,0.04956933,0.06721762,0.07029866,0.06529234,0.06627534,NaN,0.06495233,0.06661376,0.06936788,0.06871039,0.07015017,0.07487188,0.07663614,0.08392931,0.06996915,NaN,0.06657176,0.06250285,0.09097861,0.07988878,0.06475189,0.0563679,-0.004817017,0.06281444,0.09783813,NaN,0.05647939,0.0637892,0.04744157,0.05539695,-0.01943749,0.05831187,0.04471458,0.06100423,0.05795624,NaN,-0.010691,0.1538415,0.08567303,0.1421518,0.04396236,anteriorHippocampus,sub-S26,p,randomWalker9,freq34
0.04334291,0.02202158,0.01232929,0.05413343,0.07977211,0.01100644,0.03248196,0.05776126,0.04478452,0.03226184,0.04310051,0.02537243,0.04743407,0.04482501,0.05506986,0.05053264,0.05186083,0.04520298,0.0478377,0.03323425,0.0590631,0.06172052,0.06044051,0.04376536,0.05351676,0.04951126,0.05857233,0.05019049,0.05801138,0.05321592,0.0007420906,0.01703998,0.05467372,-0.004563726,0.0855194,-0.007880938,0.08606118,0.062129,0.009532132,0.03260186,0.1299277,0.1008865,0.09129208,0.08660096,0.122835,0.1058692,0.08720266,0.1019017,0.1379661,0.09419094,0.06093662,0.03354032,0.06166551,0.06977375,0.04173043,0.03758262,0.0628851,0.03696628,0.07921722,0.04077241,0.04795526,0.04607431,0.05156545,0.04485539,NaN,0.04671307,0.04914802,0.04593904,0.0475821,0.04757497,0.03497316,0.07463692,0.06244046,0.09820879,NaN,0.04609936,0.05231648,0.04379927,0.02883418,0.06343477,0.03672906,0.03856504,0.0359959,0.0385291,NaN,0.03594696,0.03673268,0.03789861,0.037291,0.03894959,0.07797088,0.0721643,0.0769347,0.104896,NaN,0.07608785,0.07921797,0.08793139,0.08437423,0.06212156,0.06453871,0.03952768,0.06420393,0.133875,NaN,0.06209067,0.06391163,0.05714811,0.06193074,0.02291174,0.08405764,0.06858403,0.06157201,0.09653381,NaN,0.05493117,0.1702427,0.1169502,0.1565876,0.06319906,posteriorHippocampus,sub-S26,p,randomWalker9,freq34
-0.01274688,-0.02352306,-0.01177644,-0.00865717,-0.01188473,-0.02244618,0.01875298,-0.01445959,-0.01533746,-0.02062695,0.02777659,0.04656111,0.02264963,0.0228397,0.01817383,0.0262263,0.02145485,0.007164631,0.02524845,0.02473567,0.04179,0.05154064,0.04035233,0.03514182,0.03760138,0.04350099,0.04448525,0.04146148,0.04134053,0.03083919,-0.02245754,-0.02345289,0.05858535,-0.02217603,0.05798916,-0.02323879,0.04432454,-0.01721632,-0.005880698,-0.02463088,0.01864985,0.01739563,0.009631765,0.0009277348,-0.007876297,-0.003036805,0.0243268,0.002623965,0.01131622,-0.007945115,0.01358773,-0.02033961,0.05074734,0.02463282,0.05111628,-0.01873145,0.04132602,-0.006865876,0.001938296,-0.01031253,0.02863741,0.04075111,0.02641442,0.01305537,0.02586291,0.04165158,0.02480863,-0.0298904,0.03496291,-0.03703499,0.06546128,0.01884252,0.03742896,0.02542488,0.0427007,0.01062172,0.04446847,0.05293583,0.08005939,0.0236847,0.02732224,0.02587367,0.02800056,0.0295632,0.03155286,0.02554444,0.02753291,0.02320999,0.02642949,0.02604861,0.01511626,0.006577124,0.01607684,0.03562309,0.03863365,-0.00308612,0.006674204,0.009305275,0.006504492,0.01911931,0.04872809,0.07065488,0.05088037,0.03768545,0.04353808,0.06353083,0.04310511,0.05076813,0.05279287,0.02811669,-0.003811199,0.01296097,0.05224298,0.03127039,0.0429377,0.009117709,0.05624284,-0.02346343,-0.008999678,0.02866773,anteriorHippocampus,sub-S29,p,randomWalker0,freq34
-0.02005064,-0.03613234,-0.02308544,-0.02508325,-0.008290953,-0.03108552,0.008917701,-0.01495978,-0.02066153,-0.03087986,0.009213307,0.01524306,0.00204695,0.002127564,0.01120383,0.02596052,0.01680901,0.01395412,0.01093709,0.02174107,0.04243525,0.06044369,0.03618418,0.03496821,0.03504011,0.04245371,0.0467301,0.03901282,0.03988095,0.04021078,-0.04585282,-0.03432886,0.0479507,-0.05126023,0.0509338,-0.03355922,0.04107777,-0.01819198,-0.03757446,-0.04679988,0.008400175,0.001332043,-0.001005423,-0.008423368,0.003344486,-0.001716789,0.01228062,0.007581826,0.008091925,0.0004240194,0.008469017,-0.03981861,0.0436693,0.01640025,0.04930979,-0.0322923,0.04536396,-0.03611109,-0.02663426,-0.02646525,0.00907991,0.01616289,0.006111633,0.001101338,0.02758572,0.02024687,0.01243024,-0.04278198,0.01441787,-0.03193688,0.06153786,-0.0009658933,0.03159553,0.02049464,0.04007015,-0.0095289,0.04879292,0.01954621,0.06554931,0.01288366,0.002763178,-0.0006738222,-0.002561504,0.002097575,0.00494519,0.002711932,0.003834151,0.00711821,0.002716077,0.01337724,0.0005544525,-0.009399215,0.001538142,0.04053782,0.03062464,-0.01584746,-0.00524114,-0.005697734,-0.006506818,0.007713572,0.04898923,0.06660651,0.0501,0.03533594,0.03971258,0.06018281,0.04185991,0.047649,0.05161691,0.01847263,-0.004189434,0.0008477398,0.05082738,0.03000885,0.03991045,-0.004521812,0.03851033,-0.03713636,-0.02335406,0.02306711,posteriorHippocampus,sub-S29,p,randomWalker0,freq34
-0.01728769,-0.02237673,-0.008289577,-0.01626444,-0.0143644,-0.02297562,0.003558046,-0.01657922,-0.01788018,-0.01531054,0.02381915,0.01663724,0.02889417,0.01944082,0.04856198,0.03208483,0.02590364,0.03478517,0.02595253,0.02670821,0.03259639,0.04162227,0.03939651,0.01383536,0.04192939,0.04267434,0.04302222,0.04582601,0.03687021,0.04201216,-0.01911168,-0.01662917,0.05607795,-0.01790186,-0.01935607,-0.01686915,0.03473753,-0.009823111,-0.01381589,-0.01158297,0.01429425,0.0002720957,0.04392052,-0.002634828,0.002991442,0.001819756,0.05422977,0.006085471,0.01129302,-0.002819361,-0.0130794,-0.01645458,0.04241099,0.00908576,0.01649565,-0.03450665,0.03589509,-0.01273491,0.00385614,0.005925417,0.02971678,0.02661858,0.02888806,0.01759885,NaN,0.02662282,0.02043421,0.02676607,0.02767532,0.03113602,0.06815596,0.06883965,0.04301294,0.03631121,NaN,0.07499256,0.05689758,0.06339342,0.07595666,0.04310077,0.02791894,0.008198405,0.02857763,0.0274009,NaN,0.02062603,0.02522646,0.01581668,0.02622268,0.01852372,0.009243624,-0.008682557,0.07115187,0.0214955,NaN,-0.005656107,-0.01674299,-0.006485558,0.002420492,0.01543234,0.05553985,0.05190248,0.03987632,0.02372488,NaN,0.05073467,0.05026759,0.04878007,0.05086013,0.05653909,0.0008474258,0.06255639,0.04240704,0.03873558,NaN,0.06707389,0.02471352,0.0117079,0.03587892,0.02331381,anteriorHippocampus,sub-S29,p,randomWalker1,freq34
-0.02369993,-0.03475325,-0.02597043,-0.02398025,-0.01402399,-0.03181845,-0.006191202,-0.02004807,-0.02603928,-0.01726129,0.005612674,0.006067952,0.006768145,0.000139364,0.02771527,0.02429906,0.01369664,0.02368316,0.009671396,0.01733338,0.02575687,0.03336773,0.03351643,0.00750926,0.03600571,0.03760722,0.03970855,0.03763276,0.03177031,0.03443936,-0.02973399,-0.01898577,0.05133022,-0.02654627,-0.02582145,-0.02107931,0.02554969,-0.001072782,-0.01888902,-0.005501907,0.003827509,0.008883183,0.01472698,0.00955823,0.011855,0.004411131,0.01275604,0.01200746,0.007108345,0.01055819,-0.03955374,-0.03774018,0.02892879,0.001605187,-0.01259062,-0.04755957,0.02671224,-0.04036021,-0.01891329,-0.001976777,0.008999572,0.008577934,0.008354167,0.00237322,NaN,0.01300811,0.00960125,0.01154072,0.007761225,0.02877724,0.03578737,0.03756812,0.03137047,0.02301382,NaN,0.05944964,0.04245339,0.05154217,0.04914573,0.009009962,-0.0001918654,-0.009810599,-0.003641674,-0.004401421,NaN,0.006416879,-0.0001247362,-0.007479002,-0.001348152,0.01435624,-0.005303648,-0.02436872,0.01626826,0.008660473,NaN,-0.0196201,-0.02362088,-0.01427505,-0.01042441,-0.0003346529,0.04877801,0.04402146,0.03372898,0.02588354,NaN,0.04526315,0.04260595,0.04124979,0.04314581,0.04776838,-0.008096924,0.03990154,0.03077803,0.02900358,NaN,0.07632963,0.02196204,0.01466668,0.04699596,0.002423692,posteriorHippocampus,sub-S29,p,randomWalker1,freq34
-0.01110181,-0.02607191,0.002341131,-0.01613937,-0.01179997,-0.02492442,0.001698278,-0.01036896,-0.01419762,-0.02009027,0.03022338,0.0427903,0.02715209,0.02950251,0.02886414,0.02876708,0.02302124,0.02154375,0.02789409,0.02639608,0.03563485,0.04287322,0.0429328,0.0266436,0.03266355,0.03973938,0.04355294,0.03337228,0.04088064,0.05141523,0.02874184,-0.02405654,0.04261053,-0.01521654,0.04300046,-0.02539055,0.04325278,-0.01156223,0.05873772,0.02509952,0.01340303,-0.01052271,0.05533287,-0.008936251,0.003959935,-0.01063966,0.05902633,-0.0009180793,0.003160833,-0.007330237,0.006240659,-0.02280056,0.04673066,0.004634384,0.04132377,-0.02631417,0.04177064,0.005081612,0.01173415,-0.008069239,0.03366204,0.03796391,0.02013147,0.02044624,0.09173358,0.02734542,0.02656427,0.02433749,0.02908118,0.03538747,0.08418922,-0.008200398,0.02574643,0.01756923,0.09173363,-0.02020209,0.04584233,0.0339594,0.06984209,0.004470408,0.02109316,0.01342013,0.03080859,0.01256303,0.09173349,0.008176531,0.02927463,0.02932099,0.02553492,0.02006692,0.009540091,-0.01661694,-0.01058008,0.00895638,0.09173357,-0.01989727,0.008924246,-0.01341457,0.001094416,-0.003948904,0.06275477,0.009822359,0.03533917,0.007959391,0.09173362,0.004368233,0.04911771,0.03895979,0.05605593,0.04415514,0.03729567,-0.01471245,0.03113812,0.02058266,0.09173353,-0.02758721,0.03630493,0.04160583,0.04090747,0.006422762,anteriorHippocampus,sub-S29,p,randomWalker2,freq34
-0.02088627,-0.04348163,-0.02555613,-0.02551657,-0.01585502,-0.04069727,-0.01602739,-0.002712802,-0.02189257,-0.02736665,0.0002564995,0.01605104,-0.001206085,-0.0009826593,-0.001046289,0.01970151,0.01009585,0.001110191,0.005773307,0.01397127,0.02055784,0.04081998,0.03329425,-0.006617904,0.009432781,0.03873597,0.03960363,0.0245059,0.03255891,0.06727769,-0.01122252,-0.04075231,0.03575859,-0.01440207,0.03593434,-0.04424575,0.03598963,0.002410813,0.03908651,-0.006895307,0.01059553,-0.006596334,0.01226173,-0.001136389,0.01172165,-0.003894014,0.01617723,0.01133145,0.006060014,0.00496297,-0.0160431,-0.0407939,0.03833273,-0.00386323,0.03346961,-0.04626491,0.03449216,-0.005644601,-0.01159967,-0.0176965,0.00972051,0.01214677,0.00304553,0.02743519,0.02638268,0.01131445,0.007782948,-0.001032354,0.007479255,0.01662778,0.04495965,-0.02252381,0.01392598,0.003542583,0.02638285,-0.03257382,0.02692709,0.02006098,0.04074287,-0.01620465,-0.01279815,-0.01811906,-0.003757966,5.132625e-05,0.02638288,-0.0203912,0.001259908,-0.002317983,-0.004984468,-0.01191399,-0.00764648,-0.02857358,-0.0161525,-0.0004453499,0.02638285,-0.03028606,-0.004866741,-0.02462578,-0.01169163,-0.01384983,0.05765174,-0.02548809,0.02846645,0.0008345119,0.02638292,-0.04979485,0.04252594,0.03170007,0.05029329,0.001342946,0.02952294,-0.02597165,0.02387385,0.01034269,0.02638287,-0.04041442,0.01756557,0.02526002,0.03202884,-0.006343509,posteriorHippocampus,sub-S29,p,randomWalker2,freq34
-0.01581132,-0.02000953,-0.0002573489,-0.01181214,-0.004877491,-0.02036552,-0.01274342,-0.01053083,-0.01474768,-0.01477632,0.03038091,0.007486292,0.03069896,0.0263768,0.04026143,0.02658033,0.02432223,0.02986992,0.02581282,0.0440455,0.04157132,0.05482582,0.04283766,0.03705871,0.04260514,0.03845458,0.0460861,0.04494919,0.04424388,0.04791413,0.04079201,-0.0103865,0.04715688,-0.007123601,0.04712621,-0.01082943,0.05671404,-0.001964786,0.01129613,-0.01005763,0.01779656,0.006738136,0.04663664,0.002083283,0.001210793,0.00522206,0.04466458,0.006371398,0.02276994,0.002670121,0.008069978,-0.01821994,0.04137812,0.002855398,0.04839229,-0.008875718,0.07171939,-0.02061513,0.005641133,0.0006385041,0.03205185,0.03569135,0.02564001,0.02713276,0.02540906,0.03496531,0.01520632,0.0342859,0.03121315,0.01674673,0.07588188,0.002218086,0.07844312,0.02713275,0.04516324,-0.00542812,0.03985516,0.03570235,0.06760912,0.01597735,0.02745421,0.02943456,0.05078223,0.02713266,0.04861549,0.02950356,0.02001561,0.02795747,0.02770277,0.01736386,0.009763464,-0.002389275,0.00747785,0.02713273,0.05460474,-0.009332995,0.003459532,0.005676654,0.007774369,0.005707857,0.04965707,0.09205078,0.04325575,0.0271327,0.04288225,0.05849554,0.04798656,0.05293531,0.0545079,0.04956793,0.04063514,-0.001977906,0.0628993,0.02713285,0.04461635,-0.004664909,0.05589996,0.03309786,0.04030041,0.007371716,anteriorHippocampus,sub-S29,p,randomWalker3,freq34
-0.03409136,-0.03567273,-0.02109991,-0.0286128,0.000700885,-0.03564187,-0.02944628,-0.01506097,-0.03147333,-0.02796601,0.008934027,-0.03660453,0.01774705,-0.003740859,0.03744999,0.01040375,0.01194227,0.009472215,0.008725292,0.04356376,0.03288245,0.04884156,0.03473699,0.04864429,0.03408285,0.02685936,0.03944214,0.03413324,0.0365373,0.04128562,0.01531157,-0.01851981,0.03820193,-0.007991333,0.03700474,-0.02004574,0.04701521,-0.02604512,-0.02798366,-0.01374335,0.0009079421,-0.001083473,0.01439553,0.007068063,0.009421079,-0.0002996828,0.009602202,0.008268631,0.007626298,0.006236746,-0.01256314,-0.04281104,0.03011015,-0.008998428,0.02725804,-0.02990559,0.01950714,-0.03349743,-0.02904474,-0.0200855,0.01447836,0.01110473,0.01413011,-0.003750394,0.001660238,0.01130412,0.003869629,0.007083063,0.009842323,0.01344958,0.04668811,-0.02316331,0.03070461,-0.003750194,0.03644551,-0.03789309,0.02647027,-0.005041901,0.02788062,-0.0003382851,-0.001763917,-0.002186915,0.02108074,-0.003750381,0.05202853,-0.002639949,-0.004130966,-0.004865461,-0.003601308,0.00113178,-0.009416348,-0.01593176,-0.010826,-0.003750365,0.04105106,-0.02626829,-0.01602125,-0.007061705,-0.01111731,-0.008517784,0.04249677,0.07847183,0.03446441,-0.003750419,0.034669,0.0445714,0.03946941,0.04482432,0.04750685,0.04180934,0.002196572,0.002823174,0.00522221,-0.003750246,0.03627618,-0.02116277,0.04376119,0.01065197,0.007463615,0.01945932,posteriorHippocampus,sub-S29,p,randomWalker3,freq34
-0.01463303,-0.02025918,-0.02322761,-0.01591115,-0.004193792,-0.01933095,0.005930389,-0.009377892,-0.0139301,-0.01306339,0.02869682,0.03022939,0.02645506,0.02577282,0.02325728,0.02704312,0.02152135,0.0276595,0.02608049,0.02996598,0.04049631,0.04717968,0.04260715,0.031303,0.04086502,0.04364673,0.04198299,0.04314203,0.04363719,0.040627,-0.01242052,-0.02364226,0.02963139,-0.003784519,0.02077517,-0.02224016,0.0539665,-0.01168043,-0.01527742,-0.01867623,0.01570495,0.008568692,0.008204462,-0.006867814,0.0008747536,0.001010332,0.007008345,0.001684643,0.006194795,0.000963118,-0.005943845,-0.01505824,0.04897894,-0.02170945,0.0465505,-0.02079609,0.04289981,-0.007673751,0.006169095,-0.008735369,0.02949111,0.03212143,0.02459353,0.02654399,0.0289505,0.0271317,0.02248957,0.03035758,0.02759622,-0.0411806,0.03035586,0.02169943,0.06267623,0.04385066,0.02895066,0.07617594,0.02829972,0.08059455,0.07498182,0.002062021,0.0278101,0.02740385,0.02768175,0.02815914,0.02895061,0.02444717,0.02860911,0.0277234,0.02785808,0.02505903,0.0003199189,-0.001363202,0.007618508,0.0004662941,0.02895053,0.007912756,0.03076658,0.0002511788,0.007397452,0.007094958,0.05385607,0.08478333,0.04448599,0.0457451,0.02895039,0.05233677,0.04179917,0.0464225,0.05001598,0.02121723,0.009604843,0.03207615,0.05391871,0.04584933,0.02895055,0.08826575,0.04003561,0.06923877,0.02188498,0.0002313238,anteriorHippocampus,sub-S29,p,randomWalker4,freq34
-0.03213533,-0.0404231,-0.04534588,-0.02788793,0.005332624,-0.03800667,-0.007238846,-0.0167341,-0.0284881,-0.0242019,0.004434844,0.003966931,0.01058639,-0.000327381,0.0109545,0.01000032,0.006888703,0.007644776,0.008489321,0.01091715,0.03152942,0.04277083,0.03301333,0.01921647,0.03112606,0.03454223,0.03232703,0.03334825,0.03454797,0.03597627,-0.03688137,-0.05228423,0.01169835,-0.0127811,0.001874585,-0.04462224,0.04439559,-0.02027698,-0.03832569,-0.04032836,0.001035394,-0.001665482,-0.006649829,-0.01351963,0.008034362,-0.002753116,0.003561903,0.007866855,0.001635475,0.007257809,-0.02800879,-0.04081997,0.03641889,-0.02376449,0.03656766,-0.05300125,0.03130451,-0.03811333,-0.02647007,-0.023951,0.004956785,0.002406515,-0.000243833,-0.002731282,0.02557335,0.008800126,0.001766415,0.005807572,0.005661628,-0.007649432,-0.01718656,-0.01603521,0.04229506,0.02568694,0.02557345,0.04162212,0.01208884,0.03287553,0.03555299,-0.01455558,-0.003035947,-0.00513919,-0.003968525,-0.003523346,0.02557335,-0.0004716936,6.890816e-05,-0.00283579,-0.001073038,-0.00696288,-0.01686235,-0.02162127,-0.02945453,-0.02879002,0.02557357,-0.01301716,0.02260833,-0.02089499,-0.01035747,-0.009597166,0.04515483,0.07482218,0.03477019,0.03618604,0.02557345,0.04427822,0.03210121,0.03684149,0.04140517,0.001306833,0.008100403,0.02845551,0.04058464,0.03078121,0.02557339,0.05900231,0.04020955,0.05288678,0.02508639,0.006299578,posteriorHippocampus,sub-S29,p,randomWalker4,freq34
-0.01547562,-0.02559922,-0.01637553,-0.01544785,0.005099662,-0.02571014,0.005413236,-0.009966598,-0.01666794,-0.01728133,0.02967987,-0.02410541,0.0252078,0.02420167,0.0342382,0.006537943,0.02475852,0.02426716,0.02869374,0.0355439,0.03878186,0.09203399,0.04300022,0.03995052,0.04237255,0.05891671,0.04534448,0.04980463,0.04865932,0.05710458,-0.006563806,-0.0143178,0.05036246,-0.007526177,0.04458474,-0.03171988,0.04728639,0.01440885,0.0045732,-0.009946926,0.006076734,-0.003451165,0.004009134,0.02928634,0.00530872,-0.0001976527,0.04906365,0.005977922,0.007018466,-0.004614588,-0.001282503,-0.01689844,0.05462519,0.01874162,0.005433887,-0.02869823,0.03273067,0.005139219,0.004701614,-0.006634465,0.03257941,0.02319577,0.03377363,0.03153097,NaN,0.03891144,0.02843538,0.02479562,0.03494618,0.01486888,0.07857852,0.03351618,0.05118781,0.02712039,NaN,0.005303962,0.04181368,0.05461949,0.07551979,0.08544689,0.02387317,0.02913835,0.02606615,0.02381882,NaN,0.02521609,0.0251587,0.02341216,0.02460578,0.02914659,0.01250172,0.03198135,-0.004314336,-0.003303016,NaN,-0.006005577,0.008096517,0.02738258,0.003355856,0.01302571,0.05788077,0.04336673,0.04736609,0.04536796,NaN,0.03304348,0.04703953,0.09126432,0.05912666,0.04928351,0.00277709,0.01756529,0.02756686,0.0744824,NaN,-0.001370487,0.04422387,0.09908713,0.01358085,0.07832234,anteriorHippocampus,sub-S29,p,randomWalker5,freq34
-0.02984749,-0.04569785,-0.03226347,-0.03763971,0.001231026,-0.0460873,-0.01265541,-0.0194624,-0.03529009,-0.02828684,0.00926411,-0.05107437,0.002933057,-0.001325639,0.01566111,-0.02686124,0.01199232,0.007884203,0.01315107,0.03207883,0.03334918,0.1163468,0.03334419,0.03258344,0.03327887,0.05432457,0.0407367,0.03752369,0.04019759,0.05809965,-0.05569885,-0.02547956,0.03854072,-0.01014372,0.0342265,-0.05699498,0.03674952,-0.02649439,-0.04117325,-0.01330301,-0.002754805,-0.00857644,0.003107598,0.006618271,0.0100515,-0.006022702,0.02224178,0.009244175,-0.001812565,-0.0004667713,-0.02164254,-0.04251456,0.03994344,0.01808822,0.01569379,-0.05412198,0.03350202,0.05667604,-0.02759943,-0.02594798,0.01154469,-0.01088996,0.01349925,0.004795968,NaN,0.01863073,0.005296279,0.001644308,0.01332998,0.007604912,0.05654965,0.0162151,0.03344258,0.03394078,NaN,-0.02740617,0.03002699,0.01126632,0.03846193,0.06533424,-0.004318715,-0.003319118,-0.005208927,-0.006319005,NaN,-0.003345174,-0.00335137,-0.003461065,-0.003698644,-0.003551483,-0.00951039,0.003301541,-0.02261563,-0.01731762,NaN,-0.02300196,-0.009675599,0.001936167,-0.01575729,-0.002467055,0.0481394,0.01487894,0.03676583,0.03536081,NaN,-0.007230359,0.03886577,0.052129,0.04661497,0.03868455,0.003799991,0.03121843,0.02917069,0.08587186,NaN,-0.02255232,0.04796084,0.09392579,0.02107702,0.0633088,posteriorHippocampus,sub-S29,p,randomWalker5,freq34
-0.005081051,-0.02263056,-0.002356818,0.006453498,-0.01325779,-0.0198237,0.02603148,-0.01357232,-0.01582674,-0.01620058,0.02523927,0.02907543,0.02276528,0.02051226,0.03310816,0.04760319,0.02416384,0.02754717,0.02795096,0.03633064,0.0352972,0.04241346,0.04248312,0.03202574,0.04126627,0.04406116,0.03856182,0.03299861,0.03828036,0.03692315,0.0419239,-0.01498304,0.04842558,0.01876822,0.003075614,-0.01203167,0.05131195,-0.008270051,0.008935495,-0.006080319,0.05346242,-0.001418368,-7.891522e-05,-0.003257154,-0.005651608,0.001516337,0.05088923,-0.001701659,0.007139841,-0.003476701,0.06526208,-0.02117063,0.03766293,0.02113124,0.06212832,-0.0185771,0.03714621,-0.01586258,0.006016355,-0.01350653,0.0281873,0.03160444,0.02299035,0.02304464,NaN,0.03608995,0.04867178,0.03177609,0.03009406,0.02674236,0.05932324,0.0731208,0.0294568,0.003449669,NaN,0.08464611,0.04715934,0.02421591,0.07720276,0.02160062,0.0278033,0.01824897,0.03988809,0.02826875,NaN,0.01315925,0.02759484,0.02136074,0.02632532,-0.00260958,0.01328377,-0.009923008,0.02250265,0.03030369,NaN,0.002088708,0.00261106,-0.002046902,0.004311189,0.01545214,0.04832398,0.05875185,0.04098877,0.0432866,NaN,0.04828895,0.04878099,0.05387851,0.05091,0.07572312,0.01986334,0.0709741,0.02926254,-0.01809399,NaN,0.0756913,0.04810429,0.03410583,0.03303906,0.01267362,anteriorHippocampus,sub-S29,p,randomWalker6,freq34
-0.028682,-0.04115907,-0.01339957,-0.006478551,-0.01958697,-0.03415261,0.01761738,-0.01992455,-0.02910422,-0.02683682,0.009385492,0.007964839,0.00185684,-0.0002738158,0.02822544,0.04104092,0.01788211,0.01015086,0.01289147,0.02722193,0.0330031,0.04614281,0.03532206,0.03303685,0.03474416,0.03780339,0.03204614,0.02322558,0.03287891,0.03663535,-0.01712101,-0.02580634,0.03946612,-0.01059174,-0.002392137,-0.03379479,0.04435924,-0.01226029,-0.03232315,-0.009961097,0.01116214,-0.005931256,0.004038991,0.008111983,0.004071847,0.0009952061,0.01689314,0.006462646,0.002067314,0.004561223,0.04140108,-0.04435706,0.02490248,0.04418711,0.02667446,-0.04915804,0.03031052,-0.04595712,-0.02386911,-0.03274811,0.007151016,0.01089025,0.001436998,0.01536628,NaN,0.01622389,0.03249351,0.0115889,0.01051857,0.01145663,0.04360554,0.03454456,0.02195436,-0.01532364,NaN,0.05598983,0.04649588,-0.01350799,0.04774505,0.007869714,-0.001317109,-0.01440336,0.02469927,-0.001786039,NaN,-0.02006168,-0.006153591,-0.00861808,-0.002061065,-0.02209041,-0.002205066,-0.03176494,0.006065809,0.01615975,NaN,-0.023152,-0.01194195,-0.01600606,-0.01096422,0.002742264,0.04243833,0.04592876,0.03369511,0.05344769,NaN,0.03917862,0.04364277,0.0407941,0.04349047,0.08086387,0.02814921,0.05271662,0.02712067,-0.03523447,NaN,0.05855687,0.05810196,-0.0108088,0.04475665,0.05573068,posteriorHippocampus,sub-S29,p,randomWalker6,freq34
-0.01889456,-0.02743059,-0.0223022,-0.02163609,-0.01286825,-0.022515,-0.01691233,-0.013343,-0.01945898,-0.02073206,0.02557826,0.02300155,0.02815478,0.02266891,0.03913525,0.04249931,0.02593104,-0.002068205,0.02518628,0.02420091,0.03745924,0.05302765,0.04120002,0.01997834,0.04365226,0.04562921,0.04559554,0.05349325,0.04258275,0.04571532,-0.02553583,-0.02973004,0.06313539,-0.0252849,-0.01211963,-0.01762344,0.06265318,-0.01768386,-0.02537579,-0.02847998,0.01064794,0.01492293,0.04995829,0.01351094,0.002592708,0.0005931795,0.01526564,0.002143314,0.01209867,-0.003206397,-0.007742956,-0.01757119,0.04264947,0.006993064,0.03135759,-0.0194511,0.04376897,-0.01781388,0.00428958,-0.01958661,0.03072907,0.03491734,0.019973,NaN,0.0280235,0.03222601,0.02325378,0.03794127,0.030234,0.03003237,0.05938066,0.03468779,0.03979321,NaN,0.0904282,0.04703749,0.0554852,0.0651514,0.07222019,0.05198233,0.02275569,0.02813466,0.02290889,NaN,0.02548288,0.03227854,0.02517406,0.01021596,0.02252935,0.0255611,0.003314045,0.004863136,0.0258054,NaN,0.08820616,-0.01115488,-0.006818649,0.00221608,0.004318449,-0.008798771,0.05683649,0.07550097,0.04474784,NaN,0.06101212,0.05328944,0.04739327,0.05427142,0.05686691,0.06276651,-0.02340077,-0.02248194,0.03963243,NaN,0.08525602,0.04441682,0.04914372,0.05122636,-0.009542293,0.008301487,anteriorHippocampus,sub-S29,p,randomWalker7,freq34
-0.02586545,-0.04083966,-0.03290762,-0.03484452,-0.007713138,-0.03092007,-0.02533125,-0.0101134,-0.02692463,-0.02744029,0.006776013,-0.001698502,0.01347155,-0.001259176,0.005007544,0.04892887,0.01609386,-0.02480053,0.009695255,0.006436595,0.03269427,0.05364327,0.03554691,-0.009970807,0.03865308,0.04439777,0.04246636,0.04325107,0.03974278,0.04675234,-0.03901695,-0.0449999,0.05134586,-0.0410488,-0.02965386,-0.04569274,0.04980053,-0.02652373,-0.04624691,-0.0451722,0.002816563,0.0006246165,0.0197854,0.00274405,0.01214434,0.004066178,0.01506293,0.01252197,0.006165919,0.006062113,-0.02556836,-0.03591684,0.03447424,-0.001587398,-0.006169592,-0.04873624,0.03738368,-0.02747294,-0.0287303,-0.03726546,0.007614996,0.007159294,0.008678742,NaN,-0.004225702,0.02947998,0.01633901,0.02123454,0.009734831,-0.000879964,0.03203708,0.001323567,0.03308752,NaN,0.03791204,0.00240929,0.02373408,0.02170178,0.04604315,0.004892063,-0.004985222,0.0006516835,0.002309864,NaN,-0.006613995,-0.002414412,0.0004594706,-0.01738056,-0.004070416,-0.008858443,-0.008141657,-0.01004227,0.000256086,NaN,0.03981236,-0.02127299,-0.02436195,-0.008681645,-0.007527777,-0.02094964,0.05279162,0.0649633,0.03922925,NaN,0.07973021,0.04626834,0.03514889,0.04454675,0.05069789,0.055094,-0.03006447,-0.03116401,0.03483785,NaN,0.04642797,0.00776772,0.02801166,0.01551052,-0.007240389,0.0107487,posteriorHippocampus,sub-S29,p,randomWalker7,freq34
-0.006122096,-0.01827162,-0.0215472,-0.007631734,-0.006488901,-0.01710251,-0.0087383,-0.01032124,-0.009123025,-0.00966648,0.02637583,0.04673807,0.02945694,0.02762008,0.02922782,0.03199857,0.02449259,0.04437731,0.02797503,0.03657912,0.0252475,0.05735571,0.04224522,0.02503416,0.04361695,0.03957543,0.04146112,0.04418578,0.04073692,0.05718175,-0.01347669,-0.009252532,0.05302966,-0.01107829,-0.007242769,-0.009760241,0.05044382,-0.009243561,0.0007594092,-0.009950009,0.03854337,0.007502417,0.06129056,0.0008639414,0.005436305,0.009130635,0.04379401,0.004038931,0.01403385,0.001717376,0.01689499,-0.01613937,0.07258464,0.01387615,0.02546559,-0.02133356,0.04912624,-0.0126851,0.02435535,-0.001047751,0.03256624,0.03038629,-0.0002405662,-0.00529359,0.03054068,0.03818569,0.02514327,0.03734209,0.03116627,0.03468983,0.07243091,-0.006461159,0.09257809,-0.001725297,0.03054065,0.00900476,0.04786416,0.04285359,0.0725599,0.07970896,0.0304103,0.02696952,0.02912474,-0.007639498,0.03054058,0.02089196,0.02938248,0.02562826,0.0297253,0.03093357,0.01891081,0.007863721,0.01784745,-0.007779595,0.0305406,0.008655897,0.007970783,0.01044137,0.01134861,0.01476842,0.05208405,0.01114375,0.05807743,-0.01227833,0.03054045,0.06566511,0.04571079,0.06111677,0.05341098,0.05386712,0.04037032,0.03386167,0.08243992,0.003420713,0.03054085,0.06696475,0.05352631,0.01624796,0.0392176,0.02108338,anteriorHippocampus,sub-S29,p,randomWalker8,freq34
-0.02426659,-0.03471756,-0.04228269,-0.02023936,-0.00704989,-0.02946097,-0.01117636,-0.0160863,-0.02072984,-0.0212142,0.005647921,0.02348845,0.006755506,0.002432281,0.01711578,0.01516537,0.009764845,0.02827938,0.007153754,0.02199362,0.01442425,0.06210088,0.0351444,0.01923223,0.03474673,0.03362866,0.03352404,0.03539484,0.0325428,0.05330581,-0.03635762,-0.01410177,0.04246932,-0.02320366,-0.009201438,-0.03399485,0.04180701,-0.01246972,-0.02346547,-0.01420148,0.01220536,0.008695668,0.02024487,-0.000659924,0.01170932,0.00509655,0.01613942,0.009710453,0.006802325,0.007703817,-0.005197967,-0.03854311,0.05894872,0.007947217,0.001496534,-0.0438947,0.0371968,-0.03564895,-0.004367646,-0.01692482,0.009099396,0.01164845,-0.01695613,-0.006073784,0.02642698,0.01513917,0.003290666,0.01233927,0.007937791,0.01999795,0.04218282,-0.02603551,0.06897307,-0.00801581,0.0264269,-0.01811115,0.03205757,-0.004268187,0.03729583,0.07244979,0.003271007,0.002324843,-0.007610665,-0.01006887,0.02642692,-0.007678364,0.003608312,-0.001233305,0.002377477,0.005877753,0.000639031,-0.008018154,-0.002762715,-0.007859766,0.02642701,-0.008969496,-0.01644728,-0.006775818,-0.006623197,-5.35883e-05,0.0430455,-0.01772344,0.04965584,-0.01660435,0.02642689,0.03013521,0.03617017,0.05115005,0.04336551,0.04801866,0.0488505,0.05446858,0.06117466,-0.005551717,0.02642689,0.07728194,0.05041108,0.03076503,0.05169152,0.02787624,posteriorHippocampus,sub-S29,p,randomWalker8,freq34
-0.01302275,-0.01766002,-0.02009342,-0.009156903,-0.001011644,-0.02169989,-0.01203068,-0.009742199,-0.01301722,-0.01528572,0.02592509,0.0199859,0.02531929,0.02262235,0.03898617,0.02324753,0.02609106,0.02268199,0.02631001,0.02843398,0.03593948,0.0722046,0.03766922,0.02477723,0.04226179,0.0435118,0.04485396,0.04440406,0.04095012,0.04510104,-0.01309645,-0.01773606,0.0528556,-0.003039716,0.0468494,-0.02014114,0.05441914,-0.008234987,-0.01179495,-0.01414691,0.01545481,0.001818101,-0.003892742,-0.00373941,0.007139178,0.01278151,-0.002650339,-0.0004605864,0.019677,-0.001820105,0.002984301,-0.01566778,0.05992806,0.01170121,0.06667627,-0.002694796,0.05077573,0.005816095,0.03525529,-0.01467099,0.02740531,0.02982831,0.02964932,0.0297408,NaN,0.0266825,0.02879412,0.02451129,0.02794967,0.03054644,0.06327433,0.007384185,0.04343016,0.03991651,NaN,0.07893549,0.0468413,0.06843822,0.07563462,-0.008198483,0.02782694,0.02358431,0.02947233,0.03149498,NaN,0.02784343,0.02867796,0.02498984,0.0267333,0.0258221,0.004124024,-0.002694903,-0.002222018,0.03627606,NaN,0.009123067,0.005787715,0.002166814,0.005577622,-0.004720195,0.05428674,0.06352849,0.04563106,0.03655562,NaN,0.04792614,0.04453684,0.0516366,0.05192553,0.02690535,0.03557627,0.007147337,0.04688794,0.03654293,NaN,0.06795321,0.05213081,0.0512673,0.04580362,0.001133621,anteriorHippocampus,sub-S29,p,randomWalker9,freq34
-0.02762932,-0.03616169,-0.03921049,-0.0235658,-0.01238313,-0.04135958,-0.0203963,-0.01318891,-0.02971545,-0.02810695,0.002071864,0.007208561,0.004993762,-9.717373e-05,0.01982803,0.006831549,0.01340123,0.004253899,0.007597701,0.01397762,0.02824729,0.07442476,0.03085205,0.01517546,0.03317763,0.03428048,0.03729775,0.03439801,0.03372534,0.04244789,-0.04835113,-0.03412639,0.03469533,-0.01850109,0.03548101,-0.05994818,0.04521563,-0.0008795192,-0.04069167,-0.02553782,0.003595299,0.002814803,-0.006665175,-0.007160329,0.009827969,-0.004502338,0.001903754,0.007026744,0.004755389,0.004198561,-0.02595683,-0.03946133,0.03348683,0.01428709,0.04487755,-0.03607022,0.04545197,-0.03520139,0.00167106,-0.03407296,0.004713481,0.003955479,0.01409912,0.01423476,NaN,0.0009338311,0.01046333,0.001643904,0.005888383,0.007476551,0.01638201,-0.03294811,0.03164812,0.06286465,NaN,0.04556101,0.03603702,0.01926823,0.04136616,-0.03295911,-0.001640785,-0.007384028,0.0006092273,0.005348357,NaN,-0.003203411,0.001701041,-0.005755533,-0.002537545,-0.002099299,-0.01311788,-0.02023601,-0.007516973,0.03897539,NaN,-0.006383922,-0.01302322,-0.01565166,-0.01270929,-0.01961455,0.04462655,0.02637775,0.03672734,0.04197976,NaN,0.03702329,0.03479921,0.04024348,0.04149734,-0.02948315,0.03259978,-0.02452126,0.03738497,0.04682535,NaN,0.0606875,0.01880288,0.04765725,0.03412029,-0.01966629,posteriorHippocampus,sub-S29,p,randomWalker9,freq34
0.0368015,0.008822164,0.01264654,0.02137575,0.0479844,0.01324552,0.07143514,0.04061588,0.03735406,0.01699024,0.0472181,0.05855792,0.04518571,0.04163246,0.0479841,0.06799878,0.04969369,0.05038646,0.04934739,0.06165248,0.04289438,0.03355477,0.03904234,0.04828427,0.04151127,0.03506963,0.04126179,0.03878518,0.04187189,0.04727551,0.01147007,0.005529951,0.04097785,-0.001567621,0.02844359,0.01025237,0.03456761,0.02721291,0.01949991,0.005042155,0.06957518,0.06176968,0.05615255,0.05622257,0.04727778,0.05199587,0.07920949,0.06094775,0.06740903,0.04442901,0.02486959,0.01378209,0.06642775,0.03084316,0.03959377,0.01566507,0.04213819,0.05126078,0.03434465,0.02476999,0.05247741,0.06024863,0.04894919,0.04363126,0.04282936,0.05630802,0.05450642,0.002786703,0.05872845,0.03128522,0.05282631,0.05461987,0.03461712,0.04359386,0.03546325,0.05411132,0.03581347,0.07050687,0.0638556,0.0541223,0.03808739,0.03552447,0.02891643,0.0323976,-0.007933172,0.0381333,0.03745549,0.04460563,0.03902166,0.0478492,0.05591069,0.04864167,0.04512905,0.06650185,0.03933587,0.04490685,0.0511977,0.05233441,0.05195019,0.05555906,0.04051813,0.03476572,0.04000017,0.04473583,0.03367562,0.03569582,0.04100406,0.03774103,0.04120749,0.05961769,-0.002698907,0.04659156,0.03886076,0.04532871,0.03477053,0.04987806,0.04499053,-0.004026865,-0.003313368,0.0537911,anteriorHippocampus,sub-S32,p,randomWalker0,freq34
0.01859378,0.002652943,0.003718679,0.002140016,0.02510626,0.006166661,0.04610534,0.0227842,0.01939309,0.006562964,0.02925631,0.0513199,0.02369695,0.01720207,0.03546303,0.06552817,0.0370157,0.05699274,0.03118793,0.05386861,0.05436734,0.06521364,0.05014794,0.0499717,0.05101025,0.05292143,0.05563517,0.05201267,0.05325942,0.05622951,0.007858927,0.004287822,0.05330933,-0.0018674,0.0475828,0.006319943,0.04955442,0.01790475,0.02752627,0.003519227,0.06134913,0.05561724,0.04357153,0.03015978,0.02979713,0.0341939,0.06640611,0.04475075,0.05461711,0.0283276,0.01549187,-0.0002511356,0.08909848,0.05058531,0.06677105,-0.002478193,0.06197088,0.04658893,0.03480145,0.005680402,0.03020567,0.0498299,0.02554363,0.020907,0.03335921,0.04449654,0.03504952,0.0172351,0.04,0.05159305,0.1024011,0.04049294,0.05281264,0.04351443,0.04831057,0.0414949,0.06640635,0.09075089,0.1189369,0.02910609,0.01184621,0.009006386,0.002511051,0.006131729,0.001354492,0.01319087,0.01170151,0.02239582,0.01353497,0.02316334,0.0333317,0.02418633,0.02550668,0.03824539,0.04939118,0.01954323,0.02652739,0.03135691,0.02938325,0.02922916,0.06140236,0.07602119,0.06210303,0.05276882,0.04681234,0.06618669,0.055666,0.05870408,0.0635507,0.0335835,0.02368502,0.02218164,0.07864125,0.05099221,0.04747625,0.03258653,0.04126773,7.289834e-05,0.01164136,0.02425324,posteriorHippocampus,sub-S32,p,randomWalker0,freq34
0.03215473,0.009921961,0.01689752,0.03081102,0.03248848,0.02012353,0.05100629,0.03662601,0.03075021,0.04077703,0.04711774,0.05122223,0.04391482,0.04165624,0.04211514,0.0518268,0.04853185,0.05066853,0.04794423,0.05077337,0.04866846,0.03577942,0.03864502,0.04275725,0.03607086,0.03793229,0.041709,0.03633853,0.04637836,0.0415355,0.02316877,0.02673826,0.01638118,0.01608478,0.01650164,0.01903312,-0.03419462,0.03178964,0.02669171,0.03447972,0.06143057,0.05746375,0.07341809,0.0530371,0.05786614,0.05573969,0.0677182,0.06161878,0.06482898,0.05345281,0.03042583,0.01676055,0.05205186,0.03588968,0.04225934,0.007895126,0.04856724,0.02231487,0.03874488,0.05440398,0.05039646,0.05055115,0.04262467,0.04390407,NaN,0.04816106,0.04987966,0.04810995,0.04904724,0.04687928,0.07430883,0.04946946,0.04070478,0.04669176,NaN,0.05598223,0.05861627,0.05440366,0.07023726,0.05841573,0.03637209,0.008011253,0.01338503,0.01503883,NaN,0.03140223,0.03746203,0.02176153,0.03443303,0.03830354,0.05293176,0.04022917,0.07627171,0.0416533,NaN,0.04163135,0.03795301,0.05179511,0.05154096,0.05140833,0.04153232,0.03929736,0.03513158,0.0446904,NaN,0.03845941,0.03704705,0.03821974,0.0403724,0.02765151,-0.00605986,0.04175311,0.04095985,0.02042839,NaN,0.04069952,0.0319213,0.01681007,0.01853861,0.04369351,anteriorHippocampus,sub-S32,p,randomWalker1,freq34
0.01394972,0.004515517,0.008221107,0.01277383,0.01635334,0.006310313,0.02141159,0.01688997,0.01241585,0.01886141,0.02735585,0.03247965,0.02149804,0.01709897,0.04775398,0.04782605,0.03506773,0.05273804,0.03062389,0.03951964,0.04647605,0.04956999,0.04940009,0.02961467,0.04928167,0.05219152,0.05451056,0.05222612,0.05149138,0.05368117,0.01252454,0.01719067,0.03633819,0.01001159,0.01134537,0.0135461,-0.0002907382,0.02188353,0.01696767,0.02315691,0.04771701,0.03671962,0.070479,0.03373515,0.03896257,0.03611736,0.06841867,0.0425865,0.04614665,0.03434542,0.02827265,0.002131559,0.05303189,0.02372724,0.05110624,-0.01578082,0.04963592,0.004878971,0.04020413,0.02779879,0.02927311,0.02851802,0.0210117,0.0231443,NaN,0.03044754,0.03365526,0.03194084,0.02737695,0.03651733,0.1133333,0.08688973,0.05108393,0.08234277,NaN,0.09352231,0.07697332,0.08184858,0.1150957,0.05327613,0.01043912,0.01665421,-0.008749103,-0.007493372,NaN,0.02583877,0.01630464,0.01819446,0.01145125,0.03604613,0.02634022,0.01603691,0.08352972,0.02563597,NaN,0.01414137,0.01513319,0.02737317,0.02307191,0.03026417,0.06526508,0.05461428,0.04738971,0.06363537,NaN,0.0567242,0.05341274,0.05418237,0.05755861,0.05754779,0.02017112,0.0826741,0.05054057,0.02649342,NaN,0.08741086,0.0520015,0.03712804,0.07049128,0.03159301,posteriorHippocampus,sub-S32,p,randomWalker1,freq34
0.03800692,-0.0004475065,0.03486777,0.0340398,0.05102671,0.001312147,0.04552292,0.04993633,0.04005067,0.02360098,0.03025772,0.04640448,0.03379237,0.01818175,0.002789192,0.05539608,0.04733629,0.04005454,0.04387198,0.04698386,0.04654331,0.03854692,0.03767535,0.005771347,0.04481864,0.03960265,0.04067119,0.0443353,0.04362288,0.03264716,0.04908862,0.002116007,0.03133033,0.03015424,0.0311446,-0.0001183058,0.03244073,0.04906752,0.03876388,0.03638127,0.0689022,0.03466677,0.06771386,0.04693574,0.06486972,0.03390931,0.07208033,0.06033421,0.06062689,0.05025968,0.03475068,0.008266268,0.01387436,0.04804296,0.02967966,-0.001081629,0.0535793,0.07079251,0.04786208,0.02944632,0.04771079,0.04060423,0.0445506,0.06028353,0.06934106,0.04880517,0.04841536,0.03800097,0.04772767,0.0582887,0.07561956,0.03223066,0.0512627,0.06713422,0.06934113,0.02732393,0.05193266,0.05259183,0.06605189,0.05324823,0.007535615,0.005005117,-0.004054585,0.05645746,0.06934112,0.02098138,0.03308823,0.02539425,0.02606986,0.02900886,0.04993409,0.02123111,0.03606781,0.06545979,0.06934115,0.022476,0.06251732,0.03617024,0.04658165,0.04769042,0.04024371,0.01109373,0.04220358,0.06003143,0.06934121,0.03107024,0.03921712,0.03822801,0.03979187,0.03998594,0.02013922,0.01813287,0.04860567,0.06612801,0.06934108,0.005072974,0.01216782,0.05472834,0.01935934,0.05049513,anteriorHippocampus,sub-S32,p,randomWalker2,freq34
0.01771258,-0.005836722,0.02125577,0.008713298,0.02366685,-0.004067405,0.02444795,0.02963878,0.01662312,0.01013759,0.007067994,0.03507863,0.00836794,-0.003435561,-0.009089547,0.04441834,0.03126897,0.01724095,0.02304722,0.03191823,0.03634169,0.05679905,0.0500121,-0.009407401,0.02637645,0.05348844,0.05339727,0.04358334,0.04947197,0.07495666,0.06162075,-0.001089678,0.0438476,0.01682108,0.04364989,-0.003164117,0.04612344,0.03409045,0.05649693,0.04790843,0.06242282,0.01855342,0.0793154,0.02682102,0.06982844,0.01850253,0.08436507,0.04538377,0.04740363,0.03204726,0.02678148,-0.005915665,0.02919426,0.02065616,0.03593479,-0.007303687,0.06267519,0.06001263,0.0471116,0.008845791,0.02464207,0.01923213,0.02321181,0.05291828,0.09821147,0.02923973,0.02738161,0.01237198,0.02485104,0.03968452,0.1185114,0.01240042,0.03552645,0.04392725,0.09821148,0.01588414,0.07064871,0.04778312,0.1111696,0.03777691,-0.006651848,-0.00627564,-0.01650451,0.02509549,0.0982115,0.008325218,0.008632218,0.000629461,0.004125683,-0.006467105,0.02741535,8.386507e-05,-0.002323424,0.03784946,0.09821154,0.003061481,0.03678528,0.005467313,0.0205225,0.01900343,0.07005987,0.02863696,0.04658607,0.02613435,0.0982114,0.04061791,0.05712959,0.04702551,0.06363678,0.058712,0.02400055,-0.004742756,0.04443083,0.03967227,0.09821146,-0.01000896,0.02565774,0.04850483,0.02069656,0.02309653,posteriorHippocampus,sub-S32,p,randomWalker2,freq34
0.02150558,0.01492536,0.0389384,0.03402097,0.04591395,0.01485492,0.01828461,0.03551182,0.02610923,0.02819819,0.04451834,0.02072709,0.04965061,0.01107136,0.04467611,0.05016647,0.04847211,0.04739359,0.04863123,0.05257136,0.04076422,0.02627084,0.0352445,0.06312929,0.03463523,0.04207152,0.03758704,0.0390726,0.03840538,0.02951244,0.03338124,0.03433083,0.02901252,0.0415362,0.02920586,0.02902789,0.03144239,0.01694983,0.02105489,0.03539171,0.06520399,0.05496397,0.08208603,0.05296818,0.05584886,0.05428708,0.06997915,0.05865278,0.06985636,0.05687514,0.04264392,0.02055032,0.05042747,0.04134586,0.03807906,0.02965793,0.03435184,0.04697714,0.04485118,0.04445716,0.04897618,0.04450022,0.05571138,0.003889401,0.03565176,0.04749766,0.03994178,0.03947444,0.04934642,0.05836103,0.06956556,0.05002213,0.06181832,0.003889527,0.03575272,0.04804511,0.05138765,0.0696217,0.07396974,0.05272542,0.02663169,0.02826571,0.0004206107,0.003889384,0.0003383508,0.02660443,0.0337413,0.0197211,0.02752735,0.05615517,0.0521147,0.04821792,0.06005374,0.003889773,0.03866247,0.03916983,0.04079672,0.05136088,0.05172392,0.05158165,0.03333568,0.0423939,0.03465592,0.003889481,0.03405715,0.04442721,0.04048108,0.03327516,0.03305303,0.06919549,0.03905343,0.04157985,0.05427942,0.00388933,0.03569053,0.01884803,0.05365279,0.06066083,0.05360971,0.04631066,anteriorHippocampus,sub-S32,p,randomWalker3,freq34
0.003215841,0.0022967,0.02092535,0.009016839,0.023987,0.002141343,0.001694965,0.016931,0.007215639,0.01170612,0.02605554,0.04139548,0.04091156,-0.002204719,0.05238443,0.03311212,0.03918162,0.02962557,0.03390615,0.0617863,0.05357674,0.05994036,0.05096728,0.03598928,0.05008778,0.05194813,0.05474653,0.05447185,0.05556747,0.05439893,0.04378491,0.02436601,0.04460356,0.02146666,0.046357,0.01463971,0.04698871,0.01880643,0.03196969,0.01895659,0.04899969,0.03692464,0.07990097,0.03150304,0.03376789,0.03614209,0.06850599,0.03879078,0.05692524,0.03425787,0.02535469,0.001184837,0.06685818,0.02146221,0.06869505,0.006333727,0.06524774,0.03311111,0.04793169,0.01622326,0.03203157,0.02657617,0.03910163,-0.01142073,0.02165473,0.03013568,0.02058394,0.01826091,0.03018279,0.04435294,0.1174254,0.04617787,0.0934667,-0.01142063,0.05247258,0.03381879,0.07076877,0.09551705,0.1170518,0.02628481,0.008304135,0.001850639,0.02541352,-0.0114204,0.03261181,0.0001400587,0.01055691,-0.003169674,0.004779328,0.02563751,0.02826792,0.01995346,0.03862334,-0.01142082,0.06112171,0.01337995,0.01340343,0.02714331,0.02672732,0.02059978,0.05719137,0.0912521,0.04995431,-0.01142071,0.04965884,0.06122283,0.05895289,0.0584703,0.0618537,0.05366673,0.0117897,0.01863563,0.07786337,-0.01142083,0.05205091,-0.005789212,0.08654129,0.02827499,0.02591882,0.01233232,posteriorHippocampus,sub-S32,p,randomWalker3,freq34
0.03275235,0.01196625,0.0006666122,0.0315041,0.04778085,0.01375408,0.05302188,0.04052275,0.03571752,0.03466886,0.04224833,0.02687234,0.0493452,0.03840765,0.05193957,0.05005635,0.04774041,0.04529429,0.04710802,0.04602446,0.04256322,0.03423234,0.03549854,0.04103288,0.03608364,0.03601917,0.04123569,0.03720553,0.04019937,0.04256537,0.02868746,-0.001545183,0.007414062,0.0245651,0.02398834,0.003460122,0.02408324,0.03145064,0.02327794,0.01104195,0.06545644,0.05902245,0.04335644,0.03515919,0.06370522,0.05073303,0.06336199,0.05740621,0.06056584,0.05546074,0.04029423,0.02364247,0.04391887,0.03368568,0.04667164,0.01257996,0.04567116,0.04371748,0.04959609,0.04061779,0.04425048,0.03185357,0.04075234,0.03023362,0.0414676,0.05050894,0.04440921,0.04305085,0.04610524,0.03136525,0.06509717,0.05191042,0.03731769,0.04276158,0.04146769,0.06779014,0.03216391,0.062631,0.07038556,0.03704776,0.02907373,0.01994614,0.02586176,0.02197557,0.04146761,0.04009847,0.03437189,0.02979067,0.03278534,0.03882334,0.04905065,0.03654394,0.05835134,0.0361038,0.04146755,0.048631,0.05691796,0.05271297,0.0533004,0.04164805,0.03729863,0.0350721,0.03305561,0.02886192,0.04146752,0.03565646,0.03772536,0.03615342,0.03556644,0.04972351,0.03919026,0.05755311,0.03545434,0.04012582,0.04146757,0.06608333,0.03971417,0.03913792,0.036167,0.03444572,anteriorHippocampus,sub-S32,p,randomWalker4,freq34
0.01164935,0.004146697,-0.002534105,0.008198577,0.02849578,0.005932585,0.02661443,0.0224762,0.01423826,0.01678896,0.02265072,0.01738787,0.03644475,0.01559464,0.03866158,0.03625648,0.0341505,0.03256517,0.03242205,0.03318731,0.05265096,0.05919273,0.05201581,0.04174285,0.0512495,0.05390555,0.05504739,0.05351689,0.05593985,0.05647179,0.01749612,-0.002210309,0.02833042,0.01794307,0.03155224,0.000323066,0.04551057,0.01857509,0.01412,0.006104526,0.04914821,0.04099549,0.02653732,0.01669806,0.04438588,0.03074062,0.04022538,0.03539892,0.03888557,0.033699,0.02367019,0.007498999,0.05938672,0.01418695,0.06639896,0.003647521,0.06653233,0.03248466,0.04793817,0.01693216,0.02388376,0.01017489,0.01860093,0.006425243,0.03707407,0.033238,0.02473406,0.02265061,0.02668801,0.05565577,0.08161115,0.04987505,0.06951434,0.04827737,0.03707415,0.1129483,0.05003526,0.106079,0.1211852,0.01771891,0.005797789,-0.002710693,0.003974949,-0.0003806858,0.03707407,0.01846516,0.01248808,0.007085585,0.0110761,0.002270916,0.02262345,0.01371644,0.04280051,0.01584262,0.03707423,0.02722458,0.03518118,0.02846937,0.02790456,0.01868917,0.06349771,0.0964459,0.05085239,0.04577041,0.03707397,0.06207636,0.05305201,0.05532422,0.05923276,0.02829072,0.03185804,0.0641099,0.06007233,0.05028412,0.03707408,0.1149602,0.06485232,0.07854302,0.0453622,0.02498863,posteriorHippocampus,sub-S32,p,randomWalker4,freq34
0.03061757,0.0008719698,0.01989025,0.0272656,0.06403805,0.0009139712,0.0562164,0.04270553,0.02679233,0.02689101,0.04445358,-0.02069313,0.043071,0.03269224,0.04580704,0.03490378,0.04800354,0.05234025,0.04935886,0.04390774,0.04358667,0.03853312,0.03632941,0.03469071,0.03511146,0.01539699,0.03978338,0.03385558,0.03717039,0.024544,-7.784526e-05,0.02988508,0.03046718,0.0409872,0.03079905,-0.01789748,0.02836625,0.02477014,0.01586067,0.03858804,0.05699928,0.04371418,0.05858252,0.07720373,0.0610765,0.05007866,0.07372086,0.0599812,0.06263261,0.04489786,0.02529399,0.02061652,0.04673707,0.05040618,0.05124452,-0.00302399,0.04305006,0.01011724,0.04143941,0.04313848,0.05132821,0.00142704,0.05062463,0.02036647,NaN,0.0538412,0.04493516,0.04138924,0.05116374,0.04312929,0.06442384,0.05131471,0.04489898,0.04396595,NaN,0.06304495,0.04064146,0.08616238,0.06568166,0.05400366,0.03318646,0.02043097,0.02475862,0.002092417,NaN,0.03526046,0.03285105,0.03601599,0.03392977,0.02631801,0.04333935,0.0248634,0.03974095,0.0319845,NaN,0.04945252,0.04154045,0.07167436,0.04888063,0.06721797,0.03204163,0.07986317,0.03897572,0.03584379,NaN,0.03706567,0.04051388,0.04516347,0.03669714,0.03343868,0.005521482,0.02914593,0.02893263,0.0478491,NaN,0.06381291,0.03966667,0.05254957,0.002983654,0.0403291,anteriorHippocampus,sub-S32,p,randomWalker5,freq34
0.008945934,-0.005377959,0.004011758,0.002900905,0.03718571,-0.00547855,0.02007939,0.02017154,0.00584812,0.008861646,0.02591379,-0.009096725,0.02260529,0.01024853,0.04258732,0.04985275,0.03296585,0.05226069,0.03459782,0.0417038,0.04907817,0.1003999,0.04931499,0.05473815,0.04821191,0.0645101,0.05343027,0.0549881,0.05536908,0.06260762,0.01100499,0.01771651,0.04547593,0.0228923,0.04664494,-0.01288488,0.04611054,0.04195154,0.03050518,0.02224888,0.03773243,0.02181061,0.03242698,0.05668974,0.04196754,0.02610739,0.0603969,0.03958458,0.03771808,0.02312843,0.005552854,-0.001074964,0.06300809,0.03568211,0.03398041,-0.0148168,0.04539667,0.0201719,0.02936973,0.01151908,0.03682873,-0.002767563,0.03209434,0.004620909,NaN,0.04474668,0.02291546,0.02838866,0.03599316,0.03208526,0.1155685,0.04673597,0.05498114,0.04529672,NaN,0.04426924,0.07690289,0.0924541,0.1109239,0.1055344,0.009817027,-0.003558373,0.00155043,-0.01014432,NaN,0.005414989,0.008593086,0.01128275,0.009881775,-0.002403077,0.01949921,0.02370771,0.01021792,0.002801938,NaN,0.02073233,0.01379596,0.05042892,0.01984604,0.03497977,0.06090282,0.06752679,0.05353301,0.05125948,NaN,0.04800294,0.05571722,0.09060898,0.06249401,0.05259361,0.03264263,0.04541894,0.05587292,0.09998591,NaN,0.03699668,0.0858937,0.1203212,0.0486122,0.0917184,posteriorHippocampus,sub-S32,p,randomWalker5,freq34
0.03399944,0.005868741,0.02228673,0.04508026,0.04118951,0.01761631,0.05802944,0.03779774,0.03118645,0.03042168,0.05311102,0.05721143,0.04622192,0.04384125,0.05116753,0.05968171,0.05228962,0.05423856,0.0522697,0.0564611,0.04424713,0.02039373,0.0347787,0.04647067,0.03358469,0.03101541,0.04053512,0.04108759,0.04087335,0.04068586,0.05936207,0.03155048,0.02813089,0.02509079,0.02391616,0.03456403,0.02713226,0.03949019,0.04125672,0.05295641,0.07493593,0.04832464,0.0580191,0.05601864,0.04839815,0.05474918,0.06529118,0.05537889,0.06283173,0.05212976,0.05827123,0.01292558,0.05382298,0.03878552,0.0372204,0.01609323,0.04698127,0.0188624,0.03411417,0.02111063,0.05150114,0.05141119,0.04771806,0.0529572,NaN,0.05086971,0.0524173,0.04766131,0.05188448,0.04732703,0.04776374,0.06242797,0.03568451,0.02093309,NaN,0.04603492,0.03574751,0.07437093,0.0633874,0.04737202,0.0357392,0.01876139,-0.01292337,0.036773,NaN,0.009314523,0.006362115,0.02596629,0.03424341,-0.0006954393,0.05190754,0.02846176,0.03103707,0.04544735,NaN,0.04493386,0.05136591,0.05234757,0.05051688,0.04675847,0.03603115,0.03693848,0.04342974,0.03715905,NaN,0.03306284,0.03469176,0.03639874,0.03536035,0.05811086,0.02049589,0.03920068,0.03239497,0.004899256,NaN,0.03903913,0.01550196,0.05574644,0.0221391,0.03319665,anteriorHippocampus,sub-S32,p,randomWalker6,freq34
0.01729319,0.001124913,0.01329058,0.02036412,0.02029108,0.007188382,0.02916654,0.0203158,0.01245025,0.01481783,0.03311516,0.06024152,0.02268474,0.01969031,0.05108743,0.0649517,0.04138873,0.03708201,0.03466175,0.05025335,0.05053216,0.05236988,0.05009662,0.04776487,0.04959172,0.0504264,0.05178294,0.04694149,0.05170858,0.05287633,0.07276706,0.01859717,0.04630741,0.04408753,0.0244085,0.02307995,0.0520414,0.0328243,0.04917457,0.0329999,0.08029116,0.03051495,0.03469863,0.03573066,0.02923404,0.03656629,0.06214342,0.03595602,0.04490686,0.03303666,0.09945466,0.001040909,0.05592596,0.03622076,0.07384318,0.006327086,0.05365985,0.0003855637,0.03753821,0.00207185,0.02852441,0.03089953,0.02189241,0.0312157,NaN,0.03156636,0.05079374,0.02562188,0.03057872,0.03613501,0.09692157,0.102842,0.04666504,0.05169927,NaN,0.09261036,0.05878143,0.08559246,0.1169939,0.03218692,0.008389742,0.007031419,0.0001621252,0.005017622,NaN,0.008585075,-0.01562927,0.01053011,0.01046995,0.01173921,0.02810659,0.009255111,0.02087729,0.02434004,NaN,0.02690976,0.02509847,0.02735558,0.02570732,0.02336471,0.05819055,0.05845072,0.05604529,0.07698541,NaN,0.0520108,0.05754708,0.0580048,0.05881133,0.08936863,0.05261035,0.08765756,0.05306013,0.007910864,NaN,0.08123351,0.05722785,0.0784926,0.06613217,0.05049094,posteriorHippocampus,sub-S32,p,randomWalker6,freq34
0.02961021,0.003403364,0.008566966,0.02187252,0.03731176,0.01754233,0.02606007,0.03840116,0.02855209,0.02211557,0.04513997,0.01754948,0.04844511,0.03401814,0.05783478,0.03855988,0.04751614,0.03320914,0.04646978,0.04372805,0.04298498,0.02521001,0.03775048,0.008222278,0.03084727,0.03617361,0.03610346,0.03298223,0.03986438,0.03319371,0.01083618,-0.003928009,0.02889148,0.002403257,0.01710125,0.008828519,0.01573673,0.02036014,0.01157553,0.001929986,0.05930164,0.05984298,0.06915605,0.06186322,0.05909889,0.05430729,0.06536014,0.05889226,0.06243007,0.05212413,0.03039789,0.01948872,0.04824219,0.0252655,0.04661528,0.01717642,0.05148529,0.04032144,0.0420851,0.02675828,0.04622196,0.04157916,0.04822445,NaN,0.007429391,0.05778804,0.05498499,0.05670497,0.04858651,0.02946922,0.06288643,0.0504584,0.04585395,NaN,0.07463566,0.04967763,0.06971782,0.0685743,0.06510755,0.04753922,0.03211907,0.03306706,0.04101546,NaN,0.004889269,-0.00223129,0.03810164,0.02583048,0.03463744,0.01547346,0.049629,0.04845809,0.04848954,NaN,0.07373448,0.03971134,0.03838468,0.05595958,0.05139389,0.04704763,0.03640983,0.04020822,0.03406875,NaN,0.06140705,0.03593709,0.03891867,0.03361768,0.03412869,0.02966961,-0.01037858,-0.01087932,0.04518977,NaN,0.07457187,0.04616988,0.05846331,0.06227297,-0.009136065,0.01910836,anteriorHippocampus,sub-S32,p,randomWalker7,freq34
0.01000887,-0.003597345,0.003926622,0.001788786,0.02030797,0.007019143,0.01297876,0.02282459,0.01045407,0.01103516,0.02717646,0.02932439,0.03496586,0.01076894,0.06878351,0.0607448,0.0354251,0.05012941,0.03155321,0.03924868,0.05157686,0.07087227,0.05147423,6.866561e-05,0.05013112,0.05710006,0.05434173,0.05955793,0.05601138,0.06022458,-0.001851024,-0.008758673,0.04460809,-0.007973733,0.01647695,0.01359366,0.03406013,0.01727066,0.001543383,-0.002993605,0.0466438,0.04955431,0.07286979,0.0471433,0.04242437,0.03668485,0.05238387,0.0426969,0.04952507,0.03391596,0.02567809,0.00129979,0.05449154,0.02266124,0.07112589,0.005925285,0.05726845,0.02250597,0.04824101,0.00884038,0.0257452,0.02044882,0.03226576,NaN,-0.009901583,0.04441131,0.04158747,0.04257102,0.02921692,0.006742009,0.1070386,0.07129233,0.05409623,NaN,0.1066143,0.07207422,0.07782353,0.09723836,0.1139201,0.07922154,0.0106438,0.006342938,0.02007336,NaN,-0.009695153,0.01298078,0.01476022,0.01231021,0.01259157,-0.01108386,0.02475243,0.02646086,0.04559859,NaN,0.09201705,0.01705144,0.02560331,0.03195897,0.02742809,0.02171659,0.06516016,0.08571357,0.0516435,NaN,0.06501143,0.05617716,0.05504482,0.05597703,0.06219458,0.0633529,-0.002251046,-0.001471811,0.05497537,NaN,0.08913382,0.07192072,0.06911293,0.08672346,0.01414831,0.02062307,posteriorHippocampus,sub-S32,p,randomWalker7,freq34
0.03473686,0.01749785,0.005409125,0.04263064,0.04157019,0.02311428,0.03544781,0.03667958,0.04359207,0.04219162,0.0441663,0.04400771,0.04468849,0.04164809,0.05250359,0.05067957,0.04730007,0.050825,0.04534521,0.05218745,0.05294968,0.0257369,0.03735488,0.05064099,0.03543811,0.03932875,0.04145934,0.03678948,0.04208689,0.02573422,0.01747234,0.03074037,0.03100977,0.02611206,0.02942814,0.0193259,0.02362945,0.03040499,0.02450954,0.03184842,0.07427299,0.05995362,0.07457688,0.05624074,0.06033501,0.05939257,0.07554526,0.058222,0.06441378,0.05772256,0.03681316,0.02150037,0.04185359,0.05052415,0.04439687,0.02114912,0.05050329,0.03666278,0.06014061,0.04647579,0.0476335,0.03689523,0.01777053,0.04536961,0.04094768,0.05290728,0.04421755,0.0491802,0.04691333,0.04796258,0.07245748,0.03223567,0.04400902,0.02641523,0.04094771,0.05159275,0.05218101,0.0732554,0.07354458,0.03334457,0.03461658,0.03382914,0.003919132,0.04584268,0.04094755,0.02174736,0.03631741,0.03059891,0.03408576,0.03730715,0.05457506,0.04684988,0.05905631,0.04213193,0.04094777,0.05200392,0.0539948,0.04968216,0.05389198,0.0617261,0.03753721,0.05469686,0.03147303,0.03482712,0.04094759,0.04360025,0.03880566,0.03701444,0.03787289,0.02894716,0.03084683,0.02031037,0.05802697,0.02698671,0.04094753,0.06892321,0.04165909,0.03396257,0.03757634,-0.005734258,anteriorHippocampus,sub-S32,p,randomWalker8,freq34
0.0122466,0.007311478,-0.004068831,0.01252923,0.01868095,0.009176029,0.01840139,0.01810956,0.01728672,0.01672949,0.02371933,0.04901121,0.02402151,0.01671289,0.0446842,0.04216283,0.0326937,0.05343517,0.02618782,0.04846144,0.040167,0.06368626,0.05107486,0.04361338,0.04972387,0.0537088,0.05224623,0.05182921,0.05118024,0.06127514,0.009027109,0.0170121,0.04518337,0.01848741,0.02092991,0.02002412,0.03969711,0.01844245,0.02828144,0.0200964,0.06681875,0.0385365,0.07061579,0.02959563,0.037933,0.03829658,0.07021809,0.03587821,0.044249,0.03344189,0.02613166,0.005442132,0.07982368,0.02486015,0.05994854,0.006410739,0.06185788,0.02076641,0.06168076,0.01928106,0.02580622,0.04205913,0.04120568,0.01979604,0.03359451,0.04675273,0.02137806,0.02957238,0.02466547,0.04864105,0.1194519,0.01549838,0.09159864,0.01033243,0.03359449,0.04840181,0.0673556,0.097279,0.1173112,0.08709288,0.01058878,0.01308651,-0.01671463,0.017968,0.03359442,0.004370812,0.01397049,0.01077884,0.01040665,0.01376555,0.02893418,0.01922043,0.0331728,0.01799368,0.03359456,0.02224096,0.03025866,0.02358051,0.02703972,0.03223667,0.05972068,0.0311756,0.0584755,0.007017168,0.03359444,0.07759287,0.05217639,0.0711404,0.05916582,0.05825461,0.07404099,0.04898428,0.08761401,0.0106863,0.03359457,0.08746427,0.06952749,0.04748086,0.0718978,0.04100725,posteriorHippocampus,sub-S32,p,randomWalker8,freq34
0.03616922,0.01875737,0.01112824,0.04159706,0.05629814,0.011055,0.03139527,0.04421093,0.03659883,0.02919854,0.04290079,0.05070469,0.04558076,0.04274887,0.04061418,0.04999966,0.04903592,0.04643338,0.04714411,0.04377745,0.04341166,0.03988567,0.04696501,0.05007225,0.03324444,0.03455815,0.03785644,0.03321887,0.04243005,0.03415504,0.01056144,0.01571482,0.02785501,0.009183905,0.02810669,-0.008402885,0.03045155,0.0430796,0.01707189,0.02655362,0.06860188,0.05769528,0.05877236,0.05931515,0.06468731,0.05994727,0.05045333,0.05743343,0.07139558,0.05489466,0.04244113,0.02095768,0.05991982,0.04303182,0.03881194,0.02258456,0.04457506,0.05310816,0.05838436,0.03114102,0.04629836,0.04293501,0.0482459,0.04268192,NaN,0.03971785,0.04696903,0.04254639,0.0467678,0.0457099,0.07304065,0.06078812,0.04311927,0.05584487,NaN,0.07148977,0.04318532,0.05750931,0.05969328,0.0459254,0.03127993,0.02557286,0.03409472,0.03736951,NaN,0.02731119,0.03516713,0.02681595,0.03152888,0.03191116,0.04880846,0.05062246,0.05144174,0.05836898,NaN,0.04489658,0.05366534,0.06011369,0.05334803,0.04341387,0.03881111,0.04275946,0.03407703,0.06575964,NaN,0.03534257,0.03639388,0.03661581,0.03874161,0.03237035,0.0380533,0.05180244,0.03954479,0.0563604,NaN,0.05504642,0.06772292,0.03946647,0.05441632,0.03937615,anteriorHippocampus,sub-S32,p,randomWalker9,freq34
0.01536843,0.008271868,0.003201638,0.01111609,0.02698163,0.0002446773,0.009020315,0.02076503,0.01343672,0.01327643,0.01928292,0.05866011,0.02578697,0.01802396,0.02881301,0.03118965,0.03674721,0.02700235,0.02855832,0.03158778,0.04816804,0.08967238,0.05372781,0.04363648,0.04982064,0.05277799,0.05398078,0.05193628,0.05391585,0.05770775,0.01120485,0.008608078,0.04379513,0.00997823,0.03768527,0.001655497,0.0447762,0.02491385,0.01654462,0.01526954,0.05076246,0.03453071,0.03415692,0.02815265,0.04359785,0.04130924,0.02873963,0.03364389,0.05550923,0.03113501,0.04476899,0.005291313,0.08325366,0.02013875,0.078104,0.008761113,0.066283,0.04489798,0.06208606,0.009171935,0.02292175,0.0194383,0.03391027,0.02572528,NaN,0.01360121,0.02910617,0.01857024,0.0246187,0.02259905,0.1138056,0.04547412,0.05192404,0.04535356,NaN,0.1241559,0.0588772,0.09121535,0.1091486,0.03371615,0.006112419,0.001234743,0.008565647,0.01247475,NaN,0.0008093744,0.01207615,0.002253759,0.007486804,0.008624868,0.02223915,0.023335,0.02360271,0.03291844,NaN,0.01766844,0.03053864,0.02893227,0.0255967,0.017159,0.06121847,0.07203668,0.05111472,0.03982471,NaN,0.05326677,0.05092202,0.05783338,0.05912249,0.05292176,0.07674778,0.03894737,0.0559967,0.03502227,NaN,0.1123813,0.06807756,0.06489722,0.06776956,0.02481781,posteriorHippocampus,sub-S32,p,randomWalker9,freq34
